{
  "p5": 0.052101266976586985,
  "p95": 0.6471937402370403
}