{
  "p5": 0.07912933071656833,
  "p95": 0.6980671073967532
}