{
  "p5": 0.06851191149550985,
  "p95": 0.7102727878987055
}