{
  "hybrid_alpha": 0.6,
  "hybrid_threshold": 0.3900000000000002,
  "if_norm": {
    "min": 0.38612695497547916,
    "max": 0.6699971109083969
  },
  "rms_norm": {
    "min": -1.6285345063600163,
    "max": 28.330065572503077
  },
  "rms_healthy_mean": 1.1504938207650883,
  "rms_healthy_std": 0.20434690258397087
}