{
  "hybrid_alpha": 0.6,
  "hybrid_threshold": 0.4200000000000002,
  "if_norm": {
    "min": 0.3854119014956732,
    "max": 0.6683379962719832
  },
  "rms_norm": {
    "min": -1.628909301864907,
    "max": 28.7745233562035
  },
  "rms_healthy_mean": 1.1494611714535674,
  "rms_healthy_std": 0.20282617220225102
}