{
  "rms_mms": {
    "mean": 1.1503934642801676,
    "std": 0.20432170186042692
  },
  "drms_dt": {
    "mean": 3.834260903977797e-06,
    "std": 0.2887837796589311
  },
  "rms_variability": {
    "mean": 0.20380940254557953,
    "std": 0.013846371072501588
  },
  "p_mean_kw": {
    "mean": 0.33338885940504936,
    "std": 0.12837435216803317
  },
  "p_rms_kw": {
    "mean": 0.48627161720370005,
    "std": 0.1843644823371914
  },
  "dp_dt": {
    "mean": -0.00023264858683435407,
    "std": 0.17521060081965054
  },
  "e_cycle_kwh": {
    "mean": 0.00038413026350847453,
    "std": 0.0011619403562374197
  },
  "duration_ratio": {
    "mean": 0.10035508076460242,
    "std": 0.2986850991049514
  },
  "t_mean_c": {
    "mean": 23.04217904418274,
    "std": 0.9270616937536666
  },
  "dt_dt": {
    "mean": 0.0007298989619272016,
    "std": 0.0012507514529905232
  },
  "hr_std": {
    "mean": 0.27434298441217564,
    "std": 0.11282834692107552
  },
  "corr_t_p": {
    "mean": 0.5518613600639529,
    "std": 0.18811204009348012
  }
}