{
  "rms_mms": {
    "mean": 1.1494739189034673,
    "std": 0.20284785825210846
  },
  "drms_dt": {
    "mean": -0.0026417818295844057,
    "std": 0.2895065739110431
  },
  "rms_variability": {
    "mean": 0.20569420293315674,
    "std": 0.01605281668821385
  },
  "p_mean_kw": {
    "mean": 0.3246679566121021,
    "std": 0.13228573100745758
  },
  "p_rms_kw": {
    "mean": 0.47346665835937496,
    "std": 0.19279859405028155
  },
  "dp_dt": {
    "mean": -0.0003351306663000411,
    "std": 0.17254616030926612
  },
  "e_cycle_kwh": {
    "mean": 0.00039203784597743955,
    "std": 0.0011714559301466301
  },
  "duration_ratio": {
    "mean": 0.10248961729734554,
    "std": 0.30149830033435093
  },
  "t_mean_c": {
    "mean": 23.02711405736121,
    "std": 0.930219286443629
  },
  "dt_dt": {
    "mean": 0.000732899751893337,
    "std": 0.0012417550313049107
  },
  "hr_std": {
    "mean": 0.2760649980138353,
    "std": 0.11284345568247779
  },
  "corr_t_p": {
    "mean": 0.5423190198069198,
    "std": 0.19219152189240193
  }
}