{
  "rms_mms": {
    "mean": 1.1502801951782056,
    "std": 0.20428464894285706
  },
  "drms_dt": {
    "mean": 4.674169637376101e-06,
    "std": 0.2887213367961143
  },
  "rms_variability": {
    "mean": 0.2038024157617686,
    "std": 0.013769859775297403
  },
  "p_mean_kw": {
    "mean": 0.34073793878989,
    "std": 0.12978720740466293
  },
  "p_rms_kw": {
    "mean": 0.498742680396211,
    "std": 0.18598140984283412
  },
  "dp_dt": {
    "mean": -0.00024019559509138347,
    "std": 0.17993894095472415
  },
  "e_cycle_kwh": {
    "mean": 0.0004158747309568,
    "std": 0.0012072697032867474
  },
  "duration_ratio": {
    "mean": 0.1081614694464852,
    "std": 0.3089210566599843
  },
  "t_mean_c": {
    "mean": 23.055259776262133,
    "std": 0.9269997807893674
  },
  "dt_dt": {
    "mean": 0.0007263170891749484,
    "std": 0.0012811372130239814
  },
  "hr_std": {
    "mean": 0.27449113429145006,
    "std": 0.11354127383862728
  },
  "corr_t_p": {
    "mean": 0.5582322873377293,
    "std": 0.18591493349575478
  }
}