machine_code,sim_elapsed_s,profile,scenario,phase,vibration_mm_s,motor_power,temperature,humidity,current,charge,state,source
ARO-01,0,A_linear,healthy,ascent,0.946,0.563,24.4,61.5,1.016,60.0,ascent,labview_demo_csv
ARO-01,1,A_linear,healthy,ascent,0.934,0.556,24.2,63.0,1.003,60.0,ascent,labview_demo_csv
ARO-01,2,A_linear,healthy,ascent,0.947,0.562,24.0,64.2,1.014,60.0,ascent,labview_demo_csv
ARO-01,3,A_linear,healthy,ascent,0.984,0.552,23.9,65.2,0.995,60.0,ascent,labview_demo_csv
ARO-01,4,A_linear,healthy,ascent,0.955,0.556,23.7,66.2,1.003,60.0,ascent,labview_demo_csv
ARO-01,5,A_linear,healthy,ascent,0.977,0.555,23.4,67.3,1.002,60.0,ascent,labview_demo_csv
ARO-01,6,A_linear,healthy,ascent,0.965,0.557,23.5,68.0,1.004,60.0,ascent,labview_demo_csv
ARO-01,7,A_linear,healthy,ascent,0.966,0.550,23.5,68.8,0.992,60.0,ascent,labview_demo_csv
ARO-01,8,A_linear,healthy,ascent,0.972,0.566,23.4,69.6,1.021,60.0,ascent,labview_demo_csv
ARO-01,9,A_linear,healthy,ascent,0.987,0.567,23.4,70.5,1.022,60.0,ascent,labview_demo_csv
ARO-01,10,A_linear,healthy,ascent,0.971,0.568,23.3,71.2,1.024,60.0,ascent,labview_demo_csv
ARO-01,11,A_linear,healthy,ascent,0.975,0.556,23.3,72.2,1.003,60.0,ascent,labview_demo_csv
ARO-01,12,A_linear,healthy,descent,0.964,0.348,23.1,72.8,0.629,60.0,descent,labview_demo_csv
ARO-01,13,A_linear,healthy,descent,0.979,0.347,23.0,73.4,0.626,60.0,descent,labview_demo_csv
ARO-01,14,A_linear,healthy,descent,0.958,0.351,22.9,73.9,0.632,60.0,descent,labview_demo_csv
ARO-01,15,A_linear,healthy,descent,0.939,0.349,22.9,74.2,0.629,60.0,descent,labview_demo_csv
ARO-01,16,A_linear,healthy,descent,0.945,0.353,22.9,74.6,0.636,60.0,descent,labview_demo_csv
ARO-01,17,A_linear,healthy,descent,0.921,0.350,22.8,75.1,0.631,60.0,descent,labview_demo_csv
ARO-01,18,A_linear,healthy,descent,0.918,0.348,22.7,75.4,0.629,60.0,descent,labview_demo_csv
ARO-01,19,A_linear,healthy,descent,0.926,0.343,22.6,76.0,0.619,60.0,descent,labview_demo_csv
ARO-01,20,A_linear,healthy,descent,0.900,0.354,22.5,75.9,0.638,60.0,descent,labview_demo_csv
ARO-01,21,A_linear,healthy,descent,0.882,0.353,22.5,76.5,0.636,60.0,descent,labview_demo_csv
ARO-01,22,A_linear,healthy,descent,0.898,0.356,22.3,76.7,0.642,60.0,descent,labview_demo_csv
ARO-01,23,A_linear,healthy,descent,0.903,0.352,22.3,76.6,0.635,60.0,descent,labview_demo_csv
ARO-01,24,A_linear,healthy,pause,0.871,0.008,22.2,76.6,0.015,60.0,pause,labview_demo_csv
ARO-01,25,A_linear,healthy,pause,0.852,0.010,22.2,77.2,0.018,60.0,pause,labview_demo_csv
ARO-01,26,A_linear,healthy,pause,0.872,0.003,22.1,77.7,0.006,60.0,pause,labview_demo_csv
ARO-01,27,A_linear,healthy,pause,0.857,0.000,22.1,77.8,0.000,60.0,pause,labview_demo_csv
ARO-01,28,A_linear,healthy,pause,0.856,0.005,21.9,78.0,0.009,60.0,pause,labview_demo_csv
ARO-01,29,A_linear,healthy,pause,0.855,0.000,21.9,78.1,0.000,60.0,pause,labview_demo_csv
ARO-01,30,A_linear,healthy,pause,0.835,0.000,21.8,78.0,0.000,60.0,pause,labview_demo_csv
ARO-01,31,A_linear,healthy,pause,0.854,0.006,21.8,78.3,0.011,60.0,pause,labview_demo_csv
ARO-01,32,A_linear,healthy,pause,0.871,0.006,21.8,78.0,0.010,60.0,pause,labview_demo_csv
ARO-01,33,A_linear,healthy,pause,0.850,0.000,21.7,77.9,0.000,60.0,pause,labview_demo_csv
ARO-01,34,A_linear,healthy,pause,0.876,0.003,21.7,78.1,0.005,60.0,pause,labview_demo_csv
ARO-01,35,A_linear,healthy,pause,0.893,0.000,21.7,78.2,0.000,60.0,pause,labview_demo_csv
ARO-01,36,A_linear,healthy,pause,0.871,0.011,21.8,78.7,0.021,60.0,pause,labview_demo_csv
ARO-01,37,A_linear,healthy,pause,0.883,0.000,21.8,78.7,0.000,60.0,pause,labview_demo_csv
ARO-01,38,A_linear,healthy,pause,0.887,0.000,21.7,78.8,0.001,60.0,pause,labview_demo_csv
ARO-01,39,A_linear,healthy,pause,0.923,0.000,21.7,78.9,0.000,60.0,pause,labview_demo_csv
ARO-01,40,A_linear,healthy,pause,0.923,0.001,21.6,79.1,0.001,60.0,pause,labview_demo_csv
ARO-01,41,A_linear,healthy,pause,0.924,0.000,21.6,78.9,0.000,60.0,pause,labview_demo_csv
ARO-01,42,A_linear,healthy,pause,0.922,0.000,21.4,78.8,0.000,60.0,pause,labview_demo_csv
ARO-01,43,A_linear,healthy,pause,0.948,0.003,21.5,78.8,0.006,60.0,pause,labview_demo_csv
ARO-01,44,A_linear,healthy,ascent,0.937,0.557,21.4,78.8,1.004,60.0,ascent,labview_demo_csv
ARO-01,45,A_linear,healthy,ascent,0.939,0.569,21.5,78.9,1.027,60.0,ascent,labview_demo_csv
ARO-01,46,A_linear,healthy,ascent,0.976,0.560,21.6,79.1,1.010,60.0,ascent,labview_demo_csv
ARO-01,47,A_linear,healthy,ascent,0.974,0.558,21.6,79.0,1.008,60.0,ascent,labview_demo_csv
ARO-01,48,A_linear,healthy,ascent,0.977,0.566,21.7,79.0,1.020,60.0,ascent,labview_demo_csv
ARO-01,49,A_linear,healthy,ascent,0.997,0.552,21.7,78.9,0.997,60.0,ascent,labview_demo_csv
ARO-01,50,A_linear,healthy,ascent,0.962,0.566,21.8,79.0,1.021,60.0,ascent,labview_demo_csv
ARO-01,51,A_linear,healthy,ascent,0.986,0.560,21.9,79.1,1.011,60.0,ascent,labview_demo_csv
ARO-01,52,A_linear,healthy,ascent,0.960,0.556,22.0,79.2,1.002,60.0,ascent,labview_demo_csv
ARO-01,53,A_linear,healthy,ascent,0.970,0.564,22.0,79.3,1.018,60.0,ascent,labview_demo_csv
ARO-01,54,A_linear,healthy,ascent,0.969,0.559,22.2,79.1,1.009,60.0,ascent,labview_demo_csv
ARO-01,55,A_linear,healthy,ascent,0.975,0.558,22.2,79.2,1.007,60.0,ascent,labview_demo_csv
ARO-01,56,A_linear,healthy,descent,0.974,0.351,22.2,79.6,0.634,60.0,descent,labview_demo_csv
ARO-01,57,A_linear,healthy,descent,0.947,0.346,22.2,79.6,0.624,60.0,descent,labview_demo_csv
ARO-01,58,A_linear,healthy,descent,0.935,0.356,22.1,79.6,0.642,60.0,descent,labview_demo_csv
ARO-01,59,A_linear,healthy,descent,0.954,0.344,22.1,79.4,0.621,60.0,descent,labview_demo_csv
ARO-01,60,A_linear,healthy,descent,0.941,0.348,22.1,79.4,0.628,60.0,descent,labview_demo_csv
ARO-01,61,A_linear,healthy,descent,0.930,0.355,22.0,79.4,0.640,60.0,descent,labview_demo_csv
ARO-01,62,A_linear,healthy,descent,0.935,0.347,22.1,79.6,0.626,60.0,descent,labview_demo_csv
ARO-01,63,A_linear,healthy,descent,0.908,0.341,22.1,79.9,0.616,60.0,descent,labview_demo_csv
ARO-01,64,A_linear,healthy,descent,0.904,0.351,21.9,79.9,0.633,60.0,descent,labview_demo_csv
ARO-01,65,A_linear,healthy,descent,0.882,0.352,22.0,79.6,0.636,60.0,descent,labview_demo_csv
ARO-01,66,A_linear,healthy,descent,0.886,0.345,22.0,79.2,0.623,60.0,descent,labview_demo_csv
ARO-01,67,A_linear,healthy,descent,0.861,0.360,21.9,79.3,0.649,60.0,descent,labview_demo_csv
ARO-01,68,A_linear,healthy,pause,0.868,0.000,21.9,79.2,0.000,60.0,pause,labview_demo_csv
ARO-01,69,A_linear,healthy,pause,0.857,0.000,21.9,79.3,0.000,60.0,pause,labview_demo_csv
ARO-01,70,A_linear,healthy,pause,0.871,0.005,21.8,79.5,0.008,60.0,pause,labview_demo_csv
ARO-01,71,A_linear,healthy,pause,0.858,0.000,21.9,79.6,0.000,60.0,pause,labview_demo_csv
ARO-01,72,A_linear,healthy,pause,0.871,0.003,22.0,80.0,0.005,60.0,pause,labview_demo_csv
ARO-01,73,A_linear,healthy,pause,0.836,0.006,22.0,80.0,0.012,60.0,pause,labview_demo_csv
ARO-01,74,A_linear,healthy,pause,0.846,0.001,22.0,80.0,0.001,60.0,pause,labview_demo_csv
ARO-01,75,A_linear,healthy,pause,0.863,0.000,21.9,80.0,0.000,60.0,pause,labview_demo_csv
ARO-01,76,A_linear,healthy,pause,0.871,0.014,21.9,80.0,0.025,60.0,pause,labview_demo_csv
ARO-01,77,A_linear,healthy,pause,0.844,0.000,21.9,79.9,0.000,60.0,pause,labview_demo_csv
ARO-01,78,A_linear,healthy,pause,0.865,0.000,21.8,80.0,0.000,60.0,pause,labview_demo_csv
ARO-01,79,A_linear,healthy,pause,0.885,0.000,21.9,79.7,0.000,60.0,pause,labview_demo_csv
ARO-01,80,A_linear,healthy,pause,0.879,0.000,21.9,79.8,0.000,60.0,pause,labview_demo_csv
ARO-01,81,A_linear,healthy,pause,0.895,0.002,21.9,80.0,0.004,60.0,pause,labview_demo_csv
ARO-01,82,A_linear,healthy,pause,0.887,0.001,21.8,80.0,0.003,60.0,pause,labview_demo_csv
ARO-01,83,A_linear,healthy,pause,0.915,0.001,21.8,80.0,0.002,60.0,pause,labview_demo_csv
ARO-01,84,A_linear,healthy,pause,0.892,0.000,21.8,80.0,0.000,60.0,pause,labview_demo_csv
ARO-01,85,A_linear,healthy,pause,0.925,0.000,21.8,80.0,0.000,60.0,pause,labview_demo_csv
ARO-01,86,A_linear,healthy,pause,0.924,0.002,21.8,80.0,0.003,60.0,pause,labview_demo_csv
ARO-01,87,A_linear,healthy,pause,0.944,0.003,21.8,80.0,0.005,60.0,pause,labview_demo_csv
ARO-01,88,A_linear,healthy,ascent,0.937,0.557,21.8,79.8,1.004,60.0,ascent,labview_demo_csv
ARO-01,89,A_linear,healthy,ascent,0.950,0.563,21.9,79.9,1.015,60.0,ascent,labview_demo_csv
ARO-01,90,A_linear,healthy,ascent,0.969,0.543,21.8,79.9,0.979,60.0,ascent,labview_demo_csv
ARO-01,91,A_linear,healthy,ascent,0.970,0.559,21.9,79.6,1.009,60.0,ascent,labview_demo_csv
ARO-01,92,A_linear,healthy,ascent,0.962,0.549,22.0,79.7,0.991,60.0,ascent,labview_demo_csv
ARO-01,93,A_linear,healthy,ascent,0.957,0.561,22.0,79.7,1.012,60.0,ascent,labview_demo_csv
ARO-01,94,A_linear,healthy,ascent,0.984,0.561,22.1,79.9,1.013,60.0,ascent,labview_demo_csv
ARO-01,95,A_linear,healthy,ascent,0.965,0.560,22.2,79.9,1.010,60.0,ascent,labview_demo_csv
ARO-01,96,A_linear,healthy,ascent,0.986,0.562,22.3,79.9,1.015,60.0,ascent,labview_demo_csv
ARO-01,97,A_linear,healthy,ascent,0.965,0.556,22.3,80.0,1.003,60.0,ascent,labview_demo_csv
ARO-01,98,A_linear,healthy,ascent,0.952,0.555,22.4,80.0,1.001,60.0,ascent,labview_demo_csv
ARO-01,99,A_linear,healthy,ascent,0.974,0.572,22.4,80.0,1.032,60.0,ascent,labview_demo_csv
ARO-01,100,A_linear,healthy,descent,0.968,0.359,22.3,80.0,0.647,60.0,descent,labview_demo_csv
ARO-01,101,A_linear,healthy,descent,0.955,0.344,22.3,79.8,0.621,60.0,descent,labview_demo_csv
ARO-01,102,A_linear,healthy,descent,0.956,0.348,22.3,80.0,0.628,60.0,descent,labview_demo_csv
ARO-01,103,A_linear,healthy,descent,0.951,0.353,22.3,80.0,0.637,60.0,descent,labview_demo_csv
ARO-01,104,A_linear,healthy,descent,0.947,0.343,22.3,79.8,0.619,60.0,descent,labview_demo_csv
ARO-01,105,A_linear,healthy,descent,0.923,0.370,22.3,80.0,0.668,60.0,descent,labview_demo_csv
ARO-01,106,A_linear,healthy,descent,0.938,0.359,22.4,79.8,0.647,60.0,descent,labview_demo_csv
ARO-01,107,A_linear,healthy,descent,0.892,0.347,22.4,79.8,0.625,60.0,descent,labview_demo_csv
ARO-01,108,A_linear,healthy,descent,0.903,0.345,22.4,80.0,0.622,60.0,descent,labview_demo_csv
ARO-01,109,A_linear,healthy,descent,0.902,0.354,22.4,79.8,0.638,60.0,descent,labview_demo_csv
ARO-01,110,A_linear,healthy,descent,0.886,0.352,22.4,79.8,0.634,60.0,descent,labview_demo_csv
ARO-01,111,A_linear,healthy,descent,0.889,0.362,22.4,80.0,0.653,60.0,descent,labview_demo_csv
ARO-01,112,A_linear,healthy,pause,0.876,0.007,22.4,79.6,0.012,60.0,pause,labview_demo_csv
ARO-01,113,A_linear,healthy,pause,0.866,0.000,22.3,79.2,0.000,60.0,pause,labview_demo_csv
ARO-01,114,A_linear,healthy,pause,0.850,0.001,22.3,79.2,0.002,60.0,pause,labview_demo_csv
ARO-01,115,A_linear,healthy,pause,0.877,0.002,22.3,79.3,0.004,60.0,pause,labview_demo_csv
ARO-01,116,A_linear,healthy,pause,0.855,0.000,22.3,79.3,0.000,60.0,pause,labview_demo_csv
ARO-01,117,A_linear,healthy,pause,0.841,0.000,22.3,79.6,0.000,60.0,pause,labview_demo_csv
ARO-01,118,A_linear,healthy,pause,0.861,0.001,22.4,79.3,0.002,60.0,pause,labview_demo_csv
ARO-01,119,A_linear,healthy,pause,0.863,0.000,22.5,79.4,0.000,60.0,pause,labview_demo_csv
ARO-01,120,A_linear,healthy,pause,0.851,0.002,22.4,79.3,0.004,60.0,pause,labview_demo_csv
ARO-01,121,A_linear,healthy,pause,0.854,0.000,22.4,79.2,0.000,60.0,pause,labview_demo_csv
ARO-01,122,A_linear,healthy,pause,0.879,0.005,22.4,79.2,0.010,60.0,pause,labview_demo_csv
ARO-01,123,A_linear,healthy,pause,0.864,0.010,22.4,79.1,0.018,60.0,pause,labview_demo_csv
ARO-01,124,A_linear,healthy,pause,0.866,0.005,22.4,79.2,0.009,60.0,pause,labview_demo_csv
ARO-01,125,A_linear,healthy,pause,0.886,0.000,22.5,79.3,0.000,60.0,pause,labview_demo_csv
ARO-01,126,A_linear,healthy,pause,0.886,0.000,22.4,79.3,0.000,60.0,pause,labview_demo_csv
ARO-01,127,A_linear,healthy,pause,0.896,0.000,22.4,79.3,0.000,60.0,pause,labview_demo_csv
ARO-01,128,A_linear,healthy,pause,0.927,0.004,22.5,79.3,0.008,60.0,pause,labview_demo_csv
ARO-01,129,A_linear,healthy,pause,0.940,0.007,22.5,79.5,0.012,60.0,pause,labview_demo_csv
ARO-01,130,A_linear,healthy,pause,0.934,0.000,22.5,79.8,0.000,60.0,pause,labview_demo_csv
ARO-01,131,A_linear,healthy,pause,0.938,0.008,22.4,79.9,0.015,60.0,pause,labview_demo_csv
ARO-01,132,A_linear,healthy,ascent,0.946,0.553,22.4,79.7,0.998,60.0,ascent,labview_demo_csv
ARO-01,133,A_linear,healthy,ascent,0.965,0.564,22.4,79.6,1.018,60.0,ascent,labview_demo_csv
ARO-01,134,A_linear,healthy,ascent,0.947,0.549,22.4,79.6,0.990,60.0,ascent,labview_demo_csv
ARO-01,135,A_linear,healthy,ascent,0.952,0.560,22.4,79.8,1.011,60.0,ascent,labview_demo_csv
ARO-01,136,A_linear,healthy,ascent,1.000,0.551,22.5,79.6,0.995,60.0,ascent,labview_demo_csv
ARO-01,137,A_linear,healthy,ascent,0.969,0.569,22.6,79.4,1.027,60.0,ascent,labview_demo_csv
ARO-01,138,A_linear,healthy,ascent,0.972,0.569,22.7,79.4,1.026,60.0,ascent,labview_demo_csv
ARO-01,139,A_linear,healthy,ascent,0.978,0.561,22.8,79.4,1.011,60.0,ascent,labview_demo_csv
ARO-01,140,A_linear,healthy,ascent,0.990,0.551,22.8,79.6,0.994,60.0,ascent,labview_demo_csv
ARO-01,141,A_linear,healthy,ascent,0.975,0.563,22.8,79.5,1.015,60.0,ascent,labview_demo_csv
ARO-01,142,A_linear,healthy,ascent,0.962,0.551,22.8,79.7,0.994,60.0,ascent,labview_demo_csv
ARO-01,143,A_linear,healthy,ascent,0.994,0.566,22.8,79.7,1.021,60.0,ascent,labview_demo_csv
ARO-01,144,A_linear,healthy,descent,0.939,0.359,22.9,79.6,0.647,60.0,descent,labview_demo_csv
ARO-01,145,A_linear,healthy,descent,0.963,0.343,22.8,79.5,0.618,60.0,descent,labview_demo_csv
ARO-01,146,A_linear,healthy,descent,0.957,0.343,22.9,79.5,0.619,60.0,descent,labview_demo_csv
ARO-01,147,A_linear,healthy,descent,0.937,0.358,22.9,79.7,0.647,60.0,descent,labview_demo_csv
ARO-01,148,A_linear,healthy,descent,0.938,0.357,23.0,79.5,0.644,60.0,descent,labview_demo_csv
ARO-01,149,A_linear,healthy,descent,0.923,0.350,23.0,79.1,0.631,60.0,descent,labview_demo_csv
ARO-01,150,A_linear,healthy,descent,0.912,0.335,23.2,78.9,0.604,60.0,descent,labview_demo_csv
ARO-01,151,A_linear,healthy,descent,0.912,0.353,23.2,78.8,0.637,60.0,descent,labview_demo_csv
ARO-01,152,A_linear,healthy,descent,0.923,0.352,23.3,78.9,0.635,60.0,descent,labview_demo_csv
ARO-01,153,A_linear,healthy,descent,0.897,0.352,23.3,79.0,0.635,60.0,descent,labview_demo_csv
ARO-01,154,A_linear,healthy,descent,0.874,0.369,23.3,79.4,0.666,60.0,descent,labview_demo_csv
ARO-01,155,A_linear,healthy,descent,0.889,0.352,23.2,79.5,0.635,60.0,descent,labview_demo_csv
ARO-01,156,A_linear,healthy,pause,0.869,0.005,23.2,79.8,0.009,60.0,pause,labview_demo_csv
ARO-01,157,A_linear,healthy,pause,0.878,0.007,23.2,79.8,0.012,60.0,pause,labview_demo_csv
ARO-01,158,A_linear,healthy,pause,0.851,0.008,23.1,80.0,0.015,60.0,pause,labview_demo_csv
ARO-01,159,A_linear,healthy,pause,0.840,0.002,23.0,80.0,0.003,60.0,pause,labview_demo_csv
ARO-01,160,A_linear,healthy,pause,0.861,0.000,23.0,79.8,0.000,60.0,pause,labview_demo_csv
ARO-01,161,A_linear,healthy,pause,0.857,0.000,22.9,80.0,0.000,60.0,pause,labview_demo_csv
ARO-01,162,A_linear,healthy,pause,0.884,0.000,23.0,80.0,0.000,60.0,pause,labview_demo_csv
ARO-01,163,A_linear,healthy,pause,0.853,0.006,23.0,79.8,0.010,60.0,pause,labview_demo_csv
ARO-01,164,A_linear,healthy,pause,0.870,0.003,22.9,79.7,0.005,60.0,pause,labview_demo_csv
ARO-01,165,A_linear,healthy,pause,0.858,0.014,23.0,79.4,0.025,60.0,pause,labview_demo_csv
ARO-01,166,A_linear,healthy,pause,0.876,0.000,23.0,79.2,0.000,60.0,pause,labview_demo_csv
ARO-01,167,A_linear,healthy,pause,0.850,0.008,23.1,79.4,0.015,60.0,pause,labview_demo_csv
ARO-01,168,A_linear,healthy,pause,0.883,0.002,23.1,79.5,0.004,60.0,pause,labview_demo_csv
ARO-01,169,A_linear,healthy,pause,0.864,0.011,23.0,79.5,0.021,60.0,pause,labview_demo_csv
ARO-01,170,A_linear,healthy,pause,0.902,0.003,23.0,79.5,0.006,60.0,pause,labview_demo_csv
ARO-01,171,A_linear,healthy,pause,0.885,0.000,22.9,79.6,0.000,60.0,pause,labview_demo_csv
ARO-01,172,A_linear,healthy,pause,0.913,0.000,23.0,79.9,0.000,60.0,pause,labview_demo_csv
ARO-01,173,A_linear,healthy,pause,0.904,0.002,22.9,79.8,0.004,60.0,pause,labview_demo_csv
ARO-01,174,A_linear,healthy,pause,0.940,0.000,22.9,79.8,0.000,60.0,pause,labview_demo_csv
ARO-01,175,A_linear,healthy,pause,0.925,0.000,22.9,80.0,0.000,60.0,pause,labview_demo_csv
ARO-01,176,A_linear,healthy,ascent,0.949,0.627,23.1,79.8,1.131,75.0,ascent,labview_demo_csv
ARO-01,177,A_linear,healthy,ascent,0.961,0.630,23.2,79.7,1.136,75.0,ascent,labview_demo_csv
ARO-01,178,A_linear,healthy,ascent,0.973,0.625,23.1,80.0,1.128,75.0,ascent,labview_demo_csv
ARO-01,179,A_linear,healthy,ascent,0.944,0.629,23.2,80.0,1.135,75.0,ascent,labview_demo_csv
ARO-01,180,A_linear,healthy,ascent,0.957,0.625,23.1,80.0,1.128,75.0,ascent,labview_demo_csv
ARO-01,181,A_linear,healthy,ascent,1.001,0.628,23.2,79.8,1.132,75.0,ascent,labview_demo_csv
ARO-01,182,A_linear,healthy,ascent,0.978,0.627,23.2,79.9,1.131,75.0,ascent,labview_demo_csv
ARO-01,183,A_linear,healthy,ascent,0.971,0.622,23.3,79.8,1.123,75.0,ascent,labview_demo_csv
ARO-01,184,A_linear,healthy,ascent,0.979,0.627,23.4,79.6,1.131,75.0,ascent,labview_demo_csv
ARO-01,185,A_linear,healthy,ascent,0.979,0.626,23.4,79.6,1.129,75.0,ascent,labview_demo_csv
ARO-01,186,A_linear,healthy,ascent,0.974,0.624,23.5,79.4,1.125,75.0,ascent,labview_demo_csv
ARO-01,187,A_linear,healthy,ascent,0.961,0.627,23.5,79.5,1.131,75.0,ascent,labview_demo_csv
ARO-01,188,A_linear,healthy,descent,0.958,0.344,23.4,79.5,0.622,75.0,descent,labview_demo_csv
ARO-01,189,A_linear,healthy,descent,0.964,0.349,23.4,79.6,0.629,75.0,descent,labview_demo_csv
ARO-01,190,A_linear,healthy,descent,0.938,0.354,23.4,79.4,0.638,75.0,descent,labview_demo_csv
ARO-01,191,A_linear,healthy,descent,0.950,0.358,23.4,79.2,0.646,75.0,descent,labview_demo_csv
ARO-01,192,A_linear,healthy,descent,0.940,0.345,23.3,79.1,0.622,75.0,descent,labview_demo_csv
ARO-01,193,A_linear,healthy,descent,0.935,0.353,23.3,78.8,0.636,75.0,descent,labview_demo_csv
ARO-01,194,A_linear,healthy,descent,0.927,0.351,23.3,78.6,0.634,75.0,descent,labview_demo_csv
ARO-01,195,A_linear,healthy,descent,0.898,0.337,23.3,79.0,0.607,75.0,descent,labview_demo_csv
ARO-01,196,A_linear,healthy,descent,0.918,0.352,23.3,79.0,0.635,75.0,descent,labview_demo_csv
ARO-01,197,A_linear,healthy,descent,0.885,0.343,23.3,79.0,0.619,75.0,descent,labview_demo_csv
ARO-01,198,A_linear,healthy,descent,0.885,0.346,23.2,79.1,0.624,75.0,descent,labview_demo_csv
ARO-01,199,A_linear,healthy,descent,0.869,0.350,23.1,79.5,0.631,75.0,descent,labview_demo_csv
ARO-01,200,A_linear,healthy,pause,0.876,0.000,23.0,79.5,0.000,75.0,pause,labview_demo_csv
ARO-01,201,A_linear,healthy,pause,0.867,0.002,23.0,79.5,0.003,75.0,pause,labview_demo_csv
ARO-01,202,A_linear,healthy,pause,0.851,0.000,23.0,79.4,0.000,75.0,pause,labview_demo_csv
ARO-01,203,A_linear,healthy,pause,0.869,0.000,23.0,79.3,0.000,75.0,pause,labview_demo_csv
ARO-01,204,A_linear,healthy,pause,0.868,0.002,23.0,79.3,0.004,75.0,pause,labview_demo_csv
ARO-01,205,A_linear,healthy,pause,0.847,0.000,23.0,79.1,0.000,75.0,pause,labview_demo_csv
ARO-01,206,A_linear,healthy,pause,0.853,0.009,22.9,79.2,0.016,75.0,pause,labview_demo_csv
ARO-01,207,A_linear,healthy,pause,0.861,0.000,22.9,79.3,0.000,75.0,pause,labview_demo_csv
ARO-01,208,A_linear,healthy,pause,0.854,0.000,22.8,79.1,0.000,75.0,pause,labview_demo_csv
ARO-01,209,A_linear,healthy,pause,0.852,0.000,22.8,79.1,0.000,75.0,pause,labview_demo_csv
ARO-01,210,A_linear,healthy,pause,0.860,0.000,22.9,79.0,0.000,75.0,pause,labview_demo_csv
ARO-01,211,A_linear,healthy,pause,0.871,0.005,22.9,79.1,0.009,75.0,pause,labview_demo_csv
ARO-01,212,A_linear,healthy,pause,0.883,0.006,23.0,78.9,0.011,75.0,pause,labview_demo_csv
ARO-01,213,A_linear,healthy,pause,0.899,0.006,22.9,78.9,0.010,75.0,pause,labview_demo_csv
ARO-01,214,A_linear,healthy,pause,0.875,0.001,22.9,78.8,0.002,75.0,pause,labview_demo_csv
ARO-01,215,A_linear,healthy,pause,0.925,0.004,22.9,78.8,0.007,75.0,pause,labview_demo_csv
ARO-01,216,A_linear,healthy,pause,0.928,0.010,22.9,79.1,0.019,75.0,pause,labview_demo_csv
ARO-01,217,A_linear,healthy,pause,0.912,0.010,23.0,78.9,0.018,75.0,pause,labview_demo_csv
ARO-01,218,A_linear,healthy,pause,0.930,0.009,22.9,79.0,0.016,75.0,pause,labview_demo_csv
ARO-01,219,A_linear,healthy,pause,0.934,0.000,22.9,79.3,0.000,75.0,pause,labview_demo_csv
ARO-01,220,A_linear,healthy,ascent,0.951,0.447,23.0,79.0,0.807,30.0,ascent,labview_demo_csv
ARO-01,221,A_linear,healthy,ascent,0.929,0.428,23.1,79.1,0.772,30.0,ascent,labview_demo_csv
ARO-01,222,A_linear,healthy,ascent,0.961,0.430,23.2,79.4,0.775,30.0,ascent,labview_demo_csv
ARO-01,223,A_linear,healthy,ascent,0.968,0.427,23.2,79.3,0.770,30.0,ascent,labview_demo_csv
ARO-01,224,A_linear,healthy,ascent,0.976,0.432,23.2,79.4,0.780,30.0,ascent,labview_demo_csv
ARO-01,225,A_linear,healthy,ascent,0.968,0.430,23.2,79.2,0.776,30.0,ascent,labview_demo_csv
ARO-01,226,A_linear,healthy,ascent,0.972,0.433,23.3,79.3,0.781,30.0,ascent,labview_demo_csv
ARO-01,227,A_linear,healthy,ascent,0.979,0.427,23.3,79.2,0.770,30.0,ascent,labview_demo_csv
ARO-01,228,A_linear,healthy,ascent,0.987,0.425,23.2,79.3,0.768,30.0,ascent,labview_demo_csv
ARO-01,229,A_linear,healthy,ascent,0.966,0.433,23.2,79.3,0.782,30.0,ascent,labview_demo_csv
ARO-01,230,A_linear,healthy,ascent,0.981,0.430,23.3,79.4,0.776,30.0,ascent,labview_demo_csv
ARO-01,231,A_linear,healthy,ascent,0.978,0.425,23.4,79.2,0.768,30.0,ascent,labview_demo_csv
ARO-01,232,A_linear,healthy,descent,0.980,0.345,23.5,79.2,0.622,30.0,descent,labview_demo_csv
ARO-01,233,A_linear,healthy,descent,0.958,0.349,23.5,79.0,0.630,30.0,descent,labview_demo_csv
ARO-01,234,A_linear,healthy,descent,0.957,0.354,23.6,79.1,0.639,30.0,descent,labview_demo_csv
ARO-01,235,A_linear,healthy,descent,0.937,0.345,23.6,79.2,0.622,30.0,descent,labview_demo_csv
ARO-01,236,A_linear,healthy,descent,0.937,0.344,23.7,79.3,0.620,30.0,descent,labview_demo_csv
ARO-01,237,A_linear,healthy,descent,0.946,0.341,23.7,79.1,0.615,30.0,descent,labview_demo_csv
ARO-01,238,A_linear,healthy,descent,0.930,0.360,23.7,79.0,0.650,30.0,descent,labview_demo_csv
ARO-01,239,A_linear,healthy,descent,0.928,0.353,23.8,78.8,0.636,30.0,descent,labview_demo_csv
ARO-01,240,A_linear,healthy,descent,0.924,0.359,23.8,78.8,0.648,30.0,descent,labview_demo_csv
ARO-01,241,A_linear,healthy,descent,0.904,0.347,23.8,78.9,0.626,30.0,descent,labview_demo_csv
ARO-01,242,A_linear,healthy,descent,0.864,0.353,23.8,78.8,0.638,30.0,descent,labview_demo_csv
ARO-01,243,A_linear,healthy,descent,0.882,0.353,23.9,78.8,0.636,30.0,descent,labview_demo_csv
ARO-01,244,A_linear,healthy,pause,0.883,0.013,23.8,78.6,0.024,30.0,pause,labview_demo_csv
ARO-01,245,A_linear,healthy,pause,0.873,0.000,23.8,78.6,0.000,30.0,pause,labview_demo_csv
ARO-01,246,A_linear,healthy,pause,0.886,0.005,23.8,78.6,0.009,30.0,pause,labview_demo_csv
ARO-01,247,A_linear,healthy,pause,0.866,0.009,23.7,78.6,0.017,30.0,pause,labview_demo_csv
ARO-01,248,A_linear,healthy,pause,0.854,0.000,23.7,79.0,0.000,30.0,pause,labview_demo_csv
ARO-01,249,A_linear,healthy,pause,0.859,0.000,23.8,79.2,0.000,30.0,pause,labview_demo_csv
ARO-01,250,A_linear,healthy,pause,0.869,0.000,23.9,79.7,0.000,30.0,pause,labview_demo_csv
ARO-01,251,A_linear,healthy,pause,0.849,0.000,23.9,79.6,0.000,30.0,pause,labview_demo_csv
ARO-01,252,A_linear,healthy,pause,0.856,0.000,23.8,79.7,0.000,30.0,pause,labview_demo_csv
ARO-01,253,A_linear,healthy,pause,0.855,0.008,23.8,79.6,0.015,30.0,pause,labview_demo_csv
ARO-01,254,A_linear,healthy,pause,0.883,0.000,23.8,79.7,0.000,30.0,pause,labview_demo_csv
ARO-01,255,A_linear,healthy,pause,0.869,0.004,23.6,79.7,0.006,30.0,pause,labview_demo_csv
ARO-01,256,A_linear,healthy,pause,0.874,0.011,23.6,79.5,0.019,30.0,pause,labview_demo_csv
ARO-01,257,A_linear,healthy,pause,0.881,0.002,23.7,79.5,0.004,30.0,pause,labview_demo_csv
ARO-01,258,A_linear,healthy,pause,0.898,0.000,23.6,79.4,0.000,30.0,pause,labview_demo_csv
ARO-01,259,A_linear,healthy,pause,0.899,0.005,23.6,79.3,0.009,30.0,pause,labview_demo_csv
ARO-01,260,A_linear,healthy,pause,0.933,0.001,23.6,79.5,0.002,30.0,pause,labview_demo_csv
ARO-01,261,A_linear,healthy,pause,0.919,0.000,23.6,79.5,0.000,30.0,pause,labview_demo_csv
ARO-01,262,A_linear,healthy,pause,0.934,0.000,23.6,79.3,0.000,30.0,pause,labview_demo_csv
ARO-01,263,A_linear,healthy,pause,0.959,0.000,23.6,79.4,0.000,30.0,pause,labview_demo_csv
ARO-01,264,A_linear,healthy,ascent,0.950,0.498,23.7,79.2,0.898,45.0,ascent,labview_demo_csv
ARO-01,265,A_linear,healthy,ascent,0.960,0.495,23.8,79.0,0.892,45.0,ascent,labview_demo_csv
ARO-01,266,A_linear,healthy,ascent,0.939,0.495,23.8,79.0,0.893,45.0,ascent,labview_demo_csv
ARO-01,267,A_linear,healthy,ascent,0.965,0.500,23.9,78.9,0.903,45.0,ascent,labview_demo_csv
ARO-01,268,A_linear,healthy,ascent,0.944,0.510,23.9,78.6,0.921,45.0,ascent,labview_demo_csv
ARO-01,269,A_linear,healthy,ascent,0.991,0.490,23.8,78.4,0.884,45.0,ascent,labview_demo_csv
ARO-01,270,A_linear,healthy,ascent,0.953,0.497,23.9,78.5,0.897,45.0,ascent,labview_demo_csv
ARO-01,271,A_linear,healthy,ascent,0.976,0.494,23.9,78.7,0.891,45.0,ascent,labview_demo_csv
ARO-01,272,A_linear,healthy,ascent,0.975,0.482,23.9,78.4,0.870,45.0,ascent,labview_demo_csv
ARO-01,273,A_linear,healthy,ascent,0.970,0.494,23.9,78.4,0.892,45.0,ascent,labview_demo_csv
ARO-01,274,A_linear,healthy,ascent,0.963,0.498,24.1,78.7,0.899,45.0,ascent,labview_demo_csv
ARO-01,275,A_linear,healthy,ascent,0.975,0.502,24.1,78.6,0.905,45.0,ascent,labview_demo_csv
ARO-01,276,A_linear,healthy,descent,0.941,0.348,24.1,78.6,0.628,45.0,descent,labview_demo_csv
ARO-01,277,A_linear,healthy,descent,0.946,0.352,24.1,78.5,0.636,45.0,descent,labview_demo_csv
ARO-01,278,A_linear,healthy,descent,0.968,0.351,24.1,78.6,0.633,45.0,descent,labview_demo_csv
ARO-01,279,A_linear,healthy,descent,0.954,0.361,24.1,79.0,0.652,45.0,descent,labview_demo_csv
ARO-01,280,A_linear,healthy,descent,0.946,0.340,24.1,79.1,0.614,45.0,descent,labview_demo_csv
ARO-01,281,A_linear,healthy,descent,0.941,0.341,24.0,78.9,0.615,45.0,descent,labview_demo_csv
ARO-01,282,A_linear,healthy,descent,0.945,0.351,24.0,78.9,0.634,45.0,descent,labview_demo_csv
ARO-01,283,A_linear,healthy,descent,0.910,0.350,24.0,78.8,0.631,45.0,descent,labview_demo_csv
ARO-01,284,A_linear,healthy,descent,0.896,0.353,24.1,79.0,0.638,45.0,descent,labview_demo_csv
ARO-01,285,A_linear,healthy,descent,0.906,0.357,24.1,78.9,0.645,45.0,descent,labview_demo_csv
ARO-01,286,A_linear,healthy,descent,0.883,0.355,24.1,79.0,0.640,45.0,descent,labview_demo_csv
ARO-01,287,A_linear,healthy,descent,0.895,0.347,24.2,78.8,0.627,45.0,descent,labview_demo_csv
ARO-01,288,A_linear,healthy,pause,0.861,0.007,24.1,78.7,0.012,45.0,pause,labview_demo_csv
ARO-01,289,A_linear,healthy,pause,0.872,0.000,24.1,78.8,0.000,45.0,pause,labview_demo_csv
ARO-01,290,A_linear,healthy,pause,0.852,0.000,24.2,78.5,0.000,45.0,pause,labview_demo_csv
ARO-01,291,A_linear,healthy,pause,0.866,0.000,24.2,78.4,0.000,45.0,pause,labview_demo_csv
ARO-01,292,A_linear,healthy,pause,0.870,0.000,24.2,78.6,0.000,45.0,pause,labview_demo_csv
ARO-01,293,A_linear,healthy,pause,0.866,0.000,24.1,78.3,0.000,45.0,pause,labview_demo_csv
ARO-01,294,A_linear,healthy,pause,0.851,0.004,24.0,78.7,0.007,45.0,pause,labview_demo_csv
ARO-01,295,A_linear,healthy,pause,0.856,0.000,24.0,78.7,0.000,45.0,pause,labview_demo_csv
ARO-01,296,A_linear,healthy,pause,0.857,0.000,24.0,78.8,0.000,45.0,pause,labview_demo_csv
ARO-01,297,A_linear,healthy,pause,0.879,0.000,24.0,78.7,0.000,45.0,pause,labview_demo_csv
ARO-01,298,A_linear,healthy,pause,0.905,0.000,23.9,78.7,0.000,45.0,pause,labview_demo_csv
ARO-01,299,A_linear,healthy,pause,0.884,0.006,24.0,78.6,0.011,45.0,pause,labview_demo_csv
ARO-01,300,A_linear,healthy,pause,0.898,0.003,24.0,78.8,0.006,45.0,pause,labview_demo_csv
ARO-01,301,A_linear,healthy,pause,0.887,0.004,24.0,78.8,0.007,45.0,pause,labview_demo_csv
ARO-01,302,A_linear,healthy,pause,0.916,0.004,24.1,78.8,0.008,45.0,pause,labview_demo_csv
ARO-01,303,A_linear,healthy,pause,0.911,0.000,24.0,78.7,0.000,45.0,pause,labview_demo_csv
ARO-01,304,A_linear,healthy,pause,0.929,0.000,24.0,78.6,0.000,45.0,pause,labview_demo_csv
ARO-01,305,A_linear,healthy,pause,0.933,0.000,23.9,78.6,0.000,45.0,pause,labview_demo_csv
ARO-01,306,A_linear,healthy,pause,0.924,0.000,24.0,78.6,0.000,45.0,pause,labview_demo_csv
ARO-01,307,A_linear,healthy,pause,0.925,0.009,24.1,78.9,0.016,45.0,pause,labview_demo_csv
ARO-01,308,A_linear,healthy,ascent,0.953,0.618,24.1,79.0,1.114,75.0,ascent,labview_demo_csv
ARO-01,309,A_linear,healthy,ascent,0.964,0.618,24.2,78.5,1.115,75.0,ascent,labview_demo_csv
ARO-01,310,A_linear,healthy,ascent,0.975,0.626,24.3,78.5,1.129,75.0,ascent,labview_demo_csv
ARO-01,311,A_linear,healthy,ascent,0.962,0.621,24.4,78.4,1.121,75.0,ascent,labview_demo_csv
ARO-01,312,A_linear,healthy,ascent,0.959,0.625,24.4,78.4,1.128,75.0,ascent,labview_demo_csv
ARO-01,313,A_linear,healthy,ascent,0.974,0.625,24.6,78.3,1.127,75.0,ascent,labview_demo_csv
ARO-01,314,A_linear,healthy,ascent,0.982,0.629,24.6,78.5,1.135,75.0,ascent,labview_demo_csv
ARO-01,315,A_linear,healthy,ascent,0.990,0.617,24.7,78.7,1.113,75.0,ascent,labview_demo_csv
ARO-01,316,A_linear,healthy,ascent,0.983,0.619,24.7,78.7,1.117,75.0,ascent,labview_demo_csv
ARO-01,317,A_linear,healthy,ascent,0.981,0.610,24.8,78.6,1.101,75.0,ascent,labview_demo_csv
ARO-01,318,A_linear,healthy,ascent,0.978,0.622,24.7,78.5,1.122,75.0,ascent,labview_demo_csv
ARO-01,319,A_linear,healthy,ascent,0.964,0.621,24.7,78.6,1.121,75.0,ascent,labview_demo_csv
ARO-01,320,A_linear,healthy,descent,0.984,0.349,24.6,78.6,0.629,75.0,descent,labview_demo_csv
ARO-01,321,A_linear,healthy,descent,0.974,0.366,24.7,78.8,0.660,75.0,descent,labview_demo_csv
ARO-01,322,A_linear,healthy,descent,0.954,0.350,24.6,78.8,0.631,75.0,descent,labview_demo_csv
ARO-01,323,A_linear,healthy,descent,0.954,0.351,24.6,78.8,0.634,75.0,descent,labview_demo_csv
ARO-01,324,A_linear,healthy,descent,0.945,0.351,24.7,78.4,0.634,75.0,descent,labview_demo_csv
ARO-01,325,A_linear,healthy,descent,0.935,0.346,24.7,78.1,0.624,75.0,descent,labview_demo_csv
ARO-01,326,A_linear,healthy,descent,0.926,0.355,24.6,78.0,0.641,75.0,descent,labview_demo_csv
ARO-01,327,A_linear,healthy,descent,0.925,0.364,24.5,77.8,0.657,75.0,descent,labview_demo_csv
ARO-01,328,A_linear,healthy,descent,0.886,0.346,24.5,77.7,0.624,75.0,descent,labview_demo_csv
ARO-01,329,A_linear,healthy,descent,0.885,0.338,24.5,77.9,0.609,75.0,descent,labview_demo_csv
ARO-01,330,A_linear,healthy,descent,0.901,0.353,24.6,78.0,0.637,75.0,descent,labview_demo_csv
ARO-01,331,A_linear,healthy,descent,0.890,0.346,24.7,78.3,0.625,75.0,descent,labview_demo_csv
ARO-01,332,A_linear,healthy,pause,0.871,0.006,24.6,77.9,0.012,75.0,pause,labview_demo_csv
ARO-01,333,A_linear,healthy,pause,0.877,0.003,24.6,78.1,0.005,75.0,pause,labview_demo_csv
ARO-01,334,A_linear,healthy,pause,0.878,0.000,24.6,78.3,0.000,75.0,pause,labview_demo_csv
ARO-01,335,A_linear,healthy,pause,0.867,0.000,24.5,78.5,0.000,75.0,pause,labview_demo_csv
ARO-01,336,A_linear,healthy,pause,0.860,0.000,24.5,78.7,0.000,75.0,pause,labview_demo_csv
ARO-01,337,A_linear,healthy,pause,0.861,0.005,24.5,78.4,0.010,75.0,pause,labview_demo_csv
ARO-01,338,A_linear,healthy,pause,0.851,0.000,24.4,78.5,0.000,75.0,pause,labview_demo_csv
ARO-01,339,A_linear,healthy,pause,0.861,0.001,24.4,78.2,0.002,75.0,pause,labview_demo_csv
ARO-01,340,A_linear,healthy,pause,0.884,0.003,24.4,78.3,0.006,75.0,pause,labview_demo_csv
ARO-01,341,A_linear,healthy,pause,0.867,0.000,24.5,78.1,0.000,75.0,pause,labview_demo_csv
ARO-01,342,A_linear,healthy,pause,0.879,0.000,24.5,78.5,0.000,75.0,pause,labview_demo_csv
ARO-01,343,A_linear,healthy,pause,0.866,0.000,24.6,78.4,0.000,75.0,pause,labview_demo_csv
ARO-01,344,A_linear,healthy,pause,0.894,0.002,24.5,78.3,0.004,75.0,pause,labview_demo_csv
ARO-01,345,A_linear,healthy,pause,0.902,0.000,24.4,77.9,0.000,75.0,pause,labview_demo_csv
ARO-01,346,A_linear,healthy,pause,0.894,0.002,24.5,78.0,0.003,75.0,pause,labview_demo_csv
ARO-01,347,A_linear,healthy,pause,0.891,0.000,24.5,77.9,0.000,75.0,pause,labview_demo_csv
ARO-01,348,A_linear,healthy,pause,0.907,0.000,24.6,77.8,0.000,75.0,pause,labview_demo_csv
ARO-01,349,A_linear,healthy,pause,0.919,0.000,24.6,77.7,0.000,75.0,pause,labview_demo_csv
ARO-01,350,A_linear,healthy,pause,0.928,0.000,24.6,77.6,0.000,75.0,pause,labview_demo_csv
ARO-01,351,A_linear,healthy,pause,0.948,0.003,24.6,77.3,0.005,75.0,pause,labview_demo_csv
ARO-01,352,A_linear,healthy,ascent,0.947,0.753,24.6,77.5,1.358,105.0,ascent,labview_demo_csv
ARO-01,353,A_linear,healthy,ascent,0.961,0.749,24.7,77.4,1.351,105.0,ascent,labview_demo_csv
ARO-01,354,A_linear,healthy,ascent,0.965,0.758,24.7,77.7,1.367,105.0,ascent,labview_demo_csv
ARO-01,355,A_linear,healthy,ascent,0.973,0.746,24.8,77.7,1.347,105.0,ascent,labview_demo_csv
ARO-01,356,A_linear,healthy,ascent,0.969,0.752,24.9,77.8,1.357,105.0,ascent,labview_demo_csv
ARO-01,357,A_linear,healthy,ascent,0.970,0.746,24.9,78.2,1.346,105.0,ascent,labview_demo_csv
ARO-01,358,A_linear,healthy,ascent,0.960,0.743,25.0,78.1,1.340,105.0,ascent,labview_demo_csv
ARO-01,359,A_linear,healthy,ascent,0.988,0.753,25.1,78.0,1.359,105.0,ascent,labview_demo_csv
ARO-01,360,A_linear,healthy,ascent,0.970,0.743,25.2,78.2,1.340,105.0,ascent,labview_demo_csv
ARO-01,361,A_linear,healthy,ascent,0.982,0.742,25.2,78.4,1.340,105.0,ascent,labview_demo_csv
ARO-01,362,A_linear,healthy,ascent,0.960,0.744,25.3,78.4,1.342,105.0,ascent,labview_demo_csv
ARO-01,363,A_linear,healthy,ascent,0.951,0.752,25.4,78.0,1.357,105.0,ascent,labview_demo_csv
ARO-01,364,A_linear,healthy,descent,0.953,0.353,25.4,77.9,0.638,105.0,descent,labview_demo_csv
ARO-01,365,A_linear,healthy,descent,0.948,0.344,25.4,77.9,0.620,105.0,descent,labview_demo_csv
ARO-01,366,A_linear,healthy,descent,0.930,0.357,25.3,77.6,0.644,105.0,descent,labview_demo_csv
ARO-01,367,A_linear,healthy,descent,0.952,0.345,25.3,77.7,0.623,105.0,descent,labview_demo_csv
ARO-01,368,A_linear,healthy,descent,0.952,0.348,25.3,77.6,0.627,105.0,descent,labview_demo_csv
ARO-01,369,A_linear,healthy,descent,0.924,0.354,25.3,77.7,0.639,105.0,descent,labview_demo_csv
ARO-01,370,A_linear,healthy,descent,0.901,0.345,25.2,77.7,0.622,105.0,descent,labview_demo_csv
ARO-01,371,A_linear,healthy,descent,0.912,0.356,25.2,77.8,0.642,105.0,descent,labview_demo_csv
ARO-01,372,A_linear,healthy,descent,0.912,0.359,25.1,77.7,0.648,105.0,descent,labview_demo_csv
ARO-01,373,A_linear,healthy,descent,0.889,0.353,25.1,77.6,0.637,105.0,descent,labview_demo_csv
ARO-01,374,A_linear,healthy,descent,0.895,0.350,25.1,77.7,0.631,105.0,descent,labview_demo_csv
ARO-01,375,A_linear,healthy,descent,0.859,0.360,25.1,77.8,0.649,105.0,descent,labview_demo_csv
ARO-01,376,A_linear,healthy,pause,0.868,0.000,25.1,78.0,0.000,105.0,pause,labview_demo_csv
ARO-01,377,A_linear,healthy,pause,0.873,0.003,25.0,77.8,0.006,105.0,pause,labview_demo_csv
ARO-01,378,A_linear,healthy,pause,0.858,0.005,25.0,77.9,0.008,105.0,pause,labview_demo_csv
ARO-01,379,A_linear,healthy,pause,0.865,0.004,24.9,77.7,0.007,105.0,pause,labview_demo_csv
ARO-01,380,A_linear,healthy,pause,0.857,0.000,25.0,77.9,0.000,105.0,pause,labview_demo_csv
ARO-01,381,A_linear,healthy,pause,0.831,0.009,25.0,77.7,0.017,105.0,pause,labview_demo_csv
ARO-01,382,A_linear,healthy,pause,0.868,0.000,25.0,77.6,0.000,105.0,pause,labview_demo_csv
ARO-01,383,A_linear,healthy,pause,0.867,0.000,25.0,77.6,0.000,105.0,pause,labview_demo_csv
ARO-01,384,A_linear,healthy,pause,0.865,0.000,25.0,77.2,0.000,105.0,pause,labview_demo_csv
ARO-01,385,A_linear,healthy,pause,0.879,0.010,25.0,77.3,0.019,105.0,pause,labview_demo_csv
ARO-01,386,A_linear,healthy,pause,0.880,0.000,25.0,77.6,0.000,105.0,pause,labview_demo_csv
ARO-01,387,A_linear,healthy,pause,0.880,0.000,25.0,77.4,0.000,105.0,pause,labview_demo_csv
ARO-01,388,A_linear,healthy,pause,0.873,0.003,25.0,77.7,0.006,105.0,pause,labview_demo_csv
ARO-01,389,A_linear,healthy,pause,0.886,0.002,24.9,77.8,0.004,105.0,pause,labview_demo_csv
ARO-01,390,A_linear,healthy,pause,0.896,0.000,25.0,77.7,0.000,105.0,pause,labview_demo_csv
ARO-01,391,A_linear,healthy,pause,0.912,0.000,25.0,77.6,0.000,105.0,pause,labview_demo_csv
ARO-01,392,A_linear,healthy,pause,0.909,0.008,24.9,77.5,0.015,105.0,pause,labview_demo_csv
ARO-01,393,A_linear,healthy,pause,0.932,0.000,24.9,77.4,0.000,105.0,pause,labview_demo_csv
ARO-01,394,A_linear,healthy,pause,0.946,0.000,24.9,77.4,0.000,105.0,pause,labview_demo_csv
ARO-01,395,A_linear,healthy,pause,0.941,0.000,24.8,77.7,0.000,105.0,pause,labview_demo_csv
ARO-01,396,A_linear,healthy,ascent,0.938,0.814,24.8,77.6,1.468,120.0,ascent,labview_demo_csv
ARO-01,397,A_linear,healthy,ascent,0.944,0.810,24.9,77.5,1.461,120.0,ascent,labview_demo_csv
ARO-01,398,A_linear,healthy,ascent,0.966,0.818,25.0,77.3,1.477,120.0,ascent,labview_demo_csv
ARO-01,399,A_linear,healthy,ascent,0.963,0.806,25.0,77.2,1.454,120.0,ascent,labview_demo_csv
ARO-01,400,A_linear,healthy,ascent,0.988,0.805,25.1,77.5,1.452,120.0,ascent,labview_demo_csv
ARO-01,401,A_linear,healthy,ascent,1.001,0.812,25.1,77.6,1.465,120.0,ascent,labview_demo_csv
ARO-01,402,A_linear,healthy,ascent,1.001,0.808,25.1,77.3,1.457,120.0,ascent,labview_demo_csv
ARO-01,403,A_linear,healthy,ascent,1.003,0.816,25.2,77.3,1.473,120.0,ascent,labview_demo_csv
ARO-01,404,A_linear,healthy,ascent,1.005,0.813,25.1,77.4,1.466,120.0,ascent,labview_demo_csv
ARO-01,405,A_linear,healthy,ascent,0.982,0.808,25.2,77.5,1.458,120.0,ascent,labview_demo_csv
ARO-01,406,A_linear,healthy,ascent,0.968,0.818,25.2,77.6,1.477,120.0,ascent,labview_demo_csv
ARO-01,407,A_linear,healthy,ascent,0.973,0.819,25.4,77.5,1.478,120.0,ascent,labview_demo_csv
ARO-01,408,A_linear,healthy,descent,0.989,0.359,25.5,77.4,0.647,120.0,descent,labview_demo_csv
ARO-01,409,A_linear,healthy,descent,0.954,0.354,25.4,77.5,0.638,120.0,descent,labview_demo_csv
ARO-01,410,A_linear,healthy,descent,0.978,0.357,25.4,77.2,0.644,120.0,descent,labview_demo_csv
ARO-01,411,A_linear,healthy,descent,0.966,0.347,25.3,77.5,0.627,120.0,descent,labview_demo_csv
ARO-01,412,A_linear,healthy,descent,0.934,0.358,25.3,77.2,0.646,120.0,descent,labview_demo_csv
ARO-01,413,A_linear,healthy,descent,0.932,0.341,25.2,77.3,0.615,120.0,descent,labview_demo_csv
ARO-01,414,A_linear,healthy,descent,0.930,0.351,25.2,77.3,0.633,120.0,descent,labview_demo_csv
ARO-01,415,A_linear,healthy,descent,0.905,0.363,25.2,77.7,0.655,120.0,descent,labview_demo_csv
ARO-01,416,A_linear,healthy,descent,0.908,0.360,25.1,78.0,0.650,120.0,descent,labview_demo_csv
ARO-01,417,A_linear,healthy,descent,0.881,0.360,25.2,77.6,0.650,120.0,descent,labview_demo_csv
ARO-01,418,A_linear,healthy,descent,0.898,0.342,25.2,77.5,0.617,120.0,descent,labview_demo_csv
ARO-01,419,A_linear,healthy,descent,0.894,0.360,25.2,77.4,0.650,120.0,descent,labview_demo_csv
ARO-01,420,A_linear,healthy,pause,0.888,0.005,25.2,77.6,0.008,120.0,pause,labview_demo_csv
ARO-01,421,A_linear,healthy,pause,0.882,0.002,25.1,77.6,0.003,120.0,pause,labview_demo_csv
ARO-01,422,A_linear,healthy,pause,0.874,0.001,25.1,77.4,0.003,120.0,pause,labview_demo_csv
ARO-01,423,A_linear,healthy,pause,0.873,0.005,25.2,77.5,0.009,120.0,pause,labview_demo_csv
ARO-01,424,A_linear,healthy,pause,0.865,0.002,25.1,77.6,0.004,120.0,pause,labview_demo_csv
ARO-01,425,A_linear,healthy,pause,0.858,0.000,25.1,77.4,0.000,120.0,pause,labview_demo_csv
ARO-01,426,A_linear,healthy,pause,0.848,0.002,25.0,77.5,0.004,120.0,pause,labview_demo_csv
ARO-01,427,A_linear,healthy,pause,0.865,0.000,24.9,77.6,0.000,120.0,pause,labview_demo_csv
ARO-01,428,A_linear,healthy,pause,0.858,0.002,24.9,77.5,0.003,120.0,pause,labview_demo_csv
ARO-01,429,A_linear,healthy,pause,0.859,0.005,24.9,77.3,0.008,120.0,pause,labview_demo_csv
ARO-01,430,A_linear,healthy,pause,0.896,0.000,24.9,77.1,0.000,120.0,pause,labview_demo_csv
ARO-01,431,A_linear,healthy,pause,0.878,0.001,24.9,77.3,0.003,120.0,pause,labview_demo_csv
ARO-01,432,A_linear,healthy,pause,0.861,0.000,24.8,77.1,0.001,120.0,pause,labview_demo_csv
ARO-01,433,A_linear,healthy,pause,0.897,0.000,24.9,77.3,0.000,120.0,pause,labview_demo_csv
ARO-01,434,A_linear,healthy,pause,0.882,0.010,24.9,77.6,0.018,120.0,pause,labview_demo_csv
ARO-01,435,A_linear,healthy,pause,0.904,0.000,24.9,77.5,0.000,120.0,pause,labview_demo_csv
ARO-01,436,A_linear,healthy,pause,0.917,0.000,24.9,77.8,0.000,120.0,pause,labview_demo_csv
ARO-01,437,A_linear,healthy,pause,0.916,0.000,24.9,77.8,0.000,120.0,pause,labview_demo_csv
ARO-01,438,A_linear,healthy,pause,0.937,0.000,24.8,77.8,0.000,120.0,pause,labview_demo_csv
ARO-01,439,A_linear,healthy,pause,0.932,0.000,24.8,77.9,0.000,120.0,pause,labview_demo_csv
ARO-01,440,A_linear,healthy,ascent,0.937,0.826,24.8,77.9,1.490,120.0,ascent,labview_demo_csv
ARO-01,441,A_linear,healthy,ascent,0.962,0.818,24.9,77.8,1.475,120.0,ascent,labview_demo_csv
ARO-01,442,A_linear,healthy,ascent,0.962,0.810,25.1,77.7,1.461,120.0,ascent,labview_demo_csv
ARO-01,443,A_linear,healthy,ascent,0.978,0.808,25.2,77.9,1.458,120.0,ascent,labview_demo_csv
ARO-01,444,A_linear,healthy,ascent,0.973,0.813,25.3,77.8,1.467,120.0,ascent,labview_demo_csv
ARO-01,445,A_linear,healthy,ascent,0.993,0.825,25.4,77.8,1.488,120.0,ascent,labview_demo_csv
ARO-01,446,A_linear,healthy,ascent,0.977,0.813,25.5,77.7,1.467,120.0,ascent,labview_demo_csv
ARO-01,447,A_linear,healthy,ascent,0.972,0.807,25.5,78.0,1.457,120.0,ascent,labview_demo_csv
ARO-01,448,A_linear,healthy,ascent,0.958,0.817,25.6,78.1,1.473,120.0,ascent,labview_demo_csv
ARO-01,449,A_linear,healthy,ascent,0.969,0.812,25.6,78.0,1.464,120.0,ascent,labview_demo_csv
ARO-01,450,A_linear,healthy,ascent,0.984,0.823,25.7,77.7,1.484,120.0,ascent,labview_demo_csv
ARO-01,451,A_linear,healthy,ascent,0.967,0.824,25.7,77.4,1.486,120.0,ascent,labview_demo_csv
ARO-01,452,A_linear,healthy,descent,0.965,0.347,25.8,77.4,0.625,120.0,descent,labview_demo_csv
ARO-01,453,A_linear,healthy,descent,0.942,0.337,25.8,77.5,0.607,120.0,descent,labview_demo_csv
ARO-01,454,A_linear,healthy,descent,0.967,0.357,25.8,77.4,0.644,120.0,descent,labview_demo_csv
ARO-01,455,A_linear,healthy,descent,0.963,0.357,25.8,77.3,0.644,120.0,descent,labview_demo_csv
ARO-01,456,A_linear,healthy,descent,0.949,0.355,25.9,77.0,0.641,120.0,descent,labview_demo_csv
ARO-01,457,A_linear,healthy,descent,0.921,0.343,25.9,76.7,0.619,120.0,descent,labview_demo_csv
ARO-01,458,A_linear,healthy,descent,0.938,0.345,25.8,76.6,0.623,120.0,descent,labview_demo_csv
ARO-01,459,A_linear,healthy,descent,0.893,0.353,25.7,77.1,0.636,120.0,descent,labview_demo_csv
ARO-01,460,A_linear,healthy,descent,0.904,0.349,25.7,76.8,0.629,120.0,descent,labview_demo_csv
ARO-01,461,A_linear,healthy,descent,0.902,0.352,25.7,76.8,0.635,120.0,descent,labview_demo_csv
ARO-01,462,A_linear,healthy,descent,0.894,0.339,25.6,76.6,0.611,120.0,descent,labview_demo_csv
ARO-01,463,A_linear,healthy,descent,0.883,0.352,25.7,76.7,0.635,120.0,descent,labview_demo_csv
ARO-01,464,A_linear,healthy,pause,0.863,0.000,25.7,77.1,0.000,120.0,pause,labview_demo_csv
ARO-01,465,A_linear,healthy,pause,0.893,0.012,25.7,76.8,0.021,120.0,pause,labview_demo_csv
ARO-01,466,A_linear,healthy,pause,0.851,0.005,25.6,76.5,0.009,120.0,pause,labview_demo_csv
ARO-01,467,A_linear,healthy,pause,0.872,0.000,25.6,76.3,0.000,120.0,pause,labview_demo_csv
ARO-01,468,A_linear,healthy,pause,0.857,0.000,25.6,76.3,0.000,120.0,pause,labview_demo_csv
ARO-01,469,A_linear,healthy,pause,0.841,0.000,25.6,76.6,0.000,120.0,pause,labview_demo_csv
ARO-01,470,A_linear,healthy,pause,0.874,0.009,25.5,77.0,0.017,120.0,pause,labview_demo_csv
ARO-01,471,A_linear,healthy,pause,0.859,0.004,25.5,76.9,0.007,120.0,pause,labview_demo_csv
ARO-01,472,A_linear,healthy,pause,0.870,0.003,25.5,77.0,0.006,120.0,pause,labview_demo_csv
ARO-01,473,A_linear,healthy,pause,0.869,0.000,25.5,77.0,0.000,120.0,pause,labview_demo_csv
ARO-01,474,A_linear,healthy,pause,0.871,0.011,25.4,76.7,0.020,120.0,pause,labview_demo_csv
ARO-01,475,A_linear,healthy,pause,0.867,0.000,25.3,76.9,0.000,120.0,pause,labview_demo_csv
ARO-01,476,A_linear,healthy,pause,0.889,0.011,25.4,76.7,0.020,120.0,pause,labview_demo_csv
ARO-01,477,A_linear,healthy,pause,0.891,0.000,25.3,76.8,0.000,120.0,pause,labview_demo_csv
ARO-01,478,A_linear,healthy,pause,0.900,0.005,25.4,76.5,0.008,120.0,pause,labview_demo_csv
ARO-01,479,A_linear,healthy,pause,0.901,0.008,25.4,76.6,0.015,120.0,pause,labview_demo_csv
ARO-01,480,A_linear,healthy,pause,0.909,0.010,25.3,76.4,0.019,120.0,pause,labview_demo_csv
ARO-01,481,A_linear,healthy,pause,0.905,0.001,25.3,76.4,0.001,120.0,pause,labview_demo_csv
ARO-01,482,A_linear,healthy,pause,0.940,0.000,25.2,76.4,0.001,120.0,pause,labview_demo_csv
ARO-01,483,A_linear,healthy,pause,0.954,0.003,25.3,76.3,0.005,120.0,pause,labview_demo_csv
ARO-01,484,A_linear,healthy,ascent,0.948,0.814,25.3,76.4,1.468,120.0,ascent,labview_demo_csv
ARO-01,485,A_linear,healthy,ascent,0.939,0.819,25.5,76.4,1.478,120.0,ascent,labview_demo_csv
ARO-01,486,A_linear,healthy,ascent,0.957,0.825,25.6,76.6,1.488,120.0,ascent,labview_demo_csv
ARO-01,487,A_linear,healthy,ascent,0.955,0.817,25.7,76.5,1.474,120.0,ascent,labview_demo_csv
ARO-01,488,A_linear,healthy,ascent,0.971,0.812,25.9,76.7,1.466,120.0,ascent,labview_demo_csv
ARO-01,489,A_linear,healthy,ascent,0.972,0.809,25.8,76.6,1.460,120.0,ascent,labview_demo_csv
ARO-01,490,A_linear,healthy,ascent,0.990,0.816,26.0,76.6,1.473,120.0,ascent,labview_demo_csv
ARO-01,491,A_linear,healthy,ascent,0.966,0.819,26.1,76.4,1.477,120.0,ascent,labview_demo_csv
ARO-01,492,A_linear,healthy,ascent,0.961,0.810,26.2,76.1,1.461,120.0,ascent,labview_demo_csv
ARO-01,493,A_linear,healthy,ascent,0.988,0.813,26.2,76.1,1.467,120.0,ascent,labview_demo_csv
ARO-01,494,A_linear,healthy,ascent,0.991,0.821,26.3,76.2,1.480,120.0,ascent,labview_demo_csv
ARO-01,495,A_linear,healthy,ascent,0.963,0.818,26.4,76.3,1.475,120.0,ascent,labview_demo_csv
ARO-01,496,A_linear,healthy,descent,0.962,0.350,26.4,76.2,0.632,120.0,descent,labview_demo_csv
ARO-01,497,A_linear,healthy,descent,0.974,0.352,26.3,76.2,0.635,120.0,descent,labview_demo_csv
ARO-01,498,A_linear,healthy,descent,0.955,0.359,26.3,76.5,0.647,120.0,descent,labview_demo_csv
ARO-01,499,A_linear,healthy,descent,0.968,0.360,26.4,76.6,0.650,120.0,descent,labview_demo_csv
ARO-01,500,A_linear,healthy,descent,0.953,0.345,26.5,76.7,0.623,120.0,descent,labview_demo_csv
ARO-01,501,A_linear,healthy,descent,0.945,0.356,26.4,76.8,0.642,120.0,descent,labview_demo_csv
ARO-01,502,A_linear,healthy,descent,0.923,0.325,26.3,76.9,0.585,120.0,descent,labview_demo_csv
ARO-01,503,A_linear,healthy,descent,0.907,0.346,26.3,76.9,0.625,120.0,descent,labview_demo_csv
ARO-01,504,A_linear,healthy,descent,0.888,0.339,26.3,76.7,0.611,120.0,descent,labview_demo_csv
ARO-01,505,A_linear,healthy,descent,0.875,0.347,26.3,76.6,0.626,120.0,descent,labview_demo_csv
ARO-01,506,A_linear,healthy,descent,0.893,0.351,26.3,76.5,0.633,120.0,descent,labview_demo_csv
ARO-01,507,A_linear,healthy,descent,0.875,0.358,26.2,76.3,0.646,120.0,descent,labview_demo_csv
ARO-01,508,A_linear,healthy,pause,0.883,0.000,26.2,76.1,0.000,120.0,pause,labview_demo_csv
ARO-01,509,A_linear,healthy,pause,0.876,0.011,26.0,76.0,0.020,120.0,pause,labview_demo_csv
ARO-01,510,A_linear,healthy,pause,0.872,0.000,25.9,76.3,0.001,120.0,pause,labview_demo_csv
ARO-01,511,A_linear,healthy,pause,0.863,0.007,26.0,76.3,0.013,120.0,pause,labview_demo_csv
ARO-01,512,A_linear,healthy,pause,0.867,0.014,25.9,76.4,0.026,120.0,pause,labview_demo_csv
ARO-01,513,A_linear,healthy,pause,0.844,0.001,25.9,76.6,0.003,120.0,pause,labview_demo_csv
ARO-01,514,A_linear,healthy,pause,0.877,0.008,26.0,76.5,0.015,120.0,pause,labview_demo_csv
ARO-01,515,A_linear,healthy,pause,0.851,0.000,25.9,76.5,0.000,120.0,pause,labview_demo_csv
ARO-01,516,A_linear,healthy,pause,0.875,0.002,25.8,76.6,0.003,120.0,pause,labview_demo_csv
ARO-01,517,A_linear,healthy,pause,0.870,0.000,25.8,76.9,0.000,120.0,pause,labview_demo_csv
ARO-01,518,A_linear,healthy,pause,0.858,0.000,25.8,76.7,0.000,120.0,pause,labview_demo_csv
ARO-01,519,A_linear,healthy,pause,0.859,0.003,25.8,76.7,0.006,120.0,pause,labview_demo_csv
ARO-01,520,A_linear,healthy,pause,0.898,0.002,25.9,76.8,0.004,120.0,pause,labview_demo_csv
ARO-01,521,A_linear,healthy,pause,0.901,0.009,25.9,76.7,0.017,120.0,pause,labview_demo_csv
ARO-01,522,A_linear,healthy,pause,0.893,0.000,25.8,76.6,0.000,120.0,pause,labview_demo_csv
ARO-01,523,A_linear,healthy,pause,0.905,0.003,25.8,76.5,0.006,120.0,pause,labview_demo_csv
ARO-01,524,A_linear,healthy,pause,0.926,0.002,25.8,76.7,0.004,120.0,pause,labview_demo_csv
ARO-01,525,A_linear,healthy,pause,0.950,0.000,25.7,76.9,0.000,120.0,pause,labview_demo_csv
ARO-01,526,A_linear,healthy,pause,0.935,0.008,25.7,76.8,0.014,120.0,pause,labview_demo_csv
ARO-01,527,A_linear,healthy,pause,0.942,0.007,25.7,77.0,0.013,120.0,pause,labview_demo_csv
ARO-01,528,A_linear,healthy,ascent,0.933,0.553,25.8,77.0,0.997,60.0,ascent,labview_demo_csv
ARO-01,529,A_linear,healthy,ascent,0.971,0.559,25.9,76.7,1.009,60.0,ascent,labview_demo_csv
ARO-01,530,A_linear,healthy,ascent,0.978,0.558,26.0,76.8,1.006,60.0,ascent,labview_demo_csv
ARO-01,531,A_linear,healthy,ascent,0.974,0.556,26.0,76.7,1.003,60.0,ascent,labview_demo_csv
ARO-01,532,A_linear,healthy,ascent,0.970,0.563,26.1,76.7,1.016,60.0,ascent,labview_demo_csv
ARO-01,533,A_linear,healthy,ascent,0.972,0.567,26.1,76.8,1.022,60.0,ascent,labview_demo_csv
ARO-01,534,A_linear,healthy,ascent,1.002,0.570,26.2,76.7,1.029,60.0,ascent,labview_demo_csv
ARO-01,535,A_linear,healthy,ascent,0.976,0.579,26.1,76.4,1.044,60.0,ascent,labview_demo_csv
ARO-01,536,A_linear,healthy,ascent,0.969,0.569,26.2,76.6,1.027,60.0,ascent,labview_demo_csv
ARO-01,537,A_linear,healthy,ascent,0.994,0.567,26.2,76.3,1.023,60.0,ascent,labview_demo_csv
ARO-01,538,A_linear,healthy,ascent,0.978,0.555,26.2,76.5,1.001,60.0,ascent,labview_demo_csv
ARO-01,539,A_linear,healthy,ascent,0.977,0.561,26.3,76.4,1.013,60.0,ascent,labview_demo_csv
ARO-01,540,A_linear,healthy,descent,0.955,0.349,26.4,76.2,0.630,60.0,descent,labview_demo_csv
ARO-01,541,A_linear,healthy,descent,0.957,0.355,26.4,76.1,0.640,60.0,descent,labview_demo_csv
ARO-01,542,A_linear,healthy,descent,0.981,0.343,26.3,76.0,0.619,60.0,descent,labview_demo_csv
ARO-01,543,A_linear,healthy,descent,0.976,0.365,26.4,75.6,0.658,60.0,descent,labview_demo_csv
ARO-01,544,A_linear,healthy,descent,0.962,0.356,26.4,75.2,0.642,60.0,descent,labview_demo_csv
ARO-01,545,A_linear,healthy,descent,0.928,0.362,26.4,75.3,0.654,60.0,descent,labview_demo_csv
ARO-01,546,A_linear,healthy,descent,0.908,0.352,26.5,75.5,0.635,60.0,descent,labview_demo_csv
ARO-01,547,A_linear,healthy,descent,0.942,0.358,26.5,75.4,0.645,60.0,descent,labview_demo_csv
ARO-01,548,A_linear,healthy,descent,0.899,0.353,26.5,75.6,0.637,60.0,descent,labview_demo_csv
ARO-01,549,A_linear,healthy,descent,0.897,0.350,26.4,75.6,0.632,60.0,descent,labview_demo_csv
ARO-01,550,A_linear,healthy,descent,0.887,0.344,26.5,75.6,0.621,60.0,descent,labview_demo_csv
ARO-01,551,A_linear,healthy,descent,0.876,0.352,26.5,75.6,0.635,60.0,descent,labview_demo_csv
ARO-01,552,A_linear,healthy,pause,0.900,0.003,26.6,75.7,0.005,60.0,pause,labview_demo_csv
ARO-01,553,A_linear,healthy,pause,0.882,0.000,26.4,75.6,0.000,60.0,pause,labview_demo_csv
ARO-01,554,A_linear,healthy,pause,0.872,0.000,26.3,75.7,0.000,60.0,pause,labview_demo_csv
ARO-01,555,A_linear,healthy,pause,0.871,0.002,26.3,75.7,0.004,60.0,pause,labview_demo_csv
ARO-01,556,A_linear,healthy,pause,0.857,0.000,26.3,76.1,0.000,60.0,pause,labview_demo_csv
ARO-01,557,A_linear,healthy,pause,0.870,0.007,26.2,76.0,0.012,60.0,pause,labview_demo_csv
ARO-01,558,A_linear,healthy,pause,0.870,0.000,26.1,76.0,0.000,60.0,pause,labview_demo_csv
ARO-01,559,A_linear,healthy,pause,0.860,0.000,26.0,76.3,0.000,60.0,pause,labview_demo_csv
ARO-01,560,A_linear,healthy,pause,0.869,0.008,26.0,76.2,0.014,60.0,pause,labview_demo_csv
ARO-01,561,A_linear,healthy,pause,0.852,0.000,26.0,76.2,0.000,60.0,pause,labview_demo_csv
ARO-01,562,A_linear,healthy,pause,0.882,0.000,26.1,76.3,0.000,60.0,pause,labview_demo_csv
ARO-01,563,A_linear,healthy,pause,0.894,0.000,26.2,76.4,0.000,60.0,pause,labview_demo_csv
ARO-01,564,A_linear,healthy,pause,0.893,0.000,26.3,76.4,0.000,60.0,pause,labview_demo_csv
ARO-01,565,A_linear,healthy,pause,0.876,0.000,26.3,76.4,0.000,60.0,pause,labview_demo_csv
ARO-01,566,A_linear,healthy,pause,0.885,0.000,26.3,76.5,0.000,60.0,pause,labview_demo_csv
ARO-01,567,A_linear,healthy,pause,0.920,0.000,26.4,76.6,0.000,60.0,pause,labview_demo_csv
ARO-01,568,A_linear,healthy,pause,0.916,0.007,26.4,76.3,0.013,60.0,pause,labview_demo_csv
ARO-01,569,A_linear,healthy,pause,0.905,0.000,26.3,76.3,0.000,60.0,pause,labview_demo_csv
ARO-01,570,A_linear,healthy,pause,0.934,0.000,26.2,76.6,0.000,60.0,pause,labview_demo_csv
ARO-01,571,A_linear,healthy,pause,0.962,0.005,26.2,76.7,0.009,60.0,pause,labview_demo_csv
ARO-01,572,A_linear,healthy,ascent,0.967,0.557,26.2,76.5,1.004,60.0,ascent,labview_demo_csv
ARO-01,573,A_linear,healthy,ascent,0.941,0.556,26.2,76.3,1.002,60.0,ascent,labview_demo_csv
ARO-01,574,A_linear,healthy,ascent,0.969,0.562,26.3,76.1,1.015,60.0,ascent,labview_demo_csv
ARO-01,575,A_linear,healthy,ascent,0.975,0.564,26.3,76.4,1.018,60.0,ascent,labview_demo_csv
ARO-01,576,A_linear,healthy,ascent,0.985,0.554,26.4,76.3,1.000,60.0,ascent,labview_demo_csv
ARO-01,577,A_linear,healthy,ascent,0.980,0.555,26.5,75.8,1.001,60.0,ascent,labview_demo_csv
ARO-01,578,A_linear,healthy,ascent,0.963,0.560,26.6,75.7,1.010,60.0,ascent,labview_demo_csv
ARO-01,579,A_linear,healthy,ascent,0.983,0.566,26.7,75.5,1.021,60.0,ascent,labview_demo_csv
ARO-01,580,A_linear,healthy,ascent,0.986,0.558,26.8,75.6,1.007,60.0,ascent,labview_demo_csv
ARO-01,581,A_linear,healthy,ascent,0.986,0.557,26.8,75.4,1.005,60.0,ascent,labview_demo_csv
ARO-01,582,A_linear,healthy,ascent,0.976,0.560,26.8,75.2,1.010,60.0,ascent,labview_demo_csv
ARO-01,583,A_linear,healthy,ascent,0.971,0.554,26.9,74.9,0.999,60.0,ascent,labview_demo_csv
ARO-01,584,A_linear,healthy,descent,0.982,0.346,26.9,74.8,0.624,60.0,descent,labview_demo_csv
ARO-01,585,A_linear,healthy,descent,0.958,0.340,26.8,75.1,0.614,60.0,descent,labview_demo_csv
ARO-01,586,A_linear,healthy,descent,0.957,0.358,26.8,75.1,0.645,60.0,descent,labview_demo_csv
ARO-01,587,A_linear,healthy,descent,0.954,0.338,26.8,75.3,0.609,60.0,descent,labview_demo_csv
ARO-01,588,A_linear,healthy,descent,0.945,0.352,26.9,75.0,0.635,60.0,descent,labview_demo_csv
ARO-01,589,A_linear,healthy,descent,0.951,0.348,26.9,74.9,0.628,60.0,descent,labview_demo_csv
ARO-01,590,A_linear,healthy,descent,0.921,0.349,26.9,75.0,0.630,60.0,descent,labview_demo_csv
ARO-01,591,A_linear,healthy,descent,0.911,0.346,26.8,75.0,0.623,60.0,descent,labview_demo_csv
ARO-01,592,A_linear,healthy,descent,0.915,0.344,26.8,74.7,0.621,60.0,descent,labview_demo_csv
ARO-01,593,A_linear,healthy,descent,0.906,0.350,26.9,74.6,0.631,60.0,descent,labview_demo_csv
ARO-01,594,A_linear,healthy,descent,0.904,0.338,26.8,74.7,0.609,60.0,descent,labview_demo_csv
ARO-01,595,A_linear,healthy,descent,0.887,0.344,26.9,74.8,0.621,60.0,descent,labview_demo_csv
ARO-01,596,A_linear,healthy,pause,0.879,0.000,26.9,75.1,0.000,60.0,pause,labview_demo_csv
ARO-01,597,A_linear,healthy,pause,0.903,0.003,26.8,75.2,0.006,60.0,pause,labview_demo_csv
ARO-01,598,A_linear,healthy,pause,0.857,0.006,26.8,75.3,0.011,60.0,pause,labview_demo_csv
ARO-01,599,A_linear,healthy,pause,0.874,0.000,26.8,75.3,0.000,60.0,pause,labview_demo_csv
ARO-01,600,A_linear,healthy,pause,0.857,0.000,26.8,75.2,0.000,60.0,pause,labview_demo_csv
ARO-01,601,A_linear,healthy,pause,0.868,0.002,26.8,75.5,0.003,60.0,pause,labview_demo_csv
ARO-01,602,A_linear,healthy,pause,0.877,0.000,26.7,75.7,0.000,60.0,pause,labview_demo_csv
ARO-01,603,A_linear,healthy,pause,0.868,0.000,26.7,75.6,0.000,60.0,pause,labview_demo_csv
ARO-01,604,A_linear,healthy,pause,0.876,0.011,26.7,75.8,0.020,60.0,pause,labview_demo_csv
ARO-01,605,A_linear,healthy,pause,0.880,0.008,26.7,75.7,0.015,60.0,pause,labview_demo_csv
ARO-01,606,A_linear,healthy,pause,0.871,0.005,26.6,75.8,0.008,60.0,pause,labview_demo_csv
ARO-01,607,A_linear,healthy,pause,0.871,0.003,26.6,75.8,0.006,60.0,pause,labview_demo_csv
ARO-01,608,A_linear,healthy,pause,0.884,0.000,26.6,76.0,0.000,60.0,pause,labview_demo_csv
ARO-01,609,A_linear,healthy,pause,0.908,0.000,26.5,76.3,0.000,60.0,pause,labview_demo_csv
ARO-01,610,A_linear,healthy,pause,0.917,0.009,26.6,76.2,0.016,60.0,pause,labview_demo_csv
ARO-01,611,A_linear,healthy,pause,0.915,0.000,26.6,75.8,0.000,60.0,pause,labview_demo_csv
ARO-01,612,A_linear,healthy,pause,0.916,0.001,26.5,75.8,0.003,60.0,pause,labview_demo_csv
ARO-01,613,A_linear,healthy,pause,0.948,0.000,26.4,75.5,0.000,60.0,pause,labview_demo_csv
ARO-01,614,A_linear,healthy,pause,0.940,0.000,26.3,75.5,0.000,60.0,pause,labview_demo_csv
ARO-01,615,A_linear,healthy,pause,0.963,0.005,26.4,75.4,0.009,60.0,pause,labview_demo_csv
ARO-01,616,A_linear,healthy,ascent,0.930,0.560,26.4,75.3,1.010,60.0,ascent,labview_demo_csv
ARO-01,617,A_linear,healthy,ascent,0.968,0.571,26.5,75.1,1.029,60.0,ascent,labview_demo_csv
ARO-01,618,A_linear,healthy,ascent,0.951,0.556,26.5,75.0,1.003,60.0,ascent,labview_demo_csv
ARO-01,619,A_linear,healthy,ascent,0.963,0.571,26.5,74.8,1.030,60.0,ascent,labview_demo_csv
ARO-01,620,A_linear,healthy,ascent,0.966,0.550,26.6,74.9,0.991,60.0,ascent,labview_demo_csv
ARO-01,621,A_linear,healthy,ascent,0.973,0.562,26.7,74.8,1.013,60.0,ascent,labview_demo_csv
ARO-01,622,A_linear,healthy,ascent,1.009,0.572,26.8,74.8,1.032,60.0,ascent,labview_demo_csv
ARO-01,623,A_linear,healthy,ascent,0.998,0.564,26.7,74.8,1.017,60.0,ascent,labview_demo_csv
ARO-01,624,A_linear,healthy,ascent,0.970,0.567,26.8,74.9,1.023,60.0,ascent,labview_demo_csv
ARO-01,625,A_linear,healthy,ascent,1.001,0.560,26.9,74.9,1.010,60.0,ascent,labview_demo_csv
ARO-01,626,A_linear,healthy,ascent,0.989,0.557,26.9,75.2,1.004,60.0,ascent,labview_demo_csv
ARO-01,627,A_linear,healthy,ascent,0.986,0.557,26.9,75.2,1.005,60.0,ascent,labview_demo_csv
ARO-01,628,A_linear,healthy,descent,0.977,0.352,26.9,75.3,0.636,60.0,descent,labview_demo_csv
ARO-01,629,A_linear,healthy,descent,0.956,0.338,26.8,75.3,0.610,60.0,descent,labview_demo_csv
ARO-01,630,A_linear,healthy,descent,0.947,0.351,26.8,75.1,0.633,60.0,descent,labview_demo_csv
ARO-01,631,A_linear,healthy,descent,0.949,0.345,26.8,74.8,0.622,60.0,descent,labview_demo_csv
ARO-01,632,A_linear,healthy,descent,0.942,0.345,26.9,74.7,0.623,60.0,descent,labview_demo_csv
ARO-01,633,A_linear,healthy,descent,0.947,0.350,27.0,74.8,0.631,60.0,descent,labview_demo_csv
ARO-01,634,A_linear,healthy,descent,0.927,0.346,27.0,74.9,0.624,60.0,descent,labview_demo_csv
ARO-01,635,A_linear,healthy,descent,0.923,0.354,27.1,74.5,0.639,60.0,descent,labview_demo_csv
ARO-01,636,A_linear,healthy,descent,0.914,0.357,27.2,74.5,0.644,60.0,descent,labview_demo_csv
ARO-01,637,A_linear,healthy,descent,0.903,0.353,27.2,74.6,0.637,60.0,descent,labview_demo_csv
ARO-01,638,A_linear,healthy,descent,0.901,0.347,27.1,74.6,0.627,60.0,descent,labview_demo_csv
ARO-01,639,A_linear,healthy,descent,0.890,0.349,27.1,74.6,0.630,60.0,descent,labview_demo_csv
ARO-01,640,A_linear,healthy,pause,0.886,0.006,26.9,74.6,0.010,60.0,pause,labview_demo_csv
ARO-01,641,A_linear,healthy,pause,0.867,0.002,26.8,74.7,0.003,60.0,pause,labview_demo_csv
ARO-01,642,A_linear,healthy,pause,0.898,0.003,26.7,74.8,0.006,60.0,pause,labview_demo_csv
ARO-01,643,A_linear,healthy,pause,0.870,0.000,26.8,75.0,0.000,60.0,pause,labview_demo_csv
ARO-01,644,A_linear,healthy,pause,0.852,0.000,26.7,75.0,0.000,60.0,pause,labview_demo_csv
ARO-01,645,A_linear,healthy,pause,0.868,0.015,26.7,75.1,0.027,60.0,pause,labview_demo_csv
ARO-01,646,A_linear,healthy,pause,0.874,0.000,26.7,74.7,0.000,60.0,pause,labview_demo_csv
ARO-01,647,A_linear,healthy,pause,0.859,0.000,26.6,74.6,0.001,60.0,pause,labview_demo_csv
ARO-01,648,A_linear,healthy,pause,0.870,0.005,26.5,74.4,0.010,60.0,pause,labview_demo_csv
ARO-01,649,A_linear,healthy,pause,0.862,0.009,26.6,74.7,0.016,60.0,pause,labview_demo_csv
ARO-01,650,A_linear,healthy,pause,0.853,0.000,26.6,74.4,0.000,60.0,pause,labview_demo_csv
ARO-01,651,A_linear,healthy,pause,0.878,0.003,26.6,74.6,0.005,60.0,pause,labview_demo_csv
ARO-01,652,A_linear,healthy,pause,0.876,0.007,26.6,74.5,0.012,60.0,pause,labview_demo_csv
ARO-01,653,A_linear,healthy,pause,0.894,0.000,26.5,74.7,0.000,60.0,pause,labview_demo_csv
ARO-01,654,A_linear,healthy,pause,0.905,0.012,26.6,74.8,0.021,60.0,pause,labview_demo_csv
ARO-01,655,A_linear,healthy,pause,0.907,0.000,26.5,74.8,0.000,60.0,pause,labview_demo_csv
ARO-01,656,A_linear,healthy,pause,0.926,0.004,26.5,74.5,0.007,60.0,pause,labview_demo_csv
ARO-01,657,A_linear,healthy,pause,0.921,0.007,26.6,74.8,0.013,60.0,pause,labview_demo_csv
ARO-01,658,A_linear,healthy,pause,0.918,0.000,26.6,75.0,0.000,60.0,pause,labview_demo_csv
ARO-01,659,A_linear,healthy,pause,0.933,0.002,26.6,75.1,0.003,60.0,pause,labview_demo_csv
ARO-01,660,A_linear,healthy,ascent,0.936,0.562,26.7,74.9,1.013,60.0,ascent,labview_demo_csv
ARO-01,661,A_linear,healthy,ascent,0.985,0.561,26.8,74.9,1.013,60.0,ascent,labview_demo_csv
ARO-01,662,A_linear,healthy,ascent,0.965,0.562,26.9,74.7,1.013,60.0,ascent,labview_demo_csv
ARO-01,663,A_linear,healthy,ascent,0.974,0.556,27.1,74.7,1.003,60.0,ascent,labview_demo_csv
ARO-01,664,A_linear,healthy,ascent,0.998,0.553,27.1,74.9,0.997,60.0,ascent,labview_demo_csv
ARO-01,665,A_linear,healthy,ascent,0.999,0.572,27.3,74.7,1.032,60.0,ascent,labview_demo_csv
ARO-01,666,A_linear,healthy,ascent,1.016,0.570,27.2,74.7,1.029,60.0,ascent,labview_demo_csv
ARO-01,667,A_linear,healthy,ascent,0.959,0.565,27.2,74.4,1.019,60.0,ascent,labview_demo_csv
ARO-01,668,A_linear,healthy,ascent,0.982,0.551,27.2,74.3,0.994,60.0,ascent,labview_demo_csv
ARO-01,669,A_linear,healthy,ascent,0.999,0.565,27.2,74.1,1.020,60.0,ascent,labview_demo_csv
ARO-01,670,A_linear,healthy,ascent,0.981,0.556,27.3,74.1,1.003,60.0,ascent,labview_demo_csv
ARO-01,671,A_linear,healthy,ascent,0.971,0.553,27.2,74.2,0.998,60.0,ascent,labview_demo_csv
ARO-01,672,A_linear,healthy,descent,0.985,0.353,27.3,74.5,0.636,60.0,descent,labview_demo_csv
ARO-01,673,A_linear,healthy,descent,0.969,0.346,27.2,74.1,0.625,60.0,descent,labview_demo_csv
ARO-01,674,A_linear,healthy,descent,0.971,0.352,27.2,74.2,0.636,60.0,descent,labview_demo_csv
ARO-01,675,A_linear,healthy,descent,0.957,0.361,27.2,74.1,0.652,60.0,descent,labview_demo_csv
ARO-01,676,A_linear,healthy,descent,0.943,0.344,27.2,73.9,0.622,60.0,descent,labview_demo_csv
ARO-01,677,A_linear,healthy,descent,0.929,0.362,27.2,73.8,0.652,60.0,descent,labview_demo_csv
ARO-01,678,A_linear,healthy,descent,0.928,0.350,27.3,74.0,0.632,60.0,descent,labview_demo_csv
ARO-01,679,A_linear,healthy,descent,0.912,0.351,27.4,73.8,0.634,60.0,descent,labview_demo_csv
ARO-01,680,A_linear,healthy,descent,0.932,0.352,27.4,74.1,0.635,60.0,descent,labview_demo_csv
ARO-01,681,A_linear,healthy,descent,0.890,0.352,27.4,74.1,0.635,60.0,descent,labview_demo_csv
ARO-01,682,A_linear,healthy,descent,0.903,0.346,27.3,74.3,0.624,60.0,descent,labview_demo_csv
ARO-01,683,A_linear,healthy,descent,0.901,0.352,27.3,74.3,0.635,60.0,descent,labview_demo_csv
ARO-01,684,A_linear,healthy,pause,0.879,0.000,27.3,74.4,0.000,60.0,pause,labview_demo_csv
ARO-01,685,A_linear,healthy,pause,0.882,0.000,27.3,74.4,0.001,60.0,pause,labview_demo_csv
ARO-01,686,A_linear,healthy,pause,0.876,0.002,27.2,74.3,0.003,60.0,pause,labview_demo_csv
ARO-01,687,A_linear,healthy,pause,0.861,0.002,27.2,74.2,0.004,60.0,pause,labview_demo_csv
ARO-01,688,A_linear,healthy,pause,0.871,0.004,27.1,74.6,0.007,60.0,pause,labview_demo_csv
ARO-01,689,A_linear,healthy,pause,0.902,0.001,27.1,74.2,0.001,60.0,pause,labview_demo_csv
ARO-01,690,A_linear,healthy,pause,0.868,0.013,27.1,74.3,0.023,60.0,pause,labview_demo_csv
ARO-01,691,A_linear,healthy,pause,0.875,0.007,27.0,74.3,0.013,60.0,pause,labview_demo_csv
ARO-01,692,A_linear,healthy,pause,0.887,0.002,27.0,74.5,0.003,60.0,pause,labview_demo_csv
ARO-01,693,A_linear,healthy,pause,0.877,0.006,27.0,74.4,0.011,60.0,pause,labview_demo_csv
ARO-01,694,A_linear,healthy,pause,0.857,0.009,26.8,74.4,0.017,60.0,pause,labview_demo_csv
ARO-01,695,A_linear,healthy,pause,0.869,0.002,26.9,74.6,0.004,60.0,pause,labview_demo_csv
ARO-01,696,A_linear,healthy,pause,0.877,0.005,27.0,74.9,0.009,60.0,pause,labview_demo_csv
ARO-01,697,A_linear,healthy,pause,0.899,0.008,27.0,74.8,0.014,60.0,pause,labview_demo_csv
ARO-01,698,A_linear,healthy,pause,0.906,0.000,26.9,74.6,0.000,60.0,pause,labview_demo_csv
ARO-01,699,A_linear,healthy,pause,0.901,0.006,26.9,74.9,0.010,60.0,pause,labview_demo_csv
ARO-01,700,A_linear,healthy,pause,0.919,0.006,26.9,74.8,0.011,60.0,pause,labview_demo_csv
ARO-01,701,A_linear,healthy,pause,0.933,0.000,27.0,74.7,0.000,60.0,pause,labview_demo_csv
ARO-01,702,A_linear,healthy,pause,0.936,0.000,27.0,74.3,0.000,60.0,pause,labview_demo_csv
ARO-01,703,A_linear,healthy,pause,0.955,0.003,27.0,74.0,0.006,60.0,pause,labview_demo_csv
ARO-01,704,A_linear,healthy,ascent,0.963,0.551,27.1,74.1,0.994,60.0,ascent,labview_demo_csv
ARO-01,705,A_linear,healthy,ascent,0.961,0.560,27.2,74.3,1.011,60.0,ascent,labview_demo_csv
ARO-01,706,A_linear,healthy,ascent,0.989,0.559,27.3,74.1,1.008,60.0,ascent,labview_demo_csv
ARO-01,707,A_linear,healthy,ascent,0.970,0.556,27.4,74.3,1.004,60.0,ascent,labview_demo_csv
ARO-01,708,A_linear,healthy,ascent,0.984,0.558,27.3,74.0,1.007,60.0,ascent,labview_demo_csv
ARO-01,709,A_linear,healthy,ascent,1.009,0.554,27.2,74.3,1.000,60.0,ascent,labview_demo_csv
ARO-01,710,A_linear,healthy,ascent,0.977,0.566,27.3,74.3,1.021,60.0,ascent,labview_demo_csv
ARO-01,711,A_linear,healthy,ascent,0.988,0.564,27.2,74.3,1.018,60.0,ascent,labview_demo_csv
ARO-01,712,A_linear,healthy,ascent,0.999,0.562,27.3,74.6,1.014,60.0,ascent,labview_demo_csv
ARO-01,713,A_linear,healthy,ascent,0.987,0.573,27.4,74.4,1.035,60.0,ascent,labview_demo_csv
ARO-01,714,A_linear,healthy,ascent,0.977,0.570,27.5,74.6,1.028,60.0,ascent,labview_demo_csv
ARO-01,715,A_linear,healthy,ascent,0.957,0.557,27.5,74.5,1.004,60.0,ascent,labview_demo_csv
ARO-01,716,A_linear,healthy,descent,0.975,0.337,27.4,74.2,0.608,60.0,descent,labview_demo_csv
ARO-01,717,A_linear,healthy,descent,0.992,0.340,27.5,74.1,0.614,60.0,descent,labview_demo_csv
ARO-01,718,A_linear,healthy,descent,0.967,0.351,27.5,74.3,0.633,60.0,descent,labview_demo_csv
ARO-01,719,A_linear,healthy,descent,0.981,0.350,27.5,74.3,0.631,60.0,descent,labview_demo_csv
ARO-01,720,A_linear,healthy,descent,0.971,0.343,27.4,74.0,0.618,60.0,descent,labview_demo_csv
ARO-01,721,A_linear,healthy,descent,0.937,0.354,27.4,73.7,0.638,60.0,descent,labview_demo_csv
ARO-01,722,A_linear,healthy,descent,0.935,0.350,27.4,73.6,0.632,60.0,descent,labview_demo_csv
ARO-01,723,A_linear,healthy,descent,0.914,0.355,27.5,73.6,0.640,60.0,descent,labview_demo_csv
ARO-01,724,A_linear,healthy,descent,0.929,0.360,27.6,73.8,0.649,60.0,descent,labview_demo_csv
ARO-01,725,A_linear,healthy,descent,0.902,0.348,27.5,73.6,0.628,60.0,descent,labview_demo_csv
ARO-01,726,A_linear,healthy,descent,0.926,0.362,27.6,73.3,0.654,60.0,descent,labview_demo_csv
ARO-01,727,A_linear,healthy,descent,0.930,0.344,27.5,73.4,0.620,60.0,descent,labview_demo_csv
ARO-01,728,A_linear,healthy,pause,0.879,0.000,27.5,73.3,0.000,60.0,pause,labview_demo_csv
ARO-01,729,A_linear,healthy,pause,0.874,0.004,27.5,73.2,0.007,60.0,pause,labview_demo_csv
ARO-01,730,A_linear,healthy,pause,0.878,0.000,27.5,73.2,0.000,60.0,pause,labview_demo_csv
ARO-01,731,A_linear,healthy,pause,0.868,0.004,27.4,73.6,0.006,60.0,pause,labview_demo_csv
ARO-01,732,A_linear,healthy,pause,0.875,0.004,27.3,73.7,0.007,60.0,pause,labview_demo_csv
ARO-01,733,A_linear,healthy,pause,0.870,0.004,27.3,74.0,0.008,60.0,pause,labview_demo_csv
ARO-01,734,A_linear,healthy,pause,0.869,0.012,27.5,73.9,0.023,60.0,pause,labview_demo_csv
ARO-01,735,A_linear,healthy,pause,0.867,0.004,27.4,73.7,0.007,60.0,pause,labview_demo_csv
ARO-01,736,A_linear,healthy,pause,0.875,0.006,27.4,73.9,0.010,60.0,pause,labview_demo_csv
ARO-01,737,A_linear,healthy,pause,0.879,0.005,27.4,73.3,0.010,60.0,pause,labview_demo_csv
ARO-01,738,A_linear,healthy,pause,0.872,0.004,27.4,73.3,0.007,60.0,pause,labview_demo_csv
ARO-01,739,A_linear,healthy,pause,0.882,0.002,27.3,73.5,0.003,60.0,pause,labview_demo_csv
ARO-01,740,A_linear,healthy,pause,0.889,0.000,27.4,73.4,0.000,60.0,pause,labview_demo_csv
ARO-01,741,A_linear,healthy,pause,0.893,0.000,27.4,73.5,0.000,60.0,pause,labview_demo_csv
ARO-01,742,A_linear,healthy,pause,0.894,0.012,27.3,73.5,0.021,60.0,pause,labview_demo_csv
ARO-01,743,A_linear,healthy,pause,0.913,0.000,27.2,73.6,0.000,60.0,pause,labview_demo_csv
ARO-01,744,A_linear,healthy,pause,0.915,0.000,27.2,73.7,0.000,60.0,pause,labview_demo_csv
ARO-01,745,A_linear,healthy,pause,0.938,0.000,27.3,73.6,0.000,60.0,pause,labview_demo_csv
ARO-01,746,A_linear,healthy,pause,0.956,0.008,27.2,73.3,0.014,60.0,pause,labview_demo_csv
ARO-01,747,A_linear,healthy,pause,0.953,0.000,27.2,73.5,0.000,60.0,pause,labview_demo_csv
ARO-01,748,A_linear,healthy,ascent,0.952,0.560,27.3,73.2,1.010,60.0,ascent,labview_demo_csv
ARO-01,749,A_linear,healthy,ascent,0.959,0.562,27.4,73.1,1.014,60.0,ascent,labview_demo_csv
ARO-01,750,A_linear,healthy,ascent,0.973,0.565,27.4,73.2,1.019,60.0,ascent,labview_demo_csv
ARO-01,751,A_linear,healthy,ascent,0.975,0.564,27.5,73.0,1.017,60.0,ascent,labview_demo_csv
ARO-01,752,A_linear,healthy,ascent,1.005,0.552,27.6,73.0,0.996,60.0,ascent,labview_demo_csv
ARO-01,753,A_linear,healthy,ascent,0.983,0.563,27.6,73.0,1.015,60.0,ascent,labview_demo_csv
ARO-01,754,A_linear,healthy,ascent,0.989,0.554,27.7,73.0,1.000,60.0,ascent,labview_demo_csv
ARO-01,755,A_linear,healthy,ascent,0.971,0.561,27.6,73.0,1.012,60.0,ascent,labview_demo_csv
ARO-01,756,A_linear,healthy,ascent,0.968,0.561,27.8,72.9,1.012,60.0,ascent,labview_demo_csv
ARO-01,757,A_linear,healthy,ascent,0.981,0.564,27.7,72.8,1.018,60.0,ascent,labview_demo_csv
ARO-01,758,A_linear,healthy,ascent,0.997,0.558,27.8,72.6,1.006,60.0,ascent,labview_demo_csv
ARO-01,759,A_linear,healthy,ascent,0.967,0.568,27.9,72.7,1.025,60.0,ascent,labview_demo_csv
ARO-01,760,A_linear,healthy,descent,0.976,0.355,27.9,72.9,0.641,60.0,descent,labview_demo_csv
ARO-01,761,A_linear,healthy,descent,0.960,0.344,27.8,72.5,0.621,60.0,descent,labview_demo_csv
ARO-01,762,A_linear,healthy,descent,0.989,0.354,27.8,72.1,0.639,60.0,descent,labview_demo_csv
ARO-01,763,A_linear,healthy,descent,0.974,0.367,27.8,72.0,0.662,60.0,descent,labview_demo_csv
ARO-01,764,A_linear,healthy,descent,0.956,0.349,27.8,72.3,0.630,60.0,descent,labview_demo_csv
ARO-01,765,A_linear,healthy,descent,0.923,0.343,27.8,72.5,0.619,60.0,descent,labview_demo_csv
ARO-01,766,A_linear,healthy,descent,0.943,0.355,27.8,72.4,0.641,60.0,descent,labview_demo_csv
ARO-01,767,A_linear,healthy,descent,0.943,0.348,27.7,72.2,0.627,60.0,descent,labview_demo_csv
ARO-01,768,A_linear,healthy,descent,0.926,0.346,27.6,72.3,0.624,60.0,descent,labview_demo_csv
ARO-01,769,A_linear,healthy,descent,0.918,0.349,27.7,72.3,0.630,60.0,descent,labview_demo_csv
ARO-01,770,A_linear,healthy,descent,0.881,0.341,27.7,72.2,0.616,60.0,descent,labview_demo_csv
ARO-01,771,A_linear,healthy,descent,0.887,0.349,27.6,72.4,0.630,60.0,descent,labview_demo_csv
ARO-01,772,A_linear,healthy,pause,0.891,0.004,27.6,72.2,0.007,60.0,pause,labview_demo_csv
ARO-01,773,A_linear,healthy,pause,0.893,0.000,27.6,72.4,0.000,60.0,pause,labview_demo_csv
ARO-01,774,A_linear,healthy,pause,0.875,0.000,27.6,72.5,0.000,60.0,pause,labview_demo_csv
ARO-01,775,A_linear,healthy,pause,0.875,0.005,27.5,72.4,0.009,60.0,pause,labview_demo_csv
ARO-01,776,A_linear,healthy,pause,0.855,0.000,27.6,72.7,0.000,60.0,pause,labview_demo_csv
ARO-01,777,A_linear,healthy,pause,0.869,0.013,27.6,73.1,0.024,60.0,pause,labview_demo_csv
ARO-01,778,A_linear,healthy,pause,0.875,0.007,27.4,73.2,0.013,60.0,pause,labview_demo_csv
ARO-01,779,A_linear,healthy,pause,0.871,0.000,27.5,73.2,0.000,60.0,pause,labview_demo_csv
ARO-01,780,A_linear,healthy,pause,0.873,0.000,27.5,73.1,0.000,60.0,pause,labview_demo_csv
ARO-01,781,A_linear,healthy,pause,0.878,0.000,27.5,73.2,0.000,60.0,pause,labview_demo_csv
ARO-01,782,A_linear,healthy,pause,0.893,0.000,27.5,73.2,0.000,60.0,pause,labview_demo_csv
ARO-01,783,A_linear,healthy,pause,0.880,0.012,27.5,73.4,0.022,60.0,pause,labview_demo_csv
ARO-01,784,A_linear,healthy,pause,0.909,0.005,27.6,73.3,0.008,60.0,pause,labview_demo_csv
ARO-01,785,A_linear,healthy,pause,0.894,0.005,27.5,73.3,0.008,60.0,pause,labview_demo_csv
ARO-01,786,A_linear,healthy,pause,0.899,0.003,27.5,73.1,0.005,60.0,pause,labview_demo_csv
ARO-01,787,A_linear,healthy,pause,0.929,0.009,27.5,73.0,0.016,60.0,pause,labview_demo_csv
ARO-01,788,A_linear,healthy,pause,0.937,0.009,27.4,73.2,0.016,60.0,pause,labview_demo_csv
ARO-01,789,A_linear,healthy,pause,0.939,0.000,27.4,72.9,0.000,60.0,pause,labview_demo_csv
ARO-01,790,A_linear,healthy,pause,0.947,0.000,27.4,73.0,0.000,60.0,pause,labview_demo_csv
ARO-01,791,A_linear,healthy,pause,0.950,0.003,27.3,73.0,0.006,60.0,pause,labview_demo_csv
ARO-01,792,A_linear,healthy,ascent,0.956,0.631,27.4,73.2,1.138,75.0,ascent,labview_demo_csv
ARO-01,793,A_linear,healthy,ascent,0.968,0.629,27.6,72.9,1.134,75.0,ascent,labview_demo_csv
ARO-01,794,A_linear,healthy,ascent,0.960,0.630,27.5,72.8,1.137,75.0,ascent,labview_demo_csv
ARO-01,795,A_linear,healthy,ascent,0.984,0.626,27.6,72.9,1.129,75.0,ascent,labview_demo_csv
ARO-01,796,A_linear,healthy,ascent,1.003,0.620,27.7,72.7,1.118,75.0,ascent,labview_demo_csv
ARO-01,797,A_linear,healthy,ascent,0.974,0.627,27.7,72.2,1.130,75.0,ascent,labview_demo_csv
ARO-01,798,A_linear,healthy,ascent,0.983,0.615,27.8,72.1,1.110,75.0,ascent,labview_demo_csv
ARO-01,799,A_linear,healthy,ascent,0.978,0.624,27.8,72.6,1.126,75.0,ascent,labview_demo_csv
ARO-01,800,A_linear,healthy,ascent,0.996,0.623,27.8,72.8,1.124,75.0,ascent,labview_demo_csv
ARO-01,801,A_linear,healthy,ascent,0.999,0.626,27.8,72.6,1.130,75.0,ascent,labview_demo_csv
ARO-01,802,A_linear,healthy,ascent,0.995,0.633,27.9,72.6,1.142,75.0,ascent,labview_demo_csv
ARO-01,803,A_linear,healthy,ascent,0.998,0.629,27.9,72.7,1.136,75.0,ascent,labview_demo_csv
ARO-01,804,A_linear,healthy,descent,0.967,0.345,27.9,72.5,0.622,75.0,descent,labview_demo_csv
ARO-01,805,A_linear,healthy,descent,0.968,0.354,27.8,72.3,0.638,75.0,descent,labview_demo_csv
ARO-01,806,A_linear,healthy,descent,0.955,0.339,27.9,72.6,0.612,75.0,descent,labview_demo_csv
ARO-01,807,A_linear,healthy,descent,0.955,0.342,27.9,72.3,0.618,75.0,descent,labview_demo_csv
ARO-01,808,A_linear,healthy,descent,0.926,0.352,27.9,72.4,0.635,75.0,descent,labview_demo_csv
ARO-01,809,A_linear,healthy,descent,0.937,0.356,27.8,72.3,0.643,75.0,descent,labview_demo_csv
ARO-01,810,A_linear,healthy,descent,0.913,0.352,27.7,72.0,0.636,75.0,descent,labview_demo_csv
ARO-01,811,A_linear,healthy,descent,0.895,0.349,27.8,71.9,0.630,75.0,descent,labview_demo_csv
ARO-01,812,A_linear,healthy,descent,0.928,0.352,27.9,71.9,0.635,75.0,descent,labview_demo_csv
ARO-01,813,A_linear,healthy,descent,0.905,0.358,27.8,71.7,0.645,75.0,descent,labview_demo_csv
ARO-01,814,A_linear,healthy,descent,0.906,0.352,27.9,71.9,0.636,75.0,descent,labview_demo_csv
ARO-01,815,A_linear,healthy,descent,0.885,0.352,27.9,72.0,0.636,75.0,descent,labview_demo_csv
ARO-01,816,A_linear,healthy,pause,0.891,0.002,27.8,72.0,0.004,75.0,pause,labview_demo_csv
ARO-01,817,A_linear,healthy,pause,0.892,0.007,27.8,71.9,0.012,75.0,pause,labview_demo_csv
ARO-01,818,A_linear,healthy,pause,0.874,0.006,27.8,71.6,0.010,75.0,pause,labview_demo_csv
ARO-01,819,A_linear,healthy,pause,0.867,0.000,27.8,71.8,0.000,75.0,pause,labview_demo_csv
ARO-01,820,A_linear,healthy,pause,0.887,0.000,27.8,72.2,0.000,75.0,pause,labview_demo_csv
ARO-01,821,A_linear,healthy,pause,0.880,0.000,27.8,71.9,0.000,75.0,pause,labview_demo_csv
ARO-01,822,A_linear,healthy,pause,0.870,0.006,27.8,71.7,0.011,75.0,pause,labview_demo_csv
ARO-01,823,A_linear,healthy,pause,0.868,0.000,27.8,71.6,0.000,75.0,pause,labview_demo_csv
ARO-01,824,A_linear,healthy,pause,0.888,0.000,27.9,71.9,0.000,75.0,pause,labview_demo_csv
ARO-01,825,A_linear,healthy,pause,0.898,0.000,27.8,72.2,0.000,75.0,pause,labview_demo_csv
ARO-01,826,A_linear,healthy,pause,0.876,0.007,27.8,72.1,0.013,75.0,pause,labview_demo_csv
ARO-01,827,A_linear,healthy,pause,0.901,0.000,27.8,72.1,0.000,75.0,pause,labview_demo_csv
ARO-01,828,A_linear,healthy,pause,0.892,0.010,27.8,72.1,0.018,75.0,pause,labview_demo_csv
ARO-01,829,A_linear,healthy,pause,0.893,0.014,27.7,72.3,0.025,75.0,pause,labview_demo_csv
ARO-01,830,A_linear,healthy,pause,0.917,0.000,27.7,72.4,0.000,75.0,pause,labview_demo_csv
ARO-01,831,A_linear,healthy,pause,0.910,0.000,27.7,72.3,0.000,75.0,pause,labview_demo_csv
ARO-01,832,A_linear,healthy,pause,0.918,0.001,27.7,72.2,0.002,75.0,pause,labview_demo_csv
ARO-01,833,A_linear,healthy,pause,0.921,0.015,27.7,72.1,0.028,75.0,pause,labview_demo_csv
ARO-01,834,A_linear,healthy,pause,0.954,0.000,27.6,72.0,0.000,75.0,pause,labview_demo_csv
ARO-01,835,A_linear,healthy,pause,0.961,0.001,27.6,72.0,0.003,75.0,pause,labview_demo_csv
ARO-01,836,A_linear,healthy,ascent,0.962,0.626,27.6,71.9,1.129,75.0,ascent,labview_demo_csv
ARO-01,837,A_linear,healthy,ascent,0.982,0.625,27.7,72.1,1.128,75.0,ascent,labview_demo_csv
ARO-01,838,A_linear,healthy,ascent,0.972,0.627,27.8,71.9,1.131,75.0,ascent,labview_demo_csv
ARO-01,839,A_linear,healthy,ascent,0.967,0.614,27.8,72.0,1.108,75.0,ascent,labview_demo_csv
ARO-01,840,A_linear,healthy,ascent,0.981,0.631,27.9,71.7,1.139,75.0,ascent,labview_demo_csv
ARO-01,841,A_linear,healthy,ascent,0.959,0.614,27.9,71.6,1.108,75.0,ascent,labview_demo_csv
ARO-01,842,A_linear,healthy,ascent,0.995,0.615,28.0,71.6,1.109,75.0,ascent,labview_demo_csv
ARO-01,843,A_linear,healthy,ascent,0.996,0.629,27.9,71.9,1.135,75.0,ascent,labview_demo_csv
ARO-01,844,A_linear,healthy,ascent,0.986,0.622,28.0,71.8,1.122,75.0,ascent,labview_demo_csv
ARO-01,845,A_linear,healthy,ascent,1.000,0.629,28.1,71.7,1.135,75.0,ascent,labview_demo_csv
ARO-01,846,A_linear,healthy,ascent,0.981,0.627,28.0,71.5,1.131,75.0,ascent,labview_demo_csv
ARO-01,847,A_linear,healthy,ascent,0.971,0.624,28.1,71.3,1.126,75.0,ascent,labview_demo_csv
ARO-01,848,A_linear,healthy,descent,0.973,0.346,28.1,71.2,0.624,75.0,descent,labview_demo_csv
ARO-01,849,A_linear,healthy,descent,0.972,0.354,28.1,71.2,0.639,75.0,descent,labview_demo_csv
ARO-01,850,A_linear,healthy,descent,0.961,0.356,28.1,71.3,0.643,75.0,descent,labview_demo_csv
ARO-01,851,A_linear,healthy,descent,0.952,0.360,28.2,71.6,0.649,75.0,descent,labview_demo_csv
ARO-01,852,A_linear,healthy,descent,0.946,0.359,28.2,71.4,0.648,75.0,descent,labview_demo_csv
ARO-01,853,A_linear,healthy,descent,0.935,0.349,28.2,71.4,0.630,75.0,descent,labview_demo_csv
ARO-01,854,A_linear,healthy,descent,0.927,0.344,28.2,71.5,0.621,75.0,descent,labview_demo_csv
ARO-01,855,A_linear,healthy,descent,0.944,0.353,28.2,71.1,0.636,75.0,descent,labview_demo_csv
ARO-01,856,A_linear,healthy,descent,0.934,0.361,28.3,71.3,0.651,75.0,descent,labview_demo_csv
ARO-01,857,A_linear,healthy,descent,0.908,0.355,28.3,71.5,0.640,75.0,descent,labview_demo_csv
ARO-01,858,A_linear,healthy,descent,0.905,0.347,28.4,71.6,0.626,75.0,descent,labview_demo_csv
ARO-01,859,A_linear,healthy,descent,0.899,0.348,28.4,71.6,0.628,75.0,descent,labview_demo_csv
ARO-01,860,A_linear,healthy,pause,0.905,0.016,28.4,71.6,0.028,75.0,pause,labview_demo_csv
ARO-01,861,A_linear,healthy,pause,0.874,0.000,28.4,71.5,0.000,75.0,pause,labview_demo_csv
ARO-01,862,A_linear,healthy,pause,0.882,0.001,28.3,71.7,0.001,75.0,pause,labview_demo_csv
ARO-01,863,A_linear,healthy,pause,0.870,0.016,28.3,71.6,0.029,75.0,pause,labview_demo_csv
ARO-01,864,A_linear,healthy,pause,0.878,0.007,28.2,71.8,0.012,75.0,pause,labview_demo_csv
ARO-01,865,A_linear,healthy,pause,0.875,0.000,28.2,71.4,0.000,75.0,pause,labview_demo_csv
ARO-01,866,A_linear,healthy,pause,0.863,0.000,28.3,71.5,0.001,75.0,pause,labview_demo_csv
ARO-01,867,A_linear,healthy,pause,0.862,0.000,28.3,71.5,0.000,75.0,pause,labview_demo_csv
ARO-01,868,A_linear,healthy,pause,0.873,0.000,28.3,71.6,0.000,75.0,pause,labview_demo_csv
ARO-01,869,A_linear,healthy,pause,0.874,0.003,28.3,71.4,0.005,75.0,pause,labview_demo_csv
ARO-01,870,A_linear,healthy,pause,0.856,0.002,28.2,71.4,0.003,75.0,pause,labview_demo_csv
ARO-01,871,A_linear,healthy,pause,0.890,0.004,28.2,71.2,0.007,75.0,pause,labview_demo_csv
ARO-01,872,A_linear,healthy,pause,0.894,0.000,28.1,71.0,0.000,75.0,pause,labview_demo_csv
ARO-01,873,A_linear,healthy,pause,0.877,0.000,28.0,71.0,0.000,75.0,pause,labview_demo_csv
ARO-01,874,A_linear,healthy,pause,0.896,0.013,27.9,71.1,0.024,75.0,pause,labview_demo_csv
ARO-01,875,A_linear,healthy,pause,0.907,0.002,27.9,70.9,0.004,75.0,pause,labview_demo_csv
ARO-01,876,A_linear,healthy,pause,0.921,0.005,27.8,70.9,0.009,75.0,pause,labview_demo_csv
ARO-01,877,A_linear,healthy,pause,0.928,0.005,27.7,70.7,0.009,75.0,pause,labview_demo_csv
ARO-01,878,A_linear,healthy,pause,0.950,0.003,27.7,70.4,0.005,75.0,pause,labview_demo_csv
ARO-01,879,A_linear,healthy,pause,0.933,0.000,27.8,70.5,0.000,75.0,pause,labview_demo_csv
ARO-01,880,A_linear,healthy,ascent,0.957,0.557,27.9,70.7,1.005,60.0,ascent,labview_demo_csv
ARO-01,881,A_linear,healthy,ascent,0.974,0.562,27.9,70.5,1.014,60.0,ascent,labview_demo_csv
ARO-01,882,A_linear,healthy,ascent,0.963,0.566,28.0,70.6,1.021,60.0,ascent,labview_demo_csv
ARO-01,883,A_linear,healthy,ascent,1.003,0.551,28.1,70.9,0.995,60.0,ascent,labview_demo_csv
ARO-01,884,A_linear,healthy,ascent,0.974,0.556,28.2,71.0,1.003,60.0,ascent,labview_demo_csv
ARO-01,885,A_linear,healthy,ascent,0.979,0.561,28.2,71.1,1.013,60.0,ascent,labview_demo_csv
ARO-01,886,A_linear,healthy,ascent,1.007,0.556,28.4,71.0,1.003,60.0,ascent,labview_demo_csv
ARO-01,887,A_linear,healthy,ascent,0.996,0.560,28.3,71.2,1.010,60.0,ascent,labview_demo_csv
ARO-01,888,A_linear,healthy,ascent,0.999,0.563,28.3,71.2,1.015,60.0,ascent,labview_demo_csv
ARO-01,889,A_linear,healthy,ascent,0.997,0.564,28.4,71.3,1.017,60.0,ascent,labview_demo_csv
ARO-01,890,A_linear,healthy,ascent,0.971,0.559,28.4,71.5,1.009,60.0,ascent,labview_demo_csv
ARO-01,891,A_linear,healthy,ascent,0.982,0.556,28.4,71.2,1.004,60.0,ascent,labview_demo_csv
ARO-01,892,A_linear,healthy,descent,0.982,0.345,28.4,71.1,0.623,60.0,descent,labview_demo_csv
ARO-01,893,A_linear,healthy,descent,0.986,0.345,28.3,70.9,0.623,60.0,descent,labview_demo_csv
ARO-01,894,A_linear,healthy,descent,0.960,0.331,28.3,70.8,0.597,60.0,descent,labview_demo_csv
ARO-01,895,A_linear,healthy,descent,0.965,0.345,28.3,71.2,0.622,60.0,descent,labview_demo_csv
ARO-01,896,A_linear,healthy,descent,0.951,0.350,28.3,71.1,0.631,60.0,descent,labview_demo_csv
ARO-01,897,A_linear,healthy,descent,0.933,0.346,28.4,71.4,0.624,60.0,descent,labview_demo_csv
ARO-01,898,A_linear,healthy,descent,0.930,0.338,28.3,71.6,0.610,60.0,descent,labview_demo_csv
ARO-01,899,A_linear,healthy,descent,0.935,0.347,28.3,71.3,0.626,60.0,descent,labview_demo_csv
ARO-01,900,A_linear,healthy,descent,0.921,0.351,28.3,71.2,0.632,60.0,descent,labview_demo_csv
ARO-01,901,A_linear,healthy,descent,0.921,0.341,28.2,71.2,0.614,60.0,descent,labview_demo_csv
ARO-01,902,A_linear,healthy,descent,0.907,0.348,28.4,71.1,0.628,60.0,descent,labview_demo_csv
ARO-01,903,A_linear,healthy,descent,0.888,0.355,28.5,71.0,0.640,60.0,descent,labview_demo_csv
ARO-01,904,A_linear,healthy,pause,0.882,0.002,28.2,71.6,0.003,60.0,pause,labview_demo_csv
ARO-01,905,A_linear,healthy,pause,0.863,0.001,28.4,71.2,0.002,60.0,pause,labview_demo_csv
ARO-01,906,A_linear,healthy,pause,0.907,0.000,28.2,71.1,0.000,60.0,pause,labview_demo_csv
ARO-01,907,A_linear,healthy,pause,0.864,0.010,28.2,71.3,0.018,60.0,pause,labview_demo_csv
ARO-01,908,A_linear,healthy,pause,0.870,0.003,28.0,71.4,0.005,60.0,pause,labview_demo_csv
ARO-01,909,A_linear,healthy,pause,0.854,0.000,28.0,71.1,0.000,60.0,pause,labview_demo_csv
ARO-01,910,A_linear,healthy,pause,0.867,0.005,28.0,71.1,0.009,60.0,pause,labview_demo_csv
ARO-01,911,A_linear,healthy,pause,0.870,0.006,27.9,71.2,0.011,60.0,pause,labview_demo_csv
ARO-01,912,A_linear,healthy,pause,0.879,0.000,27.9,71.4,0.000,60.0,pause,labview_demo_csv
ARO-01,913,A_linear,healthy,pause,0.877,0.000,27.9,71.5,0.000,60.0,pause,labview_demo_csv
ARO-01,914,A_linear,healthy,pause,0.867,0.011,28.0,71.6,0.020,60.0,pause,labview_demo_csv
ARO-01,915,A_linear,healthy,pause,0.871,0.000,27.9,71.5,0.000,60.0,pause,labview_demo_csv
ARO-01,916,A_linear,healthy,pause,0.915,0.009,27.9,71.7,0.016,60.0,pause,labview_demo_csv
ARO-01,917,A_linear,healthy,pause,0.926,0.001,27.9,71.5,0.002,60.0,pause,labview_demo_csv
ARO-01,918,A_linear,healthy,pause,0.917,0.003,28.0,71.1,0.006,60.0,pause,labview_demo_csv
ARO-01,919,A_linear,healthy,pause,0.929,0.000,28.0,70.8,0.000,60.0,pause,labview_demo_csv
ARO-01,920,A_linear,healthy,pause,0.922,0.000,28.0,71.0,0.000,60.0,pause,labview_demo_csv
ARO-01,921,A_linear,healthy,pause,0.956,0.000,27.9,70.8,0.000,60.0,pause,labview_demo_csv
ARO-01,922,A_linear,healthy,pause,0.942,0.000,27.9,70.8,0.000,60.0,pause,labview_demo_csv
ARO-01,923,A_linear,healthy,pause,0.945,0.001,27.8,70.7,0.003,60.0,pause,labview_demo_csv
ARO-01,924,A_linear,healthy,ascent,0.970,0.558,27.8,70.8,1.006,60.0,ascent,labview_demo_csv
ARO-01,925,A_linear,healthy,ascent,0.963,0.569,27.8,70.6,1.026,60.0,ascent,labview_demo_csv
ARO-01,926,A_linear,healthy,ascent,0.959,0.565,27.9,70.5,1.019,60.0,ascent,labview_demo_csv
ARO-01,927,A_linear,healthy,ascent,0.957,0.563,27.9,70.5,1.015,60.0,ascent,labview_demo_csv
ARO-01,928,A_linear,healthy,ascent,0.974,0.569,28.1,70.3,1.027,60.0,ascent,labview_demo_csv
ARO-01,929,A_linear,healthy,ascent,1.017,0.572,28.2,70.3,1.032,60.0,ascent,labview_demo_csv
ARO-01,930,A_linear,healthy,ascent,0.975,0.568,28.2,70.3,1.025,60.0,ascent,labview_demo_csv
ARO-01,931,A_linear,healthy,ascent,1.014,0.559,28.3,70.0,1.009,60.0,ascent,labview_demo_csv
ARO-01,932,A_linear,healthy,ascent,1.013,0.562,28.3,70.2,1.014,60.0,ascent,labview_demo_csv
ARO-01,933,A_linear,healthy,ascent,0.999,0.562,28.4,70.0,1.014,60.0,ascent,labview_demo_csv
ARO-01,934,A_linear,healthy,ascent,0.966,0.560,28.4,70.3,1.011,60.0,ascent,labview_demo_csv
ARO-01,935,A_linear,healthy,ascent,1.002,0.558,28.4,70.1,1.008,60.0,ascent,labview_demo_csv
ARO-01,936,A_linear,healthy,descent,0.970,0.352,28.5,70.2,0.635,60.0,descent,labview_demo_csv
ARO-01,937,A_linear,healthy,descent,0.964,0.348,28.4,70.4,0.627,60.0,descent,labview_demo_csv
ARO-01,938,A_linear,healthy,descent,0.959,0.353,28.5,70.3,0.636,60.0,descent,labview_demo_csv
ARO-01,939,A_linear,healthy,descent,0.938,0.348,28.4,70.4,0.628,60.0,descent,labview_demo_csv
ARO-01,940,A_linear,healthy,descent,0.950,0.358,28.2,70.7,0.647,60.0,descent,labview_demo_csv
ARO-01,941,A_linear,healthy,descent,0.964,0.358,28.3,70.9,0.645,60.0,descent,labview_demo_csv
ARO-01,942,A_linear,healthy,descent,0.928,0.344,28.3,70.9,0.620,60.0,descent,labview_demo_csv
ARO-01,943,A_linear,healthy,descent,0.926,0.339,28.4,70.9,0.612,60.0,descent,labview_demo_csv
ARO-01,944,A_linear,healthy,descent,0.908,0.361,28.3,70.5,0.651,60.0,descent,labview_demo_csv
ARO-01,945,A_linear,healthy,descent,0.908,0.350,28.2,70.5,0.632,60.0,descent,labview_demo_csv
ARO-01,946,A_linear,healthy,descent,0.890,0.353,28.2,70.6,0.637,60.0,descent,labview_demo_csv
ARO-01,947,A_linear,healthy,descent,0.917,0.344,28.2,70.5,0.620,60.0,descent,labview_demo_csv
ARO-01,948,A_linear,healthy,pause,0.876,0.000,28.2,70.7,0.000,60.0,pause,labview_demo_csv
ARO-01,949,A_linear,healthy,pause,0.883,0.006,28.0,70.6,0.011,60.0,pause,labview_demo_csv
ARO-01,950,A_linear,healthy,pause,0.886,0.012,28.0,70.3,0.022,60.0,pause,labview_demo_csv
ARO-01,951,A_linear,healthy,pause,0.882,0.009,28.1,70.2,0.016,60.0,pause,labview_demo_csv
ARO-01,952,A_linear,healthy,pause,0.868,0.002,28.0,70.2,0.004,60.0,pause,labview_demo_csv
ARO-01,953,A_linear,healthy,pause,0.867,0.000,28.1,70.1,0.000,60.0,pause,labview_demo_csv
ARO-01,954,A_linear,healthy,pause,0.876,0.000,28.0,70.2,0.000,60.0,pause,labview_demo_csv
ARO-01,955,A_linear,healthy,pause,0.849,0.000,28.0,70.1,0.000,60.0,pause,labview_demo_csv
ARO-01,956,A_linear,healthy,pause,0.885,0.000,28.0,70.1,0.000,60.0,pause,labview_demo_csv
ARO-01,957,A_linear,healthy,pause,0.889,0.011,28.0,70.3,0.020,60.0,pause,labview_demo_csv
ARO-01,958,A_linear,healthy,pause,0.895,0.000,28.0,70.3,0.000,60.0,pause,labview_demo_csv
ARO-01,959,A_linear,healthy,pause,0.889,0.000,28.1,70.3,0.000,60.0,pause,labview_demo_csv
ARO-01,960,A_linear,healthy,pause,0.901,0.005,28.1,70.5,0.009,60.0,pause,labview_demo_csv
ARO-01,961,A_linear,healthy,pause,0.918,0.003,28.0,70.6,0.006,60.0,pause,labview_demo_csv
ARO-01,962,A_linear,healthy,pause,0.932,0.007,28.1,71.0,0.013,60.0,pause,labview_demo_csv
ARO-01,963,A_linear,healthy,pause,0.916,0.000,28.0,71.1,0.000,60.0,pause,labview_demo_csv
ARO-01,964,A_linear,healthy,pause,0.961,0.000,27.9,71.0,0.000,60.0,pause,labview_demo_csv
ARO-01,965,A_linear,healthy,pause,0.970,0.001,27.9,70.9,0.002,60.0,pause,labview_demo_csv
ARO-01,966,A_linear,healthy,pause,0.959,0.000,27.8,70.9,0.001,60.0,pause,labview_demo_csv
ARO-01,967,A_linear,healthy,pause,0.961,0.000,27.9,70.8,0.000,60.0,pause,labview_demo_csv
ARO-01,968,A_linear,healthy,ascent,0.967,0.437,27.9,70.5,0.788,30.0,ascent,labview_demo_csv
ARO-01,969,A_linear,healthy,ascent,0.984,0.437,27.9,70.5,0.788,30.0,ascent,labview_demo_csv
ARO-01,970,A_linear,healthy,ascent,0.964,0.439,28.0,70.4,0.791,30.0,ascent,labview_demo_csv
ARO-01,971,A_linear,healthy,ascent,0.959,0.445,28.0,70.1,0.803,30.0,ascent,labview_demo_csv
ARO-01,972,A_linear,healthy,ascent,0.995,0.432,28.1,69.8,0.780,30.0,ascent,labview_demo_csv
ARO-01,973,A_linear,healthy,ascent,0.990,0.436,28.0,69.6,0.787,30.0,ascent,labview_demo_csv
ARO-01,974,A_linear,healthy,ascent,0.990,0.429,28.1,69.7,0.774,30.0,ascent,labview_demo_csv
ARO-01,975,A_linear,healthy,ascent,1.025,0.436,28.1,69.8,0.786,30.0,ascent,labview_demo_csv
ARO-01,976,A_linear,healthy,ascent,1.011,0.440,28.2,69.7,0.794,30.0,ascent,labview_demo_csv
ARO-01,977,A_linear,healthy,ascent,0.994,0.437,28.3,69.7,0.789,30.0,ascent,labview_demo_csv
ARO-01,978,A_linear,healthy,ascent,0.991,0.427,28.4,69.7,0.771,30.0,ascent,labview_demo_csv
ARO-01,979,A_linear,healthy,ascent,1.006,0.431,28.4,69.6,0.778,30.0,ascent,labview_demo_csv
ARO-01,980,A_linear,healthy,descent,0.946,0.362,28.4,69.6,0.653,30.0,descent,labview_demo_csv
ARO-01,981,A_linear,healthy,descent,0.977,0.359,28.4,69.8,0.649,30.0,descent,labview_demo_csv
ARO-01,982,A_linear,healthy,descent,0.964,0.354,28.4,69.7,0.639,30.0,descent,labview_demo_csv
ARO-01,983,A_linear,healthy,descent,0.946,0.348,28.5,69.8,0.627,30.0,descent,labview_demo_csv
ARO-01,984,A_linear,healthy,descent,0.979,0.334,28.5,69.9,0.602,30.0,descent,labview_demo_csv
ARO-01,985,A_linear,healthy,descent,0.961,0.348,28.4,69.8,0.628,30.0,descent,labview_demo_csv
ARO-01,986,A_linear,healthy,descent,0.918,0.345,28.4,69.6,0.623,30.0,descent,labview_demo_csv
ARO-01,987,A_linear,healthy,descent,0.927,0.347,28.5,69.2,0.626,30.0,descent,labview_demo_csv
ARO-01,988,A_linear,healthy,descent,0.916,0.347,28.5,69.1,0.626,30.0,descent,labview_demo_csv
ARO-01,989,A_linear,healthy,descent,0.905,0.353,28.6,69.2,0.637,30.0,descent,labview_demo_csv
ARO-01,990,A_linear,healthy,descent,0.891,0.346,28.5,69.5,0.624,30.0,descent,labview_demo_csv
ARO-01,991,A_linear,healthy,descent,0.907,0.351,28.5,69.5,0.633,30.0,descent,labview_demo_csv
ARO-01,992,A_linear,healthy,pause,0.886,0.000,28.4,69.3,0.000,30.0,pause,labview_demo_csv
ARO-01,993,A_linear,healthy,pause,0.878,0.000,28.4,69.5,0.000,30.0,pause,labview_demo_csv
ARO-01,994,A_linear,healthy,pause,0.872,0.008,28.3,69.6,0.014,30.0,pause,labview_demo_csv
ARO-01,995,A_linear,healthy,pause,0.870,0.003,28.1,69.5,0.006,30.0,pause,labview_demo_csv
ARO-01,996,A_linear,healthy,pause,0.882,0.005,28.2,69.4,0.010,30.0,pause,labview_demo_csv
ARO-01,997,A_linear,healthy,pause,0.868,0.002,28.1,69.0,0.004,30.0,pause,labview_demo_csv
ARO-01,998,A_linear,healthy,pause,0.889,0.000,28.1,69.0,0.000,30.0,pause,labview_demo_csv
ARO-01,999,A_linear,healthy,pause,0.882,0.000,28.2,69.1,0.000,30.0,pause,labview_demo_csv
ARO-01,1000,A_linear,healthy,pause,0.877,0.001,28.1,68.9,0.001,30.0,pause,labview_demo_csv
ARO-01,1001,A_linear,healthy,pause,0.874,0.000,28.1,68.7,0.000,30.0,pause,labview_demo_csv
ARO-01,1002,A_linear,healthy,pause,0.882,0.000,28.1,69.0,0.000,30.0,pause,labview_demo_csv
ARO-01,1003,A_linear,healthy,pause,0.878,0.006,28.1,69.2,0.011,30.0,pause,labview_demo_csv
ARO-01,1004,A_linear,healthy,pause,0.912,0.004,28.1,69.3,0.008,30.0,pause,labview_demo_csv
ARO-01,1005,A_linear,healthy,pause,0.894,0.006,28.1,69.3,0.011,30.0,pause,labview_demo_csv
ARO-01,1006,A_linear,healthy,pause,0.899,0.005,28.1,68.9,0.010,30.0,pause,labview_demo_csv
ARO-01,1007,A_linear,healthy,pause,0.924,0.005,28.1,68.6,0.010,30.0,pause,labview_demo_csv
ARO-01,1008,A_linear,healthy,pause,0.925,0.000,27.9,68.7,0.000,30.0,pause,labview_demo_csv
ARO-01,1009,A_linear,healthy,pause,0.933,0.000,27.9,68.7,0.000,30.0,pause,labview_demo_csv
ARO-01,1010,A_linear,healthy,pause,0.945,0.004,27.8,68.6,0.008,30.0,pause,labview_demo_csv
ARO-01,1011,A_linear,healthy,pause,0.936,0.000,27.8,68.6,0.000,30.0,pause,labview_demo_csv
ARO-01,1012,A_linear,healthy,ascent,0.966,0.627,28.0,68.4,1.131,75.0,ascent,labview_demo_csv
ARO-01,1013,A_linear,healthy,ascent,0.960,0.634,28.0,68.9,1.143,75.0,ascent,labview_demo_csv
ARO-01,1014,A_linear,healthy,ascent,0.987,0.620,28.1,68.6,1.119,75.0,ascent,labview_demo_csv
ARO-01,1015,A_linear,healthy,ascent,0.993,0.632,28.1,68.7,1.140,75.0,ascent,labview_demo_csv
ARO-01,1016,A_linear,healthy,ascent,1.007,0.633,28.2,68.7,1.143,75.0,ascent,labview_demo_csv
ARO-01,1017,A_linear,healthy,ascent,0.993,0.623,28.2,68.8,1.125,75.0,ascent,labview_demo_csv
ARO-01,1018,A_linear,healthy,ascent,0.993,0.625,28.2,68.8,1.127,75.0,ascent,labview_demo_csv
ARO-01,1019,A_linear,healthy,ascent,0.996,0.628,28.3,68.7,1.133,75.0,ascent,labview_demo_csv
ARO-01,1020,A_linear,healthy,ascent,0.967,0.631,28.3,68.7,1.138,75.0,ascent,labview_demo_csv
ARO-01,1021,A_linear,healthy,ascent,1.010,0.627,28.5,68.5,1.131,75.0,ascent,labview_demo_csv
ARO-01,1022,A_linear,healthy,ascent,1.008,0.627,28.6,68.3,1.131,75.0,ascent,labview_demo_csv
ARO-01,1023,A_linear,healthy,ascent,0.992,0.624,28.8,68.5,1.125,75.0,ascent,labview_demo_csv
ARO-01,1024,A_linear,healthy,descent,0.986,0.361,28.8,68.6,0.651,75.0,descent,labview_demo_csv
ARO-01,1025,A_linear,healthy,descent,0.989,0.351,28.9,68.7,0.632,75.0,descent,labview_demo_csv
ARO-01,1026,A_linear,healthy,descent,0.945,0.348,28.8,69.2,0.628,75.0,descent,labview_demo_csv
ARO-01,1027,A_linear,healthy,descent,0.942,0.348,28.8,69.6,0.627,75.0,descent,labview_demo_csv
ARO-01,1028,A_linear,healthy,descent,0.974,0.353,28.9,69.4,0.636,75.0,descent,labview_demo_csv
ARO-01,1029,A_linear,healthy,descent,0.959,0.350,28.9,69.3,0.631,75.0,descent,labview_demo_csv
ARO-01,1030,A_linear,healthy,descent,0.926,0.354,28.8,69.2,0.640,75.0,descent,labview_demo_csv
ARO-01,1031,A_linear,healthy,descent,0.930,0.357,28.8,69.0,0.645,75.0,descent,labview_demo_csv
ARO-01,1032,A_linear,healthy,descent,0.909,0.341,28.7,69.2,0.615,75.0,descent,labview_demo_csv
ARO-01,1033,A_linear,healthy,descent,0.906,0.347,28.8,69.2,0.626,75.0,descent,labview_demo_csv
ARO-01,1034,A_linear,healthy,descent,0.898,0.348,28.7,69.1,0.628,75.0,descent,labview_demo_csv
ARO-01,1035,A_linear,healthy,descent,0.890,0.356,28.6,69.2,0.643,75.0,descent,labview_demo_csv
ARO-01,1036,A_linear,healthy,pause,0.916,0.000,28.6,69.2,0.000,75.0,pause,labview_demo_csv
ARO-01,1037,A_linear,healthy,pause,0.873,0.006,28.5,69.2,0.011,75.0,pause,labview_demo_csv
ARO-01,1038,A_linear,healthy,pause,0.879,0.000,28.4,69.1,0.000,75.0,pause,labview_demo_csv
ARO-01,1039,A_linear,healthy,pause,0.901,0.005,28.4,69.2,0.010,75.0,pause,labview_demo_csv
ARO-01,1040,A_linear,healthy,pause,0.877,0.011,28.3,69.3,0.019,75.0,pause,labview_demo_csv
ARO-01,1041,A_linear,healthy,pause,0.870,0.008,28.3,69.5,0.014,75.0,pause,labview_demo_csv
ARO-01,1042,A_linear,healthy,pause,0.873,0.010,28.3,69.3,0.019,75.0,pause,labview_demo_csv
ARO-01,1043,A_linear,healthy,pause,0.875,0.005,28.3,69.4,0.009,75.0,pause,labview_demo_csv
ARO-01,1044,A_linear,healthy,pause,0.876,0.000,28.3,69.7,0.000,75.0,pause,labview_demo_csv
ARO-01,1045,A_linear,healthy,pause,0.870,0.008,28.2,69.3,0.014,75.0,pause,labview_demo_csv
ARO-01,1046,A_linear,healthy,pause,0.868,0.003,28.1,69.3,0.006,75.0,pause,labview_demo_csv
ARO-01,1047,A_linear,healthy,pause,0.890,0.000,28.1,69.3,0.000,75.0,pause,labview_demo_csv
ARO-01,1048,A_linear,healthy,pause,0.915,0.015,28.1,69.3,0.027,75.0,pause,labview_demo_csv
ARO-01,1049,A_linear,healthy,pause,0.905,0.000,28.1,69.1,0.000,75.0,pause,labview_demo_csv
ARO-01,1050,A_linear,healthy,pause,0.913,0.012,28.1,69.3,0.021,75.0,pause,labview_demo_csv
ARO-01,1051,A_linear,healthy,pause,0.907,0.000,27.9,69.0,0.000,75.0,pause,labview_demo_csv
ARO-01,1052,A_linear,healthy,pause,0.939,0.009,27.9,68.9,0.017,75.0,pause,labview_demo_csv
ARO-01,1053,A_linear,healthy,pause,0.942,0.000,28.0,69.0,0.000,75.0,pause,labview_demo_csv
ARO-01,1054,A_linear,healthy,pause,0.932,0.007,28.0,68.7,0.012,75.0,pause,labview_demo_csv
ARO-01,1055,A_linear,healthy,pause,0.957,0.000,28.0,68.6,0.000,75.0,pause,labview_demo_csv
ARO-01,1056,A_linear,healthy,ascent,0.957,1.006,28.2,68.6,1.815,165.0,ascent,labview_demo_csv
ARO-01,1057,A_linear,healthy,ascent,0.981,1.014,28.2,68.6,1.830,165.0,ascent,labview_demo_csv
ARO-01,1058,A_linear,healthy,ascent,0.989,1.017,28.5,68.4,1.834,165.0,ascent,labview_demo_csv
ARO-01,1059,A_linear,healthy,ascent,0.975,1.015,28.6,68.4,1.832,165.0,ascent,labview_demo_csv
ARO-01,1060,A_linear,healthy,ascent,0.990,1.016,28.7,68.2,1.833,165.0,ascent,labview_demo_csv
ARO-01,1061,A_linear,healthy,ascent,0.984,1.018,28.7,68.2,1.837,165.0,ascent,labview_demo_csv
ARO-01,1062,A_linear,healthy,ascent,1.001,1.016,28.8,68.2,1.832,165.0,ascent,labview_demo_csv
ARO-01,1063,A_linear,healthy,ascent,1.015,1.014,29.0,68.3,1.829,165.0,ascent,labview_demo_csv
ARO-01,1064,A_linear,healthy,ascent,0.987,1.018,29.0,68.1,1.837,165.0,ascent,labview_demo_csv
ARO-01,1065,A_linear,healthy,ascent,0.998,1.011,29.1,67.9,1.823,165.0,ascent,labview_demo_csv
ARO-01,1066,A_linear,healthy,ascent,0.980,1.012,29.0,67.9,1.826,165.0,ascent,labview_demo_csv
ARO-01,1067,A_linear,healthy,ascent,0.988,1.006,29.1,67.7,1.815,165.0,ascent,labview_demo_csv
ARO-01,1068,A_linear,healthy,descent,0.978,0.344,29.0,67.7,0.620,165.0,descent,labview_demo_csv
ARO-01,1069,A_linear,healthy,descent,0.978,0.355,28.9,67.7,0.640,165.0,descent,labview_demo_csv
ARO-01,1070,A_linear,healthy,descent,0.974,0.344,28.8,67.7,0.620,165.0,descent,labview_demo_csv
ARO-01,1071,A_linear,healthy,descent,0.959,0.349,28.8,67.7,0.630,165.0,descent,labview_demo_csv
ARO-01,1072,A_linear,healthy,descent,0.960,0.365,28.8,67.6,0.658,165.0,descent,labview_demo_csv
ARO-01,1073,A_linear,healthy,descent,0.946,0.360,28.8,67.7,0.649,165.0,descent,labview_demo_csv
ARO-01,1074,A_linear,healthy,descent,0.937,0.346,28.7,67.9,0.624,165.0,descent,labview_demo_csv
ARO-01,1075,A_linear,healthy,descent,0.949,0.341,28.7,68.1,0.616,165.0,descent,labview_demo_csv
ARO-01,1076,A_linear,healthy,descent,0.928,0.352,28.8,68.0,0.634,165.0,descent,labview_demo_csv
ARO-01,1077,A_linear,healthy,descent,0.906,0.353,28.9,68.0,0.637,165.0,descent,labview_demo_csv
ARO-01,1078,A_linear,healthy,descent,0.899,0.342,28.8,68.1,0.617,165.0,descent,labview_demo_csv
ARO-01,1079,A_linear,healthy,descent,0.895,0.349,28.9,67.9,0.630,165.0,descent,labview_demo_csv
ARO-01,1080,A_linear,healthy,pause,0.890,0.005,28.7,68.0,0.008,165.0,pause,labview_demo_csv
ARO-01,1081,A_linear,healthy,pause,0.882,0.000,28.6,67.8,0.000,165.0,pause,labview_demo_csv
ARO-01,1082,A_linear,healthy,pause,0.858,0.006,28.5,67.7,0.011,165.0,pause,labview_demo_csv
ARO-01,1083,A_linear,healthy,pause,0.867,0.000,28.5,67.6,0.000,165.0,pause,labview_demo_csv
ARO-01,1084,A_linear,healthy,pause,0.882,0.000,28.5,67.7,0.000,165.0,pause,labview_demo_csv
ARO-01,1085,A_linear,healthy,pause,0.884,0.008,28.5,68.0,0.015,165.0,pause,labview_demo_csv
ARO-01,1086,A_linear,healthy,pause,0.864,0.000,28.4,68.4,0.000,165.0,pause,labview_demo_csv
ARO-01,1087,A_linear,healthy,pause,0.879,0.000,28.3,68.2,0.000,165.0,pause,labview_demo_csv
ARO-01,1088,A_linear,healthy,pause,0.895,0.001,28.3,68.0,0.002,165.0,pause,labview_demo_csv
ARO-01,1089,A_linear,healthy,pause,0.885,0.000,28.4,68.0,0.000,165.0,pause,labview_demo_csv
ARO-01,1090,A_linear,healthy,pause,0.905,0.000,28.4,68.2,0.000,165.0,pause,labview_demo_csv
ARO-01,1091,A_linear,healthy,pause,0.905,0.003,28.4,67.8,0.006,165.0,pause,labview_demo_csv
ARO-01,1092,A_linear,healthy,pause,0.911,0.000,28.4,67.5,0.001,165.0,pause,labview_demo_csv
ARO-01,1093,A_linear,healthy,pause,0.923,0.004,28.3,67.2,0.006,165.0,pause,labview_demo_csv
ARO-01,1094,A_linear,healthy,pause,0.918,0.000,28.4,67.4,0.000,165.0,pause,labview_demo_csv
ARO-01,1095,A_linear,healthy,pause,0.926,0.000,28.3,67.4,0.001,165.0,pause,labview_demo_csv
ARO-01,1096,A_linear,healthy,pause,0.917,0.000,28.3,67.1,0.000,165.0,pause,labview_demo_csv
ARO-01,1097,A_linear,healthy,pause,0.936,0.000,28.2,67.2,0.000,165.0,pause,labview_demo_csv
ARO-01,1098,A_linear,healthy,pause,0.940,0.000,28.2,67.3,0.000,165.0,pause,labview_demo_csv
ARO-01,1099,A_linear,healthy,pause,0.968,0.008,28.1,67.1,0.014,165.0,pause,labview_demo_csv
ARO-01,1100,A_linear,healthy,ascent,0.979,0.369,28.2,67.2,0.666,15.0,ascent,labview_demo_csv
ARO-01,1101,A_linear,healthy,ascent,0.970,0.366,28.2,67.3,0.660,15.0,ascent,labview_demo_csv
ARO-01,1102,A_linear,healthy,ascent,0.998,0.377,28.3,67.4,0.680,15.0,ascent,labview_demo_csv
ARO-01,1103,A_linear,healthy,ascent,0.990,0.359,28.3,67.3,0.649,15.0,ascent,labview_demo_csv
ARO-01,1104,A_linear,healthy,ascent,0.980,0.367,28.4,67.1,0.663,15.0,ascent,labview_demo_csv
ARO-01,1105,A_linear,healthy,ascent,0.993,0.364,28.5,67.0,0.656,15.0,ascent,labview_demo_csv
ARO-01,1106,A_linear,healthy,ascent,0.997,0.377,28.4,66.9,0.681,15.0,ascent,labview_demo_csv
ARO-01,1107,A_linear,healthy,ascent,0.995,0.374,28.4,66.9,0.675,15.0,ascent,labview_demo_csv
ARO-01,1108,A_linear,healthy,ascent,1.011,0.374,28.4,67.0,0.675,15.0,ascent,labview_demo_csv
ARO-01,1109,A_linear,healthy,ascent,1.003,0.370,28.4,67.0,0.668,15.0,ascent,labview_demo_csv
ARO-01,1110,A_linear,healthy,ascent,0.996,0.380,28.4,67.0,0.685,15.0,ascent,labview_demo_csv
ARO-01,1111,A_linear,healthy,ascent,0.984,0.376,28.4,67.1,0.679,15.0,ascent,labview_demo_csv
ARO-01,1112,A_linear,healthy,descent,0.976,0.344,28.3,67.1,0.621,15.0,descent,labview_demo_csv
ARO-01,1113,A_linear,healthy,descent,1.012,0.347,28.4,66.9,0.626,15.0,descent,labview_demo_csv
ARO-01,1114,A_linear,healthy,descent,0.965,0.336,28.5,67.3,0.606,15.0,descent,labview_demo_csv
ARO-01,1115,A_linear,healthy,descent,0.976,0.346,28.5,67.4,0.625,15.0,descent,labview_demo_csv
ARO-01,1116,A_linear,healthy,descent,0.972,0.347,28.5,67.1,0.626,15.0,descent,labview_demo_csv
ARO-01,1117,A_linear,healthy,descent,0.943,0.344,28.5,66.8,0.621,15.0,descent,labview_demo_csv
ARO-01,1118,A_linear,healthy,descent,0.967,0.350,28.5,66.7,0.632,15.0,descent,labview_demo_csv
ARO-01,1119,A_linear,healthy,descent,0.922,0.367,28.4,67.0,0.662,15.0,descent,labview_demo_csv
ARO-01,1120,A_linear,healthy,descent,0.899,0.354,28.5,67.1,0.639,15.0,descent,labview_demo_csv
ARO-01,1121,A_linear,healthy,descent,0.898,0.343,28.5,66.8,0.618,15.0,descent,labview_demo_csv
ARO-01,1122,A_linear,healthy,descent,0.899,0.339,28.4,66.9,0.612,15.0,descent,labview_demo_csv
ARO-01,1123,A_linear,healthy,descent,0.896,0.344,28.4,67.2,0.622,15.0,descent,labview_demo_csv
ARO-01,1124,A_linear,healthy,pause,0.896,0.000,28.3,67.3,0.000,15.0,pause,labview_demo_csv
ARO-01,1125,A_linear,healthy,pause,0.883,0.006,28.2,67.3,0.010,15.0,pause,labview_demo_csv
ARO-01,1126,A_linear,healthy,pause,0.883,0.011,28.1,67.2,0.020,15.0,pause,labview_demo_csv
ARO-01,1127,A_linear,healthy,pause,0.874,0.000,28.1,67.1,0.000,15.0,pause,labview_demo_csv
ARO-01,1128,A_linear,healthy,pause,0.875,0.008,28.1,67.3,0.015,15.0,pause,labview_demo_csv
ARO-01,1129,A_linear,healthy,pause,0.861,0.000,28.2,67.3,0.000,15.0,pause,labview_demo_csv
ARO-01,1130,A_linear,healthy,pause,0.881,0.000,28.2,67.3,0.000,15.0,pause,labview_demo_csv
ARO-01,1131,A_linear,healthy,pause,0.866,0.011,28.3,67.1,0.019,15.0,pause,labview_demo_csv
ARO-01,1132,A_linear,healthy,pause,0.877,0.000,28.2,67.0,0.000,15.0,pause,labview_demo_csv
ARO-01,1133,A_linear,healthy,pause,0.877,0.006,28.1,67.1,0.010,15.0,pause,labview_demo_csv
ARO-01,1134,A_linear,healthy,pause,0.865,0.000,28.2,67.1,0.000,15.0,pause,labview_demo_csv
ARO-01,1135,A_linear,healthy,pause,0.879,0.004,28.2,67.3,0.008,15.0,pause,labview_demo_csv
ARO-01,1136,A_linear,healthy,pause,0.906,0.002,28.2,67.3,0.004,15.0,pause,labview_demo_csv
ARO-01,1137,A_linear,healthy,pause,0.908,0.000,28.1,67.3,0.000,15.0,pause,labview_demo_csv
ARO-01,1138,A_linear,healthy,pause,0.906,0.006,28.1,67.5,0.010,15.0,pause,labview_demo_csv
ARO-01,1139,A_linear,healthy,pause,0.935,0.002,28.0,67.5,0.003,15.0,pause,labview_demo_csv
ARO-01,1140,A_linear,healthy,pause,0.927,0.000,28.1,67.7,0.000,15.0,pause,labview_demo_csv
ARO-01,1141,A_linear,healthy,pause,0.918,0.005,28.1,67.8,0.010,15.0,pause,labview_demo_csv
ARO-01,1142,A_linear,healthy,pause,0.931,0.014,28.1,67.3,0.025,15.0,pause,labview_demo_csv
ARO-01,1143,A_linear,healthy,pause,0.970,0.005,28.1,67.0,0.008,15.0,pause,labview_demo_csv
ARO-01,1144,A_linear,healthy,ascent,0.953,0.379,28.1,66.9,0.683,15.0,ascent,labview_demo_csv
ARO-01,1145,A_linear,healthy,ascent,0.984,0.375,28.1,66.8,0.676,15.0,ascent,labview_demo_csv
ARO-01,1146,A_linear,healthy,ascent,0.980,0.391,28.0,66.4,0.706,15.0,ascent,labview_demo_csv
ARO-01,1147,A_linear,healthy,ascent,0.998,0.359,28.1,66.4,0.648,15.0,ascent,labview_demo_csv
ARO-01,1148,A_linear,healthy,ascent,0.990,0.378,28.2,66.3,0.682,15.0,ascent,labview_demo_csv
ARO-01,1149,A_linear,healthy,ascent,0.997,0.367,28.3,66.6,0.662,15.0,ascent,labview_demo_csv
ARO-01,1150,A_linear,healthy,ascent,1.000,0.375,28.2,66.3,0.677,15.0,ascent,labview_demo_csv
ARO-01,1151,A_linear,healthy,ascent,1.028,0.365,28.3,66.1,0.658,15.0,ascent,labview_demo_csv
ARO-01,1152,A_linear,healthy,ascent,0.973,0.374,28.4,66.3,0.674,15.0,ascent,labview_demo_csv
ARO-01,1153,A_linear,healthy,ascent,0.989,0.365,28.5,66.3,0.659,15.0,ascent,labview_demo_csv
ARO-01,1154,A_linear,healthy,ascent,0.987,0.353,28.5,66.1,0.637,15.0,ascent,labview_demo_csv
ARO-01,1155,A_linear,healthy,ascent,0.996,0.369,28.5,65.8,0.666,15.0,ascent,labview_demo_csv
ARO-01,1156,A_linear,healthy,descent,0.991,0.354,28.6,66.0,0.638,15.0,descent,labview_demo_csv
ARO-01,1157,A_linear,healthy,descent,0.980,0.359,28.6,65.8,0.648,15.0,descent,labview_demo_csv
ARO-01,1158,A_linear,healthy,descent,0.982,0.347,28.6,66.1,0.626,15.0,descent,labview_demo_csv
ARO-01,1159,A_linear,healthy,descent,0.985,0.344,28.5,65.8,0.621,15.0,descent,labview_demo_csv
ARO-01,1160,A_linear,healthy,descent,0.981,0.356,28.5,65.7,0.642,15.0,descent,labview_demo_csv
ARO-01,1161,A_linear,healthy,descent,0.950,0.345,28.6,65.8,0.623,15.0,descent,labview_demo_csv
ARO-01,1162,A_linear,healthy,descent,0.941,0.344,28.5,65.7,0.620,15.0,descent,labview_demo_csv
ARO-01,1163,A_linear,healthy,descent,0.930,0.350,28.5,65.6,0.631,15.0,descent,labview_demo_csv
ARO-01,1164,A_linear,healthy,descent,0.937,0.348,28.5,65.4,0.629,15.0,descent,labview_demo_csv
ARO-01,1165,A_linear,healthy,descent,0.905,0.338,28.5,65.5,0.610,15.0,descent,labview_demo_csv
ARO-01,1166,A_linear,healthy,descent,0.915,0.344,28.5,65.5,0.621,15.0,descent,labview_demo_csv
ARO-01,1167,A_linear,healthy,descent,0.882,0.353,28.5,65.7,0.638,15.0,descent,labview_demo_csv
ARO-01,1168,A_linear,healthy,pause,0.895,0.005,28.4,65.7,0.010,15.0,pause,labview_demo_csv
ARO-01,1169,A_linear,healthy,pause,0.890,0.000,28.4,65.5,0.000,15.0,pause,labview_demo_csv
ARO-01,1170,A_linear,healthy,pause,0.859,0.000,28.3,65.5,0.000,15.0,pause,labview_demo_csv
ARO-01,1171,A_linear,healthy,pause,0.889,0.003,28.3,65.4,0.006,15.0,pause,labview_demo_csv
ARO-01,1172,A_linear,healthy,pause,0.869,0.000,28.1,65.4,0.000,15.0,pause,labview_demo_csv
ARO-01,1173,A_linear,healthy,pause,0.878,0.012,28.1,65.7,0.021,15.0,pause,labview_demo_csv
ARO-01,1174,A_linear,healthy,pause,0.882,0.001,28.2,65.8,0.003,15.0,pause,labview_demo_csv
ARO-01,1175,A_linear,healthy,pause,0.874,0.000,28.3,65.8,0.000,15.0,pause,labview_demo_csv
ARO-01,1176,A_linear,healthy,pause,0.873,0.000,28.3,65.5,0.000,15.0,pause,labview_demo_csv
ARO-01,1177,A_linear,healthy,pause,0.896,0.000,28.3,65.2,0.000,15.0,pause,labview_demo_csv
ARO-01,1178,A_linear,healthy,pause,0.877,0.002,28.3,65.2,0.004,15.0,pause,labview_demo_csv
ARO-01,1179,A_linear,healthy,pause,0.896,0.000,28.1,65.5,0.000,15.0,pause,labview_demo_csv
ARO-01,1180,A_linear,healthy,pause,0.906,0.000,28.1,65.8,0.000,15.0,pause,labview_demo_csv
ARO-01,1181,A_linear,healthy,pause,0.904,0.012,27.9,66.0,0.022,15.0,pause,labview_demo_csv
ARO-01,1182,A_linear,healthy,pause,0.911,0.002,27.9,66.0,0.004,15.0,pause,labview_demo_csv
ARO-01,1183,A_linear,healthy,pause,0.929,0.000,27.8,65.8,0.000,15.0,pause,labview_demo_csv
ARO-01,1184,A_linear,healthy,pause,0.927,0.006,27.8,65.9,0.010,15.0,pause,labview_demo_csv
ARO-01,1185,A_linear,healthy,pause,0.933,0.011,27.7,65.6,0.020,15.0,pause,labview_demo_csv
ARO-01,1186,A_linear,healthy,pause,0.928,0.000,27.7,65.5,0.000,15.0,pause,labview_demo_csv
ARO-01,1187,A_linear,healthy,pause,0.940,0.000,27.7,65.6,0.000,15.0,pause,labview_demo_csv
ARO-01,1188,A_linear,healthy,ascent,0.947,0.814,27.7,65.5,1.469,120.0,ascent,labview_demo_csv
ARO-01,1189,A_linear,healthy,ascent,0.979,0.819,27.8,65.7,1.478,120.0,ascent,labview_demo_csv
ARO-01,1190,A_linear,healthy,ascent,0.981,0.822,27.9,65.6,1.483,120.0,ascent,labview_demo_csv
ARO-01,1191,A_linear,healthy,ascent,0.974,0.818,27.9,65.5,1.476,120.0,ascent,labview_demo_csv
ARO-01,1192,A_linear,healthy,ascent,0.985,0.817,28.0,65.5,1.475,120.0,ascent,labview_demo_csv
ARO-01,1193,A_linear,healthy,ascent,0.981,0.814,28.1,65.7,1.468,120.0,ascent,labview_demo_csv
ARO-01,1194,A_linear,healthy,ascent,0.967,0.819,28.3,65.4,1.478,120.0,ascent,labview_demo_csv
ARO-01,1195,A_linear,healthy,ascent,1.002,0.822,28.4,65.4,1.484,120.0,ascent,labview_demo_csv
ARO-01,1196,A_linear,healthy,ascent,0.999,0.822,28.6,65.5,1.483,120.0,ascent,labview_demo_csv
ARO-01,1197,A_linear,healthy,ascent,0.987,0.813,28.6,65.5,1.468,120.0,ascent,labview_demo_csv
ARO-01,1198,A_linear,healthy,ascent,1.021,0.810,28.5,65.4,1.462,120.0,ascent,labview_demo_csv
ARO-01,1199,A_linear,healthy,ascent,0.984,0.822,28.7,65.5,1.484,120.0,ascent,labview_demo_csv
ARO-01,1200,A_linear,healthy,descent,1.003,0.340,28.7,65.1,0.614,120.0,descent,labview_demo_csv
ARO-01,1201,A_linear,healthy,descent,0.978,0.347,28.7,65.1,0.625,120.0,descent,labview_demo_csv
ARO-01,1202,A_linear,healthy,descent,0.974,0.341,28.6,65.0,0.616,120.0,descent,labview_demo_csv
ARO-01,1203,A_linear,healthy,descent,0.972,0.362,28.6,65.1,0.652,120.0,descent,labview_demo_csv
ARO-01,1204,A_linear,healthy,descent,0.943,0.351,28.5,65.3,0.633,120.0,descent,labview_demo_csv
ARO-01,1205,A_linear,healthy,descent,0.944,0.354,28.5,65.4,0.638,120.0,descent,labview_demo_csv
ARO-01,1206,A_linear,healthy,descent,0.926,0.351,28.5,65.3,0.634,120.0,descent,labview_demo_csv
ARO-01,1207,A_linear,healthy,descent,0.926,0.354,28.6,65.1,0.639,120.0,descent,labview_demo_csv
ARO-01,1208,A_linear,healthy,descent,0.904,0.344,28.6,64.9,0.621,120.0,descent,labview_demo_csv
ARO-01,1209,A_linear,healthy,descent,0.938,0.349,28.5,64.8,0.629,120.0,descent,labview_demo_csv
ARO-01,1210,A_linear,healthy,descent,0.918,0.346,28.5,64.6,0.624,120.0,descent,labview_demo_csv
ARO-01,1211,A_linear,healthy,descent,0.876,0.349,28.6,64.7,0.630,120.0,descent,labview_demo_csv
ARO-01,1212,A_linear,healthy,pause,0.902,0.001,28.7,65.1,0.001,120.0,pause,labview_demo_csv
ARO-01,1213,A_linear,healthy,pause,0.884,0.000,28.6,65.3,0.000,120.0,pause,labview_demo_csv
ARO-01,1214,A_linear,healthy,pause,0.861,0.000,28.5,65.2,0.000,120.0,pause,labview_demo_csv
ARO-01,1215,A_linear,healthy,pause,0.899,0.006,28.5,65.2,0.011,120.0,pause,labview_demo_csv
ARO-01,1216,A_linear,healthy,pause,0.888,0.002,28.3,65.4,0.003,120.0,pause,labview_demo_csv
ARO-01,1217,A_linear,healthy,pause,0.888,0.000,28.2,65.4,0.000,120.0,pause,labview_demo_csv
ARO-01,1218,A_linear,healthy,pause,0.885,0.000,28.2,65.2,0.000,120.0,pause,labview_demo_csv
ARO-01,1219,A_linear,healthy,pause,0.880,0.000,28.2,65.4,0.000,120.0,pause,labview_demo_csv
ARO-01,1220,A_linear,healthy,pause,0.873,0.001,28.1,65.0,0.002,120.0,pause,labview_demo_csv
ARO-01,1221,A_linear,healthy,pause,0.876,0.007,28.2,64.9,0.012,120.0,pause,labview_demo_csv
ARO-01,1222,A_linear,healthy,pause,0.894,0.009,28.0,65.4,0.016,120.0,pause,labview_demo_csv
ARO-01,1223,A_linear,healthy,pause,0.889,0.000,28.0,65.5,0.000,120.0,pause,labview_demo_csv
ARO-01,1224,A_linear,healthy,pause,0.893,0.000,28.0,65.6,0.001,120.0,pause,labview_demo_csv
ARO-01,1225,A_linear,healthy,pause,0.915,0.000,27.9,65.3,0.000,120.0,pause,labview_demo_csv
ARO-01,1226,A_linear,healthy,pause,0.920,0.000,28.0,65.3,0.000,120.0,pause,labview_demo_csv
ARO-01,1227,A_linear,healthy,pause,0.920,0.000,27.9,65.3,0.000,120.0,pause,labview_demo_csv
ARO-01,1228,A_linear,healthy,pause,0.933,0.002,27.9,65.2,0.004,120.0,pause,labview_demo_csv
ARO-01,1229,A_linear,healthy,pause,0.940,0.000,27.8,64.8,0.000,120.0,pause,labview_demo_csv
ARO-01,1230,A_linear,healthy,pause,0.954,0.000,27.7,64.7,0.000,120.0,pause,labview_demo_csv
ARO-01,1231,A_linear,healthy,pause,0.945,0.000,27.7,64.8,0.000,120.0,pause,labview_demo_csv
ARO-01,1232,A_linear,healthy,ascent,0.979,0.427,27.8,64.7,0.770,30.0,ascent,labview_demo_csv
ARO-01,1233,A_linear,healthy,ascent,0.951,0.441,27.8,64.8,0.796,30.0,ascent,labview_demo_csv
ARO-01,1234,A_linear,healthy,ascent,0.955,0.429,27.8,64.6,0.774,30.0,ascent,labview_demo_csv
ARO-01,1235,A_linear,healthy,ascent,0.981,0.428,27.9,64.9,0.772,30.0,ascent,labview_demo_csv
ARO-01,1236,A_linear,healthy,ascent,0.987,0.434,28.1,65.0,0.783,30.0,ascent,labview_demo_csv
ARO-01,1237,A_linear,healthy,ascent,0.980,0.442,28.2,64.9,0.798,30.0,ascent,labview_demo_csv
ARO-01,1238,A_linear,healthy,ascent,1.003,0.431,28.2,65.0,0.777,30.0,ascent,labview_demo_csv
ARO-01,1239,A_linear,healthy,ascent,0.988,0.431,28.2,65.0,0.777,30.0,ascent,labview_demo_csv
ARO-01,1240,A_linear,healthy,ascent,0.986,0.438,28.3,64.8,0.790,30.0,ascent,labview_demo_csv
ARO-01,1241,A_linear,healthy,ascent,1.001,0.436,28.2,64.8,0.786,30.0,ascent,labview_demo_csv
ARO-01,1242,A_linear,healthy,ascent,0.989,0.428,28.1,65.1,0.772,30.0,ascent,labview_demo_csv
ARO-01,1243,A_linear,healthy,ascent,0.981,0.432,28.2,65.1,0.779,30.0,ascent,labview_demo_csv
ARO-01,1244,A_linear,healthy,descent,0.981,0.349,28.1,64.9,0.630,30.0,descent,labview_demo_csv
ARO-01,1245,A_linear,healthy,descent,0.979,0.351,28.1,64.8,0.634,30.0,descent,labview_demo_csv
ARO-01,1246,A_linear,healthy,descent,1.005,0.358,28.1,64.5,0.646,30.0,descent,labview_demo_csv
ARO-01,1247,A_linear,healthy,descent,0.973,0.349,28.2,64.9,0.629,30.0,descent,labview_demo_csv
ARO-01,1248,A_linear,healthy,descent,0.951,0.358,28.1,65.0,0.647,30.0,descent,labview_demo_csv
ARO-01,1249,A_linear,healthy,descent,0.956,0.353,28.1,64.7,0.636,30.0,descent,labview_demo_csv
ARO-01,1250,A_linear,healthy,descent,0.946,0.340,28.2,64.9,0.613,30.0,descent,labview_demo_csv
ARO-01,1251,A_linear,healthy,descent,0.928,0.351,28.2,64.8,0.634,30.0,descent,labview_demo_csv
ARO-01,1252,A_linear,healthy,descent,0.900,0.355,28.2,64.9,0.640,30.0,descent,labview_demo_csv
ARO-01,1253,A_linear,healthy,descent,0.895,0.355,28.1,64.7,0.641,30.0,descent,labview_demo_csv
ARO-01,1254,A_linear,healthy,descent,0.888,0.353,28.0,64.6,0.638,30.0,descent,labview_demo_csv
ARO-01,1255,A_linear,healthy,descent,0.931,0.361,28.1,64.4,0.651,30.0,descent,labview_demo_csv
ARO-01,1256,A_linear,healthy,pause,0.879,0.000,28.1,64.5,0.001,30.0,pause,labview_demo_csv
ARO-01,1257,A_linear,healthy,pause,0.888,0.000,28.1,64.6,0.000,30.0,pause,labview_demo_csv
ARO-01,1258,A_linear,healthy,pause,0.878,0.003,28.1,64.6,0.006,30.0,pause,labview_demo_csv
ARO-01,1259,A_linear,healthy,pause,0.870,0.000,28.1,65.0,0.000,30.0,pause,labview_demo_csv
ARO-01,1260,A_linear,healthy,pause,0.873,0.007,28.1,64.9,0.012,30.0,pause,labview_demo_csv
ARO-01,1261,A_linear,healthy,pause,0.872,0.001,28.1,65.0,0.003,30.0,pause,labview_demo_csv
ARO-01,1262,A_linear,healthy,pause,0.884,0.003,28.1,64.8,0.005,30.0,pause,labview_demo_csv
ARO-01,1263,A_linear,healthy,pause,0.863,0.000,28.1,64.7,0.000,30.0,pause,labview_demo_csv
ARO-01,1264,A_linear,healthy,pause,0.884,0.000,28.1,64.7,0.000,30.0,pause,labview_demo_csv
ARO-01,1265,A_linear,healthy,pause,0.875,0.005,28.1,64.9,0.008,30.0,pause,labview_demo_csv
ARO-01,1266,A_linear,healthy,pause,0.898,0.000,28.1,65.1,0.000,30.0,pause,labview_demo_csv
ARO-01,1267,A_linear,healthy,pause,0.895,0.000,27.9,65.4,0.000,30.0,pause,labview_demo_csv
ARO-01,1268,A_linear,healthy,pause,0.893,0.007,27.9,65.3,0.013,30.0,pause,labview_demo_csv
ARO-01,1269,A_linear,healthy,pause,0.925,0.008,27.8,65.1,0.015,30.0,pause,labview_demo_csv
ARO-01,1270,A_linear,healthy,pause,0.913,0.000,27.8,65.1,0.000,30.0,pause,labview_demo_csv
ARO-01,1271,A_linear,healthy,pause,0.921,0.008,27.7,64.8,0.015,30.0,pause,labview_demo_csv
ARO-01,1272,A_linear,healthy,pause,0.934,0.000,27.7,64.9,0.000,30.0,pause,labview_demo_csv
ARO-01,1273,A_linear,healthy,pause,0.931,0.000,27.8,64.6,0.000,30.0,pause,labview_demo_csv
ARO-01,1274,A_linear,healthy,pause,0.952,0.000,27.8,64.3,0.000,30.0,pause,labview_demo_csv
ARO-01,1275,A_linear,healthy,pause,0.982,0.014,27.7,64.2,0.025,30.0,pause,labview_demo_csv
ARO-01,1276,A_linear,healthy,ascent,0.943,0.554,27.8,64.1,1.000,60.0,ascent,labview_demo_csv
ARO-01,1277,A_linear,healthy,ascent,1.004,0.566,27.9,64.0,1.021,60.0,ascent,labview_demo_csv
ARO-01,1278,A_linear,healthy,ascent,0.985,0.562,27.9,63.7,1.014,60.0,ascent,labview_demo_csv
ARO-01,1279,A_linear,healthy,ascent,0.986,0.562,28.0,63.7,1.014,60.0,ascent,labview_demo_csv
ARO-01,1280,A_linear,healthy,ascent,0.987,0.559,27.9,63.7,1.008,60.0,ascent,labview_demo_csv
ARO-01,1281,A_linear,healthy,ascent,1.008,0.555,28.0,63.6,1.001,60.0,ascent,labview_demo_csv
ARO-01,1282,A_linear,healthy,ascent,0.995,0.562,28.0,63.8,1.014,60.0,ascent,labview_demo_csv
ARO-01,1283,A_linear,healthy,ascent,0.990,0.564,28.2,63.5,1.018,60.0,ascent,labview_demo_csv
ARO-01,1284,A_linear,healthy,ascent,1.024,0.561,28.2,63.8,1.012,60.0,ascent,labview_demo_csv
ARO-01,1285,A_linear,healthy,ascent,1.009,0.565,28.3,63.6,1.020,60.0,ascent,labview_demo_csv
ARO-01,1286,A_linear,healthy,ascent,1.015,0.559,28.2,63.3,1.008,60.0,ascent,labview_demo_csv
ARO-01,1287,A_linear,healthy,ascent,0.978,0.560,28.1,63.4,1.010,60.0,ascent,labview_demo_csv
ARO-01,1288,A_linear,healthy,descent,0.973,0.351,28.0,63.4,0.634,60.0,descent,labview_demo_csv
ARO-01,1289,A_linear,healthy,descent,0.988,0.340,28.1,63.5,0.613,60.0,descent,labview_demo_csv
ARO-01,1290,A_linear,healthy,descent,0.960,0.340,28.1,63.5,0.614,60.0,descent,labview_demo_csv
ARO-01,1291,A_linear,healthy,descent,0.952,0.345,28.2,63.4,0.622,60.0,descent,labview_demo_csv
ARO-01,1292,A_linear,healthy,descent,0.964,0.345,28.2,63.6,0.623,60.0,descent,labview_demo_csv
ARO-01,1293,A_linear,healthy,descent,0.951,0.353,28.1,63.7,0.636,60.0,descent,labview_demo_csv
ARO-01,1294,A_linear,healthy,descent,0.945,0.359,28.1,63.4,0.647,60.0,descent,labview_demo_csv
ARO-01,1295,A_linear,healthy,descent,0.939,0.358,28.1,63.5,0.645,60.0,descent,labview_demo_csv
ARO-01,1296,A_linear,healthy,descent,0.932,0.347,28.0,63.5,0.627,60.0,descent,labview_demo_csv
ARO-01,1297,A_linear,healthy,descent,0.911,0.349,28.2,63.9,0.630,60.0,descent,labview_demo_csv
ARO-01,1298,A_linear,healthy,descent,0.919,0.344,28.2,64.0,0.620,60.0,descent,labview_demo_csv
ARO-01,1299,A_linear,healthy,descent,0.906,0.346,28.2,64.0,0.625,60.0,descent,labview_demo_csv
ARO-01,1300,A_linear,healthy,pause,0.869,0.004,28.2,63.9,0.007,60.0,pause,labview_demo_csv
ARO-01,1301,A_linear,healthy,pause,0.885,0.000,28.2,63.9,0.000,60.0,pause,labview_demo_csv
ARO-01,1302,A_linear,healthy,pause,0.872,0.002,28.2,63.7,0.003,60.0,pause,labview_demo_csv
ARO-01,1303,A_linear,healthy,pause,0.876,0.003,28.1,63.5,0.005,60.0,pause,labview_demo_csv
ARO-01,1304,A_linear,healthy,pause,0.889,0.001,28.1,63.6,0.002,60.0,pause,labview_demo_csv
ARO-01,1305,A_linear,healthy,pause,0.884,0.005,28.1,63.5,0.010,60.0,pause,labview_demo_csv
ARO-01,1306,A_linear,healthy,pause,0.894,0.005,28.0,63.7,0.009,60.0,pause,labview_demo_csv
ARO-01,1307,A_linear,healthy,pause,0.878,0.002,28.1,63.9,0.004,60.0,pause,labview_demo_csv
ARO-01,1308,A_linear,healthy,pause,0.882,0.001,28.0,63.9,0.002,60.0,pause,labview_demo_csv
ARO-01,1309,A_linear,healthy,pause,0.894,0.010,28.0,63.9,0.017,60.0,pause,labview_demo_csv
ARO-01,1310,A_linear,healthy,pause,0.912,0.007,27.8,64.3,0.012,60.0,pause,labview_demo_csv
ARO-01,1311,A_linear,healthy,pause,0.907,0.000,27.8,64.3,0.000,60.0,pause,labview_demo_csv
ARO-01,1312,A_linear,healthy,pause,0.897,0.001,27.9,64.3,0.001,60.0,pause,labview_demo_csv
ARO-01,1313,A_linear,healthy,pause,0.907,0.000,27.8,64.2,0.000,60.0,pause,labview_demo_csv
ARO-01,1314,A_linear,healthy,pause,0.898,0.017,27.8,63.8,0.031,60.0,pause,labview_demo_csv
ARO-01,1315,A_linear,healthy,pause,0.926,0.002,27.7,63.8,0.004,60.0,pause,labview_demo_csv
ARO-01,1316,A_linear,healthy,pause,0.923,0.000,27.7,63.7,0.000,60.0,pause,labview_demo_csv
ARO-01,1317,A_linear,healthy,pause,0.948,0.001,27.8,63.6,0.002,60.0,pause,labview_demo_csv
ARO-01,1318,A_linear,healthy,pause,0.950,0.014,27.9,63.2,0.026,60.0,pause,labview_demo_csv
ARO-01,1319,A_linear,healthy,pause,0.956,0.000,27.9,63.0,0.000,60.0,pause,labview_demo_csv
ARO-01,1320,A_linear,healthy,ascent,0.975,0.572,28.1,63.1,1.032,60.0,ascent,labview_demo_csv
ARO-01,1321,A_linear,healthy,ascent,0.960,0.557,28.2,63.1,1.005,60.0,ascent,labview_demo_csv
ARO-01,1322,A_linear,healthy,ascent,1.012,0.566,28.2,63.0,1.021,60.0,ascent,labview_demo_csv
ARO-01,1323,A_linear,healthy,ascent,0.988,0.557,28.2,62.8,1.005,60.0,ascent,labview_demo_csv
ARO-01,1324,A_linear,healthy,ascent,1.000,0.567,28.2,62.8,1.023,60.0,ascent,labview_demo_csv
ARO-01,1325,A_linear,healthy,ascent,1.007,0.558,28.3,63.1,1.007,60.0,ascent,labview_demo_csv
ARO-01,1326,A_linear,healthy,ascent,1.024,0.559,28.2,63.0,1.008,60.0,ascent,labview_demo_csv
ARO-01,1327,A_linear,healthy,ascent,0.993,0.558,28.2,63.0,1.006,60.0,ascent,labview_demo_csv
ARO-01,1328,A_linear,healthy,ascent,1.013,0.568,28.1,63.0,1.024,60.0,ascent,labview_demo_csv
ARO-01,1329,A_linear,healthy,ascent,0.994,0.566,28.3,62.7,1.021,60.0,ascent,labview_demo_csv
ARO-01,1330,A_linear,healthy,ascent,0.996,0.564,28.2,62.5,1.018,60.0,ascent,labview_demo_csv
ARO-01,1331,A_linear,healthy,ascent,0.994,0.561,28.3,62.8,1.012,60.0,ascent,labview_demo_csv
ARO-01,1332,A_linear,healthy,descent,0.977,0.353,28.2,62.9,0.637,60.0,descent,labview_demo_csv
ARO-01,1333,A_linear,healthy,descent,0.968,0.346,28.2,63.0,0.624,60.0,descent,labview_demo_csv
ARO-01,1334,A_linear,healthy,descent,0.993,0.357,28.2,62.8,0.644,60.0,descent,labview_demo_csv
ARO-01,1335,A_linear,healthy,descent,0.970,0.352,28.3,62.9,0.635,60.0,descent,labview_demo_csv
ARO-01,1336,A_linear,healthy,descent,0.959,0.351,28.3,62.7,0.633,60.0,descent,labview_demo_csv
ARO-01,1337,A_linear,healthy,descent,0.959,0.367,28.3,62.8,0.662,60.0,descent,labview_demo_csv
ARO-01,1338,A_linear,healthy,descent,0.960,0.355,28.2,62.7,0.640,60.0,descent,labview_demo_csv
ARO-01,1339,A_linear,healthy,descent,0.934,0.349,28.3,62.6,0.631,60.0,descent,labview_demo_csv
ARO-01,1340,A_linear,healthy,descent,0.915,0.348,28.3,62.7,0.627,60.0,descent,labview_demo_csv
ARO-01,1341,A_linear,healthy,descent,0.909,0.342,28.2,62.6,0.617,60.0,descent,labview_demo_csv
ARO-01,1342,A_linear,healthy,descent,0.927,0.352,28.2,62.3,0.636,60.0,descent,labview_demo_csv
ARO-01,1343,A_linear,healthy,descent,0.898,0.355,28.1,62.2,0.641,60.0,descent,labview_demo_csv
ARO-01,1344,A_linear,healthy,pause,0.874,0.019,28.1,62.3,0.034,60.0,pause,labview_demo_csv
ARO-01,1345,A_linear,healthy,pause,0.914,0.000,27.9,62.3,0.001,60.0,pause,labview_demo_csv
ARO-01,1346,A_linear,healthy,pause,0.891,0.000,27.9,62.6,0.000,60.0,pause,labview_demo_csv
ARO-01,1347,A_linear,healthy,pause,0.886,0.002,27.8,62.5,0.003,60.0,pause,labview_demo_csv
ARO-01,1348,A_linear,healthy,pause,0.875,0.003,27.8,62.7,0.005,60.0,pause,labview_demo_csv
ARO-01,1349,A_linear,healthy,pause,0.865,0.000,27.8,62.5,0.000,60.0,pause,labview_demo_csv
ARO-01,1350,A_linear,healthy,pause,0.891,0.005,27.7,62.7,0.009,60.0,pause,labview_demo_csv
ARO-01,1351,A_linear,healthy,pause,0.887,0.002,27.8,62.9,0.003,60.0,pause,labview_demo_csv
ARO-01,1352,A_linear,healthy,pause,0.906,0.000,27.8,62.5,0.000,60.0,pause,labview_demo_csv
ARO-01,1353,A_linear,healthy,pause,0.891,0.000,27.8,62.6,0.000,60.0,pause,labview_demo_csv
ARO-01,1354,A_linear,healthy,pause,0.896,0.007,27.8,62.7,0.013,60.0,pause,labview_demo_csv
ARO-01,1355,A_linear,healthy,pause,0.895,0.000,27.7,62.8,0.000,60.0,pause,labview_demo_csv
ARO-01,1356,A_linear,healthy,pause,0.911,0.003,27.7,62.8,0.006,60.0,pause,labview_demo_csv
ARO-01,1357,A_linear,healthy,pause,0.904,0.000,27.7,62.8,0.000,60.0,pause,labview_demo_csv
ARO-01,1358,A_linear,healthy,pause,0.904,0.004,27.6,62.9,0.007,60.0,pause,labview_demo_csv
ARO-01,1359,A_linear,healthy,pause,0.931,0.000,27.8,63.0,0.000,60.0,pause,labview_demo_csv
ARO-01,1360,A_linear,healthy,pause,0.960,0.000,27.8,62.7,0.000,60.0,pause,labview_demo_csv
ARO-01,1361,A_linear,healthy,pause,0.940,0.002,27.7,62.7,0.004,60.0,pause,labview_demo_csv
ARO-01,1362,A_linear,healthy,pause,0.940,0.000,27.6,62.6,0.000,60.0,pause,labview_demo_csv
ARO-01,1363,A_linear,healthy,pause,0.964,0.000,27.5,62.8,0.000,60.0,pause,labview_demo_csv
ARO-01,1364,A_linear,healthy,ascent,0.962,0.567,27.6,63.0,1.024,60.0,ascent,labview_demo_csv
ARO-01,1365,A_linear,healthy,ascent,0.974,0.562,27.7,63.1,1.014,60.0,ascent,labview_demo_csv
ARO-01,1366,A_linear,healthy,ascent,0.984,0.567,27.9,63.2,1.023,60.0,ascent,labview_demo_csv
ARO-01,1367,A_linear,healthy,ascent,0.997,0.560,28.0,63.2,1.010,60.0,ascent,labview_demo_csv
ARO-01,1368,A_linear,healthy,ascent,0.998,0.569,27.9,63.0,1.027,60.0,ascent,labview_demo_csv
ARO-01,1369,A_linear,healthy,ascent,0.989,0.555,28.0,63.2,1.001,60.0,ascent,labview_demo_csv
ARO-01,1370,A_linear,healthy,ascent,0.990,0.553,28.2,63.3,0.998,60.0,ascent,labview_demo_csv
ARO-01,1371,A_linear,healthy,ascent,1.021,0.561,28.3,63.4,1.012,60.0,ascent,labview_demo_csv
ARO-01,1372,A_linear,healthy,ascent,0.990,0.570,28.3,63.2,1.029,60.0,ascent,labview_demo_csv
ARO-01,1373,A_linear,healthy,ascent,1.008,0.567,28.3,62.9,1.022,60.0,ascent,labview_demo_csv
ARO-01,1374,A_linear,healthy,ascent,0.990,0.556,28.2,62.9,1.004,60.0,ascent,labview_demo_csv
ARO-01,1375,A_linear,healthy,ascent,1.010,0.567,28.2,63.0,1.024,60.0,ascent,labview_demo_csv
ARO-01,1376,A_linear,healthy,descent,0.984,0.356,28.2,62.9,0.643,60.0,descent,labview_demo_csv
ARO-01,1377,A_linear,healthy,descent,0.982,0.348,28.1,62.8,0.627,60.0,descent,labview_demo_csv
ARO-01,1378,A_linear,healthy,descent,0.974,0.344,28.1,62.9,0.620,60.0,descent,labview_demo_csv
ARO-01,1379,A_linear,healthy,descent,0.960,0.352,28.1,63.0,0.636,60.0,descent,labview_demo_csv
ARO-01,1380,A_linear,healthy,descent,0.954,0.345,28.1,63.0,0.623,60.0,descent,labview_demo_csv
ARO-01,1381,A_linear,healthy,descent,0.956,0.358,28.1,62.5,0.645,60.0,descent,labview_demo_csv
ARO-01,1382,A_linear,healthy,descent,0.934,0.347,28.1,62.4,0.626,60.0,descent,labview_demo_csv
ARO-01,1383,A_linear,healthy,descent,0.933,0.347,28.1,62.5,0.626,60.0,descent,labview_demo_csv
ARO-01,1384,A_linear,healthy,descent,0.932,0.349,28.1,62.4,0.630,60.0,descent,labview_demo_csv
ARO-01,1385,A_linear,healthy,descent,0.917,0.356,28.1,62.4,0.642,60.0,descent,labview_demo_csv
ARO-01,1386,A_linear,healthy,descent,0.916,0.356,28.0,62.3,0.642,60.0,descent,labview_demo_csv
ARO-01,1387,A_linear,healthy,descent,0.898,0.362,28.0,62.3,0.653,60.0,descent,labview_demo_csv
ARO-01,1388,A_linear,healthy,pause,0.908,0.000,27.9,62.1,0.000,60.0,pause,labview_demo_csv
ARO-01,1389,A_linear,healthy,pause,0.887,0.000,27.8,62.2,0.000,60.0,pause,labview_demo_csv
ARO-01,1390,A_linear,healthy,pause,0.876,0.004,27.8,62.5,0.007,60.0,pause,labview_demo_csv
ARO-01,1391,A_linear,healthy,pause,0.896,0.000,27.8,62.5,0.000,60.0,pause,labview_demo_csv
ARO-01,1392,A_linear,healthy,pause,0.882,0.000,27.8,62.5,0.000,60.0,pause,labview_demo_csv
ARO-01,1393,A_linear,healthy,pause,0.887,0.008,27.8,62.6,0.015,60.0,pause,labview_demo_csv
ARO-01,1394,A_linear,healthy,pause,0.880,0.000,27.7,62.5,0.000,60.0,pause,labview_demo_csv
ARO-01,1395,A_linear,healthy,pause,0.875,0.011,27.6,62.6,0.020,60.0,pause,labview_demo_csv
ARO-01,1396,A_linear,healthy,pause,0.875,0.000,27.6,62.8,0.000,60.0,pause,labview_demo_csv
ARO-01,1397,A_linear,healthy,pause,0.873,0.000,27.7,62.5,0.000,60.0,pause,labview_demo_csv
ARO-01,1398,A_linear,healthy,pause,0.893,0.006,27.7,62.4,0.011,60.0,pause,labview_demo_csv
ARO-01,1399,A_linear,healthy,pause,0.900,0.000,27.7,62.4,0.000,60.0,pause,labview_demo_csv
ARO-01,1400,A_linear,healthy,pause,0.874,0.001,27.7,62.4,0.002,60.0,pause,labview_demo_csv
ARO-01,1401,A_linear,healthy,pause,0.907,0.000,27.7,62.6,0.000,60.0,pause,labview_demo_csv
ARO-01,1402,A_linear,healthy,pause,0.898,0.001,27.8,62.8,0.002,60.0,pause,labview_demo_csv
ARO-01,1403,A_linear,healthy,pause,0.941,0.002,27.8,62.9,0.004,60.0,pause,labview_demo_csv
ARO-01,1404,A_linear,healthy,pause,0.923,0.002,27.8,63.0,0.003,60.0,pause,labview_demo_csv
ARO-01,1405,A_linear,healthy,pause,0.945,0.000,27.7,63.0,0.000,60.0,pause,labview_demo_csv
ARO-01,1406,A_linear,healthy,pause,0.971,0.000,27.7,62.9,0.000,60.0,pause,labview_demo_csv
ARO-01,1407,A_linear,healthy,pause,0.956,0.000,27.7,63.1,0.000,60.0,pause,labview_demo_csv
ARO-01,1408,A_linear,healthy,ascent,0.978,1.197,27.9,62.7,2.159,210.0,ascent,labview_demo_csv
ARO-01,1409,A_linear,healthy,ascent,0.994,1.197,28.0,62.3,2.160,210.0,ascent,labview_demo_csv
ARO-01,1410,A_linear,healthy,ascent,0.970,1.203,28.1,62.0,2.171,210.0,ascent,labview_demo_csv
ARO-01,1411,A_linear,healthy,ascent,1.000,1.196,28.2,62.0,2.157,210.0,ascent,labview_demo_csv
ARO-01,1412,A_linear,healthy,ascent,0.995,1.201,28.3,62.0,2.167,210.0,ascent,labview_demo_csv
ARO-01,1413,A_linear,healthy,ascent,1.011,1.205,28.3,61.8,2.175,210.0,ascent,labview_demo_csv
ARO-01,1414,A_linear,healthy,ascent,1.009,1.215,28.3,61.8,2.192,210.0,ascent,labview_demo_csv
ARO-01,1415,A_linear,healthy,ascent,0.995,1.196,28.5,61.4,2.158,210.0,ascent,labview_demo_csv
ARO-01,1416,A_linear,healthy,ascent,1.002,1.196,28.5,61.4,2.157,210.0,ascent,labview_demo_csv
ARO-01,1417,A_linear,healthy,ascent,0.991,1.192,28.6,61.3,2.150,210.0,ascent,labview_demo_csv
ARO-01,1418,A_linear,healthy,ascent,0.996,1.202,28.7,61.2,2.168,210.0,ascent,labview_demo_csv
ARO-01,1419,A_linear,healthy,ascent,0.981,1.208,28.7,61.5,2.179,210.0,ascent,labview_demo_csv
ARO-01,1420,A_linear,healthy,descent,0.991,0.356,28.6,61.5,0.642,210.0,descent,labview_demo_csv
ARO-01,1421,A_linear,healthy,descent,0.994,0.358,28.5,61.4,0.646,210.0,descent,labview_demo_csv
ARO-01,1422,A_linear,healthy,descent,0.977,0.346,28.5,61.2,0.624,210.0,descent,labview_demo_csv
ARO-01,1423,A_linear,healthy,descent,0.979,0.355,28.4,61.2,0.641,210.0,descent,labview_demo_csv
ARO-01,1424,A_linear,healthy,descent,0.969,0.353,28.3,61.1,0.638,210.0,descent,labview_demo_csv
ARO-01,1425,A_linear,healthy,descent,0.931,0.353,28.2,61.4,0.637,210.0,descent,labview_demo_csv
ARO-01,1426,A_linear,healthy,descent,0.933,0.344,28.3,61.5,0.621,210.0,descent,labview_demo_csv
ARO-01,1427,A_linear,healthy,descent,0.946,0.357,28.2,61.4,0.644,210.0,descent,labview_demo_csv
ARO-01,1428,A_linear,healthy,descent,0.917,0.357,28.2,61.3,0.643,210.0,descent,labview_demo_csv
ARO-01,1429,A_linear,healthy,descent,0.912,0.337,28.2,61.1,0.608,210.0,descent,labview_demo_csv
ARO-01,1430,A_linear,healthy,descent,0.924,0.347,28.1,61.3,0.627,210.0,descent,labview_demo_csv
ARO-01,1431,A_linear,healthy,descent,0.919,0.353,28.0,61.6,0.637,210.0,descent,labview_demo_csv
ARO-01,1432,A_linear,healthy,pause,0.907,0.007,27.9,61.7,0.013,210.0,pause,labview_demo_csv
ARO-01,1433,A_linear,healthy,pause,0.905,0.004,27.7,61.5,0.007,210.0,pause,labview_demo_csv
ARO-01,1434,A_linear,healthy,pause,0.898,0.000,27.7,61.9,0.000,210.0,pause,labview_demo_csv
ARO-01,1435,A_linear,healthy,pause,0.886,0.000,27.6,62.0,0.000,210.0,pause,labview_demo_csv
ARO-01,1436,A_linear,healthy,pause,0.878,0.000,27.6,62.1,0.000,210.0,pause,labview_demo_csv
ARO-01,1437,A_linear,healthy,pause,0.900,0.000,27.6,62.4,0.000,210.0,pause,labview_demo_csv
ARO-01,1438,A_linear,healthy,pause,0.875,0.000,27.6,62.8,0.000,210.0,pause,labview_demo_csv
ARO-01,1439,A_linear,healthy,pause,0.862,0.003,27.6,62.9,0.005,210.0,pause,labview_demo_csv
ARO-01,1440,A_linear,healthy,pause,0.890,0.000,27.6,62.8,0.000,210.0,pause,labview_demo_csv
ARO-01,1441,A_linear,healthy,pause,0.883,0.000,27.5,63.1,0.000,210.0,pause,labview_demo_csv
ARO-01,1442,A_linear,healthy,pause,0.906,0.000,27.5,63.2,0.000,210.0,pause,labview_demo_csv
ARO-01,1443,A_linear,healthy,pause,0.887,0.000,27.4,62.9,0.000,210.0,pause,labview_demo_csv
ARO-01,1444,A_linear,healthy,pause,0.890,0.007,27.4,62.6,0.013,210.0,pause,labview_demo_csv
ARO-01,1445,A_linear,healthy,pause,0.905,0.005,27.4,62.6,0.010,210.0,pause,labview_demo_csv
ARO-01,1446,A_linear,healthy,pause,0.911,0.000,27.4,62.5,0.000,210.0,pause,labview_demo_csv
ARO-01,1447,A_linear,healthy,pause,0.934,0.000,27.4,62.4,0.000,210.0,pause,labview_demo_csv
ARO-01,1448,A_linear,healthy,pause,0.924,0.011,27.5,62.2,0.020,210.0,pause,labview_demo_csv
ARO-01,1449,A_linear,healthy,pause,0.950,0.000,27.4,62.2,0.000,210.0,pause,labview_demo_csv
ARO-01,1450,A_linear,healthy,pause,0.958,0.000,27.4,62.3,0.000,210.0,pause,labview_demo_csv
ARO-01,1451,A_linear,healthy,pause,0.937,0.000,27.3,62.6,0.000,210.0,pause,labview_demo_csv
ARO-01,1452,A_linear,healthy,ascent,0.993,0.569,27.4,62.6,1.026,60.0,ascent,labview_demo_csv
ARO-01,1453,A_linear,healthy,ascent,0.949,0.569,27.5,62.5,1.027,60.0,ascent,labview_demo_csv
ARO-01,1454,A_linear,healthy,ascent,0.979,0.565,27.5,62.5,1.020,60.0,ascent,labview_demo_csv
ARO-01,1455,A_linear,healthy,ascent,0.989,0.569,27.5,62.6,1.027,60.0,ascent,labview_demo_csv
ARO-01,1456,A_linear,healthy,ascent,0.995,0.560,27.6,62.8,1.011,60.0,ascent,labview_demo_csv
ARO-01,1457,A_linear,healthy,ascent,1.029,0.557,27.6,62.6,1.006,60.0,ascent,labview_demo_csv
ARO-01,1458,A_linear,healthy,ascent,0.996,0.558,27.7,62.5,1.008,60.0,ascent,labview_demo_csv
ARO-01,1459,A_linear,healthy,ascent,1.000,0.556,27.7,62.3,1.003,60.0,ascent,labview_demo_csv
ARO-01,1460,A_linear,healthy,ascent,0.994,0.567,27.7,62.1,1.023,60.0,ascent,labview_demo_csv
ARO-01,1461,A_linear,healthy,ascent,1.017,0.565,27.8,62.1,1.020,60.0,ascent,labview_demo_csv
ARO-01,1462,A_linear,healthy,ascent,0.983,0.559,27.9,62.0,1.008,60.0,ascent,labview_demo_csv
ARO-01,1463,A_linear,healthy,ascent,0.998,0.559,27.9,61.6,1.009,60.0,ascent,labview_demo_csv
ARO-01,1464,A_linear,healthy,descent,0.991,0.358,28.0,61.5,0.646,60.0,descent,labview_demo_csv
ARO-01,1465,A_linear,healthy,descent,0.988,0.347,28.0,61.4,0.626,60.0,descent,labview_demo_csv
ARO-01,1466,A_linear,healthy,descent,0.974,0.353,28.0,61.2,0.637,60.0,descent,labview_demo_csv
ARO-01,1467,A_linear,healthy,descent,0.971,0.348,28.0,60.7,0.629,60.0,descent,labview_demo_csv
ARO-01,1468,A_linear,healthy,descent,0.961,0.338,27.8,60.4,0.610,60.0,descent,labview_demo_csv
ARO-01,1469,A_linear,healthy,descent,0.934,0.352,27.8,60.5,0.636,60.0,descent,labview_demo_csv
ARO-01,1470,A_linear,healthy,descent,0.942,0.345,27.6,60.7,0.622,60.0,descent,labview_demo_csv
ARO-01,1471,A_linear,healthy,descent,0.951,0.348,27.6,60.6,0.627,60.0,descent,labview_demo_csv
ARO-01,1472,A_linear,healthy,descent,0.926,0.351,27.6,60.7,0.633,60.0,descent,labview_demo_csv
ARO-01,1473,A_linear,healthy,descent,0.931,0.357,27.6,60.6,0.644,60.0,descent,labview_demo_csv
ARO-01,1474,A_linear,healthy,descent,0.904,0.353,27.6,60.7,0.636,60.0,descent,labview_demo_csv
ARO-01,1475,A_linear,healthy,descent,0.909,0.346,27.7,60.7,0.625,60.0,descent,labview_demo_csv
ARO-01,1476,A_linear,healthy,pause,0.884,0.001,27.7,60.6,0.002,60.0,pause,labview_demo_csv
ARO-01,1477,A_linear,healthy,pause,0.899,0.000,27.6,60.7,0.001,60.0,pause,labview_demo_csv
ARO-01,1478,A_linear,healthy,pause,0.917,0.003,27.6,60.8,0.006,60.0,pause,labview_demo_csv
ARO-01,1479,A_linear,healthy,pause,0.884,0.009,27.6,60.6,0.016,60.0,pause,labview_demo_csv
ARO-01,1480,A_linear,healthy,pause,0.881,0.009,27.6,60.6,0.016,60.0,pause,labview_demo_csv
ARO-01,1481,A_linear,healthy,pause,0.889,0.010,27.5,60.2,0.018,60.0,pause,labview_demo_csv
ARO-01,1482,A_linear,healthy,pause,0.875,0.004,27.4,60.1,0.007,60.0,pause,labview_demo_csv
ARO-01,1483,A_linear,healthy,pause,0.882,0.001,27.4,60.3,0.002,60.0,pause,labview_demo_csv
ARO-01,1484,A_linear,healthy,pause,0.895,0.000,27.3,60.3,0.000,60.0,pause,labview_demo_csv
ARO-01,1485,A_linear,healthy,pause,0.878,0.000,27.2,60.2,0.000,60.0,pause,labview_demo_csv
ARO-01,1486,A_linear,healthy,pause,0.909,0.010,27.1,60.4,0.019,60.0,pause,labview_demo_csv
ARO-01,1487,A_linear,healthy,pause,0.888,0.000,27.1,60.5,0.001,60.0,pause,labview_demo_csv
ARO-01,1488,A_linear,healthy,pause,0.925,0.003,27.1,60.4,0.006,60.0,pause,labview_demo_csv
ARO-01,1489,A_linear,healthy,pause,0.922,0.000,27.1,60.7,0.000,60.0,pause,labview_demo_csv
ARO-01,1490,A_linear,healthy,pause,0.916,0.009,27.1,60.7,0.017,60.0,pause,labview_demo_csv
ARO-01,1491,A_linear,healthy,pause,0.938,0.005,26.9,60.7,0.008,60.0,pause,labview_demo_csv
ARO-01,1492,A_linear,healthy,pause,0.945,0.009,26.9,60.8,0.016,60.0,pause,labview_demo_csv
ARO-01,1493,A_linear,healthy,pause,0.964,0.009,26.9,60.6,0.016,60.0,pause,labview_demo_csv
ARO-01,1494,A_linear,healthy,pause,0.960,0.000,26.9,60.8,0.000,60.0,pause,labview_demo_csv
ARO-01,1495,A_linear,healthy,pause,0.972,0.010,26.9,60.9,0.018,60.0,pause,labview_demo_csv
ARO-01,1496,A_linear,healthy,ascent,0.988,0.756,27.1,60.6,1.365,105.0,ascent,labview_demo_csv
ARO-01,1497,A_linear,healthy,ascent,0.997,0.762,27.1,60.3,1.374,105.0,ascent,labview_demo_csv
ARO-01,1498,A_linear,healthy,ascent,0.960,0.758,27.2,60.0,1.368,105.0,ascent,labview_demo_csv
ARO-01,1499,A_linear,healthy,ascent,0.999,0.754,27.3,60.0,1.360,105.0,ascent,labview_demo_csv
ARO-01,1500,A_linear,healthy,ascent,0.996,0.743,27.4,60.0,1.340,105.0,ascent,labview_demo_csv
ARO-01,1501,A_linear,healthy,ascent,0.984,0.746,27.5,59.6,1.346,105.0,ascent,labview_demo_csv
ARO-01,1502,A_linear,healthy,ascent,0.994,0.754,27.5,59.8,1.361,105.0,ascent,labview_demo_csv
ARO-01,1503,A_linear,healthy,ascent,1.010,0.753,27.5,59.6,1.359,105.0,ascent,labview_demo_csv
ARO-01,1504,A_linear,healthy,ascent,1.006,0.752,27.6,59.7,1.356,105.0,ascent,labview_demo_csv
ARO-01,1505,A_linear,healthy,ascent,0.994,0.755,27.6,59.7,1.361,105.0,ascent,labview_demo_csv
ARO-01,1506,A_linear,healthy,ascent,0.998,0.754,27.6,59.8,1.360,105.0,ascent,labview_demo_csv
ARO-01,1507,A_linear,healthy,ascent,0.996,0.758,27.7,60.2,1.367,105.0,ascent,labview_demo_csv
ARO-01,1508,A_linear,healthy,descent,0.971,0.353,27.5,60.0,0.637,105.0,descent,labview_demo_csv
ARO-01,1509,A_linear,healthy,descent,0.984,0.342,27.3,59.9,0.618,105.0,descent,labview_demo_csv
ARO-01,1510,A_linear,healthy,descent,0.992,0.347,27.4,59.7,0.626,105.0,descent,labview_demo_csv
ARO-01,1511,A_linear,healthy,descent,0.978,0.353,27.4,59.6,0.636,105.0,descent,labview_demo_csv
ARO-01,1512,A_linear,healthy,descent,0.959,0.350,27.4,59.8,0.631,105.0,descent,labview_demo_csv
ARO-01,1513,A_linear,healthy,descent,0.944,0.350,27.4,59.7,0.632,105.0,descent,labview_demo_csv
ARO-01,1514,A_linear,healthy,descent,0.922,0.346,27.3,59.7,0.625,105.0,descent,labview_demo_csv
ARO-01,1515,A_linear,healthy,descent,0.946,0.348,27.3,59.4,0.628,105.0,descent,labview_demo_csv
ARO-01,1516,A_linear,healthy,descent,0.926,0.340,27.2,59.8,0.614,105.0,descent,labview_demo_csv
ARO-01,1517,A_linear,healthy,descent,0.913,0.348,27.2,59.8,0.629,105.0,descent,labview_demo_csv
ARO-01,1518,A_linear,healthy,descent,0.907,0.351,27.2,60.1,0.633,105.0,descent,labview_demo_csv
ARO-01,1519,A_linear,healthy,descent,0.906,0.351,27.2,60.2,0.634,105.0,descent,labview_demo_csv
ARO-01,1520,A_linear,healthy,pause,0.896,0.000,27.2,60.4,0.000,105.0,pause,labview_demo_csv
ARO-01,1521,A_linear,healthy,pause,0.896,0.011,27.2,60.2,0.019,105.0,pause,labview_demo_csv
ARO-01,1522,A_linear,healthy,pause,0.882,0.000,27.1,60.3,0.000,105.0,pause,labview_demo_csv
ARO-01,1523,A_linear,healthy,pause,0.883,0.000,27.1,60.4,0.000,105.0,pause,labview_demo_csv
ARO-01,1524,A_linear,healthy,pause,0.895,0.000,27.0,60.3,0.000,105.0,pause,labview_demo_csv
ARO-01,1525,A_linear,healthy,pause,0.873,0.002,27.0,59.9,0.004,105.0,pause,labview_demo_csv
ARO-01,1526,A_linear,healthy,pause,0.881,0.000,26.9,60.0,0.000,105.0,pause,labview_demo_csv
ARO-01,1527,A_linear,healthy,pause,0.873,0.000,26.9,59.9,0.000,105.0,pause,labview_demo_csv
ARO-01,1528,A_linear,healthy,pause,0.889,0.000,26.9,59.8,0.000,105.0,pause,labview_demo_csv
ARO-01,1529,A_linear,healthy,pause,0.887,0.011,27.0,59.8,0.019,105.0,pause,labview_demo_csv
ARO-01,1530,A_linear,healthy,pause,0.911,0.003,27.0,59.6,0.005,105.0,pause,labview_demo_csv
ARO-01,1531,A_linear,healthy,pause,0.898,0.007,26.8,59.7,0.013,105.0,pause,labview_demo_csv
ARO-01,1532,A_linear,healthy,pause,0.906,0.000,26.8,59.6,0.000,105.0,pause,labview_demo_csv
ARO-01,1533,A_linear,healthy,pause,0.913,0.004,26.8,59.4,0.008,105.0,pause,labview_demo_csv
ARO-01,1534,A_linear,healthy,pause,0.942,0.001,26.9,59.7,0.002,105.0,pause,labview_demo_csv
ARO-01,1535,A_linear,healthy,pause,0.927,0.011,26.8,59.5,0.019,105.0,pause,labview_demo_csv
ARO-01,1536,A_linear,healthy,pause,0.936,0.000,26.9,59.5,0.000,105.0,pause,labview_demo_csv
ARO-01,1537,A_linear,healthy,pause,0.959,0.000,26.8,59.4,0.000,105.0,pause,labview_demo_csv
ARO-01,1538,A_linear,healthy,pause,0.948,0.009,26.8,59.6,0.016,105.0,pause,labview_demo_csv
ARO-01,1539,A_linear,healthy,pause,0.965,0.001,26.9,59.8,0.002,105.0,pause,labview_demo_csv
ARO-01,1540,A_linear,healthy,ascent,0.984,0.755,27.0,59.7,1.363,105.0,ascent,labview_demo_csv
ARO-01,1541,A_linear,healthy,ascent,0.963,0.751,27.1,59.8,1.354,105.0,ascent,labview_demo_csv
ARO-01,1542,A_linear,healthy,ascent,0.976,0.755,27.1,59.7,1.362,105.0,ascent,labview_demo_csv
ARO-01,1543,A_linear,healthy,ascent,0.982,0.756,27.2,59.8,1.363,105.0,ascent,labview_demo_csv
ARO-01,1544,A_linear,healthy,ascent,0.970,0.751,27.3,59.6,1.356,105.0,ascent,labview_demo_csv
ARO-01,1545,A_linear,healthy,ascent,1.022,0.760,27.3,59.6,1.372,105.0,ascent,labview_demo_csv
ARO-01,1546,A_linear,healthy,ascent,0.996,0.746,27.3,59.6,1.345,105.0,ascent,labview_demo_csv
ARO-01,1547,A_linear,healthy,ascent,0.982,0.750,27.4,59.6,1.353,105.0,ascent,labview_demo_csv
ARO-01,1548,A_linear,healthy,ascent,0.992,0.750,27.5,59.5,1.354,105.0,ascent,labview_demo_csv
ARO-01,1549,A_linear,healthy,ascent,1.007,0.762,27.5,59.6,1.376,105.0,ascent,labview_demo_csv
ARO-01,1550,A_linear,healthy,ascent,1.023,0.757,27.6,59.6,1.366,105.0,ascent,labview_demo_csv
ARO-01,1551,A_linear,healthy,ascent,0.976,0.750,27.6,59.7,1.353,105.0,ascent,labview_demo_csv
ARO-01,1552,A_linear,healthy,descent,0.974,0.362,27.5,59.6,0.653,105.0,descent,labview_demo_csv
ARO-01,1553,A_linear,healthy,descent,0.969,0.348,27.4,59.7,0.628,105.0,descent,labview_demo_csv
ARO-01,1554,A_linear,healthy,descent,0.970,0.357,27.3,60.1,0.644,105.0,descent,labview_demo_csv
ARO-01,1555,A_linear,healthy,descent,0.973,0.349,27.4,60.0,0.630,105.0,descent,labview_demo_csv
ARO-01,1556,A_linear,healthy,descent,0.956,0.355,27.3,60.1,0.640,105.0,descent,labview_demo_csv
ARO-01,1557,A_linear,healthy,descent,0.960,0.350,27.3,60.0,0.631,105.0,descent,labview_demo_csv
ARO-01,1558,A_linear,healthy,descent,0.939,0.343,27.4,59.8,0.619,105.0,descent,labview_demo_csv
ARO-01,1559,A_linear,healthy,descent,0.944,0.361,27.3,60.0,0.650,105.0,descent,labview_demo_csv
ARO-01,1560,A_linear,healthy,descent,0.931,0.351,27.3,60.0,0.633,105.0,descent,labview_demo_csv
ARO-01,1561,A_linear,healthy,descent,0.930,0.349,27.2,59.7,0.629,105.0,descent,labview_demo_csv
ARO-01,1562,A_linear,healthy,descent,0.925,0.357,27.2,59.9,0.643,105.0,descent,labview_demo_csv
ARO-01,1563,A_linear,healthy,descent,0.899,0.348,27.2,59.8,0.628,105.0,descent,labview_demo_csv
ARO-01,1564,A_linear,healthy,pause,0.904,0.000,27.1,59.8,0.000,105.0,pause,labview_demo_csv
ARO-01,1565,A_linear,healthy,pause,0.896,0.000,27.0,59.5,0.000,105.0,pause,labview_demo_csv
ARO-01,1566,A_linear,healthy,pause,0.901,0.000,27.0,59.5,0.000,105.0,pause,labview_demo_csv
ARO-01,1567,A_linear,healthy,pause,0.895,0.009,27.0,59.6,0.017,105.0,pause,labview_demo_csv
ARO-01,1568,A_linear,healthy,pause,0.886,0.004,26.9,59.5,0.006,105.0,pause,labview_demo_csv
ARO-01,1569,A_linear,healthy,pause,0.874,0.003,26.8,59.4,0.005,105.0,pause,labview_demo_csv
ARO-01,1570,A_linear,healthy,pause,0.889,0.009,26.7,59.4,0.016,105.0,pause,labview_demo_csv
ARO-01,1571,A_linear,healthy,pause,0.880,0.000,26.7,59.6,0.000,105.0,pause,labview_demo_csv
ARO-01,1572,A_linear,healthy,pause,0.896,0.004,26.7,59.5,0.007,105.0,pause,labview_demo_csv
ARO-01,1573,A_linear,healthy,pause,0.900,0.008,26.7,59.4,0.014,105.0,pause,labview_demo_csv
ARO-01,1574,A_linear,healthy,pause,0.879,0.000,26.7,59.2,0.001,105.0,pause,labview_demo_csv
ARO-01,1575,A_linear,healthy,pause,0.893,0.000,26.6,59.3,0.000,105.0,pause,labview_demo_csv
ARO-01,1576,A_linear,healthy,pause,0.887,0.001,26.6,59.6,0.002,105.0,pause,labview_demo_csv
ARO-01,1577,A_linear,healthy,pause,0.904,0.000,26.5,59.5,0.000,105.0,pause,labview_demo_csv
ARO-01,1578,A_linear,healthy,pause,0.914,0.000,26.6,59.6,0.000,105.0,pause,labview_demo_csv
ARO-01,1579,A_linear,healthy,pause,0.927,0.000,26.6,59.6,0.000,105.0,pause,labview_demo_csv
ARO-01,1580,A_linear,healthy,pause,0.939,0.000,26.5,59.6,0.000,105.0,pause,labview_demo_csv
ARO-01,1581,A_linear,healthy,pause,0.948,0.000,26.4,59.5,0.000,105.0,pause,labview_demo_csv
ARO-01,1582,A_linear,healthy,pause,0.944,0.000,26.4,59.7,0.000,105.0,pause,labview_demo_csv
ARO-01,1583,A_linear,healthy,pause,0.959,0.007,26.5,59.5,0.013,105.0,pause,labview_demo_csv
ARO-01,1584,A_linear,healthy,ascent,0.962,0.556,26.5,59.3,1.002,60.0,ascent,labview_demo_csv
ARO-01,1585,A_linear,healthy,ascent,0.966,0.582,26.5,59.1,1.049,60.0,ascent,labview_demo_csv
ARO-01,1586,A_linear,healthy,ascent,0.976,0.566,26.5,59.1,1.021,60.0,ascent,labview_demo_csv
ARO-01,1587,A_linear,healthy,ascent,0.985,0.554,26.6,59.0,1.000,60.0,ascent,labview_demo_csv
ARO-01,1588,A_linear,healthy,ascent,0.998,0.575,26.6,58.7,1.037,60.0,ascent,labview_demo_csv
ARO-01,1589,A_linear,healthy,ascent,1.005,0.561,26.5,58.7,1.012,60.0,ascent,labview_demo_csv
ARO-01,1590,A_linear,healthy,ascent,0.993,0.565,26.6,59.0,1.019,60.0,ascent,labview_demo_csv
ARO-01,1591,A_linear,healthy,ascent,1.005,0.562,26.7,59.0,1.014,60.0,ascent,labview_demo_csv
ARO-01,1592,A_linear,healthy,ascent,0.999,0.573,26.9,59.0,1.033,60.0,ascent,labview_demo_csv
ARO-01,1593,A_linear,healthy,ascent,1.015,0.557,26.9,59.4,1.005,60.0,ascent,labview_demo_csv
ARO-01,1594,A_linear,healthy,ascent,0.999,0.556,27.1,59.4,1.004,60.0,ascent,labview_demo_csv
ARO-01,1595,A_linear,healthy,ascent,1.000,0.559,27.0,59.3,1.009,60.0,ascent,labview_demo_csv
ARO-01,1596,A_linear,healthy,descent,1.009,0.347,27.0,59.2,0.626,60.0,descent,labview_demo_csv
ARO-01,1597,A_linear,healthy,descent,0.992,0.353,27.0,59.1,0.637,60.0,descent,labview_demo_csv
ARO-01,1598,A_linear,healthy,descent,0.980,0.336,27.0,58.9,0.607,60.0,descent,labview_demo_csv
ARO-01,1599,A_linear,healthy,descent,0.956,0.342,27.0,58.5,0.617,60.0,descent,labview_demo_csv
ARO-01,1600,A_linear,healthy,descent,0.974,0.349,26.9,58.1,0.630,60.0,descent,labview_demo_csv
ARO-01,1601,A_linear,healthy,descent,0.968,0.350,26.9,58.3,0.631,60.0,descent,labview_demo_csv
ARO-01,1602,A_linear,healthy,descent,0.952,0.354,26.9,58.4,0.639,60.0,descent,labview_demo_csv
ARO-01,1603,A_linear,healthy,descent,0.928,0.351,26.9,58.5,0.633,60.0,descent,labview_demo_csv
ARO-01,1604,A_linear,healthy,descent,0.914,0.358,26.9,58.4,0.646,60.0,descent,labview_demo_csv
ARO-01,1605,A_linear,healthy,descent,0.921,0.352,26.9,58.6,0.636,60.0,descent,labview_demo_csv
ARO-01,1606,A_linear,healthy,descent,0.899,0.351,26.8,58.8,0.633,60.0,descent,labview_demo_csv
ARO-01,1607,A_linear,healthy,descent,0.903,0.347,26.8,58.9,0.625,60.0,descent,labview_demo_csv
ARO-01,1608,A_linear,healthy,pause,0.914,0.002,26.9,59.0,0.004,60.0,pause,labview_demo_csv
ARO-01,1609,A_linear,healthy,pause,0.913,0.003,26.9,59.1,0.006,60.0,pause,labview_demo_csv
ARO-01,1610,A_linear,healthy,pause,0.910,0.000,26.8,59.3,0.000,60.0,pause,labview_demo_csv
ARO-01,1611,A_linear,healthy,pause,0.881,0.000,26.8,59.4,0.000,60.0,pause,labview_demo_csv
ARO-01,1612,A_linear,healthy,pause,0.888,0.000,26.8,59.6,0.000,60.0,pause,labview_demo_csv
ARO-01,1613,A_linear,healthy,pause,0.877,0.000,26.7,59.7,0.000,60.0,pause,labview_demo_csv
ARO-01,1614,A_linear,healthy,pause,0.888,0.000,26.8,59.7,0.000,60.0,pause,labview_demo_csv
ARO-01,1615,A_linear,healthy,pause,0.883,0.003,26.8,59.5,0.006,60.0,pause,labview_demo_csv
ARO-01,1616,A_linear,healthy,pause,0.887,0.000,26.8,59.4,0.000,60.0,pause,labview_demo_csv
ARO-01,1617,A_linear,healthy,pause,0.876,0.004,26.8,59.0,0.008,60.0,pause,labview_demo_csv
ARO-01,1618,A_linear,healthy,pause,0.894,0.000,26.8,58.9,0.000,60.0,pause,labview_demo_csv
ARO-01,1619,A_linear,healthy,pause,0.906,0.005,26.8,58.7,0.008,60.0,pause,labview_demo_csv
ARO-01,1620,A_linear,healthy,pause,0.915,0.003,26.7,59.0,0.005,60.0,pause,labview_demo_csv
ARO-01,1621,A_linear,healthy,pause,0.941,0.005,26.7,58.9,0.010,60.0,pause,labview_demo_csv
ARO-01,1622,A_linear,healthy,pause,0.918,0.000,26.7,58.9,0.000,60.0,pause,labview_demo_csv
ARO-01,1623,A_linear,healthy,pause,0.921,0.000,26.5,58.6,0.000,60.0,pause,labview_demo_csv
ARO-01,1624,A_linear,healthy,pause,0.927,0.008,26.4,58.4,0.015,60.0,pause,labview_demo_csv
ARO-01,1625,A_linear,healthy,pause,0.927,0.000,26.4,58.4,0.000,60.0,pause,labview_demo_csv
ARO-01,1626,A_linear,healthy,pause,0.967,0.000,26.4,58.6,0.000,60.0,pause,labview_demo_csv
ARO-01,1627,A_linear,healthy,pause,0.979,0.016,26.4,58.8,0.030,60.0,pause,labview_demo_csv
ARO-01,1628,A_linear,healthy,ascent,1.006,0.562,26.4,58.2,1.014,60.0,ascent,labview_demo_csv
ARO-01,1629,A_linear,healthy,ascent,0.960,0.568,26.5,58.2,1.025,60.0,ascent,labview_demo_csv
ARO-01,1630,A_linear,healthy,ascent,0.985,0.568,26.5,58.1,1.025,60.0,ascent,labview_demo_csv
ARO-01,1631,A_linear,healthy,ascent,1.022,0.563,26.5,58.3,1.017,60.0,ascent,labview_demo_csv
ARO-01,1632,A_linear,healthy,ascent,1.011,0.582,26.6,58.1,1.050,60.0,ascent,labview_demo_csv
ARO-01,1633,A_linear,healthy,ascent,1.003,0.573,26.7,58.3,1.034,60.0,ascent,labview_demo_csv
ARO-01,1634,A_linear,healthy,ascent,1.021,0.560,26.6,58.4,1.010,60.0,ascent,labview_demo_csv
ARO-01,1635,A_linear,healthy,ascent,0.987,0.577,26.6,58.5,1.041,60.0,ascent,labview_demo_csv
ARO-01,1636,A_linear,healthy,ascent,1.019,0.564,26.7,58.3,1.018,60.0,ascent,labview_demo_csv
ARO-01,1637,A_linear,healthy,ascent,1.018,0.570,26.8,58.2,1.029,60.0,ascent,labview_demo_csv
ARO-01,1638,A_linear,healthy,ascent,1.008,0.572,26.8,58.1,1.032,60.0,ascent,labview_demo_csv
ARO-01,1639,A_linear,healthy,ascent,1.006,0.553,26.8,58.0,0.997,60.0,ascent,labview_demo_csv
ARO-01,1640,A_linear,healthy,descent,0.974,0.346,26.8,58.2,0.625,60.0,descent,labview_demo_csv
ARO-01,1641,A_linear,healthy,descent,0.996,0.358,26.8,57.9,0.646,60.0,descent,labview_demo_csv
ARO-01,1642,A_linear,healthy,descent,0.980,0.352,26.8,57.9,0.635,60.0,descent,labview_demo_csv
ARO-01,1643,A_linear,healthy,descent,0.988,0.343,26.7,58.0,0.618,60.0,descent,labview_demo_csv
ARO-01,1644,A_linear,healthy,descent,0.959,0.352,26.6,57.8,0.636,60.0,descent,labview_demo_csv
ARO-01,1645,A_linear,healthy,descent,0.961,0.346,26.6,57.7,0.623,60.0,descent,labview_demo_csv
ARO-01,1646,A_linear,healthy,descent,0.954,0.349,26.7,57.9,0.629,60.0,descent,labview_demo_csv
ARO-01,1647,A_linear,healthy,descent,0.962,0.355,26.7,58.1,0.640,60.0,descent,labview_demo_csv
ARO-01,1648,A_linear,healthy,descent,0.925,0.346,26.7,58.1,0.625,60.0,descent,labview_demo_csv
ARO-01,1649,A_linear,healthy,descent,0.924,0.347,26.7,58.4,0.626,60.0,descent,labview_demo_csv
ARO-01,1650,A_linear,healthy,descent,0.897,0.351,26.7,58.6,0.633,60.0,descent,labview_demo_csv
ARO-01,1651,A_linear,healthy,descent,0.905,0.350,26.7,58.4,0.632,60.0,descent,labview_demo_csv
ARO-01,1652,A_linear,healthy,pause,0.875,0.000,26.7,58.3,0.000,60.0,pause,labview_demo_csv
ARO-01,1653,A_linear,healthy,pause,0.910,0.000,26.6,58.4,0.000,60.0,pause,labview_demo_csv
ARO-01,1654,A_linear,healthy,pause,0.878,0.001,26.6,58.7,0.002,60.0,pause,labview_demo_csv
ARO-01,1655,A_linear,healthy,pause,0.874,0.000,26.4,59.0,0.000,60.0,pause,labview_demo_csv
ARO-01,1656,A_linear,healthy,pause,0.883,0.000,26.4,58.7,0.000,60.0,pause,labview_demo_csv
ARO-01,1657,A_linear,healthy,pause,0.886,0.023,26.4,58.5,0.042,60.0,pause,labview_demo_csv
ARO-01,1658,A_linear,healthy,pause,0.882,0.006,26.4,58.2,0.011,60.0,pause,labview_demo_csv
ARO-01,1659,A_linear,healthy,pause,0.894,0.000,26.3,58.2,0.000,60.0,pause,labview_demo_csv
ARO-01,1660,A_linear,healthy,pause,0.884,0.000,26.3,58.0,0.000,60.0,pause,labview_demo_csv
ARO-01,1661,A_linear,healthy,pause,0.915,0.000,26.3,58.3,0.000,60.0,pause,labview_demo_csv
ARO-01,1662,A_linear,healthy,pause,0.881,0.006,26.2,58.4,0.011,60.0,pause,labview_demo_csv
ARO-01,1663,A_linear,healthy,pause,0.902,0.000,26.2,58.4,0.000,60.0,pause,labview_demo_csv
ARO-01,1664,A_linear,healthy,pause,0.902,0.018,26.1,58.4,0.032,60.0,pause,labview_demo_csv
ARO-01,1665,A_linear,healthy,pause,0.910,0.000,26.0,58.1,0.000,60.0,pause,labview_demo_csv
ARO-01,1666,A_linear,healthy,pause,0.926,0.000,26.0,58.1,0.000,60.0,pause,labview_demo_csv
ARO-01,1667,A_linear,healthy,pause,0.926,0.000,25.9,58.5,0.000,60.0,pause,labview_demo_csv
ARO-01,1668,A_linear,healthy,pause,0.951,0.000,25.8,58.7,0.001,60.0,pause,labview_demo_csv
ARO-01,1669,A_linear,healthy,pause,0.949,0.008,25.8,58.3,0.014,60.0,pause,labview_demo_csv
ARO-01,1670,A_linear,healthy,pause,0.960,0.002,25.8,58.7,0.004,60.0,pause,labview_demo_csv
ARO-01,1671,A_linear,healthy,pause,0.959,0.002,25.9,58.5,0.003,60.0,pause,labview_demo_csv
ARO-01,1672,A_linear,healthy,ascent,0.967,0.563,25.9,58.4,1.016,60.0,ascent,labview_demo_csv
ARO-01,1673,A_linear,healthy,ascent,0.998,0.566,25.9,58.0,1.022,60.0,ascent,labview_demo_csv
ARO-01,1674,A_linear,healthy,ascent,0.990,0.573,25.9,58.3,1.033,60.0,ascent,labview_demo_csv
ARO-01,1675,A_linear,healthy,ascent,0.988,0.566,26.0,58.3,1.021,60.0,ascent,labview_demo_csv
ARO-01,1676,A_linear,healthy,ascent,1.028,0.561,26.1,58.7,1.013,60.0,ascent,labview_demo_csv
ARO-01,1677,A_linear,healthy,ascent,1.009,0.567,26.1,58.5,1.022,60.0,ascent,labview_demo_csv
ARO-01,1678,A_linear,healthy,ascent,1.010,0.561,26.0,58.6,1.013,60.0,ascent,labview_demo_csv
ARO-01,1679,A_linear,healthy,ascent,1.012,0.568,26.1,58.6,1.024,60.0,ascent,labview_demo_csv
ARO-01,1680,A_linear,healthy,ascent,1.036,0.565,26.2,58.5,1.020,60.0,ascent,labview_demo_csv
ARO-01,1681,A_linear,healthy,ascent,0.979,0.558,26.2,58.6,1.007,60.0,ascent,labview_demo_csv
ARO-01,1682,A_linear,healthy,ascent,1.021,0.565,26.2,58.7,1.020,60.0,ascent,labview_demo_csv
ARO-01,1683,A_linear,healthy,ascent,0.995,0.571,26.1,58.7,1.031,60.0,ascent,labview_demo_csv
ARO-01,1684,A_linear,healthy,descent,0.996,0.349,26.2,58.8,0.630,60.0,descent,labview_demo_csv
ARO-01,1685,A_linear,healthy,descent,0.975,0.342,26.2,58.8,0.617,60.0,descent,labview_demo_csv
ARO-01,1686,A_linear,healthy,descent,0.963,0.344,26.1,58.4,0.622,60.0,descent,labview_demo_csv
ARO-01,1687,A_linear,healthy,descent,0.960,0.345,26.1,58.5,0.623,60.0,descent,labview_demo_csv
ARO-01,1688,A_linear,healthy,descent,0.979,0.344,26.2,58.5,0.620,60.0,descent,labview_demo_csv
ARO-01,1689,A_linear,healthy,descent,0.972,0.341,26.1,58.4,0.616,60.0,descent,labview_demo_csv
ARO-01,1690,A_linear,healthy,descent,0.945,0.349,26.1,58.0,0.630,60.0,descent,labview_demo_csv
ARO-01,1691,A_linear,healthy,descent,0.935,0.344,26.1,57.8,0.621,60.0,descent,labview_demo_csv
ARO-01,1692,A_linear,healthy,descent,0.913,0.349,26.1,57.9,0.630,60.0,descent,labview_demo_csv
ARO-01,1693,A_linear,healthy,descent,0.925,0.344,26.1,57.9,0.621,60.0,descent,labview_demo_csv
ARO-01,1694,A_linear,healthy,descent,0.932,0.346,26.2,57.8,0.624,60.0,descent,labview_demo_csv
ARO-01,1695,A_linear,healthy,descent,0.907,0.353,26.3,57.6,0.638,60.0,descent,labview_demo_csv
ARO-01,1696,A_linear,healthy,pause,0.915,0.000,26.2,57.6,0.000,60.0,pause,labview_demo_csv
ARO-01,1697,A_linear,healthy,pause,0.869,0.001,26.0,57.5,0.002,60.0,pause,labview_demo_csv
ARO-01,1698,A_linear,healthy,pause,0.892,0.006,26.0,57.6,0.012,60.0,pause,labview_demo_csv
ARO-01,1699,A_linear,healthy,pause,0.878,0.000,25.9,57.3,0.000,60.0,pause,labview_demo_csv
ARO-01,1700,A_linear,healthy,pause,0.893,0.000,25.9,56.9,0.000,60.0,pause,labview_demo_csv
ARO-01,1701,A_linear,healthy,pause,0.877,0.000,25.7,57.1,0.000,60.0,pause,labview_demo_csv
ARO-01,1702,A_linear,healthy,pause,0.889,0.003,25.7,57.0,0.006,60.0,pause,labview_demo_csv
ARO-01,1703,A_linear,healthy,pause,0.899,0.009,25.7,57.3,0.016,60.0,pause,labview_demo_csv
ARO-01,1704,A_linear,healthy,pause,0.890,0.000,25.6,57.6,0.000,60.0,pause,labview_demo_csv
ARO-01,1705,A_linear,healthy,pause,0.880,0.001,25.6,57.1,0.002,60.0,pause,labview_demo_csv
ARO-01,1706,A_linear,healthy,pause,0.899,0.010,25.6,56.9,0.019,60.0,pause,labview_demo_csv
ARO-01,1707,A_linear,healthy,pause,0.915,0.000,25.7,57.2,0.000,60.0,pause,labview_demo_csv
ARO-01,1708,A_linear,healthy,pause,0.912,0.000,25.8,57.4,0.000,60.0,pause,labview_demo_csv
ARO-01,1709,A_linear,healthy,pause,0.914,0.000,25.7,57.7,0.000,60.0,pause,labview_demo_csv
ARO-01,1710,A_linear,healthy,pause,0.905,0.000,25.7,57.7,0.000,60.0,pause,labview_demo_csv
ARO-01,1711,A_linear,healthy,pause,0.929,0.003,25.7,57.7,0.005,60.0,pause,labview_demo_csv
ARO-01,1712,A_linear,healthy,pause,0.930,0.004,25.7,57.8,0.007,60.0,pause,labview_demo_csv
ARO-01,1713,A_linear,healthy,pause,0.947,0.000,25.6,57.7,0.000,60.0,pause,labview_demo_csv
ARO-01,1714,A_linear,healthy,pause,0.942,0.003,25.5,57.7,0.006,60.0,pause,labview_demo_csv
ARO-01,1715,A_linear,healthy,pause,0.975,0.010,25.4,57.6,0.017,60.0,pause,labview_demo_csv
ARO-01,1716,A_linear,healthy,ascent,0.972,0.557,25.5,57.2,1.005,60.0,ascent,labview_demo_csv
ARO-01,1717,A_linear,healthy,ascent,0.994,0.561,25.6,57.1,1.011,60.0,ascent,labview_demo_csv
ARO-01,1718,A_linear,healthy,ascent,0.991,0.561,25.5,57.2,1.012,60.0,ascent,labview_demo_csv
ARO-01,1719,A_linear,healthy,ascent,1.006,0.567,25.6,57.3,1.023,60.0,ascent,labview_demo_csv
ARO-01,1720,A_linear,healthy,ascent,0.993,0.559,25.7,57.4,1.009,60.0,ascent,labview_demo_csv
ARO-01,1721,A_linear,healthy,ascent,0.995,0.565,25.8,57.8,1.020,60.0,ascent,labview_demo_csv
ARO-01,1722,A_linear,healthy,ascent,1.000,0.566,25.9,57.4,1.022,60.0,ascent,labview_demo_csv
ARO-01,1723,A_linear,healthy,ascent,0.987,0.551,25.9,57.3,0.994,60.0,ascent,labview_demo_csv
ARO-01,1724,A_linear,healthy,ascent,0.991,0.555,25.9,56.9,1.002,60.0,ascent,labview_demo_csv
ARO-01,1725,A_linear,healthy,ascent,0.999,0.553,25.9,56.8,0.997,60.0,ascent,labview_demo_csv
ARO-01,1726,A_linear,healthy,ascent,0.995,0.563,25.9,56.8,1.016,60.0,ascent,labview_demo_csv
ARO-01,1727,A_linear,healthy,ascent,0.988,0.565,25.8,56.8,1.019,60.0,ascent,labview_demo_csv
ARO-01,1728,A_linear,healthy,descent,0.994,0.345,25.8,57.0,0.623,60.0,descent,labview_demo_csv
ARO-01,1729,A_linear,healthy,descent,0.987,0.343,25.9,57.2,0.619,60.0,descent,labview_demo_csv
ARO-01,1730,A_linear,healthy,descent,0.998,0.344,25.9,56.8,0.621,60.0,descent,labview_demo_csv
ARO-01,1731,A_linear,healthy,descent,0.964,0.367,25.9,57.0,0.662,60.0,descent,labview_demo_csv
ARO-01,1732,A_linear,healthy,descent,0.977,0.352,25.9,57.1,0.636,60.0,descent,labview_demo_csv
ARO-01,1733,A_linear,healthy,descent,0.965,0.341,25.8,56.9,0.616,60.0,descent,labview_demo_csv
ARO-01,1734,A_linear,healthy,descent,0.962,0.344,25.8,56.9,0.620,60.0,descent,labview_demo_csv
ARO-01,1735,A_linear,healthy,descent,0.958,0.353,25.9,57.1,0.636,60.0,descent,labview_demo_csv
ARO-01,1736,A_linear,healthy,descent,0.935,0.342,25.9,57.3,0.617,60.0,descent,labview_demo_csv
ARO-01,1737,A_linear,healthy,descent,0.932,0.343,25.9,57.3,0.619,60.0,descent,labview_demo_csv
ARO-01,1738,A_linear,healthy,descent,0.939,0.359,25.9,57.2,0.647,60.0,descent,labview_demo_csv
ARO-01,1739,A_linear,healthy,descent,0.912,0.352,25.9,57.3,0.635,60.0,descent,labview_demo_csv
ARO-01,1740,A_linear,healthy,pause,0.901,0.000,25.8,57.2,0.000,60.0,pause,labview_demo_csv
ARO-01,1741,A_linear,healthy,pause,0.913,0.000,25.8,57.1,0.000,60.0,pause,labview_demo_csv
ARO-01,1742,A_linear,healthy,pause,0.889,0.002,25.8,57.3,0.004,60.0,pause,labview_demo_csv
ARO-01,1743,A_linear,healthy,pause,0.876,0.000,25.7,57.3,0.000,60.0,pause,labview_demo_csv
ARO-01,1744,A_linear,healthy,pause,0.907,0.000,25.6,57.2,0.000,60.0,pause,labview_demo_csv
ARO-01,1745,A_linear,healthy,pause,0.884,0.000,25.6,57.3,0.000,60.0,pause,labview_demo_csv
ARO-01,1746,A_linear,healthy,pause,0.893,0.003,25.5,57.1,0.006,60.0,pause,labview_demo_csv
ARO-01,1747,A_linear,healthy,pause,0.888,0.000,25.6,56.9,0.000,60.0,pause,labview_demo_csv
ARO-01,1748,A_linear,healthy,pause,0.882,0.000,25.6,56.8,0.000,60.0,pause,labview_demo_csv
ARO-01,1749,A_linear,healthy,pause,0.916,0.010,25.5,57.1,0.017,60.0,pause,labview_demo_csv
ARO-01,1750,A_linear,healthy,pause,0.887,0.000,25.6,56.9,0.000,60.0,pause,labview_demo_csv
ARO-01,1751,A_linear,healthy,pause,0.897,0.000,25.6,56.8,0.000,60.0,pause,labview_demo_csv
ARO-01,1752,A_linear,healthy,pause,0.894,0.005,25.6,56.8,0.008,60.0,pause,labview_demo_csv
ARO-01,1753,A_linear,healthy,pause,0.932,0.000,25.7,57.0,0.000,60.0,pause,labview_demo_csv
ARO-01,1754,A_linear,healthy,pause,0.936,0.004,25.6,56.9,0.008,60.0,pause,labview_demo_csv
ARO-01,1755,A_linear,healthy,pause,0.941,0.000,25.6,56.5,0.000,60.0,pause,labview_demo_csv
ARO-01,1756,A_linear,healthy,pause,0.957,0.002,25.4,56.6,0.003,60.0,pause,labview_demo_csv
ARO-01,1757,A_linear,healthy,pause,0.954,0.001,25.5,56.8,0.002,60.0,pause,labview_demo_csv
ARO-01,1758,A_linear,healthy,pause,0.991,0.003,25.4,57.0,0.005,60.0,pause,labview_demo_csv
ARO-01,1759,A_linear,healthy,pause,0.954,0.001,25.5,57.1,0.001,60.0,pause,labview_demo_csv
ARO-01,1760,A_linear,healthy,ascent,0.988,0.566,25.6,57.0,1.022,60.0,ascent,labview_demo_csv
ARO-01,1761,A_linear,healthy,ascent,0.977,0.563,25.5,57.0,1.017,60.0,ascent,labview_demo_csv
ARO-01,1762,A_linear,healthy,ascent,0.998,0.572,25.5,56.9,1.033,60.0,ascent,labview_demo_csv
ARO-01,1763,A_linear,healthy,ascent,1.006,0.568,25.5,56.8,1.025,60.0,ascent,labview_demo_csv
ARO-01,1764,A_linear,healthy,ascent,0.995,0.569,25.5,56.9,1.027,60.0,ascent,labview_demo_csv
ARO-01,1765,A_linear,healthy,ascent,1.015,0.565,25.4,56.9,1.020,60.0,ascent,labview_demo_csv
ARO-01,1766,A_linear,healthy,ascent,1.022,0.565,25.5,57.2,1.019,60.0,ascent,labview_demo_csv
ARO-01,1767,A_linear,healthy,ascent,1.002,0.571,25.6,57.1,1.030,60.0,ascent,labview_demo_csv
ARO-01,1768,A_linear,healthy,ascent,0.996,0.561,25.7,57.0,1.013,60.0,ascent,labview_demo_csv
ARO-01,1769,A_linear,healthy,ascent,0.978,0.565,25.8,57.3,1.019,60.0,ascent,labview_demo_csv
ARO-01,1770,A_linear,healthy,ascent,1.010,0.571,25.8,57.4,1.030,60.0,ascent,labview_demo_csv
ARO-01,1771,A_linear,healthy,ascent,0.993,0.573,25.8,57.6,1.033,60.0,ascent,labview_demo_csv
ARO-01,1772,A_linear,healthy,descent,0.974,0.347,25.7,57.5,0.625,60.0,descent,labview_demo_csv
ARO-01,1773,A_linear,healthy,descent,1.016,0.351,25.6,57.5,0.633,60.0,descent,labview_demo_csv
ARO-01,1774,A_linear,healthy,descent,0.979,0.356,25.7,57.4,0.642,60.0,descent,labview_demo_csv
ARO-01,1775,A_linear,healthy,descent,0.963,0.345,25.8,57.0,0.623,60.0,descent,labview_demo_csv
ARO-01,1776,A_linear,healthy,descent,0.957,0.358,25.7,57.2,0.646,60.0,descent,labview_demo_csv
ARO-01,1777,A_linear,healthy,descent,0.964,0.341,25.7,56.9,0.615,60.0,descent,labview_demo_csv
ARO-01,1778,A_linear,healthy,descent,0.945,0.351,25.7,56.6,0.633,60.0,descent,labview_demo_csv
ARO-01,1779,A_linear,healthy,descent,0.933,0.335,25.7,56.7,0.605,60.0,descent,labview_demo_csv
ARO-01,1780,A_linear,healthy,descent,0.949,0.346,25.7,56.6,0.624,60.0,descent,labview_demo_csv
ARO-01,1781,A_linear,healthy,descent,0.898,0.336,25.6,56.4,0.605,60.0,descent,labview_demo_csv
ARO-01,1782,A_linear,healthy,descent,0.917,0.346,25.7,56.3,0.625,60.0,descent,labview_demo_csv
ARO-01,1783,A_linear,healthy,descent,0.903,0.346,25.5,56.4,0.624,60.0,descent,labview_demo_csv
ARO-01,1784,A_linear,healthy,pause,0.925,0.000,25.4,56.5,0.000,60.0,pause,labview_demo_csv
ARO-01,1785,A_linear,healthy,pause,0.906,0.000,25.4,56.6,0.000,60.0,pause,labview_demo_csv
ARO-01,1786,A_linear,healthy,pause,0.899,0.000,25.3,56.8,0.000,60.0,pause,labview_demo_csv
ARO-01,1787,A_linear,healthy,pause,0.895,0.003,25.3,57.0,0.006,60.0,pause,labview_demo_csv
ARO-01,1788,A_linear,healthy,pause,0.903,0.000,25.3,57.2,0.000,60.0,pause,labview_demo_csv
ARO-01,1789,A_linear,healthy,pause,0.877,0.000,25.3,57.3,0.000,60.0,pause,labview_demo_csv
ARO-01,1790,A_linear,healthy,pause,0.865,0.001,25.3,57.4,0.002,60.0,pause,labview_demo_csv
ARO-01,1791,A_linear,healthy,pause,0.881,0.000,25.3,57.3,0.000,60.0,pause,labview_demo_csv
ARO-01,1792,A_linear,healthy,pause,0.887,0.009,25.3,57.3,0.015,60.0,pause,labview_demo_csv
ARO-01,1793,A_linear,healthy,pause,0.912,0.003,25.3,57.3,0.005,60.0,pause,labview_demo_csv
ARO-01,1794,A_linear,healthy,pause,0.901,0.004,25.2,57.5,0.007,60.0,pause,labview_demo_csv
ARO-01,1795,A_linear,healthy,pause,0.916,0.000,25.2,57.7,0.000,60.0,pause,labview_demo_csv
ARO-01,1796,A_linear,healthy,pause,0.925,0.000,25.3,57.6,0.000,60.0,pause,labview_demo_csv
ARO-01,1797,A_linear,healthy,pause,0.915,0.008,25.3,57.7,0.014,60.0,pause,labview_demo_csv
ARO-01,1798,A_linear,healthy,pause,0.913,0.005,25.3,57.7,0.010,60.0,pause,labview_demo_csv
ARO-01,1799,A_linear,healthy,pause,0.935,0.007,25.3,57.8,0.013,60.0,pause,labview_demo_csv
ARO-01,1800,A_linear,healthy,pause,0.953,0.004,25.3,57.7,0.007,60.0,pause,labview_demo_csv
ARO-01,1801,A_linear,healthy,pause,0.947,0.000,25.3,57.5,0.000,60.0,pause,labview_demo_csv
ARO-01,1802,A_linear,healthy,pause,0.981,0.000,25.4,57.2,0.000,60.0,pause,labview_demo_csv
ARO-01,1803,A_linear,healthy,pause,0.977,0.002,25.4,57.1,0.003,60.0,pause,labview_demo_csv
ARO-01,1804,A_linear,healthy,ascent,0.979,0.564,25.6,56.6,1.017,60.0,ascent,labview_demo_csv
ARO-01,1805,A_linear,healthy,ascent,1.010,0.573,25.6,56.8,1.034,60.0,ascent,labview_demo_csv
ARO-01,1806,A_linear,healthy,ascent,1.005,0.568,25.7,56.9,1.025,60.0,ascent,labview_demo_csv
ARO-01,1807,A_linear,healthy,ascent,0.980,0.575,25.7,57.0,1.037,60.0,ascent,labview_demo_csv
ARO-01,1808,A_linear,healthy,ascent,0.972,0.567,25.6,56.5,1.023,60.0,ascent,labview_demo_csv
ARO-01,1809,A_linear,healthy,ascent,1.016,0.556,25.7,56.7,1.003,60.0,ascent,labview_demo_csv
ARO-01,1810,A_linear,healthy,ascent,1.009,0.554,25.6,56.7,0.999,60.0,ascent,labview_demo_csv
ARO-01,1811,A_linear,healthy,ascent,0.984,0.567,25.7,56.6,1.022,60.0,ascent,labview_demo_csv
ARO-01,1812,A_linear,healthy,ascent,1.016,0.558,25.7,56.4,1.007,60.0,ascent,labview_demo_csv
ARO-01,1813,A_linear,healthy,ascent,1.001,0.566,25.8,56.5,1.021,60.0,ascent,labview_demo_csv
ARO-01,1814,A_linear,healthy,ascent,1.017,0.568,25.8,56.5,1.025,60.0,ascent,labview_demo_csv
ARO-01,1815,A_linear,healthy,ascent,0.992,0.563,25.8,56.4,1.015,60.0,ascent,labview_demo_csv
ARO-01,1816,A_linear,healthy,descent,1.022,0.362,25.7,56.2,0.654,60.0,descent,labview_demo_csv
ARO-01,1817,A_linear,healthy,descent,1.022,0.349,25.8,56.2,0.630,60.0,descent,labview_demo_csv
ARO-01,1818,A_linear,healthy,descent,0.974,0.348,25.8,56.3,0.628,60.0,descent,labview_demo_csv
ARO-01,1819,A_linear,healthy,descent,0.971,0.343,25.8,55.8,0.619,60.0,descent,labview_demo_csv
ARO-01,1820,A_linear,healthy,descent,0.980,0.343,25.8,56.3,0.618,60.0,descent,labview_demo_csv
ARO-01,1821,A_linear,healthy,descent,0.933,0.355,25.8,56.6,0.640,60.0,descent,labview_demo_csv
ARO-01,1822,A_linear,healthy,descent,0.948,0.357,25.8,56.5,0.644,60.0,descent,labview_demo_csv
ARO-01,1823,A_linear,healthy,descent,0.941,0.358,25.7,56.8,0.645,60.0,descent,labview_demo_csv
ARO-01,1824,A_linear,healthy,descent,0.943,0.346,25.7,56.6,0.623,60.0,descent,labview_demo_csv
ARO-01,1825,A_linear,healthy,descent,0.951,0.357,25.6,56.5,0.644,60.0,descent,labview_demo_csv
ARO-01,1826,A_linear,healthy,descent,0.905,0.350,25.6,56.7,0.631,60.0,descent,labview_demo_csv
ARO-01,1827,A_linear,healthy,descent,0.909,0.355,25.5,57.0,0.640,60.0,descent,labview_demo_csv
ARO-01,1828,A_linear,healthy,pause,0.908,0.000,25.5,57.0,0.000,60.0,pause,labview_demo_csv
ARO-01,1829,A_linear,healthy,pause,0.905,0.000,25.4,57.3,0.000,60.0,pause,labview_demo_csv
ARO-01,1830,A_linear,healthy,pause,0.901,0.000,25.3,57.3,0.000,60.0,pause,labview_demo_csv
ARO-01,1831,A_linear,healthy,pause,0.892,0.000,25.3,57.4,0.000,60.0,pause,labview_demo_csv
ARO-01,1832,A_linear,healthy,pause,0.884,0.000,25.2,57.6,0.000,60.0,pause,labview_demo_csv
ARO-01,1833,A_linear,healthy,pause,0.913,0.012,25.1,57.6,0.021,60.0,pause,labview_demo_csv
ARO-01,1834,A_linear,healthy,pause,0.896,0.006,25.1,57.5,0.011,60.0,pause,labview_demo_csv
ARO-01,1835,A_linear,healthy,pause,0.887,0.000,25.2,57.6,0.000,60.0,pause,labview_demo_csv
ARO-01,1836,A_linear,healthy,pause,0.862,0.000,25.1,57.3,0.000,60.0,pause,labview_demo_csv
ARO-01,1837,A_linear,healthy,pause,0.911,0.008,25.1,57.1,0.014,60.0,pause,labview_demo_csv
ARO-01,1838,A_linear,healthy,pause,0.898,0.003,25.0,56.9,0.005,60.0,pause,labview_demo_csv
ARO-01,1839,A_linear,healthy,pause,0.907,0.002,25.0,56.9,0.004,60.0,pause,labview_demo_csv
ARO-01,1840,A_linear,healthy,pause,0.910,0.000,24.9,56.9,0.000,60.0,pause,labview_demo_csv
ARO-01,1841,A_linear,healthy,pause,0.911,0.002,24.9,56.9,0.004,60.0,pause,labview_demo_csv
ARO-01,1842,A_linear,healthy,pause,0.913,0.008,24.9,57.3,0.014,60.0,pause,labview_demo_csv
ARO-01,1843,A_linear,healthy,pause,0.930,0.010,24.8,57.3,0.017,60.0,pause,labview_demo_csv
ARO-01,1844,A_linear,healthy,pause,0.945,0.000,24.7,57.1,0.000,60.0,pause,labview_demo_csv
ARO-01,1845,A_linear,healthy,pause,0.935,0.000,24.7,57.3,0.000,60.0,pause,labview_demo_csv
ARO-01,1846,A_linear,healthy,pause,0.955,0.001,24.7,57.2,0.003,60.0,pause,labview_demo_csv
ARO-01,1847,A_linear,healthy,pause,0.978,0.008,24.8,57.1,0.015,60.0,pause,labview_demo_csv
ARO-01,1848,A_linear,healthy,ascent,0.979,0.567,24.8,56.9,1.023,60.0,ascent,labview_demo_csv
ARO-01,1849,A_linear,healthy,ascent,0.985,0.562,24.8,57.0,1.014,60.0,ascent,labview_demo_csv
ARO-01,1850,A_linear,healthy,ascent,1.008,0.567,24.9,57.0,1.024,60.0,ascent,labview_demo_csv
ARO-01,1851,A_linear,healthy,ascent,0.999,0.571,24.9,56.8,1.031,60.0,ascent,labview_demo_csv
ARO-01,1852,A_linear,healthy,ascent,0.997,0.566,25.0,56.6,1.021,60.0,ascent,labview_demo_csv
ARO-01,1853,A_linear,healthy,ascent,0.995,0.569,25.0,56.6,1.026,60.0,ascent,labview_demo_csv
ARO-01,1854,A_linear,healthy,ascent,1.013,0.576,25.0,56.5,1.038,60.0,ascent,labview_demo_csv
ARO-01,1855,A_linear,healthy,ascent,0.998,0.571,25.1,56.7,1.030,60.0,ascent,labview_demo_csv
ARO-01,1856,A_linear,healthy,ascent,1.002,0.577,25.1,56.6,1.041,60.0,ascent,labview_demo_csv
ARO-01,1857,A_linear,healthy,ascent,1.006,0.562,25.1,56.4,1.014,60.0,ascent,labview_demo_csv
ARO-01,1858,A_linear,healthy,ascent,0.990,0.566,25.1,56.2,1.022,60.0,ascent,labview_demo_csv
ARO-01,1859,A_linear,healthy,ascent,0.988,0.571,25.1,56.3,1.029,60.0,ascent,labview_demo_csv
ARO-01,1860,A_linear,healthy,descent,1.007,0.351,25.2,56.1,0.633,60.0,descent,labview_demo_csv
ARO-01,1861,A_linear,healthy,descent,0.976,0.350,25.1,56.0,0.632,60.0,descent,labview_demo_csv
ARO-01,1862,A_linear,healthy,descent,0.971,0.333,25.2,56.0,0.600,60.0,descent,labview_demo_csv
ARO-01,1863,A_linear,healthy,descent,0.973,0.342,25.1,55.9,0.617,60.0,descent,labview_demo_csv
ARO-01,1864,A_linear,healthy,descent,0.952,0.355,25.1,56.3,0.641,60.0,descent,labview_demo_csv
ARO-01,1865,A_linear,healthy,descent,0.948,0.345,25.1,56.0,0.623,60.0,descent,labview_demo_csv
ARO-01,1866,A_linear,healthy,descent,0.955,0.347,25.1,56.0,0.625,60.0,descent,labview_demo_csv
ARO-01,1867,A_linear,healthy,descent,0.944,0.360,25.0,56.0,0.649,60.0,descent,labview_demo_csv
ARO-01,1868,A_linear,healthy,descent,0.920,0.356,25.0,56.2,0.642,60.0,descent,labview_demo_csv
ARO-01,1869,A_linear,healthy,descent,0.939,0.336,25.0,56.2,0.606,60.0,descent,labview_demo_csv
ARO-01,1870,A_linear,healthy,descent,0.924,0.347,25.1,56.2,0.625,60.0,descent,labview_demo_csv
ARO-01,1871,A_linear,healthy,descent,0.929,0.353,25.2,56.0,0.636,60.0,descent,labview_demo_csv
ARO-01,1872,A_linear,healthy,pause,0.906,0.000,25.0,56.5,0.000,60.0,pause,labview_demo_csv
ARO-01,1873,A_linear,healthy,pause,0.874,0.000,24.9,56.5,0.000,60.0,pause,labview_demo_csv
ARO-01,1874,A_linear,healthy,pause,0.895,0.018,24.8,56.8,0.033,60.0,pause,labview_demo_csv
ARO-01,1875,A_linear,healthy,pause,0.878,0.000,24.8,56.7,0.000,60.0,pause,labview_demo_csv
ARO-01,1876,A_linear,healthy,pause,0.868,0.006,24.7,56.6,0.010,60.0,pause,labview_demo_csv
ARO-01,1877,A_linear,healthy,pause,0.871,0.007,24.6,56.5,0.012,60.0,pause,labview_demo_csv
ARO-01,1878,A_linear,healthy,pause,0.883,0.006,24.6,56.5,0.011,60.0,pause,labview_demo_csv
ARO-01,1879,A_linear,healthy,pause,0.899,0.000,24.6,56.5,0.000,60.0,pause,labview_demo_csv
ARO-01,1880,A_linear,healthy,pause,0.868,0.000,24.7,56.8,0.000,60.0,pause,labview_demo_csv
ARO-01,1881,A_linear,healthy,pause,0.875,0.002,24.7,57.0,0.003,60.0,pause,labview_demo_csv
ARO-01,1882,A_linear,healthy,pause,0.905,0.000,24.7,57.0,0.000,60.0,pause,labview_demo_csv
ARO-01,1883,A_linear,healthy,pause,0.924,0.002,24.6,57.0,0.003,60.0,pause,labview_demo_csv
ARO-01,1884,A_linear,healthy,pause,0.921,0.003,24.5,56.9,0.005,60.0,pause,labview_demo_csv
ARO-01,1885,A_linear,healthy,pause,0.929,0.001,24.4,57.1,0.002,60.0,pause,labview_demo_csv
ARO-01,1886,A_linear,healthy,pause,0.927,0.002,24.4,57.1,0.003,60.0,pause,labview_demo_csv
ARO-01,1887,A_linear,healthy,pause,0.943,0.003,24.5,57.0,0.006,60.0,pause,labview_demo_csv
ARO-01,1888,A_linear,healthy,pause,0.934,0.001,24.5,56.9,0.002,60.0,pause,labview_demo_csv
ARO-01,1889,A_linear,healthy,pause,0.938,0.007,24.5,56.6,0.013,60.0,pause,labview_demo_csv
ARO-01,1890,A_linear,healthy,pause,0.951,0.009,24.5,56.5,0.017,60.0,pause,labview_demo_csv
ARO-01,1891,A_linear,healthy,pause,0.959,0.001,24.5,56.4,0.001,60.0,pause,labview_demo_csv
ARO-01,1892,A_linear,healthy,ascent,0.963,0.570,24.7,55.9,1.029,60.0,ascent,labview_demo_csv
ARO-01,1893,A_linear,healthy,ascent,0.994,0.557,24.7,55.9,1.005,60.0,ascent,labview_demo_csv
ARO-01,1894,A_linear,healthy,ascent,0.986,0.563,24.7,55.9,1.016,60.0,ascent,labview_demo_csv
ARO-01,1895,A_linear,healthy,ascent,1.000,0.563,24.7,56.0,1.016,60.0,ascent,labview_demo_csv
ARO-01,1896,A_linear,healthy,ascent,1.018,0.564,24.6,56.3,1.017,60.0,ascent,labview_demo_csv
ARO-01,1897,A_linear,healthy,ascent,1.010,0.582,24.6,56.2,1.051,60.0,ascent,labview_demo_csv
ARO-01,1898,A_linear,healthy,ascent,1.002,0.573,24.6,56.5,1.035,60.0,ascent,labview_demo_csv
ARO-01,1899,A_linear,healthy,ascent,1.025,0.562,24.6,56.4,1.015,60.0,ascent,labview_demo_csv
ARO-01,1900,A_linear,healthy,ascent,0.989,0.574,24.5,56.1,1.035,60.0,ascent,labview_demo_csv
ARO-01,1901,A_linear,healthy,ascent,1.008,0.575,24.5,56.0,1.037,60.0,ascent,labview_demo_csv
ARO-01,1902,A_linear,healthy,ascent,1.011,0.569,24.4,55.8,1.027,60.0,ascent,labview_demo_csv
ARO-01,1903,A_linear,healthy,ascent,0.989,0.561,24.4,55.9,1.013,60.0,ascent,labview_demo_csv
ARO-01,1904,A_linear,healthy,descent,0.985,0.357,24.3,56.2,0.644,60.0,descent,labview_demo_csv
ARO-01,1905,A_linear,healthy,descent,0.980,0.358,24.3,56.2,0.646,60.0,descent,labview_demo_csv
ARO-01,1906,A_linear,healthy,descent,0.983,0.354,24.3,56.2,0.639,60.0,descent,labview_demo_csv
ARO-01,1907,A_linear,healthy,descent,0.973,0.339,24.4,56.1,0.612,60.0,descent,labview_demo_csv
ARO-01,1908,A_linear,healthy,descent,0.989,0.348,24.5,56.1,0.628,60.0,descent,labview_demo_csv
ARO-01,1909,A_linear,healthy,descent,0.959,0.341,24.5,56.0,0.616,60.0,descent,labview_demo_csv
ARO-01,1910,A_linear,healthy,descent,0.964,0.340,24.5,55.7,0.614,60.0,descent,labview_demo_csv
ARO-01,1911,A_linear,healthy,descent,0.927,0.355,24.4,55.7,0.640,60.0,descent,labview_demo_csv
ARO-01,1912,A_linear,healthy,descent,0.921,0.338,24.4,55.9,0.610,60.0,descent,labview_demo_csv
ARO-01,1913,A_linear,healthy,descent,0.920,0.341,24.5,56.1,0.614,60.0,descent,labview_demo_csv
ARO-01,1914,A_linear,healthy,descent,0.927,0.352,24.4,56.7,0.634,60.0,descent,labview_demo_csv
ARO-01,1915,A_linear,healthy,descent,0.926,0.347,24.5,56.6,0.625,60.0,descent,labview_demo_csv
ARO-01,1916,A_linear,healthy,pause,0.898,0.003,24.5,56.7,0.006,60.0,pause,labview_demo_csv
ARO-01,1917,A_linear,healthy,pause,0.892,0.001,24.5,56.9,0.002,60.0,pause,labview_demo_csv
ARO-01,1918,A_linear,healthy,pause,0.877,0.000,24.4,56.9,0.000,60.0,pause,labview_demo_csv
ARO-01,1919,A_linear,healthy,pause,0.880,0.000,24.4,57.1,0.000,60.0,pause,labview_demo_csv
ARO-01,1920,A_linear,healthy,pause,0.913,0.000,24.4,56.7,0.000,60.0,pause,labview_demo_csv
ARO-01,1921,A_linear,healthy,pause,0.884,0.008,24.2,56.6,0.015,60.0,pause,labview_demo_csv
ARO-01,1922,A_linear,healthy,pause,0.862,0.000,24.2,56.7,0.000,60.0,pause,labview_demo_csv
ARO-01,1923,A_linear,healthy,pause,0.914,0.000,24.1,56.4,0.000,60.0,pause,labview_demo_csv
ARO-01,1924,A_linear,healthy,pause,0.886,0.000,24.0,56.4,0.000,60.0,pause,labview_demo_csv
ARO-01,1925,A_linear,healthy,pause,0.898,0.000,24.0,56.3,0.000,60.0,pause,labview_demo_csv
ARO-01,1926,A_linear,healthy,pause,0.909,0.000,24.0,56.3,0.000,60.0,pause,labview_demo_csv
ARO-01,1927,A_linear,healthy,pause,0.899,0.012,23.9,56.5,0.021,60.0,pause,labview_demo_csv
ARO-01,1928,A_linear,healthy,pause,0.917,0.005,24.0,56.2,0.009,60.0,pause,labview_demo_csv
ARO-01,1929,A_linear,healthy,pause,0.926,0.002,23.9,56.2,0.003,60.0,pause,labview_demo_csv
ARO-01,1930,A_linear,healthy,pause,0.903,0.007,23.9,56.1,0.012,60.0,pause,labview_demo_csv
ARO-01,1931,A_linear,healthy,pause,0.912,0.001,23.9,55.8,0.001,60.0,pause,labview_demo_csv
ARO-01,1932,A_linear,healthy,pause,0.944,0.000,23.8,55.9,0.000,60.0,pause,labview_demo_csv
ARO-01,1933,A_linear,healthy,pause,0.955,0.005,23.9,56.0,0.009,60.0,pause,labview_demo_csv
ARO-01,1934,A_linear,healthy,pause,0.965,0.000,23.9,55.9,0.000,60.0,pause,labview_demo_csv
ARO-01,1935,A_linear,healthy,pause,0.981,0.004,23.8,55.7,0.007,60.0,pause,labview_demo_csv
ARO-01,1936,A_linear,healthy,ascent,0.971,0.705,23.9,55.7,1.271,90.0,ascent,labview_demo_csv
ARO-01,1937,A_linear,healthy,ascent,1.001,0.690,24.0,56.1,1.245,90.0,ascent,labview_demo_csv
ARO-01,1938,A_linear,healthy,ascent,0.981,0.691,24.1,56.0,1.247,90.0,ascent,labview_demo_csv
ARO-01,1939,A_linear,healthy,ascent,0.998,0.694,24.2,55.6,1.252,90.0,ascent,labview_demo_csv
ARO-01,1940,A_linear,healthy,ascent,1.004,0.688,24.2,55.3,1.241,90.0,ascent,labview_demo_csv
ARO-01,1941,A_linear,healthy,ascent,1.013,0.687,24.2,55.4,1.239,90.0,ascent,labview_demo_csv
ARO-01,1942,A_linear,healthy,ascent,1.009,0.690,24.1,55.6,1.246,90.0,ascent,labview_demo_csv
ARO-01,1943,A_linear,healthy,ascent,1.006,0.688,24.2,55.5,1.241,90.0,ascent,labview_demo_csv
ARO-01,1944,A_linear,healthy,ascent,0.993,0.697,24.2,55.7,1.258,90.0,ascent,labview_demo_csv
ARO-01,1945,A_linear,healthy,ascent,1.008,0.682,24.3,55.7,1.230,90.0,ascent,labview_demo_csv
ARO-01,1946,A_linear,healthy,ascent,0.986,0.695,24.3,55.4,1.253,90.0,ascent,labview_demo_csv
ARO-01,1947,A_linear,healthy,ascent,0.988,0.689,24.3,55.7,1.243,90.0,ascent,labview_demo_csv
ARO-01,1948,A_linear,healthy,descent,0.988,0.360,24.4,56.0,0.649,90.0,descent,labview_demo_csv
ARO-01,1949,A_linear,healthy,descent,0.992,0.357,24.4,55.6,0.645,90.0,descent,labview_demo_csv
ARO-01,1950,A_linear,healthy,descent,0.981,0.345,24.4,55.4,0.623,90.0,descent,labview_demo_csv
ARO-01,1951,A_linear,healthy,descent,0.966,0.347,24.4,55.2,0.626,90.0,descent,labview_demo_csv
ARO-01,1952,A_linear,healthy,descent,0.960,0.350,24.4,55.0,0.631,90.0,descent,labview_demo_csv
ARO-01,1953,A_linear,healthy,descent,0.960,0.355,24.4,55.2,0.640,90.0,descent,labview_demo_csv
ARO-01,1954,A_linear,healthy,descent,0.962,0.344,24.4,55.7,0.621,90.0,descent,labview_demo_csv
ARO-01,1955,A_linear,healthy,descent,0.929,0.358,24.4,55.8,0.646,90.0,descent,labview_demo_csv
ARO-01,1956,A_linear,healthy,descent,0.945,0.353,24.4,55.4,0.638,90.0,descent,labview_demo_csv
ARO-01,1957,A_linear,healthy,descent,0.902,0.340,24.4,55.3,0.613,90.0,descent,labview_demo_csv
ARO-01,1958,A_linear,healthy,descent,0.936,0.342,24.3,55.2,0.616,90.0,descent,labview_demo_csv
ARO-01,1959,A_linear,healthy,descent,0.919,0.350,24.3,55.4,0.632,90.0,descent,labview_demo_csv
ARO-01,1960,A_linear,healthy,pause,0.916,0.000,24.2,55.3,0.000,90.0,pause,labview_demo_csv
ARO-01,1961,A_linear,healthy,pause,0.905,0.000,24.1,55.2,0.000,90.0,pause,labview_demo_csv
ARO-01,1962,A_linear,healthy,pause,0.905,0.000,24.0,55.3,0.001,90.0,pause,labview_demo_csv
ARO-01,1963,A_linear,healthy,pause,0.889,0.011,24.0,55.3,0.019,90.0,pause,labview_demo_csv
ARO-01,1964,A_linear,healthy,pause,0.903,0.007,24.0,55.1,0.012,90.0,pause,labview_demo_csv
ARO-01,1965,A_linear,healthy,pause,0.871,0.015,24.0,55.3,0.027,90.0,pause,labview_demo_csv
ARO-01,1966,A_linear,healthy,pause,0.906,0.000,23.9,55.3,0.000,90.0,pause,labview_demo_csv
ARO-01,1967,A_linear,healthy,pause,0.895,0.009,23.7,55.6,0.016,90.0,pause,labview_demo_csv
ARO-01,1968,A_linear,healthy,pause,0.881,0.005,23.7,55.5,0.010,90.0,pause,labview_demo_csv
ARO-01,1969,A_linear,healthy,pause,0.897,0.000,23.7,55.2,0.000,90.0,pause,labview_demo_csv
ARO-01,1970,A_linear,healthy,pause,0.900,0.000,23.6,55.4,0.000,90.0,pause,labview_demo_csv
ARO-01,1971,A_linear,healthy,pause,0.898,0.000,23.5,55.3,0.000,90.0,pause,labview_demo_csv
ARO-01,1972,A_linear,healthy,pause,0.930,0.000,23.5,55.4,0.000,90.0,pause,labview_demo_csv
ARO-01,1973,A_linear,healthy,pause,0.916,0.004,23.5,55.6,0.008,90.0,pause,labview_demo_csv
ARO-01,1974,A_linear,healthy,pause,0.932,0.000,23.5,55.6,0.000,90.0,pause,labview_demo_csv
ARO-01,1975,A_linear,healthy,pause,0.925,0.000,23.5,55.8,0.000,90.0,pause,labview_demo_csv
ARO-01,1976,A_linear,healthy,pause,0.943,0.013,23.4,55.9,0.024,90.0,pause,labview_demo_csv
ARO-01,1977,A_linear,healthy,pause,0.950,0.003,23.4,55.8,0.006,90.0,pause,labview_demo_csv
ARO-01,1978,A_linear,healthy,pause,0.958,0.001,23.4,55.8,0.003,90.0,pause,labview_demo_csv
ARO-01,1979,A_linear,healthy,pause,0.979,0.000,23.4,55.8,0.000,90.0,pause,labview_demo_csv
ARO-01,1980,A_linear,healthy,ascent,0.981,0.689,23.6,55.6,1.244,90.0,ascent,labview_demo_csv
ARO-01,1981,A_linear,healthy,ascent,1.000,0.701,23.7,55.5,1.265,90.0,ascent,labview_demo_csv
ARO-01,1982,A_linear,healthy,ascent,0.994,0.687,23.8,55.5,1.240,90.0,ascent,labview_demo_csv
ARO-01,1983,A_linear,healthy,ascent,0.969,0.691,23.8,55.7,1.246,90.0,ascent,labview_demo_csv
ARO-01,1984,A_linear,healthy,ascent,1.001,0.697,23.8,55.5,1.257,90.0,ascent,labview_demo_csv
ARO-01,1985,A_linear,healthy,ascent,0.996,0.693,23.9,55.5,1.250,90.0,ascent,labview_demo_csv
ARO-01,1986,A_linear,healthy,ascent,1.004,0.702,24.0,55.6,1.266,90.0,ascent,labview_demo_csv
ARO-01,1987,A_linear,healthy,ascent,1.022,0.702,23.9,55.7,1.266,90.0,ascent,labview_demo_csv
ARO-01,1988,A_linear,healthy,ascent,1.011,0.709,23.8,55.6,1.278,90.0,ascent,labview_demo_csv
ARO-01,1989,A_linear,healthy,ascent,0.999,0.699,23.9,55.7,1.261,90.0,ascent,labview_demo_csv
ARO-01,1990,A_linear,healthy,ascent,1.027,0.698,23.9,56.1,1.259,90.0,ascent,labview_demo_csv
ARO-01,1991,A_linear,healthy,ascent,1.008,0.703,23.8,56.1,1.269,90.0,ascent,labview_demo_csv
ARO-01,1992,A_linear,healthy,descent,0.989,0.355,23.8,55.9,0.641,90.0,descent,labview_demo_csv
ARO-01,1993,A_linear,healthy,descent,0.984,0.358,23.8,55.8,0.646,90.0,descent,labview_demo_csv
ARO-01,1994,A_linear,healthy,descent,1.006,0.358,23.8,55.6,0.647,90.0,descent,labview_demo_csv
ARO-01,1995,A_linear,healthy,descent,0.967,0.354,23.9,55.4,0.639,90.0,descent,labview_demo_csv
ARO-01,1996,A_linear,healthy,descent,0.961,0.357,23.8,55.6,0.644,90.0,descent,labview_demo_csv
ARO-01,1997,A_linear,healthy,descent,0.958,0.348,23.7,55.5,0.627,90.0,descent,labview_demo_csv
ARO-01,1998,A_linear,healthy,descent,0.971,0.348,23.7,55.5,0.628,90.0,descent,labview_demo_csv
ARO-01,1999,A_linear,healthy,descent,0.946,0.347,23.6,55.6,0.627,90.0,descent,labview_demo_csv
ARO-01,2000,A_linear,healthy,descent,0.931,0.352,23.7,55.6,0.635,90.0,descent,labview_demo_csv
ARO-01,2001,A_linear,healthy,descent,0.918,0.359,23.6,55.4,0.648,90.0,descent,labview_demo_csv
ARO-01,2002,A_linear,healthy,descent,0.921,0.365,23.7,55.2,0.659,90.0,descent,labview_demo_csv
ARO-01,2003,A_linear,healthy,descent,0.929,0.355,23.7,55.4,0.641,90.0,descent,labview_demo_csv
ARO-01,2004,A_linear,healthy,pause,0.898,0.004,23.6,55.4,0.007,90.0,pause,labview_demo_csv
ARO-01,2005,A_linear,healthy,pause,0.899,0.000,23.6,55.7,0.000,90.0,pause,labview_demo_csv
ARO-01,2006,A_linear,healthy,pause,0.877,0.003,23.6,55.8,0.005,90.0,pause,labview_demo_csv
ARO-01,2007,A_linear,healthy,pause,0.869,0.007,23.6,55.9,0.012,90.0,pause,labview_demo_csv
ARO-01,2008,A_linear,healthy,pause,0.898,0.000,23.5,55.6,0.000,90.0,pause,labview_demo_csv
ARO-01,2009,A_linear,healthy,pause,0.883,0.000,23.5,55.6,0.000,90.0,pause,labview_demo_csv
ARO-01,2010,A_linear,healthy,pause,0.908,0.000,23.4,55.6,0.000,90.0,pause,labview_demo_csv
ARO-01,2011,A_linear,healthy,pause,0.883,0.013,23.4,55.6,0.023,90.0,pause,labview_demo_csv
ARO-01,2012,A_linear,healthy,pause,0.892,0.006,23.3,55.5,0.010,90.0,pause,labview_demo_csv
ARO-01,2013,A_linear,healthy,pause,0.898,0.002,23.2,55.4,0.004,90.0,pause,labview_demo_csv
ARO-01,2014,A_linear,healthy,pause,0.923,0.010,23.1,55.3,0.019,90.0,pause,labview_demo_csv
ARO-01,2015,A_linear,healthy,pause,0.909,0.010,23.0,55.6,0.018,90.0,pause,labview_demo_csv
ARO-01,2016,A_linear,healthy,pause,0.918,0.000,22.9,55.5,0.000,90.0,pause,labview_demo_csv
ARO-01,2017,A_linear,healthy,pause,0.913,0.002,22.9,55.5,0.004,90.0,pause,labview_demo_csv
ARO-01,2018,A_linear,healthy,pause,0.924,0.000,22.8,55.4,0.000,90.0,pause,labview_demo_csv
ARO-01,2019,A_linear,healthy,pause,0.935,0.004,22.8,55.8,0.007,90.0,pause,labview_demo_csv
ARO-01,2020,A_linear,healthy,pause,0.943,0.000,22.8,55.7,0.000,90.0,pause,labview_demo_csv
ARO-01,2021,A_linear,healthy,pause,0.946,0.008,22.8,55.2,0.014,90.0,pause,labview_demo_csv
ARO-01,2022,A_linear,healthy,pause,0.974,0.004,22.8,55.3,0.008,90.0,pause,labview_demo_csv
ARO-01,2023,A_linear,healthy,pause,0.978,0.001,22.7,55.7,0.001,90.0,pause,labview_demo_csv
ARO-01,2024,A_linear,healthy,ascent,0.964,0.699,22.6,55.8,1.260,90.0,ascent,labview_demo_csv
ARO-01,2025,A_linear,healthy,ascent,1.012,0.693,22.8,55.6,1.251,90.0,ascent,labview_demo_csv
ARO-01,2026,A_linear,healthy,ascent,1.017,0.697,22.8,55.8,1.258,90.0,ascent,labview_demo_csv
ARO-01,2027,A_linear,healthy,ascent,0.995,0.698,22.9,55.7,1.259,90.0,ascent,labview_demo_csv
ARO-01,2028,A_linear,healthy,ascent,1.020,0.694,23.0,55.5,1.252,90.0,ascent,labview_demo_csv
ARO-01,2029,A_linear,healthy,ascent,0.995,0.691,23.0,55.3,1.247,90.0,ascent,labview_demo_csv
ARO-01,2030,A_linear,healthy,ascent,1.016,0.683,23.1,55.3,1.233,90.0,ascent,labview_demo_csv
ARO-01,2031,A_linear,healthy,ascent,1.015,0.681,23.2,55.3,1.228,90.0,ascent,labview_demo_csv
ARO-01,2032,A_linear,healthy,ascent,1.020,0.682,23.1,55.0,1.231,90.0,ascent,labview_demo_csv
ARO-01,2033,A_linear,healthy,ascent,1.008,0.693,23.3,55.0,1.251,90.0,ascent,labview_demo_csv
ARO-01,2034,A_linear,healthy,ascent,1.011,0.702,23.3,55.0,1.266,90.0,ascent,labview_demo_csv
ARO-01,2035,A_linear,healthy,ascent,1.007,0.697,23.3,55.2,1.257,90.0,ascent,labview_demo_csv
ARO-01,2036,A_linear,healthy,descent,0.977,0.368,23.3,55.5,0.665,90.0,descent,labview_demo_csv
ARO-01,2037,A_linear,healthy,descent,0.993,0.343,23.4,55.3,0.620,90.0,descent,labview_demo_csv
ARO-01,2038,A_linear,healthy,descent,0.989,0.347,23.4,55.4,0.625,90.0,descent,labview_demo_csv
ARO-01,2039,A_linear,healthy,descent,0.987,0.342,23.4,55.5,0.617,90.0,descent,labview_demo_csv
ARO-01,2040,A_linear,healthy,descent,0.969,0.363,23.5,55.4,0.655,90.0,descent,labview_demo_csv
ARO-01,2041,A_linear,healthy,descent,0.979,0.350,23.6,55.3,0.632,90.0,descent,labview_demo_csv
ARO-01,2042,A_linear,healthy,descent,0.950,0.352,23.6,55.5,0.635,90.0,descent,labview_demo_csv
ARO-01,2043,A_linear,healthy,descent,0.938,0.347,23.5,55.5,0.625,90.0,descent,labview_demo_csv
ARO-01,2044,A_linear,healthy,descent,0.927,0.349,23.6,55.4,0.630,90.0,descent,labview_demo_csv
ARO-01,2045,A_linear,healthy,descent,0.912,0.343,23.6,55.5,0.618,90.0,descent,labview_demo_csv
ARO-01,2046,A_linear,healthy,descent,0.927,0.353,23.5,55.5,0.636,90.0,descent,labview_demo_csv
ARO-01,2047,A_linear,healthy,descent,0.913,0.347,23.4,55.5,0.626,90.0,descent,labview_demo_csv
ARO-01,2048,A_linear,healthy,pause,0.905,0.004,23.3,55.3,0.008,90.0,pause,labview_demo_csv
ARO-01,2049,A_linear,healthy,pause,0.905,0.000,23.2,55.3,0.000,90.0,pause,labview_demo_csv
ARO-01,2050,A_linear,healthy,pause,0.914,0.006,23.2,55.2,0.012,90.0,pause,labview_demo_csv
ARO-01,2051,A_linear,healthy,pause,0.890,0.000,23.1,55.3,0.000,90.0,pause,labview_demo_csv
ARO-01,2052,A_linear,healthy,pause,0.893,0.003,23.1,55.1,0.006,90.0,pause,labview_demo_csv
ARO-01,2053,A_linear,healthy,pause,0.883,0.000,22.9,55.3,0.000,90.0,pause,labview_demo_csv
ARO-01,2054,A_linear,healthy,pause,0.883,0.000,22.9,55.5,0.000,90.0,pause,labview_demo_csv
ARO-01,2055,A_linear,healthy,pause,0.876,0.000,22.8,55.5,0.000,90.0,pause,labview_demo_csv
ARO-01,2056,A_linear,healthy,pause,0.888,0.016,22.9,55.7,0.028,90.0,pause,labview_demo_csv
ARO-01,2057,A_linear,healthy,pause,0.895,0.000,22.8,55.3,0.001,90.0,pause,labview_demo_csv
ARO-01,2058,A_linear,healthy,pause,0.900,0.003,22.8,55.1,0.005,90.0,pause,labview_demo_csv
ARO-01,2059,A_linear,healthy,pause,0.903,0.000,22.7,55.1,0.000,90.0,pause,labview_demo_csv
ARO-01,2060,A_linear,healthy,pause,0.895,0.000,22.7,55.0,0.000,90.0,pause,labview_demo_csv
ARO-01,2061,A_linear,healthy,pause,0.914,0.001,22.8,55.0,0.002,90.0,pause,labview_demo_csv
ARO-01,2062,A_linear,healthy,pause,0.940,0.003,22.8,55.0,0.005,90.0,pause,labview_demo_csv
ARO-01,2063,A_linear,healthy,pause,0.937,0.000,22.7,55.2,0.000,90.0,pause,labview_demo_csv
ARO-01,2064,A_linear,healthy,pause,0.962,0.003,22.5,55.3,0.006,90.0,pause,labview_demo_csv
ARO-01,2065,A_linear,healthy,pause,0.946,0.001,22.5,55.3,0.002,90.0,pause,labview_demo_csv
ARO-01,2066,A_linear,healthy,pause,0.984,0.000,22.5,55.3,0.000,90.0,pause,labview_demo_csv
ARO-01,2067,A_linear,healthy,pause,1.004,0.000,22.5,55.3,0.000,90.0,pause,labview_demo_csv
ARO-01,2068,A_linear,healthy,ascent,0.972,0.680,22.6,55.1,1.227,90.0,ascent,labview_demo_csv
ARO-01,2069,A_linear,healthy,ascent,0.991,0.700,22.7,55.3,1.262,90.0,ascent,labview_demo_csv
ARO-01,2070,A_linear,healthy,ascent,0.991,0.705,22.8,55.3,1.271,90.0,ascent,labview_demo_csv
ARO-01,2071,A_linear,healthy,ascent,1.000,0.701,22.8,55.2,1.264,90.0,ascent,labview_demo_csv
ARO-01,2072,A_linear,healthy,ascent,1.012,0.685,22.9,55.4,1.236,90.0,ascent,labview_demo_csv
ARO-01,2073,A_linear,healthy,ascent,1.014,0.700,23.0,55.2,1.264,90.0,ascent,labview_demo_csv
ARO-01,2074,A_linear,healthy,ascent,0.986,0.718,23.0,55.0,1.296,90.0,ascent,labview_demo_csv
ARO-01,2075,A_linear,healthy,ascent,0.998,0.697,23.1,55.0,1.257,90.0,ascent,labview_demo_csv
ARO-01,2076,A_linear,healthy,ascent,1.015,0.697,23.1,55.0,1.258,90.0,ascent,labview_demo_csv
ARO-01,2077,A_linear,healthy,ascent,0.999,0.682,23.2,55.0,1.231,90.0,ascent,labview_demo_csv
ARO-01,2078,A_linear,healthy,ascent,1.008,0.697,23.3,55.2,1.257,90.0,ascent,labview_demo_csv
ARO-01,2079,A_linear,healthy,ascent,0.999,0.698,23.4,55.2,1.260,90.0,ascent,labview_demo_csv
ARO-01,2080,A_linear,healthy,descent,1.033,0.353,23.3,55.5,0.637,90.0,descent,labview_demo_csv
ARO-01,2081,A_linear,healthy,descent,1.017,0.349,23.2,55.4,0.630,90.0,descent,labview_demo_csv
ARO-01,2082,A_linear,healthy,descent,0.988,0.356,23.1,55.3,0.642,90.0,descent,labview_demo_csv
ARO-01,2083,A_linear,healthy,descent,0.967,0.347,23.1,55.4,0.625,90.0,descent,labview_demo_csv
ARO-01,2084,A_linear,healthy,descent,0.973,0.356,22.9,55.8,0.642,90.0,descent,labview_demo_csv
ARO-01,2085,A_linear,healthy,descent,0.958,0.347,22.8,55.4,0.625,90.0,descent,labview_demo_csv
ARO-01,2086,A_linear,healthy,descent,0.986,0.363,22.9,55.3,0.655,90.0,descent,labview_demo_csv
ARO-01,2087,A_linear,healthy,descent,0.955,0.341,22.8,55.2,0.616,90.0,descent,labview_demo_csv
ARO-01,2088,A_linear,healthy,descent,0.958,0.356,22.8,55.0,0.642,90.0,descent,labview_demo_csv
ARO-01,2089,A_linear,healthy,descent,0.928,0.349,22.8,55.0,0.629,90.0,descent,labview_demo_csv
ARO-01,2090,A_linear,healthy,descent,0.920,0.350,22.9,55.0,0.631,90.0,descent,labview_demo_csv
ARO-01,2091,A_linear,healthy,descent,0.918,0.349,22.9,55.0,0.630,90.0,descent,labview_demo_csv
ARO-01,2092,A_linear,healthy,pause,0.902,0.000,22.8,55.0,0.000,90.0,pause,labview_demo_csv
ARO-01,2093,A_linear,healthy,pause,0.901,0.000,22.9,55.0,0.000,90.0,pause,labview_demo_csv
ARO-01,2094,A_linear,healthy,pause,0.891,0.000,22.9,55.0,0.000,90.0,pause,labview_demo_csv
ARO-01,2095,A_linear,healthy,pause,0.908,0.000,22.9,55.0,0.000,90.0,pause,labview_demo_csv
ARO-01,2096,A_linear,healthy,pause,0.880,0.000,22.7,55.0,0.000,90.0,pause,labview_demo_csv
ARO-01,2097,A_linear,healthy,pause,0.906,0.006,22.6,55.0,0.012,90.0,pause,labview_demo_csv
ARO-01,2098,A_linear,healthy,pause,0.898,0.000,22.5,55.0,0.000,90.0,pause,labview_demo_csv
ARO-01,2099,A_linear,healthy,pause,0.906,0.002,22.6,55.0,0.004,90.0,pause,labview_demo_csv
ARO-01,2100,A_linear,healthy,pause,0.905,0.000,22.6,55.4,0.000,90.0,pause,labview_demo_csv
ARO-01,2101,A_linear,healthy,pause,0.898,0.002,22.6,55.3,0.003,90.0,pause,labview_demo_csv
ARO-01,2102,A_linear,healthy,pause,0.921,0.010,22.5,55.3,0.017,90.0,pause,labview_demo_csv
ARO-01,2103,A_linear,healthy,pause,0.919,0.000,22.5,55.4,0.000,90.0,pause,labview_demo_csv
ARO-01,2104,A_linear,healthy,pause,0.915,0.000,22.3,55.0,0.000,90.0,pause,labview_demo_csv
ARO-01,2105,A_linear,healthy,pause,0.916,0.004,22.2,55.0,0.008,90.0,pause,labview_demo_csv
ARO-01,2106,A_linear,healthy,pause,0.937,0.001,22.2,55.0,0.002,90.0,pause,labview_demo_csv
ARO-01,2107,A_linear,healthy,pause,0.937,0.000,22.1,55.0,0.000,90.0,pause,labview_demo_csv
ARO-01,2108,A_linear,healthy,pause,0.939,0.004,22.2,55.0,0.008,90.0,pause,labview_demo_csv
ARO-01,2109,A_linear,healthy,pause,0.951,0.003,22.1,55.0,0.005,90.0,pause,labview_demo_csv
ARO-01,2110,A_linear,healthy,pause,0.970,0.004,22.0,55.2,0.008,90.0,pause,labview_demo_csv
ARO-01,2111,A_linear,healthy,pause,0.976,0.000,22.1,55.0,0.000,90.0,pause,labview_demo_csv
ARO-01,2112,A_linear,healthy,ascent,1.001,0.690,22.1,55.0,1.246,90.0,ascent,labview_demo_csv
ARO-01,2113,A_linear,healthy,ascent,1.011,0.693,22.1,55.2,1.250,90.0,ascent,labview_demo_csv
ARO-01,2114,A_linear,healthy,ascent,0.990,0.692,22.2,55.0,1.248,90.0,ascent,labview_demo_csv
ARO-01,2115,A_linear,healthy,ascent,1.020,0.695,22.3,55.2,1.254,90.0,ascent,labview_demo_csv
ARO-01,2116,A_linear,healthy,ascent,1.008,0.698,22.3,55.3,1.260,90.0,ascent,labview_demo_csv
ARO-01,2117,A_linear,healthy,ascent,1.020,0.688,22.2,55.1,1.241,90.0,ascent,labview_demo_csv
ARO-01,2118,A_linear,healthy,ascent,1.008,0.707,22.3,55.0,1.276,90.0,ascent,labview_demo_csv
ARO-01,2119,A_linear,healthy,ascent,1.000,0.694,22.4,55.0,1.252,90.0,ascent,labview_demo_csv
ARO-01,2120,A_linear,healthy,ascent,1.005,0.689,22.4,55.2,1.242,90.0,ascent,labview_demo_csv
ARO-01,2121,A_linear,healthy,ascent,1.016,0.701,22.4,55.0,1.264,90.0,ascent,labview_demo_csv
ARO-01,2122,A_linear,healthy,ascent,0.991,0.684,22.4,55.0,1.233,90.0,ascent,labview_demo_csv
ARO-01,2123,A_linear,healthy,ascent,1.002,0.684,22.4,55.1,1.234,90.0,ascent,labview_demo_csv
ARO-01,2124,A_linear,healthy,descent,0.982,0.347,22.5,55.0,0.626,90.0,descent,labview_demo_csv
ARO-01,2125,A_linear,healthy,descent,1.012,0.343,22.4,55.0,0.619,90.0,descent,labview_demo_csv
ARO-01,2126,A_linear,healthy,descent,0.986,0.337,22.4,55.0,0.609,90.0,descent,labview_demo_csv
ARO-01,2127,A_linear,healthy,descent,0.989,0.345,22.4,55.0,0.622,90.0,descent,labview_demo_csv
ARO-01,2128,A_linear,healthy,descent,0.980,0.337,22.3,55.0,0.608,90.0,descent,labview_demo_csv
ARO-01,2129,A_linear,healthy,descent,0.962,0.352,22.4,55.0,0.635,90.0,descent,labview_demo_csv
ARO-01,2130,A_linear,healthy,descent,0.955,0.342,22.3,55.0,0.617,90.0,descent,labview_demo_csv
ARO-01,2131,A_linear,healthy,descent,0.952,0.368,22.4,55.2,0.664,90.0,descent,labview_demo_csv
ARO-01,2132,A_linear,healthy,descent,0.942,0.342,22.4,55.1,0.618,90.0,descent,labview_demo_csv
ARO-01,2133,A_linear,healthy,descent,0.957,0.344,22.4,55.0,0.620,90.0,descent,labview_demo_csv
ARO-01,2134,A_linear,healthy,descent,0.917,0.351,22.5,55.0,0.633,90.0,descent,labview_demo_csv
ARO-01,2135,A_linear,healthy,descent,0.914,0.361,22.4,55.0,0.652,90.0,descent,labview_demo_csv
ARO-01,2136,A_linear,healthy,pause,0.919,0.008,22.3,55.0,0.014,90.0,pause,labview_demo_csv
ARO-01,2137,A_linear,healthy,pause,0.900,0.009,22.2,55.0,0.016,90.0,pause,labview_demo_csv
ARO-01,2138,A_linear,healthy,pause,0.897,0.000,22.1,55.1,0.000,90.0,pause,labview_demo_csv
ARO-01,2139,A_linear,healthy,pause,0.896,0.000,22.0,55.3,0.000,90.0,pause,labview_demo_csv
ARO-01,2140,A_linear,healthy,pause,0.896,0.000,22.1,55.4,0.000,90.0,pause,labview_demo_csv
ARO-01,2141,A_linear,healthy,pause,0.875,0.009,22.1,55.3,0.016,90.0,pause,labview_demo_csv
ARO-01,2142,A_linear,healthy,pause,0.908,0.000,22.1,55.3,0.000,90.0,pause,labview_demo_csv
ARO-01,2143,A_linear,healthy,pause,0.896,0.000,21.9,55.3,0.000,90.0,pause,labview_demo_csv
ARO-01,2144,A_linear,healthy,pause,0.896,0.005,21.9,55.2,0.008,90.0,pause,labview_demo_csv
ARO-01,2145,A_linear,healthy,pause,0.917,0.000,21.8,55.1,0.000,90.0,pause,labview_demo_csv
ARO-01,2146,A_linear,healthy,pause,0.885,0.002,21.8,55.1,0.004,90.0,pause,labview_demo_csv
ARO-01,2147,A_linear,healthy,pause,0.909,0.005,21.8,55.0,0.010,90.0,pause,labview_demo_csv
ARO-01,2148,A_linear,healthy,pause,0.919,0.000,21.7,55.1,0.000,90.0,pause,labview_demo_csv
ARO-01,2149,A_linear,healthy,pause,0.925,0.000,21.6,55.0,0.000,90.0,pause,labview_demo_csv
ARO-01,2150,A_linear,healthy,pause,0.921,0.000,21.6,55.1,0.000,90.0,pause,labview_demo_csv
ARO-01,2151,A_linear,healthy,pause,0.952,0.002,21.6,55.0,0.004,90.0,pause,labview_demo_csv
ARO-01,2152,A_linear,healthy,pause,0.951,0.000,21.6,55.0,0.000,90.0,pause,labview_demo_csv
ARO-01,2153,A_linear,healthy,pause,0.974,0.001,21.5,55.1,0.002,90.0,pause,labview_demo_csv
ARO-01,2154,A_linear,healthy,pause,0.972,0.000,21.4,55.2,0.000,90.0,pause,labview_demo_csv
ARO-01,2155,A_linear,healthy,pause,0.973,0.000,21.4,55.3,0.000,90.0,pause,labview_demo_csv
ARO-01,2156,A_linear,healthy,ascent,0.987,0.374,21.4,55.3,0.674,15.0,ascent,labview_demo_csv
ARO-01,2157,A_linear,healthy,ascent,1.001,0.372,21.4,55.6,0.671,15.0,ascent,labview_demo_csv
ARO-01,2158,A_linear,healthy,ascent,0.965,0.382,21.5,55.2,0.689,15.0,ascent,labview_demo_csv
ARO-01,2159,A_linear,healthy,ascent,1.007,0.379,21.5,55.1,0.684,15.0,ascent,labview_demo_csv
ARO-01,2160,A_linear,healthy,ascent,1.006,0.385,21.6,55.0,0.695,15.0,ascent,labview_demo_csv
ARO-01,2161,A_linear,healthy,ascent,1.011,0.372,21.7,55.1,0.671,15.0,ascent,labview_demo_csv
ARO-01,2162,A_linear,healthy,ascent,1.023,0.371,21.7,55.2,0.669,15.0,ascent,labview_demo_csv
ARO-01,2163,A_linear,healthy,ascent,1.011,0.370,21.7,55.4,0.667,15.0,ascent,labview_demo_csv
ARO-01,2164,A_linear,healthy,ascent,1.015,0.375,21.8,55.3,0.677,15.0,ascent,labview_demo_csv
ARO-01,2165,A_linear,healthy,ascent,1.010,0.380,21.9,55.3,0.686,15.0,ascent,labview_demo_csv
ARO-01,2166,A_linear,healthy,ascent,1.023,0.376,22.0,55.3,0.679,15.0,ascent,labview_demo_csv
ARO-01,2167,A_linear,healthy,ascent,1.016,0.378,22.0,55.3,0.682,15.0,ascent,labview_demo_csv
ARO-01,2168,A_linear,healthy,descent,0.998,0.354,22.0,55.1,0.638,15.0,descent,labview_demo_csv
ARO-01,2169,A_linear,healthy,descent,1.011,0.350,22.0,55.0,0.631,15.0,descent,labview_demo_csv
ARO-01,2170,A_linear,healthy,descent,0.969,0.347,22.0,55.1,0.627,15.0,descent,labview_demo_csv
ARO-01,2171,A_linear,healthy,descent,0.977,0.343,21.8,55.1,0.619,15.0,descent,labview_demo_csv
ARO-01,2172,A_linear,healthy,descent,0.956,0.350,21.7,55.0,0.632,15.0,descent,labview_demo_csv
ARO-01,2173,A_linear,healthy,descent,0.963,0.361,21.7,55.0,0.652,15.0,descent,labview_demo_csv
ARO-01,2174,A_linear,healthy,descent,0.979,0.352,21.7,55.0,0.634,15.0,descent,labview_demo_csv
ARO-01,2175,A_linear,healthy,descent,0.972,0.352,21.6,55.0,0.635,15.0,descent,labview_demo_csv
ARO-01,2176,A_linear,healthy,descent,0.938,0.356,21.8,55.1,0.642,15.0,descent,labview_demo_csv
ARO-01,2177,A_linear,healthy,descent,0.907,0.336,21.8,55.2,0.606,15.0,descent,labview_demo_csv
ARO-01,2178,A_linear,healthy,descent,0.924,0.364,21.7,55.0,0.657,15.0,descent,labview_demo_csv
ARO-01,2179,A_linear,healthy,descent,0.907,0.358,21.6,55.0,0.645,15.0,descent,labview_demo_csv
ARO-01,2180,A_linear,healthy,pause,0.912,0.000,21.7,55.0,0.000,15.0,pause,labview_demo_csv
ARO-01,2181,A_linear,healthy,pause,0.894,0.000,21.6,55.3,0.000,15.0,pause,labview_demo_csv
ARO-01,2182,A_linear,healthy,pause,0.897,0.002,21.5,55.5,0.004,15.0,pause,labview_demo_csv
ARO-01,2183,A_linear,healthy,pause,0.922,0.001,21.5,55.5,0.001,15.0,pause,labview_demo_csv
ARO-01,2184,A_linear,healthy,pause,0.876,0.000,21.3,55.5,0.000,15.0,pause,labview_demo_csv
ARO-01,2185,A_linear,healthy,pause,0.915,0.000,21.3,55.6,0.000,15.0,pause,labview_demo_csv
ARO-01,2186,A_linear,healthy,pause,0.880,0.002,21.3,55.5,0.004,15.0,pause,labview_demo_csv
ARO-01,2187,A_linear,healthy,pause,0.892,0.001,21.3,55.5,0.001,15.0,pause,labview_demo_csv
ARO-01,2188,A_linear,healthy,pause,0.928,0.007,21.3,55.5,0.012,15.0,pause,labview_demo_csv
ARO-01,2189,A_linear,healthy,pause,0.915,0.000,21.3,55.7,0.000,15.0,pause,labview_demo_csv
ARO-01,2190,A_linear,healthy,pause,0.903,0.000,21.4,55.7,0.000,15.0,pause,labview_demo_csv
ARO-01,2191,A_linear,healthy,pause,0.907,0.000,21.4,55.4,0.001,15.0,pause,labview_demo_csv
ARO-01,2192,A_linear,healthy,pause,0.912,0.020,21.3,55.4,0.037,15.0,pause,labview_demo_csv
ARO-01,2193,A_linear,healthy,pause,0.938,0.000,21.3,55.3,0.000,15.0,pause,labview_demo_csv
ARO-01,2194,A_linear,healthy,pause,0.935,0.002,21.3,55.5,0.004,15.0,pause,labview_demo_csv
ARO-01,2195,A_linear,healthy,pause,0.950,0.010,21.3,56.1,0.017,15.0,pause,labview_demo_csv
ARO-01,2196,A_linear,healthy,pause,0.958,0.001,21.3,56.0,0.003,15.0,pause,labview_demo_csv
ARO-01,2197,A_linear,healthy,pause,0.971,0.003,21.4,56.1,0.005,15.0,pause,labview_demo_csv
ARO-01,2198,A_linear,healthy,pause,0.947,0.000,21.3,55.9,0.000,15.0,pause,labview_demo_csv
ARO-01,2199,A_linear,healthy,pause,0.950,0.005,21.3,55.8,0.010,15.0,pause,labview_demo_csv
ARO-01,2200,A_linear,healthy,ascent,0.983,0.377,21.3,55.8,0.680,15.0,ascent,labview_demo_csv
ARO-01,2201,A_linear,healthy,ascent,0.994,0.374,21.3,55.9,0.674,15.0,ascent,labview_demo_csv
ARO-01,2202,A_linear,healthy,ascent,1.002,0.387,21.3,55.7,0.698,15.0,ascent,labview_demo_csv
ARO-01,2203,A_linear,healthy,ascent,1.010,0.369,21.4,55.9,0.666,15.0,ascent,labview_demo_csv
ARO-01,2204,A_linear,healthy,ascent,1.027,0.389,21.4,55.9,0.701,15.0,ascent,labview_demo_csv
ARO-01,2205,A_linear,healthy,ascent,1.010,0.384,21.5,56.2,0.693,15.0,ascent,labview_demo_csv
ARO-01,2206,A_linear,healthy,ascent,1.004,0.374,21.5,55.9,0.675,15.0,ascent,labview_demo_csv
ARO-01,2207,A_linear,healthy,ascent,1.022,0.372,21.6,56.0,0.670,15.0,ascent,labview_demo_csv
ARO-01,2208,A_linear,healthy,ascent,1.002,0.383,21.5,56.0,0.692,15.0,ascent,labview_demo_csv
ARO-01,2209,A_linear,healthy,ascent,0.997,0.356,21.5,55.7,0.643,15.0,ascent,labview_demo_csv
ARO-01,2210,A_linear,healthy,ascent,1.022,0.381,21.6,55.8,0.687,15.0,ascent,labview_demo_csv
ARO-01,2211,A_linear,healthy,ascent,1.009,0.375,21.6,55.7,0.676,15.0,ascent,labview_demo_csv
ARO-01,2212,A_linear,healthy,descent,1.010,0.350,21.5,55.7,0.631,15.0,descent,labview_demo_csv
ARO-01,2213,A_linear,healthy,descent,1.016,0.349,21.6,55.2,0.629,15.0,descent,labview_demo_csv
ARO-01,2214,A_linear,healthy,descent,0.974,0.353,21.6,55.3,0.637,15.0,descent,labview_demo_csv
ARO-01,2215,A_linear,healthy,descent,0.962,0.354,21.6,55.1,0.639,15.0,descent,labview_demo_csv
ARO-01,2216,A_linear,healthy,descent,0.964,0.363,21.5,55.0,0.656,15.0,descent,labview_demo_csv
ARO-01,2217,A_linear,healthy,descent,0.984,0.347,21.5,55.2,0.626,15.0,descent,labview_demo_csv
ARO-01,2218,A_linear,healthy,descent,0.976,0.352,21.6,55.3,0.636,15.0,descent,labview_demo_csv
ARO-01,2219,A_linear,healthy,descent,0.949,0.354,21.6,55.3,0.640,15.0,descent,labview_demo_csv
ARO-01,2220,A_linear,healthy,descent,0.931,0.352,21.5,55.2,0.635,15.0,descent,labview_demo_csv
ARO-01,2221,A_linear,healthy,descent,0.961,0.346,21.5,55.3,0.625,15.0,descent,labview_demo_csv
ARO-01,2222,A_linear,healthy,descent,0.925,0.356,21.4,55.2,0.642,15.0,descent,labview_demo_csv
ARO-01,2223,A_linear,healthy,descent,0.914,0.347,21.4,55.3,0.626,15.0,descent,labview_demo_csv
ARO-01,2224,A_linear,healthy,pause,0.905,0.000,21.4,55.0,0.000,15.0,pause,labview_demo_csv
ARO-01,2225,A_linear,healthy,pause,0.904,0.004,21.5,55.0,0.007,15.0,pause,labview_demo_csv
ARO-01,2226,A_linear,healthy,pause,0.902,0.000,21.4,55.0,0.000,15.0,pause,labview_demo_csv
ARO-01,2227,A_linear,healthy,pause,0.898,0.001,21.3,55.1,0.002,15.0,pause,labview_demo_csv
ARO-01,2228,A_linear,healthy,pause,0.888,0.000,21.2,55.1,0.000,15.0,pause,labview_demo_csv
ARO-01,2229,A_linear,healthy,pause,0.907,0.000,21.1,55.0,0.000,15.0,pause,labview_demo_csv
ARO-01,2230,A_linear,healthy,pause,0.907,0.000,21.2,55.0,0.000,15.0,pause,labview_demo_csv
ARO-01,2231,A_linear,healthy,pause,0.876,0.000,21.1,55.0,0.000,15.0,pause,labview_demo_csv
ARO-01,2232,A_linear,healthy,pause,0.902,0.002,21.1,55.0,0.003,15.0,pause,labview_demo_csv
ARO-01,2233,A_linear,healthy,pause,0.902,0.004,21.0,55.0,0.007,15.0,pause,labview_demo_csv
ARO-01,2234,A_linear,healthy,pause,0.901,0.004,21.0,55.3,0.006,15.0,pause,labview_demo_csv
ARO-01,2235,A_linear,healthy,pause,0.901,0.000,20.9,55.1,0.000,15.0,pause,labview_demo_csv
ARO-01,2236,A_linear,healthy,pause,0.904,0.000,20.9,55.0,0.000,15.0,pause,labview_demo_csv
ARO-01,2237,A_linear,healthy,pause,0.919,0.014,20.9,55.0,0.025,15.0,pause,labview_demo_csv
ARO-01,2238,A_linear,healthy,pause,0.937,0.005,20.8,55.0,0.010,15.0,pause,labview_demo_csv
ARO-01,2239,A_linear,healthy,pause,0.917,0.000,20.6,55.0,0.000,15.0,pause,labview_demo_csv
ARO-01,2240,A_linear,healthy,pause,0.953,0.000,20.6,55.0,0.000,15.0,pause,labview_demo_csv
ARO-01,2241,A_linear,healthy,pause,0.941,0.009,20.6,55.0,0.017,15.0,pause,labview_demo_csv
ARO-01,2242,A_linear,healthy,pause,0.964,0.008,20.5,55.0,0.014,15.0,pause,labview_demo_csv
ARO-01,2243,A_linear,healthy,pause,0.956,0.011,20.6,55.1,0.019,15.0,pause,labview_demo_csv
ARO-01,2244,A_linear,healthy,ascent,0.978,0.372,20.6,55.0,0.671,15.0,ascent,labview_demo_csv
ARO-01,2245,A_linear,healthy,ascent,0.972,0.377,20.7,55.0,0.680,15.0,ascent,labview_demo_csv
ARO-01,2246,A_linear,healthy,ascent,0.993,0.372,20.7,55.0,0.672,15.0,ascent,labview_demo_csv
ARO-01,2247,A_linear,healthy,ascent,0.992,0.376,20.7,55.1,0.678,15.0,ascent,labview_demo_csv
ARO-01,2248,A_linear,healthy,ascent,1.019,0.372,20.9,55.2,0.671,15.0,ascent,labview_demo_csv
ARO-01,2249,A_linear,healthy,ascent,1.001,0.371,20.8,55.3,0.669,15.0,ascent,labview_demo_csv
ARO-01,2250,A_linear,healthy,ascent,1.010,0.378,20.9,55.4,0.681,15.0,ascent,labview_demo_csv
ARO-01,2251,A_linear,healthy,ascent,1.012,0.381,20.8,55.5,0.687,15.0,ascent,labview_demo_csv
ARO-01,2252,A_linear,healthy,ascent,1.008,0.378,20.9,55.5,0.681,15.0,ascent,labview_demo_csv
ARO-01,2253,A_linear,healthy,ascent,0.997,0.381,20.8,55.4,0.687,15.0,ascent,labview_demo_csv
ARO-01,2254,A_linear,healthy,ascent,1.019,0.378,20.8,55.2,0.682,15.0,ascent,labview_demo_csv
ARO-01,2255,A_linear,healthy,ascent,1.003,0.377,20.9,55.3,0.681,15.0,ascent,labview_demo_csv
ARO-01,2256,A_linear,healthy,descent,1.012,0.360,21.0,55.3,0.650,15.0,descent,labview_demo_csv
ARO-01,2257,A_linear,healthy,descent,1.007,0.355,21.1,55.2,0.641,15.0,descent,labview_demo_csv
ARO-01,2258,A_linear,healthy,descent,0.987,0.343,21.1,55.7,0.618,15.0,descent,labview_demo_csv
ARO-01,2259,A_linear,healthy,descent,1.003,0.356,21.0,55.9,0.642,15.0,descent,labview_demo_csv
ARO-01,2260,A_linear,healthy,descent,0.960,0.348,21.1,55.7,0.627,15.0,descent,labview_demo_csv
ARO-01,2261,A_linear,healthy,descent,0.957,0.349,21.0,55.5,0.629,15.0,descent,labview_demo_csv
ARO-01,2262,A_linear,healthy,descent,0.944,0.351,21.0,55.7,0.632,15.0,descent,labview_demo_csv
ARO-01,2263,A_linear,healthy,descent,0.948,0.339,21.0,55.4,0.611,15.0,descent,labview_demo_csv
ARO-01,2264,A_linear,healthy,descent,0.949,0.353,21.0,55.4,0.637,15.0,descent,labview_demo_csv
ARO-01,2265,A_linear,healthy,descent,0.942,0.341,21.1,55.7,0.615,15.0,descent,labview_demo_csv
ARO-01,2266,A_linear,healthy,descent,0.920,0.346,21.1,55.7,0.624,15.0,descent,labview_demo_csv
ARO-01,2267,A_linear,healthy,descent,0.938,0.351,21.0,55.6,0.634,15.0,descent,labview_demo_csv
ARO-01,2268,A_linear,healthy,pause,0.909,0.000,20.9,55.5,0.000,15.0,pause,labview_demo_csv
ARO-01,2269,A_linear,healthy,pause,0.915,0.000,20.9,55.6,0.000,15.0,pause,labview_demo_csv
ARO-01,2270,A_linear,healthy,pause,0.927,0.000,20.8,55.9,0.000,15.0,pause,labview_demo_csv
ARO-01,2271,A_linear,healthy,pause,0.904,0.000,20.6,55.7,0.000,15.0,pause,labview_demo_csv
ARO-01,2272,A_linear,healthy,pause,0.888,0.000,20.6,55.5,0.000,15.0,pause,labview_demo_csv
ARO-01,2273,A_linear,healthy,pause,0.880,0.003,20.6,55.7,0.005,15.0,pause,labview_demo_csv
ARO-01,2274,A_linear,healthy,pause,0.885,0.000,20.6,55.4,0.000,15.0,pause,labview_demo_csv
ARO-01,2275,A_linear,healthy,pause,0.905,0.007,20.5,55.2,0.013,15.0,pause,labview_demo_csv
ARO-01,2276,A_linear,healthy,pause,0.893,0.003,20.5,55.2,0.006,15.0,pause,labview_demo_csv
ARO-01,2277,A_linear,healthy,pause,0.925,0.000,20.5,55.1,0.000,15.0,pause,labview_demo_csv
ARO-01,2278,A_linear,healthy,pause,0.910,0.000,20.5,55.2,0.000,15.0,pause,labview_demo_csv
ARO-01,2279,A_linear,healthy,pause,0.909,0.006,20.5,55.2,0.011,15.0,pause,labview_demo_csv
ARO-01,2280,A_linear,healthy,pause,0.906,0.000,20.5,55.3,0.000,15.0,pause,labview_demo_csv
ARO-01,2281,A_linear,healthy,pause,0.947,0.004,20.6,55.2,0.007,15.0,pause,labview_demo_csv
ARO-01,2282,A_linear,healthy,pause,0.960,0.009,20.5,55.2,0.016,15.0,pause,labview_demo_csv
ARO-01,2283,A_linear,healthy,pause,0.934,0.000,20.5,55.7,0.000,15.0,pause,labview_demo_csv
ARO-01,2284,A_linear,healthy,pause,0.952,0.000,20.5,55.9,0.000,15.0,pause,labview_demo_csv
ARO-01,2285,A_linear,healthy,pause,0.948,0.007,20.4,56.1,0.013,15.0,pause,labview_demo_csv
ARO-01,2286,A_linear,healthy,pause,0.991,0.000,20.4,56.1,0.000,15.0,pause,labview_demo_csv
ARO-01,2287,A_linear,healthy,pause,0.950,0.000,20.3,55.9,0.000,15.0,pause,labview_demo_csv
ARO-01,2288,A_linear,healthy,ascent,0.981,0.573,20.5,56.1,1.033,60.0,ascent,labview_demo_csv
ARO-01,2289,A_linear,healthy,ascent,0.987,0.577,20.5,56.2,1.041,60.0,ascent,labview_demo_csv
ARO-01,2290,A_linear,healthy,ascent,0.973,0.576,20.6,56.1,1.040,60.0,ascent,labview_demo_csv
ARO-01,2291,A_linear,healthy,ascent,1.009,0.572,20.6,56.1,1.031,60.0,ascent,labview_demo_csv
ARO-01,2292,A_linear,healthy,ascent,1.004,0.565,20.7,56.0,1.019,60.0,ascent,labview_demo_csv
ARO-01,2293,A_linear,healthy,ascent,1.012,0.572,20.8,55.8,1.033,60.0,ascent,labview_demo_csv
ARO-01,2294,A_linear,healthy,ascent,1.043,0.564,20.9,55.8,1.018,60.0,ascent,labview_demo_csv
ARO-01,2295,A_linear,healthy,ascent,1.036,0.565,20.9,55.7,1.019,60.0,ascent,labview_demo_csv
ARO-01,2296,A_linear,healthy,ascent,1.024,0.563,20.9,55.9,1.015,60.0,ascent,labview_demo_csv
ARO-01,2297,A_linear,healthy,ascent,0.989,0.550,20.8,55.7,0.993,60.0,ascent,labview_demo_csv
ARO-01,2298,A_linear,healthy,ascent,1.010,0.564,20.9,56.0,1.017,60.0,ascent,labview_demo_csv
ARO-01,2299,A_linear,healthy,ascent,0.994,0.568,20.9,55.9,1.025,60.0,ascent,labview_demo_csv
ARO-01,2300,A_linear,healthy,descent,1.010,0.346,20.8,55.9,0.624,60.0,descent,labview_demo_csv
ARO-01,2301,A_linear,healthy,descent,0.984,0.354,20.6,55.9,0.638,60.0,descent,labview_demo_csv
ARO-01,2302,A_linear,healthy,descent,0.982,0.353,20.7,56.0,0.637,60.0,descent,labview_demo_csv
ARO-01,2303,A_linear,healthy,descent,0.991,0.358,20.7,56.0,0.645,60.0,descent,labview_demo_csv
ARO-01,2304,A_linear,healthy,descent,0.994,0.342,20.6,55.9,0.618,60.0,descent,labview_demo_csv
ARO-01,2305,A_linear,healthy,descent,0.976,0.348,20.6,56.1,0.627,60.0,descent,labview_demo_csv
ARO-01,2306,A_linear,healthy,descent,0.948,0.349,20.5,55.7,0.630,60.0,descent,labview_demo_csv
ARO-01,2307,A_linear,healthy,descent,0.938,0.349,20.5,55.7,0.630,60.0,descent,labview_demo_csv
ARO-01,2308,A_linear,healthy,descent,0.955,0.356,20.6,55.6,0.642,60.0,descent,labview_demo_csv
ARO-01,2309,A_linear,healthy,descent,0.936,0.351,20.5,55.7,0.633,60.0,descent,labview_demo_csv
ARO-01,2310,A_linear,healthy,descent,0.938,0.350,20.4,55.5,0.631,60.0,descent,labview_demo_csv
ARO-01,2311,A_linear,healthy,descent,0.932,0.354,20.4,55.3,0.639,60.0,descent,labview_demo_csv
ARO-01,2312,A_linear,healthy,pause,0.911,0.001,20.4,55.2,0.002,60.0,pause,labview_demo_csv
ARO-01,2313,A_linear,healthy,pause,0.927,0.005,20.2,55.4,0.008,60.0,pause,labview_demo_csv
ARO-01,2314,A_linear,healthy,pause,0.926,0.000,20.1,55.2,0.000,60.0,pause,labview_demo_csv
ARO-01,2315,A_linear,healthy,pause,0.901,0.000,20.2,55.5,0.000,60.0,pause,labview_demo_csv
ARO-01,2316,A_linear,healthy,pause,0.869,0.000,20.1,55.9,0.000,60.0,pause,labview_demo_csv
ARO-01,2317,A_linear,healthy,pause,0.897,0.000,20.1,55.9,0.000,60.0,pause,labview_demo_csv
ARO-01,2318,A_linear,healthy,pause,0.889,0.004,20.0,56.0,0.008,60.0,pause,labview_demo_csv
ARO-01,2319,A_linear,healthy,pause,0.900,0.000,20.1,55.8,0.000,60.0,pause,labview_demo_csv
ARO-01,2320,A_linear,healthy,pause,0.901,0.010,20.2,55.5,0.018,60.0,pause,labview_demo_csv
ARO-01,2321,A_linear,healthy,pause,0.909,0.002,20.2,55.4,0.003,60.0,pause,labview_demo_csv
ARO-01,2322,A_linear,healthy,pause,0.904,0.000,20.2,55.5,0.000,60.0,pause,labview_demo_csv
ARO-01,2323,A_linear,healthy,pause,0.918,0.000,20.2,55.8,0.001,60.0,pause,labview_demo_csv
ARO-01,2324,A_linear,healthy,pause,0.929,0.000,20.1,55.5,0.000,60.0,pause,labview_demo_csv
ARO-01,2325,A_linear,healthy,pause,0.915,0.004,20.2,55.4,0.007,60.0,pause,labview_demo_csv
ARO-01,2326,A_linear,healthy,pause,0.923,0.004,20.2,55.3,0.007,60.0,pause,labview_demo_csv
ARO-01,2327,A_linear,healthy,pause,0.956,0.000,20.2,55.7,0.000,60.0,pause,labview_demo_csv
ARO-01,2328,A_linear,healthy,pause,0.928,0.003,20.3,56.1,0.005,60.0,pause,labview_demo_csv
ARO-01,2329,A_linear,healthy,pause,0.956,0.011,20.2,56.2,0.020,60.0,pause,labview_demo_csv
ARO-01,2330,A_linear,healthy,pause,0.985,0.001,20.1,56.5,0.003,60.0,pause,labview_demo_csv
ARO-01,2331,A_linear,healthy,pause,0.969,0.000,20.1,56.5,0.000,60.0,pause,labview_demo_csv
ARO-01,2332,A_linear,healthy,ascent,0.956,0.571,20.2,56.5,1.030,60.0,ascent,labview_demo_csv
ARO-01,2333,A_linear,healthy,ascent,1.010,0.577,20.1,56.3,1.041,60.0,ascent,labview_demo_csv
ARO-01,2334,A_linear,healthy,ascent,1.025,0.565,20.2,56.1,1.020,60.0,ascent,labview_demo_csv
ARO-01,2335,A_linear,healthy,ascent,1.000,0.561,20.1,55.9,1.011,60.0,ascent,labview_demo_csv
ARO-01,2336,A_linear,healthy,ascent,1.005,0.559,20.1,55.8,1.009,60.0,ascent,labview_demo_csv
ARO-01,2337,A_linear,healthy,ascent,1.015,0.575,20.3,55.8,1.037,60.0,ascent,labview_demo_csv
ARO-01,2338,A_linear,healthy,ascent,1.032,0.575,20.3,56.0,1.037,60.0,ascent,labview_demo_csv
ARO-01,2339,A_linear,healthy,ascent,1.020,0.572,20.3,55.9,1.033,60.0,ascent,labview_demo_csv
ARO-01,2340,A_linear,healthy,ascent,1.036,0.577,20.3,56.0,1.042,60.0,ascent,labview_demo_csv
ARO-01,2341,A_linear,healthy,ascent,0.994,0.565,20.2,56.1,1.019,60.0,ascent,labview_demo_csv
ARO-01,2342,A_linear,healthy,ascent,1.027,0.576,20.2,55.8,1.040,60.0,ascent,labview_demo_csv
ARO-01,2343,A_linear,healthy,ascent,0.996,0.570,20.2,55.7,1.029,60.0,ascent,labview_demo_csv
ARO-01,2344,A_linear,healthy,descent,1.010,0.349,20.2,55.5,0.630,60.0,descent,labview_demo_csv
ARO-01,2345,A_linear,healthy,descent,0.997,0.360,20.2,55.5,0.650,60.0,descent,labview_demo_csv
ARO-01,2346,A_linear,healthy,descent,0.981,0.358,20.2,55.0,0.646,60.0,descent,labview_demo_csv
ARO-01,2347,A_linear,healthy,descent,0.979,0.353,20.3,55.0,0.637,60.0,descent,labview_demo_csv
ARO-01,2348,A_linear,healthy,descent,0.967,0.337,20.2,55.1,0.608,60.0,descent,labview_demo_csv
ARO-01,2349,A_linear,healthy,descent,0.971,0.349,20.2,55.2,0.630,60.0,descent,labview_demo_csv
ARO-01,2350,A_linear,healthy,descent,0.973,0.353,20.2,55.4,0.636,60.0,descent,labview_demo_csv
ARO-01,2351,A_linear,healthy,descent,0.950,0.355,20.2,55.5,0.640,60.0,descent,labview_demo_csv
ARO-01,2352,A_linear,healthy,descent,0.947,0.349,20.1,55.6,0.629,60.0,descent,labview_demo_csv
ARO-01,2353,A_linear,healthy,descent,0.936,0.364,20.1,55.5,0.658,60.0,descent,labview_demo_csv
ARO-01,2354,A_linear,healthy,descent,0.934,0.360,20.2,55.8,0.649,60.0,descent,labview_demo_csv
ARO-01,2355,A_linear,healthy,descent,0.922,0.355,20.2,55.8,0.641,60.0,descent,labview_demo_csv
ARO-01,2356,A_linear,healthy,pause,0.928,0.000,20.1,55.8,0.000,60.0,pause,labview_demo_csv
ARO-01,2357,A_linear,healthy,pause,0.910,0.006,20.0,55.7,0.011,60.0,pause,labview_demo_csv
ARO-01,2358,A_linear,healthy,pause,0.891,0.000,20.0,55.5,0.000,60.0,pause,labview_demo_csv
ARO-01,2359,A_linear,healthy,pause,0.890,0.000,20.0,55.8,0.000,60.0,pause,labview_demo_csv
ARO-01,2360,A_linear,healthy,pause,0.910,0.009,19.9,55.8,0.017,60.0,pause,labview_demo_csv
ARO-01,2361,A_linear,healthy,pause,0.915,0.007,19.8,55.7,0.012,60.0,pause,labview_demo_csv
ARO-01,2362,A_linear,healthy,pause,0.908,0.000,19.8,55.7,0.000,60.0,pause,labview_demo_csv
ARO-01,2363,A_linear,healthy,pause,0.879,0.005,19.8,55.7,0.009,60.0,pause,labview_demo_csv
ARO-01,2364,A_linear,healthy,pause,0.901,0.000,19.7,55.9,0.000,60.0,pause,labview_demo_csv
ARO-01,2365,A_linear,healthy,pause,0.900,0.009,19.7,55.5,0.017,60.0,pause,labview_demo_csv
ARO-01,2366,A_linear,healthy,pause,0.916,0.000,19.7,55.5,0.000,60.0,pause,labview_demo_csv
ARO-01,2367,A_linear,healthy,pause,0.931,0.002,19.8,55.7,0.004,60.0,pause,labview_demo_csv
ARO-01,2368,A_linear,healthy,pause,0.934,0.006,19.7,55.5,0.011,60.0,pause,labview_demo_csv
ARO-01,2369,A_linear,healthy,pause,0.935,0.000,19.6,55.6,0.000,60.0,pause,labview_demo_csv
ARO-01,2370,A_linear,healthy,pause,0.933,0.005,19.6,55.6,0.008,60.0,pause,labview_demo_csv
ARO-01,2371,A_linear,healthy,pause,0.942,0.000,19.6,55.7,0.000,60.0,pause,labview_demo_csv
ARO-01,2372,A_linear,healthy,pause,0.957,0.000,19.5,55.9,0.000,60.0,pause,labview_demo_csv
ARO-01,2373,A_linear,healthy,pause,0.956,0.000,19.5,55.9,0.000,60.0,pause,labview_demo_csv
ARO-01,2374,A_linear,healthy,pause,0.989,0.007,19.5,55.8,0.012,60.0,pause,labview_demo_csv
ARO-01,2375,A_linear,healthy,pause,0.978,0.007,19.5,55.9,0.012,60.0,pause,labview_demo_csv
ARO-01,2376,A_linear,healthy,ascent,0.960,0.575,19.5,56.0,1.038,60.0,ascent,labview_demo_csv
ARO-01,2377,A_linear,healthy,ascent,0.994,0.561,19.5,55.9,1.011,60.0,ascent,labview_demo_csv
ARO-01,2378,A_linear,healthy,ascent,0.992,0.567,19.5,55.8,1.022,60.0,ascent,labview_demo_csv
ARO-01,2379,A_linear,healthy,ascent,1.006,0.570,19.5,55.6,1.028,60.0,ascent,labview_demo_csv
ARO-01,2380,A_linear,healthy,ascent,1.005,0.576,19.5,55.4,1.039,60.0,ascent,labview_demo_csv
ARO-01,2381,A_linear,healthy,ascent,1.016,0.575,19.6,55.3,1.037,60.0,ascent,labview_demo_csv
ARO-01,2382,A_linear,healthy,ascent,1.012,0.580,19.6,55.4,1.047,60.0,ascent,labview_demo_csv
ARO-01,2383,A_linear,healthy,ascent,1.010,0.573,19.7,55.1,1.034,60.0,ascent,labview_demo_csv
ARO-01,2384,A_linear,healthy,ascent,1.026,0.572,19.8,55.3,1.031,60.0,ascent,labview_demo_csv
ARO-01,2385,A_linear,healthy,ascent,1.037,0.572,19.8,55.3,1.032,60.0,ascent,labview_demo_csv
ARO-01,2386,A_linear,healthy,ascent,1.022,0.567,19.9,55.3,1.024,60.0,ascent,labview_demo_csv
ARO-01,2387,A_linear,healthy,ascent,1.004,0.563,20.0,55.2,1.015,60.0,ascent,labview_demo_csv
ARO-01,2388,A_linear,healthy,descent,1.007,0.352,19.9,55.3,0.635,60.0,descent,labview_demo_csv
ARO-01,2389,A_linear,healthy,descent,0.998,0.361,19.9,55.2,0.651,60.0,descent,labview_demo_csv
ARO-01,2390,A_linear,healthy,descent,1.002,0.354,20.0,55.3,0.639,60.0,descent,labview_demo_csv
ARO-01,2391,A_linear,healthy,descent,0.981,0.360,20.0,55.3,0.650,60.0,descent,labview_demo_csv
ARO-01,2392,A_linear,healthy,descent,0.985,0.350,19.8,55.3,0.632,60.0,descent,labview_demo_csv
ARO-01,2393,A_linear,healthy,descent,0.957,0.348,19.8,55.4,0.628,60.0,descent,labview_demo_csv
ARO-01,2394,A_linear,healthy,descent,0.967,0.353,19.7,55.2,0.636,60.0,descent,labview_demo_csv
ARO-01,2395,A_linear,healthy,descent,0.931,0.352,19.7,55.0,0.636,60.0,descent,labview_demo_csv
ARO-01,2396,A_linear,healthy,descent,0.965,0.344,19.7,55.0,0.621,60.0,descent,labview_demo_csv
ARO-01,2397,A_linear,healthy,descent,0.937,0.344,19.7,55.0,0.621,60.0,descent,labview_demo_csv
ARO-01,2398,A_linear,healthy,descent,0.916,0.356,19.7,55.0,0.642,60.0,descent,labview_demo_csv
ARO-01,2399,A_linear,healthy,descent,0.933,0.349,19.7,55.6,0.630,60.0,descent,labview_demo_csv
ARO-01,2400,A_linear,healthy,pause,0.905,0.002,19.7,55.6,0.004,60.0,pause,labview_demo_csv
ARO-01,2401,A_linear,healthy,pause,0.907,0.000,19.7,55.5,0.000,60.0,pause,labview_demo_csv
ARO-01,2402,A_linear,healthy,pause,0.914,0.000,19.7,55.4,0.000,60.0,pause,labview_demo_csv
ARO-01,2403,A_linear,healthy,pause,0.885,0.000,19.7,55.5,0.000,60.0,pause,labview_demo_csv
ARO-01,2404,A_linear,healthy,pause,0.899,0.009,19.6,55.5,0.017,60.0,pause,labview_demo_csv
ARO-01,2405,A_linear,healthy,pause,0.884,0.000,19.7,55.6,0.000,60.0,pause,labview_demo_csv
ARO-01,2406,A_linear,healthy,pause,0.895,0.000,19.6,55.6,0.000,60.0,pause,labview_demo_csv
ARO-01,2407,A_linear,healthy,pause,0.893,0.002,19.5,55.5,0.004,60.0,pause,labview_demo_csv
ARO-01,2408,A_linear,healthy,pause,0.902,0.000,19.4,55.8,0.000,60.0,pause,labview_demo_csv
ARO-01,2409,A_linear,healthy,pause,0.912,0.002,19.3,55.8,0.003,60.0,pause,labview_demo_csv
ARO-01,2410,A_linear,healthy,pause,0.900,0.000,19.3,55.8,0.000,60.0,pause,labview_demo_csv
ARO-01,2411,A_linear,healthy,pause,0.897,0.000,19.1,55.7,0.000,60.0,pause,labview_demo_csv
ARO-01,2412,A_linear,healthy,pause,0.943,0.000,19.1,55.5,0.000,60.0,pause,labview_demo_csv
ARO-01,2413,A_linear,healthy,pause,0.934,0.000,19.2,55.7,0.000,60.0,pause,labview_demo_csv
ARO-01,2414,A_linear,healthy,pause,0.925,0.000,19.2,55.8,0.000,60.0,pause,labview_demo_csv
ARO-01,2415,A_linear,healthy,pause,0.945,0.001,19.1,55.9,0.002,60.0,pause,labview_demo_csv
ARO-01,2416,A_linear,healthy,pause,0.963,0.015,19.1,56.2,0.026,60.0,pause,labview_demo_csv
ARO-01,2417,A_linear,healthy,pause,0.973,0.003,19.0,56.1,0.005,60.0,pause,labview_demo_csv
ARO-01,2418,A_linear,healthy,pause,0.963,0.004,19.0,55.8,0.008,60.0,pause,labview_demo_csv
ARO-01,2419,A_linear,healthy,pause,0.967,0.000,19.0,55.9,0.000,60.0,pause,labview_demo_csv
ARO-01,2420,A_linear,healthy,ascent,0.981,0.567,19.0,55.8,1.024,60.0,ascent,labview_demo_csv
ARO-01,2421,A_linear,healthy,ascent,0.977,0.568,19.1,56.0,1.025,60.0,ascent,labview_demo_csv
ARO-01,2422,A_linear,healthy,ascent,0.976,0.559,19.2,55.7,1.009,60.0,ascent,labview_demo_csv
ARO-01,2423,A_linear,healthy,ascent,1.004,0.575,19.2,55.6,1.038,60.0,ascent,labview_demo_csv
ARO-01,2424,A_linear,healthy,ascent,1.008,0.569,19.2,55.7,1.026,60.0,ascent,labview_demo_csv
ARO-01,2425,A_linear,healthy,ascent,1.002,0.581,19.2,55.6,1.049,60.0,ascent,labview_demo_csv
ARO-01,2426,A_linear,healthy,ascent,1.023,0.561,19.4,55.5,1.012,60.0,ascent,labview_demo_csv
ARO-01,2427,A_linear,healthy,ascent,1.031,0.563,19.3,55.6,1.015,60.0,ascent,labview_demo_csv
ARO-01,2428,A_linear,healthy,ascent,1.010,0.557,19.3,55.6,1.006,60.0,ascent,labview_demo_csv
ARO-01,2429,A_linear,healthy,ascent,1.012,0.563,19.3,55.5,1.015,60.0,ascent,labview_demo_csv
ARO-01,2430,A_linear,healthy,ascent,1.024,0.571,19.3,55.4,1.031,60.0,ascent,labview_demo_csv
ARO-01,2431,A_linear,healthy,ascent,1.004,0.572,19.3,55.4,1.033,60.0,ascent,labview_demo_csv
ARO-01,2432,A_linear,healthy,descent,1.002,0.340,19.3,55.7,0.614,60.0,descent,labview_demo_csv
ARO-01,2433,A_linear,healthy,descent,1.006,0.340,19.3,55.5,0.614,60.0,descent,labview_demo_csv
ARO-01,2434,A_linear,healthy,descent,0.997,0.349,19.3,55.2,0.629,60.0,descent,labview_demo_csv
ARO-01,2435,A_linear,healthy,descent,0.976,0.358,19.4,55.0,0.647,60.0,descent,labview_demo_csv
ARO-01,2436,A_linear,healthy,descent,0.983,0.349,19.3,55.5,0.629,60.0,descent,labview_demo_csv
ARO-01,2437,A_linear,healthy,descent,0.985,0.350,19.4,55.3,0.631,60.0,descent,labview_demo_csv
ARO-01,2438,A_linear,healthy,descent,0.951,0.348,19.4,55.9,0.627,60.0,descent,labview_demo_csv
ARO-01,2439,A_linear,healthy,descent,0.953,0.349,19.3,55.9,0.629,60.0,descent,labview_demo_csv
ARO-01,2440,A_linear,healthy,descent,0.939,0.353,19.3,55.9,0.636,60.0,descent,labview_demo_csv
ARO-01,2441,A_linear,healthy,descent,0.949,0.346,19.2,55.8,0.624,60.0,descent,labview_demo_csv
ARO-01,2442,A_linear,healthy,descent,0.945,0.351,19.2,55.6,0.633,60.0,descent,labview_demo_csv
ARO-01,2443,A_linear,healthy,descent,0.916,0.349,19.2,55.8,0.629,60.0,descent,labview_demo_csv
ARO-01,2444,A_linear,healthy,pause,0.916,0.003,19.2,55.5,0.006,60.0,pause,labview_demo_csv
ARO-01,2445,A_linear,healthy,pause,0.918,0.000,19.1,55.8,0.000,60.0,pause,labview_demo_csv
ARO-01,2446,A_linear,healthy,pause,0.914,0.000,19.0,55.8,0.000,60.0,pause,labview_demo_csv
ARO-01,2447,A_linear,healthy,pause,0.896,0.003,19.0,55.6,0.006,60.0,pause,labview_demo_csv
ARO-01,2448,A_linear,healthy,pause,0.916,0.000,18.9,55.6,0.000,60.0,pause,labview_demo_csv
ARO-01,2449,A_linear,healthy,pause,0.884,0.003,18.9,55.9,0.006,60.0,pause,labview_demo_csv
ARO-01,2450,A_linear,healthy,pause,0.919,0.004,18.8,56.0,0.007,60.0,pause,labview_demo_csv
ARO-01,2451,A_linear,healthy,pause,0.925,0.009,18.9,56.0,0.017,60.0,pause,labview_demo_csv
ARO-01,2452,A_linear,healthy,pause,0.883,0.000,18.9,56.2,0.000,60.0,pause,labview_demo_csv
ARO-01,2453,A_linear,healthy,pause,0.892,0.000,18.9,56.1,0.000,60.0,pause,labview_demo_csv
ARO-01,2454,A_linear,healthy,pause,0.932,0.000,19.0,56.0,0.000,60.0,pause,labview_demo_csv
ARO-01,2455,A_linear,healthy,pause,0.922,0.000,18.9,55.9,0.000,60.0,pause,labview_demo_csv
ARO-01,2456,A_linear,healthy,pause,0.908,0.000,18.8,55.7,0.000,60.0,pause,labview_demo_csv
ARO-01,2457,A_linear,healthy,pause,0.907,0.001,18.8,55.7,0.003,60.0,pause,labview_demo_csv
ARO-01,2458,A_linear,healthy,pause,0.915,0.014,18.7,55.7,0.025,60.0,pause,labview_demo_csv
ARO-01,2459,A_linear,healthy,pause,0.961,0.003,18.7,55.5,0.005,60.0,pause,labview_demo_csv
ARO-01,2460,A_linear,healthy,pause,0.968,0.008,18.7,55.5,0.014,60.0,pause,labview_demo_csv
ARO-01,2461,A_linear,healthy,pause,0.975,0.005,18.7,55.7,0.008,60.0,pause,labview_demo_csv
ARO-01,2462,A_linear,healthy,pause,0.981,0.006,18.7,55.7,0.010,60.0,pause,labview_demo_csv
ARO-01,2463,A_linear,healthy,pause,0.978,0.007,18.7,55.7,0.013,60.0,pause,labview_demo_csv
ARO-01,2464,A_linear,healthy,ascent,0.972,0.945,18.7,55.5,1.704,150.0,ascent,labview_demo_csv
ARO-01,2465,A_linear,healthy,ascent,1.002,0.952,18.9,55.5,1.717,150.0,ascent,labview_demo_csv
ARO-01,2466,A_linear,healthy,ascent,0.990,0.944,19.0,55.4,1.703,150.0,ascent,labview_demo_csv
ARO-01,2467,A_linear,healthy,ascent,1.023,0.960,19.1,55.3,1.731,150.0,ascent,labview_demo_csv
ARO-01,2468,A_linear,healthy,ascent,1.024,0.944,19.3,55.2,1.704,150.0,ascent,labview_demo_csv
ARO-01,2469,A_linear,healthy,ascent,1.024,0.943,19.3,55.6,1.701,150.0,ascent,labview_demo_csv
ARO-01,2470,A_linear,healthy,ascent,1.024,0.948,19.4,55.7,1.710,150.0,ascent,labview_demo_csv
ARO-01,2471,A_linear,healthy,ascent,1.038,0.956,19.6,55.9,1.724,150.0,ascent,labview_demo_csv
ARO-01,2472,A_linear,healthy,ascent,1.047,0.949,19.6,55.8,1.713,150.0,ascent,labview_demo_csv
ARO-01,2473,A_linear,healthy,ascent,1.013,0.956,19.5,55.9,1.725,150.0,ascent,labview_demo_csv
ARO-01,2474,A_linear,healthy,ascent,1.002,0.946,19.4,55.8,1.707,150.0,ascent,labview_demo_csv
ARO-01,2475,A_linear,healthy,ascent,0.986,0.944,19.5,55.6,1.704,150.0,ascent,labview_demo_csv
ARO-01,2476,A_linear,healthy,descent,1.021,0.352,19.4,55.6,0.636,150.0,descent,labview_demo_csv
ARO-01,2477,A_linear,healthy,descent,1.003,0.346,19.4,55.8,0.625,150.0,descent,labview_demo_csv
ARO-01,2478,A_linear,healthy,descent,0.991,0.349,19.3,55.8,0.630,150.0,descent,labview_demo_csv
ARO-01,2479,A_linear,healthy,descent,0.986,0.339,19.3,55.8,0.611,150.0,descent,labview_demo_csv
ARO-01,2480,A_linear,healthy,descent,0.989,0.349,19.2,55.6,0.629,150.0,descent,labview_demo_csv
ARO-01,2481,A_linear,healthy,descent,0.975,0.352,19.2,55.5,0.635,150.0,descent,labview_demo_csv
ARO-01,2482,A_linear,healthy,descent,0.959,0.359,19.2,55.4,0.648,150.0,descent,labview_demo_csv
ARO-01,2483,A_linear,healthy,descent,0.953,0.348,19.2,55.3,0.628,150.0,descent,labview_demo_csv
ARO-01,2484,A_linear,healthy,descent,0.948,0.351,19.2,55.0,0.633,150.0,descent,labview_demo_csv
ARO-01,2485,A_linear,healthy,descent,0.964,0.346,19.1,55.0,0.624,150.0,descent,labview_demo_csv
ARO-01,2486,A_linear,healthy,descent,0.923,0.355,19.0,55.1,0.640,150.0,descent,labview_demo_csv
ARO-01,2487,A_linear,healthy,descent,0.917,0.341,19.0,55.2,0.615,150.0,descent,labview_demo_csv
ARO-01,2488,A_linear,healthy,pause,0.916,0.000,18.9,55.2,0.000,150.0,pause,labview_demo_csv
ARO-01,2489,A_linear,healthy,pause,0.915,0.000,18.9,55.0,0.000,150.0,pause,labview_demo_csv
ARO-01,2490,A_linear,healthy,pause,0.930,0.000,18.9,55.0,0.000,150.0,pause,labview_demo_csv
ARO-01,2491,A_linear,healthy,pause,0.910,0.008,18.9,55.2,0.014,150.0,pause,labview_demo_csv
ARO-01,2492,A_linear,healthy,pause,0.907,0.005,18.8,55.0,0.009,150.0,pause,labview_demo_csv
ARO-01,2493,A_linear,healthy,pause,0.895,0.000,18.9,55.3,0.000,150.0,pause,labview_demo_csv
ARO-01,2494,A_linear,healthy,pause,0.896,0.004,18.9,55.4,0.007,150.0,pause,labview_demo_csv
ARO-01,2495,A_linear,healthy,pause,0.885,0.000,19.0,55.6,0.000,150.0,pause,labview_demo_csv
ARO-01,2496,A_linear,healthy,pause,0.898,0.004,18.9,55.6,0.007,150.0,pause,labview_demo_csv
ARO-01,2497,A_linear,healthy,pause,0.911,0.015,18.7,55.5,0.026,150.0,pause,labview_demo_csv
ARO-01,2498,A_linear,healthy,pause,0.897,0.000,18.7,55.5,0.000,150.0,pause,labview_demo_csv
ARO-01,2499,A_linear,healthy,pause,0.926,0.000,18.8,55.3,0.000,150.0,pause,labview_demo_csv
ARO-01,2500,A_linear,healthy,pause,0.903,0.004,18.6,55.6,0.008,150.0,pause,labview_demo_csv
ARO-01,2501,A_linear,healthy,pause,0.931,0.000,18.6,55.6,0.000,150.0,pause,labview_demo_csv
ARO-01,2502,A_linear,healthy,pause,0.950,0.007,18.5,55.5,0.012,150.0,pause,labview_demo_csv
ARO-01,2503,A_linear,healthy,pause,0.938,0.006,18.5,55.5,0.011,150.0,pause,labview_demo_csv
ARO-01,2504,A_linear,healthy,pause,0.958,0.003,18.5,55.6,0.005,150.0,pause,labview_demo_csv
ARO-01,2505,A_linear,healthy,pause,0.938,0.002,18.6,55.8,0.004,150.0,pause,labview_demo_csv
ARO-01,2506,A_linear,healthy,pause,0.961,0.000,18.6,55.7,0.000,150.0,pause,labview_demo_csv
ARO-01,2507,A_linear,healthy,pause,0.960,0.000,18.6,55.7,0.000,150.0,pause,labview_demo_csv
ARO-01,2508,A_linear,healthy,ascent,1.013,0.566,18.7,55.6,1.021,60.0,ascent,labview_demo_csv
ARO-01,2509,A_linear,healthy,ascent,1.009,0.566,18.6,55.4,1.022,60.0,ascent,labview_demo_csv
ARO-01,2510,A_linear,healthy,ascent,0.995,0.568,18.7,55.6,1.024,60.0,ascent,labview_demo_csv
ARO-01,2511,A_linear,healthy,ascent,0.994,0.573,18.8,55.5,1.034,60.0,ascent,labview_demo_csv
ARO-01,2512,A_linear,healthy,ascent,1.003,0.577,18.7,55.5,1.041,60.0,ascent,labview_demo_csv
ARO-01,2513,A_linear,healthy,ascent,0.993,0.576,18.8,55.7,1.039,60.0,ascent,labview_demo_csv
ARO-01,2514,A_linear,healthy,ascent,1.017,0.570,18.8,55.5,1.029,60.0,ascent,labview_demo_csv
ARO-01,2515,A_linear,healthy,ascent,0.980,0.567,18.8,55.6,1.023,60.0,ascent,labview_demo_csv
ARO-01,2516,A_linear,healthy,ascent,1.015,0.579,18.8,55.8,1.045,60.0,ascent,labview_demo_csv
ARO-01,2517,A_linear,healthy,ascent,1.000,0.576,18.7,56.0,1.040,60.0,ascent,labview_demo_csv
ARO-01,2518,A_linear,healthy,ascent,1.006,0.579,18.8,56.1,1.044,60.0,ascent,labview_demo_csv
ARO-01,2519,A_linear,healthy,ascent,1.008,0.575,18.7,56.0,1.037,60.0,ascent,labview_demo_csv
ARO-01,2520,A_linear,healthy,descent,0.995,0.346,18.7,56.3,0.625,60.0,descent,labview_demo_csv
ARO-01,2521,A_linear,healthy,descent,1.005,0.338,18.8,56.1,0.610,60.0,descent,labview_demo_csv
ARO-01,2522,A_linear,healthy,descent,1.006,0.346,18.9,55.9,0.624,60.0,descent,labview_demo_csv
ARO-01,2523,A_linear,healthy,descent,0.990,0.350,18.8,56.0,0.631,60.0,descent,labview_demo_csv
ARO-01,2524,A_linear,healthy,descent,0.985,0.344,18.7,55.9,0.620,60.0,descent,labview_demo_csv
ARO-01,2525,A_linear,healthy,descent,0.970,0.357,18.7,55.3,0.644,60.0,descent,labview_demo_csv
ARO-01,2526,A_linear,healthy,descent,0.971,0.347,18.7,55.2,0.625,60.0,descent,labview_demo_csv
ARO-01,2527,A_linear,healthy,descent,0.958,0.346,18.6,55.0,0.624,60.0,descent,labview_demo_csv
ARO-01,2528,A_linear,healthy,descent,0.936,0.348,18.6,55.3,0.627,60.0,descent,labview_demo_csv
ARO-01,2529,A_linear,healthy,descent,0.941,0.357,18.6,55.2,0.643,60.0,descent,labview_demo_csv
ARO-01,2530,A_linear,healthy,descent,0.932,0.345,18.5,55.0,0.623,60.0,descent,labview_demo_csv
ARO-01,2531,A_linear,healthy,descent,0.916,0.354,18.5,55.0,0.639,60.0,descent,labview_demo_csv
ARO-01,2532,A_linear,healthy,pause,0.912,0.003,18.5,55.2,0.005,60.0,pause,labview_demo_csv
ARO-01,2533,A_linear,healthy,pause,0.924,0.000,18.4,55.1,0.000,60.0,pause,labview_demo_csv
ARO-01,2534,A_linear,healthy,pause,0.898,0.002,18.3,55.0,0.003,60.0,pause,labview_demo_csv
ARO-01,2535,A_linear,healthy,pause,0.919,0.000,18.2,55.0,0.000,60.0,pause,labview_demo_csv
ARO-01,2536,A_linear,healthy,pause,0.901,0.000,18.2,55.0,0.000,60.0,pause,labview_demo_csv
ARO-01,2537,A_linear,healthy,pause,0.882,0.000,18.2,55.0,0.000,60.0,pause,labview_demo_csv
ARO-01,2538,A_linear,healthy,pause,0.886,0.005,18.2,55.3,0.009,60.0,pause,labview_demo_csv
ARO-01,2539,A_linear,healthy,pause,0.895,0.009,18.2,55.3,0.016,60.0,pause,labview_demo_csv
ARO-01,2540,A_linear,healthy,pause,0.922,0.003,18.1,55.4,0.005,60.0,pause,labview_demo_csv
ARO-01,2541,A_linear,healthy,pause,0.901,0.000,18.1,55.4,0.000,60.0,pause,labview_demo_csv
ARO-01,2542,A_linear,healthy,pause,0.891,0.000,18.0,55.6,0.000,60.0,pause,labview_demo_csv
ARO-01,2543,A_linear,healthy,pause,0.923,0.000,18.0,55.7,0.000,60.0,pause,labview_demo_csv
ARO-01,2544,A_linear,healthy,pause,0.952,0.000,18.0,55.4,0.000,60.0,pause,labview_demo_csv
ARO-01,2545,A_linear,healthy,pause,0.936,0.000,18.0,55.6,0.000,60.0,pause,labview_demo_csv
ARO-01,2546,A_linear,healthy,pause,0.942,0.000,18.0,55.4,0.000,60.0,pause,labview_demo_csv
ARO-01,2547,A_linear,healthy,pause,0.927,0.000,17.9,55.6,0.000,60.0,pause,labview_demo_csv
ARO-01,2548,A_linear,healthy,pause,0.958,0.000,17.8,55.5,0.000,60.0,pause,labview_demo_csv
ARO-01,2549,A_linear,healthy,pause,0.951,0.000,17.8,55.6,0.000,60.0,pause,labview_demo_csv
ARO-01,2550,A_linear,healthy,pause,0.968,0.008,17.7,55.6,0.014,60.0,pause,labview_demo_csv
ARO-01,2551,A_linear,healthy,pause,0.983,0.004,17.6,55.9,0.007,60.0,pause,labview_demo_csv
ARO-01,2552,A_linear,healthy,ascent,0.980,0.571,17.7,55.9,1.030,60.0,ascent,labview_demo_csv
ARO-01,2553,A_linear,healthy,ascent,0.979,0.569,17.9,55.8,1.026,60.0,ascent,labview_demo_csv
ARO-01,2554,A_linear,healthy,ascent,1.017,0.570,17.9,55.7,1.028,60.0,ascent,labview_demo_csv
ARO-01,2555,A_linear,healthy,ascent,1.024,0.573,18.0,55.6,1.034,60.0,ascent,labview_demo_csv
ARO-01,2556,A_linear,healthy,ascent,0.989,0.563,18.0,55.7,1.016,60.0,ascent,labview_demo_csv
ARO-01,2557,A_linear,healthy,ascent,0.991,0.575,18.1,55.5,1.037,60.0,ascent,labview_demo_csv
ARO-01,2558,A_linear,healthy,ascent,1.016,0.569,18.1,55.7,1.027,60.0,ascent,labview_demo_csv
ARO-01,2559,A_linear,healthy,ascent,1.004,0.566,18.1,55.9,1.020,60.0,ascent,labview_demo_csv
ARO-01,2560,A_linear,healthy,ascent,1.025,0.578,18.1,56.3,1.042,60.0,ascent,labview_demo_csv
ARO-01,2561,A_linear,healthy,ascent,1.013,0.561,18.0,56.2,1.013,60.0,ascent,labview_demo_csv
ARO-01,2562,A_linear,healthy,ascent,1.013,0.561,18.1,56.2,1.013,60.0,ascent,labview_demo_csv
ARO-01,2563,A_linear,healthy,ascent,1.023,0.578,18.1,55.9,1.043,60.0,ascent,labview_demo_csv
ARO-01,2564,A_linear,healthy,descent,0.995,0.361,18.0,55.7,0.652,60.0,descent,labview_demo_csv
ARO-01,2565,A_linear,healthy,descent,0.989,0.358,18.0,56.1,0.646,60.0,descent,labview_demo_csv
ARO-01,2566,A_linear,healthy,descent,0.982,0.343,18.0,56.1,0.619,60.0,descent,labview_demo_csv
ARO-01,2567,A_linear,healthy,descent,1.020,0.347,18.0,56.0,0.625,60.0,descent,labview_demo_csv
ARO-01,2568,A_linear,healthy,descent,0.984,0.339,18.0,55.8,0.612,60.0,descent,labview_demo_csv
ARO-01,2569,A_linear,healthy,descent,0.980,0.361,18.1,55.7,0.652,60.0,descent,labview_demo_csv
ARO-01,2570,A_linear,healthy,descent,0.982,0.348,18.0,55.8,0.628,60.0,descent,labview_demo_csv
ARO-01,2571,A_linear,healthy,descent,0.959,0.340,18.0,55.7,0.614,60.0,descent,labview_demo_csv
ARO-01,2572,A_linear,healthy,descent,0.968,0.350,18.0,55.6,0.631,60.0,descent,labview_demo_csv
ARO-01,2573,A_linear,healthy,descent,0.945,0.349,18.1,55.6,0.629,60.0,descent,labview_demo_csv
ARO-01,2574,A_linear,healthy,descent,0.919,0.341,18.1,55.3,0.615,60.0,descent,labview_demo_csv
ARO-01,2575,A_linear,healthy,descent,0.923,0.341,18.2,55.4,0.615,60.0,descent,labview_demo_csv
ARO-01,2576,A_linear,healthy,pause,0.922,0.008,18.2,55.5,0.015,60.0,pause,labview_demo_csv
ARO-01,2577,A_linear,healthy,pause,0.890,0.008,18.1,55.6,0.015,60.0,pause,labview_demo_csv
ARO-01,2578,A_linear,healthy,pause,0.886,0.000,18.1,55.9,0.000,60.0,pause,labview_demo_csv
ARO-01,2579,A_linear,healthy,pause,0.887,0.003,18.0,55.9,0.005,60.0,pause,labview_demo_csv
ARO-01,2580,A_linear,healthy,pause,0.908,0.009,18.0,55.8,0.016,60.0,pause,labview_demo_csv
ARO-01,2581,A_linear,healthy,pause,0.895,0.001,17.9,55.7,0.001,60.0,pause,labview_demo_csv
ARO-01,2582,A_linear,healthy,pause,0.896,0.000,18.0,55.9,0.000,60.0,pause,labview_demo_csv
ARO-01,2583,A_linear,healthy,pause,0.911,0.003,17.9,55.7,0.005,60.0,pause,labview_demo_csv
ARO-01,2584,A_linear,healthy,pause,0.877,0.005,17.9,55.6,0.009,60.0,pause,labview_demo_csv
ARO-01,2585,A_linear,healthy,pause,0.874,0.000,17.9,55.6,0.000,60.0,pause,labview_demo_csv
ARO-01,2586,A_linear,healthy,pause,0.897,0.000,17.9,55.7,0.000,60.0,pause,labview_demo_csv
ARO-01,2587,A_linear,healthy,pause,0.932,0.000,17.8,55.8,0.000,60.0,pause,labview_demo_csv
ARO-01,2588,A_linear,healthy,pause,0.939,0.000,17.7,55.5,0.000,60.0,pause,labview_demo_csv
ARO-01,2589,A_linear,healthy,pause,0.936,0.007,17.8,55.2,0.013,60.0,pause,labview_demo_csv
ARO-01,2590,A_linear,healthy,pause,0.943,0.001,17.8,55.0,0.003,60.0,pause,labview_demo_csv
ARO-01,2591,A_linear,healthy,pause,0.945,0.007,17.8,55.1,0.013,60.0,pause,labview_demo_csv
ARO-01,2592,A_linear,healthy,pause,0.972,0.003,17.8,55.2,0.006,60.0,pause,labview_demo_csv
ARO-01,2593,A_linear,healthy,pause,0.959,0.000,17.8,55.1,0.000,60.0,pause,labview_demo_csv
ARO-01,2594,A_linear,healthy,pause,0.971,0.000,17.8,55.2,0.000,60.0,pause,labview_demo_csv
ARO-01,2595,A_linear,healthy,pause,0.967,0.006,17.6,55.6,0.010,60.0,pause,labview_demo_csv
ARO-01,2596,A_linear,healthy,ascent,1.000,0.557,17.7,55.4,1.004,60.0,ascent,labview_demo_csv
ARO-01,2597,A_linear,healthy,ascent,1.008,0.588,17.8,55.6,1.060,60.0,ascent,labview_demo_csv
ARO-01,2598,A_linear,healthy,ascent,0.983,0.573,17.7,55.5,1.034,60.0,ascent,labview_demo_csv
ARO-01,2599,A_linear,healthy,ascent,1.013,0.581,17.8,55.9,1.047,60.0,ascent,labview_demo_csv
ARO-01,2600,A_linear,healthy,ascent,1.023,0.560,17.7,55.7,1.011,60.0,ascent,labview_demo_csv
ARO-01,2601,A_linear,healthy,ascent,1.020,0.575,17.8,55.7,1.037,60.0,ascent,labview_demo_csv
ARO-01,2602,A_linear,healthy,ascent,1.012,0.579,17.9,55.9,1.044,60.0,ascent,labview_demo_csv
ARO-01,2603,A_linear,healthy,ascent,1.011,0.580,17.9,55.6,1.047,60.0,ascent,labview_demo_csv
ARO-01,2604,A_linear,healthy,ascent,1.039,0.565,17.9,55.5,1.019,60.0,ascent,labview_demo_csv
ARO-01,2605,A_linear,healthy,ascent,1.013,0.573,17.9,55.6,1.034,60.0,ascent,labview_demo_csv
ARO-01,2606,A_linear,healthy,ascent,1.010,0.580,17.8,55.6,1.046,60.0,ascent,labview_demo_csv
ARO-01,2607,A_linear,healthy,ascent,1.006,0.568,17.8,55.7,1.025,60.0,ascent,labview_demo_csv
ARO-01,2608,A_linear,healthy,descent,0.973,0.350,17.8,55.6,0.631,60.0,descent,labview_demo_csv
ARO-01,2609,A_linear,healthy,descent,1.020,0.353,17.8,55.8,0.637,60.0,descent,labview_demo_csv
ARO-01,2610,A_linear,healthy,descent,1.014,0.344,17.7,56.0,0.621,60.0,descent,labview_demo_csv
ARO-01,2611,A_linear,healthy,descent,0.977,0.341,17.6,56.1,0.615,60.0,descent,labview_demo_csv
ARO-01,2612,A_linear,healthy,descent,0.988,0.349,17.7,56.0,0.629,60.0,descent,labview_demo_csv
ARO-01,2613,A_linear,healthy,descent,0.986,0.358,17.7,56.5,0.645,60.0,descent,labview_demo_csv
ARO-01,2614,A_linear,healthy,descent,0.974,0.355,17.8,56.6,0.641,60.0,descent,labview_demo_csv
ARO-01,2615,A_linear,healthy,descent,0.969,0.352,17.9,56.1,0.636,60.0,descent,labview_demo_csv
ARO-01,2616,A_linear,healthy,descent,0.942,0.345,17.8,56.6,0.623,60.0,descent,labview_demo_csv
ARO-01,2617,A_linear,healthy,descent,0.948,0.356,17.9,56.6,0.643,60.0,descent,labview_demo_csv
ARO-01,2618,A_linear,healthy,descent,0.950,0.363,17.8,56.5,0.656,60.0,descent,labview_demo_csv
ARO-01,2619,A_linear,healthy,descent,0.937,0.360,17.7,56.4,0.649,60.0,descent,labview_demo_csv
ARO-01,2620,A_linear,healthy,pause,0.921,0.000,17.7,56.3,0.000,60.0,pause,labview_demo_csv
ARO-01,2621,A_linear,healthy,pause,0.907,0.000,17.6,56.0,0.000,60.0,pause,labview_demo_csv
ARO-01,2622,A_linear,healthy,pause,0.906,0.002,17.6,55.7,0.004,60.0,pause,labview_demo_csv
ARO-01,2623,A_linear,healthy,pause,0.915,0.007,17.5,55.7,0.013,60.0,pause,labview_demo_csv
ARO-01,2624,A_linear,healthy,pause,0.920,0.000,17.4,55.9,0.000,60.0,pause,labview_demo_csv
ARO-01,2625,A_linear,healthy,pause,0.915,0.014,17.4,55.9,0.026,60.0,pause,labview_demo_csv
ARO-01,2626,A_linear,healthy,pause,0.890,0.000,17.5,56.1,0.000,60.0,pause,labview_demo_csv
ARO-01,2627,A_linear,healthy,pause,0.889,0.000,17.5,56.0,0.000,60.0,pause,labview_demo_csv
ARO-01,2628,A_linear,healthy,pause,0.922,0.001,17.4,56.0,0.002,60.0,pause,labview_demo_csv
ARO-01,2629,A_linear,healthy,pause,0.916,0.001,17.4,56.1,0.002,60.0,pause,labview_demo_csv
ARO-01,2630,A_linear,healthy,pause,0.918,0.000,17.4,56.3,0.000,60.0,pause,labview_demo_csv
ARO-01,2631,A_linear,healthy,pause,0.923,0.000,17.5,56.5,0.000,60.0,pause,labview_demo_csv
ARO-01,2632,A_linear,healthy,pause,0.940,0.002,17.5,56.5,0.003,60.0,pause,labview_demo_csv
ARO-01,2633,A_linear,healthy,pause,0.946,0.000,17.5,56.7,0.000,60.0,pause,labview_demo_csv
ARO-01,2634,A_linear,healthy,pause,0.925,0.000,17.3,56.4,0.000,60.0,pause,labview_demo_csv
ARO-01,2635,A_linear,healthy,pause,0.959,0.005,17.2,56.6,0.010,60.0,pause,labview_demo_csv
ARO-01,2636,A_linear,healthy,pause,0.966,0.004,17.2,56.7,0.007,60.0,pause,labview_demo_csv
ARO-01,2637,A_linear,healthy,pause,0.972,0.003,17.1,56.4,0.005,60.0,pause,labview_demo_csv
ARO-01,2638,A_linear,healthy,pause,0.976,0.003,17.1,56.7,0.005,60.0,pause,labview_demo_csv
ARO-01,2639,A_linear,healthy,pause,0.985,0.004,17.1,56.7,0.008,60.0,pause,labview_demo_csv
ARO-01,2640,A_linear,healthy,ascent,1.008,0.644,17.1,56.9,1.161,75.0,ascent,labview_demo_csv
ARO-01,2641,A_linear,healthy,ascent,1.019,0.639,17.2,56.9,1.153,75.0,ascent,labview_demo_csv
ARO-01,2642,A_linear,healthy,ascent,1.017,0.638,17.1,57.2,1.151,75.0,ascent,labview_demo_csv
ARO-01,2643,A_linear,healthy,ascent,0.995,0.639,17.2,57.1,1.153,75.0,ascent,labview_demo_csv
ARO-01,2644,A_linear,healthy,ascent,1.008,0.641,17.2,57.1,1.157,75.0,ascent,labview_demo_csv
ARO-01,2645,A_linear,healthy,ascent,1.033,0.633,17.3,57.1,1.142,75.0,ascent,labview_demo_csv
ARO-01,2646,A_linear,healthy,ascent,1.034,0.641,17.2,56.9,1.157,75.0,ascent,labview_demo_csv
ARO-01,2647,A_linear,healthy,ascent,1.032,0.634,17.2,56.7,1.144,75.0,ascent,labview_demo_csv
ARO-01,2648,A_linear,healthy,ascent,1.038,0.624,17.3,56.5,1.126,75.0,ascent,labview_demo_csv
ARO-01,2649,A_linear,healthy,ascent,1.036,0.641,17.3,56.9,1.156,75.0,ascent,labview_demo_csv
ARO-01,2650,A_linear,healthy,ascent,1.023,0.634,17.5,56.8,1.145,75.0,ascent,labview_demo_csv
ARO-01,2651,A_linear,healthy,ascent,1.020,0.628,17.5,57.0,1.133,75.0,ascent,labview_demo_csv
ARO-01,2652,A_linear,healthy,descent,1.004,0.360,17.5,56.9,0.649,75.0,descent,labview_demo_csv
ARO-01,2653,A_linear,healthy,descent,0.987,0.340,17.4,56.8,0.613,75.0,descent,labview_demo_csv
ARO-01,2654,A_linear,healthy,descent,0.995,0.358,17.4,56.4,0.647,75.0,descent,labview_demo_csv
ARO-01,2655,A_linear,healthy,descent,0.989,0.343,17.3,56.4,0.619,75.0,descent,labview_demo_csv
ARO-01,2656,A_linear,healthy,descent,1.012,0.347,17.3,56.6,0.626,75.0,descent,labview_demo_csv
ARO-01,2657,A_linear,healthy,descent,0.985,0.347,17.4,56.8,0.626,75.0,descent,labview_demo_csv
ARO-01,2658,A_linear,healthy,descent,0.970,0.348,17.4,56.8,0.627,75.0,descent,labview_demo_csv
ARO-01,2659,A_linear,healthy,descent,0.970,0.349,17.5,57.1,0.630,75.0,descent,labview_demo_csv
ARO-01,2660,A_linear,healthy,descent,0.967,0.350,17.3,56.7,0.632,75.0,descent,labview_demo_csv
ARO-01,2661,A_linear,healthy,descent,0.950,0.353,17.2,56.6,0.638,75.0,descent,labview_demo_csv
ARO-01,2662,A_linear,healthy,descent,0.935,0.365,17.2,56.2,0.658,75.0,descent,labview_demo_csv
ARO-01,2663,A_linear,healthy,descent,0.930,0.345,17.1,56.4,0.623,75.0,descent,labview_demo_csv
ARO-01,2664,A_linear,healthy,pause,0.939,0.000,17.1,56.6,0.000,75.0,pause,labview_demo_csv
ARO-01,2665,A_linear,healthy,pause,0.907,0.003,17.1,57.0,0.006,75.0,pause,labview_demo_csv
ARO-01,2666,A_linear,healthy,pause,0.935,0.000,17.1,56.7,0.000,75.0,pause,labview_demo_csv
ARO-01,2667,A_linear,healthy,pause,0.895,0.000,17.1,56.9,0.000,75.0,pause,labview_demo_csv
ARO-01,2668,A_linear,healthy,pause,0.907,0.000,17.1,56.9,0.000,75.0,pause,labview_demo_csv
ARO-01,2669,A_linear,healthy,pause,0.895,0.000,17.1,57.3,0.001,75.0,pause,labview_demo_csv
ARO-01,2670,A_linear,healthy,pause,0.903,0.000,17.0,57.3,0.000,75.0,pause,labview_demo_csv
ARO-01,2671,A_linear,healthy,pause,0.903,0.004,17.0,57.3,0.006,75.0,pause,labview_demo_csv
ARO-01,2672,A_linear,healthy,pause,0.911,0.000,17.0,57.5,0.000,75.0,pause,labview_demo_csv
ARO-01,2673,A_linear,healthy,pause,0.920,0.000,17.1,57.5,0.000,75.0,pause,labview_demo_csv
ARO-01,2674,A_linear,healthy,pause,0.906,0.007,17.0,57.6,0.013,75.0,pause,labview_demo_csv
ARO-01,2675,A_linear,healthy,pause,0.941,0.000,16.9,57.6,0.000,75.0,pause,labview_demo_csv
ARO-01,2676,A_linear,healthy,pause,0.944,0.000,17.0,57.3,0.000,75.0,pause,labview_demo_csv
ARO-01,2677,A_linear,healthy,pause,0.941,0.000,17.0,57.0,0.000,75.0,pause,labview_demo_csv
ARO-01,2678,A_linear,healthy,pause,0.961,0.010,16.9,56.8,0.018,75.0,pause,labview_demo_csv
ARO-01,2679,A_linear,healthy,pause,0.942,0.008,16.8,57.0,0.014,75.0,pause,labview_demo_csv
ARO-01,2680,A_linear,healthy,pause,0.952,0.000,16.8,57.5,0.000,75.0,pause,labview_demo_csv
ARO-01,2681,A_linear,healthy,pause,0.966,0.000,16.7,57.3,0.000,75.0,pause,labview_demo_csv
ARO-01,2682,A_linear,healthy,pause,0.977,0.000,16.7,57.5,0.000,75.0,pause,labview_demo_csv
ARO-01,2683,A_linear,healthy,pause,0.993,0.007,16.8,57.2,0.013,75.0,pause,labview_demo_csv
ARO-01,2684,A_linear,healthy,ascent,0.975,0.637,16.9,57.0,1.149,75.0,ascent,labview_demo_csv
ARO-01,2685,A_linear,healthy,ascent,1.024,0.639,17.0,56.9,1.154,75.0,ascent,labview_demo_csv
ARO-01,2686,A_linear,healthy,ascent,1.017,0.636,17.0,56.8,1.148,75.0,ascent,labview_demo_csv
ARO-01,2687,A_linear,healthy,ascent,1.012,0.630,17.2,57.0,1.136,75.0,ascent,labview_demo_csv
ARO-01,2688,A_linear,healthy,ascent,1.003,0.629,17.2,56.9,1.134,75.0,ascent,labview_demo_csv
ARO-01,2689,A_linear,healthy,ascent,1.031,0.627,17.2,56.7,1.132,75.0,ascent,labview_demo_csv
ARO-01,2690,A_linear,healthy,ascent,1.027,0.637,17.1,56.9,1.150,75.0,ascent,labview_demo_csv
ARO-01,2691,A_linear,healthy,ascent,1.045,0.629,17.2,56.9,1.135,75.0,ascent,labview_demo_csv
ARO-01,2692,A_linear,healthy,ascent,1.008,0.641,17.3,56.6,1.156,75.0,ascent,labview_demo_csv
ARO-01,2693,A_linear,healthy,ascent,1.010,0.631,17.2,56.7,1.138,75.0,ascent,labview_demo_csv
ARO-01,2694,A_linear,healthy,ascent,1.017,0.634,17.1,56.8,1.144,75.0,ascent,labview_demo_csv
ARO-01,2695,A_linear,healthy,ascent,1.017,0.630,17.1,57.0,1.136,75.0,ascent,labview_demo_csv
ARO-01,2696,A_linear,healthy,descent,1.021,0.340,17.1,56.9,0.613,75.0,descent,labview_demo_csv
ARO-01,2697,A_linear,healthy,descent,1.006,0.358,16.9,57.0,0.645,75.0,descent,labview_demo_csv
ARO-01,2698,A_linear,healthy,descent,1.021,0.351,16.9,56.8,0.634,75.0,descent,labview_demo_csv
ARO-01,2699,A_linear,healthy,descent,1.006,0.349,16.8,57.2,0.629,75.0,descent,labview_demo_csv
ARO-01,2700,A_linear,healthy,descent,0.979,0.349,16.8,57.2,0.630,75.0,descent,labview_demo_csv
ARO-01,2701,A_linear,healthy,descent,0.979,0.362,16.8,57.0,0.653,75.0,descent,labview_demo_csv
ARO-01,2702,A_linear,healthy,descent,0.975,0.348,16.8,57.5,0.627,75.0,descent,labview_demo_csv
ARO-01,2703,A_linear,healthy,descent,0.963,0.345,16.9,57.6,0.623,75.0,descent,labview_demo_csv
ARO-01,2704,A_linear,healthy,descent,0.942,0.351,16.8,57.4,0.633,75.0,descent,labview_demo_csv
ARO-01,2705,A_linear,healthy,descent,0.929,0.351,16.8,57.5,0.633,75.0,descent,labview_demo_csv
ARO-01,2706,A_linear,healthy,descent,0.931,0.342,16.8,57.7,0.617,75.0,descent,labview_demo_csv
ARO-01,2707,A_linear,healthy,descent,0.926,0.350,16.8,58.0,0.631,75.0,descent,labview_demo_csv
ARO-01,2708,A_linear,healthy,pause,0.927,0.000,16.9,58.0,0.000,75.0,pause,labview_demo_csv
ARO-01,2709,A_linear,healthy,pause,0.919,0.000,16.8,57.9,0.000,75.0,pause,labview_demo_csv
ARO-01,2710,A_linear,healthy,pause,0.884,0.001,16.8,57.8,0.002,75.0,pause,labview_demo_csv
ARO-01,2711,A_linear,healthy,pause,0.897,0.007,16.9,57.7,0.012,75.0,pause,labview_demo_csv
ARO-01,2712,A_linear,healthy,pause,0.897,0.005,16.8,57.9,0.009,75.0,pause,labview_demo_csv
ARO-01,2713,A_linear,healthy,pause,0.908,0.000,16.7,58.3,0.000,75.0,pause,labview_demo_csv
ARO-01,2714,A_linear,healthy,pause,0.913,0.000,16.7,58.4,0.000,75.0,pause,labview_demo_csv
ARO-01,2715,A_linear,healthy,pause,0.899,0.000,16.6,58.6,0.000,75.0,pause,labview_demo_csv
ARO-01,2716,A_linear,healthy,pause,0.906,0.001,16.8,58.6,0.003,75.0,pause,labview_demo_csv
ARO-01,2717,A_linear,healthy,pause,0.922,0.000,16.8,58.7,0.000,75.0,pause,labview_demo_csv
ARO-01,2718,A_linear,healthy,pause,0.911,0.000,16.6,58.7,0.000,75.0,pause,labview_demo_csv
ARO-01,2719,A_linear,healthy,pause,0.888,0.007,16.6,58.7,0.012,75.0,pause,labview_demo_csv
ARO-01,2720,A_linear,healthy,pause,0.934,0.000,16.6,58.7,0.000,75.0,pause,labview_demo_csv
ARO-01,2721,A_linear,healthy,pause,0.923,0.000,16.5,58.6,0.000,75.0,pause,labview_demo_csv
ARO-01,2722,A_linear,healthy,pause,0.937,0.000,16.5,58.6,0.000,75.0,pause,labview_demo_csv
ARO-01,2723,A_linear,healthy,pause,0.957,0.003,16.5,58.5,0.005,75.0,pause,labview_demo_csv
ARO-01,2724,A_linear,healthy,pause,0.966,0.000,16.4,58.6,0.000,75.0,pause,labview_demo_csv
ARO-01,2725,A_linear,healthy,pause,0.980,0.001,16.5,58.5,0.003,75.0,pause,labview_demo_csv
ARO-01,2726,A_linear,healthy,pause,0.957,0.000,16.6,58.6,0.000,75.0,pause,labview_demo_csv
ARO-01,2727,A_linear,healthy,pause,0.985,0.000,16.5,58.4,0.000,75.0,pause,labview_demo_csv
ARO-01,2728,A_linear,healthy,ascent,0.993,0.701,16.6,58.3,1.265,90.0,ascent,labview_demo_csv
ARO-01,2729,A_linear,healthy,ascent,1.023,0.697,16.7,58.5,1.258,90.0,ascent,labview_demo_csv
ARO-01,2730,A_linear,healthy,ascent,1.004,0.702,16.6,58.8,1.266,90.0,ascent,labview_demo_csv
ARO-01,2731,A_linear,healthy,ascent,1.023,0.698,16.6,58.4,1.260,90.0,ascent,labview_demo_csv
ARO-01,2732,A_linear,healthy,ascent,1.009,0.700,16.7,58.3,1.262,90.0,ascent,labview_demo_csv
ARO-01,2733,A_linear,healthy,ascent,1.019,0.699,16.8,58.2,1.262,90.0,ascent,labview_demo_csv
ARO-01,2734,A_linear,healthy,ascent,1.022,0.701,16.9,58.2,1.264,90.0,ascent,labview_demo_csv
ARO-01,2735,A_linear,healthy,ascent,1.043,0.702,16.9,57.9,1.267,90.0,ascent,labview_demo_csv
ARO-01,2736,A_linear,healthy,ascent,1.034,0.692,16.9,57.9,1.248,90.0,ascent,labview_demo_csv
ARO-01,2737,A_linear,healthy,ascent,1.024,0.700,17.0,57.6,1.263,90.0,ascent,labview_demo_csv
ARO-01,2738,A_linear,healthy,ascent,1.016,0.695,17.0,57.4,1.254,90.0,ascent,labview_demo_csv
ARO-01,2739,A_linear,healthy,ascent,1.024,0.701,17.0,57.7,1.265,90.0,ascent,labview_demo_csv
ARO-01,2740,A_linear,healthy,descent,1.017,0.351,17.1,57.9,0.632,90.0,descent,labview_demo_csv
ARO-01,2741,A_linear,healthy,descent,0.994,0.350,17.1,57.7,0.632,90.0,descent,labview_demo_csv
ARO-01,2742,A_linear,healthy,descent,0.999,0.346,16.9,57.5,0.624,90.0,descent,labview_demo_csv
ARO-01,2743,A_linear,healthy,descent,0.971,0.357,16.9,57.4,0.645,90.0,descent,labview_demo_csv
ARO-01,2744,A_linear,healthy,descent,1.002,0.348,16.8,57.7,0.628,90.0,descent,labview_demo_csv
ARO-01,2745,A_linear,healthy,descent,0.972,0.355,16.8,58.1,0.641,90.0,descent,labview_demo_csv
ARO-01,2746,A_linear,healthy,descent,0.957,0.353,16.8,58.2,0.636,90.0,descent,labview_demo_csv
ARO-01,2747,A_linear,healthy,descent,0.964,0.343,16.7,58.0,0.619,90.0,descent,labview_demo_csv
ARO-01,2748,A_linear,healthy,descent,0.960,0.353,16.6,57.8,0.637,90.0,descent,labview_demo_csv
ARO-01,2749,A_linear,healthy,descent,0.947,0.342,16.6,58.2,0.617,90.0,descent,labview_demo_csv
ARO-01,2750,A_linear,healthy,descent,0.950,0.340,16.6,58.0,0.613,90.0,descent,labview_demo_csv
ARO-01,2751,A_linear,healthy,descent,0.953,0.345,16.6,58.1,0.622,90.0,descent,labview_demo_csv
ARO-01,2752,A_linear,healthy,pause,0.943,0.000,16.6,58.0,0.000,90.0,pause,labview_demo_csv
ARO-01,2753,A_linear,healthy,pause,0.898,0.005,16.6,58.0,0.009,90.0,pause,labview_demo_csv
ARO-01,2754,A_linear,healthy,pause,0.932,0.000,16.5,57.9,0.000,90.0,pause,labview_demo_csv
ARO-01,2755,A_linear,healthy,pause,0.895,0.002,16.6,57.9,0.003,90.0,pause,labview_demo_csv
ARO-01,2756,A_linear,healthy,pause,0.921,0.000,16.6,57.8,0.000,90.0,pause,labview_demo_csv
ARO-01,2757,A_linear,healthy,pause,0.899,0.001,16.6,57.7,0.002,90.0,pause,labview_demo_csv
ARO-01,2758,A_linear,healthy,pause,0.897,0.000,16.5,57.9,0.000,90.0,pause,labview_demo_csv
ARO-01,2759,A_linear,healthy,pause,0.899,0.000,16.4,57.8,0.000,90.0,pause,labview_demo_csv
ARO-01,2760,A_linear,healthy,pause,0.881,0.000,16.3,58.1,0.000,90.0,pause,labview_demo_csv
ARO-01,2761,A_linear,healthy,pause,0.908,0.003,16.4,58.0,0.005,90.0,pause,labview_demo_csv
ARO-01,2762,A_linear,healthy,pause,0.901,0.005,16.3,58.3,0.009,90.0,pause,labview_demo_csv
ARO-01,2763,A_linear,healthy,pause,0.934,0.004,16.3,58.4,0.008,90.0,pause,labview_demo_csv
ARO-01,2764,A_linear,healthy,pause,0.908,0.000,16.4,58.4,0.000,90.0,pause,labview_demo_csv
ARO-01,2765,A_linear,healthy,pause,0.948,0.000,16.2,58.5,0.000,90.0,pause,labview_demo_csv
ARO-01,2766,A_linear,healthy,pause,0.932,0.004,16.2,58.8,0.007,90.0,pause,labview_demo_csv
ARO-01,2767,A_linear,healthy,pause,0.948,0.000,16.2,59.3,0.000,90.0,pause,labview_demo_csv
ARO-01,2768,A_linear,healthy,pause,0.962,0.001,16.2,59.1,0.002,90.0,pause,labview_demo_csv
ARO-01,2769,A_linear,healthy,pause,0.980,0.000,16.2,59.3,0.000,90.0,pause,labview_demo_csv
ARO-01,2770,A_linear,healthy,pause,0.971,0.012,16.2,59.1,0.021,90.0,pause,labview_demo_csv
ARO-01,2771,A_linear,healthy,pause,1.007,0.001,16.2,59.2,0.002,90.0,pause,labview_demo_csv
ARO-01,2772,A_linear,healthy,ascent,1.005,0.702,16.2,59.3,1.267,90.0,ascent,labview_demo_csv
ARO-01,2773,A_linear,healthy,ascent,1.028,0.704,16.3,59.1,1.270,90.0,ascent,labview_demo_csv
ARO-01,2774,A_linear,healthy,ascent,0.998,0.699,16.4,58.9,1.262,90.0,ascent,labview_demo_csv
ARO-01,2775,A_linear,healthy,ascent,1.006,0.694,16.4,58.7,1.251,90.0,ascent,labview_demo_csv
ARO-01,2776,A_linear,healthy,ascent,1.034,0.695,16.5,58.8,1.253,90.0,ascent,labview_demo_csv
ARO-01,2777,A_linear,healthy,ascent,0.994,0.702,16.5,58.6,1.267,90.0,ascent,labview_demo_csv
ARO-01,2778,A_linear,healthy,ascent,1.019,0.694,16.5,58.8,1.252,90.0,ascent,labview_demo_csv
ARO-01,2779,A_linear,healthy,ascent,1.032,0.700,16.6,58.6,1.264,90.0,ascent,labview_demo_csv
ARO-01,2780,A_linear,healthy,ascent,1.009,0.713,16.7,58.7,1.287,90.0,ascent,labview_demo_csv
ARO-01,2781,A_linear,healthy,ascent,1.056,0.701,16.6,58.6,1.266,90.0,ascent,labview_demo_csv
ARO-01,2782,A_linear,healthy,ascent,1.034,0.691,16.6,58.6,1.247,90.0,ascent,labview_demo_csv
ARO-01,2783,A_linear,healthy,ascent,1.008,0.703,16.5,58.5,1.269,90.0,ascent,labview_demo_csv
ARO-01,2784,A_linear,healthy,descent,1.010,0.366,16.4,58.6,0.660,90.0,descent,labview_demo_csv
ARO-01,2785,A_linear,healthy,descent,1.012,0.351,16.5,58.5,0.632,90.0,descent,labview_demo_csv
ARO-01,2786,A_linear,healthy,descent,0.989,0.335,16.6,58.5,0.604,90.0,descent,labview_demo_csv
ARO-01,2787,A_linear,healthy,descent,0.988,0.357,16.5,58.6,0.644,90.0,descent,labview_demo_csv
ARO-01,2788,A_linear,healthy,descent,0.980,0.361,16.5,59.0,0.651,90.0,descent,labview_demo_csv
ARO-01,2789,A_linear,healthy,descent,0.986,0.361,16.4,59.2,0.652,90.0,descent,labview_demo_csv
ARO-01,2790,A_linear,healthy,descent,0.991,0.343,16.4,59.4,0.619,90.0,descent,labview_demo_csv
ARO-01,2791,A_linear,healthy,descent,0.949,0.364,16.4,59.3,0.657,90.0,descent,labview_demo_csv
ARO-01,2792,A_linear,healthy,descent,0.948,0.353,16.4,58.9,0.636,90.0,descent,labview_demo_csv
ARO-01,2793,A_linear,healthy,descent,0.943,0.345,16.5,58.8,0.623,90.0,descent,labview_demo_csv
ARO-01,2794,A_linear,healthy,descent,0.930,0.348,16.4,58.9,0.627,90.0,descent,labview_demo_csv
ARO-01,2795,A_linear,healthy,descent,0.918,0.356,16.4,58.7,0.642,90.0,descent,labview_demo_csv
ARO-01,2796,A_linear,healthy,pause,0.907,0.000,16.3,58.8,0.000,90.0,pause,labview_demo_csv
ARO-01,2797,A_linear,healthy,pause,0.910,0.006,16.3,58.9,0.010,90.0,pause,labview_demo_csv
ARO-01,2798,A_linear,healthy,pause,0.934,0.002,16.2,58.6,0.003,90.0,pause,labview_demo_csv
ARO-01,2799,A_linear,healthy,pause,0.923,0.001,16.1,58.2,0.001,90.0,pause,labview_demo_csv
ARO-01,2800,A_linear,healthy,pause,0.886,0.000,16.0,58.2,0.000,90.0,pause,labview_demo_csv
ARO-01,2801,A_linear,healthy,pause,0.914,0.006,16.1,58.2,0.010,90.0,pause,labview_demo_csv
ARO-01,2802,A_linear,healthy,pause,0.909,0.002,15.9,58.5,0.004,90.0,pause,labview_demo_csv
ARO-01,2803,A_linear,healthy,pause,0.909,0.000,15.9,58.7,0.000,90.0,pause,labview_demo_csv
ARO-01,2804,A_linear,healthy,pause,0.915,0.006,15.8,58.9,0.010,90.0,pause,labview_demo_csv
ARO-01,2805,A_linear,healthy,pause,0.900,0.000,15.9,58.8,0.000,90.0,pause,labview_demo_csv
ARO-01,2806,A_linear,healthy,pause,0.926,0.006,15.9,58.6,0.011,90.0,pause,labview_demo_csv
ARO-01,2807,A_linear,healthy,pause,0.931,0.000,15.9,58.8,0.000,90.0,pause,labview_demo_csv
ARO-01,2808,A_linear,healthy,pause,0.932,0.000,16.0,58.6,0.000,90.0,pause,labview_demo_csv
ARO-01,2809,A_linear,healthy,pause,0.929,0.000,15.9,58.5,0.000,90.0,pause,labview_demo_csv
ARO-01,2810,A_linear,healthy,pause,0.951,0.002,15.9,58.3,0.003,90.0,pause,labview_demo_csv
ARO-01,2811,A_linear,healthy,pause,0.950,0.000,16.0,58.6,0.000,90.0,pause,labview_demo_csv
ARO-01,2812,A_linear,healthy,pause,0.935,0.000,16.0,58.7,0.000,90.0,pause,labview_demo_csv
ARO-01,2813,A_linear,healthy,pause,0.962,0.010,15.9,58.7,0.018,90.0,pause,labview_demo_csv
ARO-01,2814,A_linear,healthy,pause,0.968,0.000,15.9,58.9,0.000,90.0,pause,labview_demo_csv
ARO-01,2815,A_linear,healthy,pause,0.978,0.001,15.8,58.8,0.002,90.0,pause,labview_demo_csv
ARO-01,2816,A_linear,healthy,ascent,0.982,0.640,15.9,58.9,1.155,75.0,ascent,labview_demo_csv
ARO-01,2817,A_linear,healthy,ascent,0.991,0.624,16.0,58.8,1.126,75.0,ascent,labview_demo_csv
ARO-01,2818,A_linear,healthy,ascent,1.014,0.632,16.0,58.6,1.140,75.0,ascent,labview_demo_csv
ARO-01,2819,A_linear,healthy,ascent,1.031,0.634,16.0,58.8,1.144,75.0,ascent,labview_demo_csv
ARO-01,2820,A_linear,healthy,ascent,1.010,0.623,16.1,59.0,1.124,75.0,ascent,labview_demo_csv
ARO-01,2821,A_linear,healthy,ascent,1.030,0.631,16.3,58.9,1.139,75.0,ascent,labview_demo_csv
ARO-01,2822,A_linear,healthy,ascent,1.024,0.646,16.4,58.9,1.165,75.0,ascent,labview_demo_csv
ARO-01,2823,A_linear,healthy,ascent,1.031,0.646,16.4,59.0,1.165,75.0,ascent,labview_demo_csv
ARO-01,2824,A_linear,healthy,ascent,1.006,0.625,16.5,59.1,1.128,75.0,ascent,labview_demo_csv
ARO-01,2825,A_linear,healthy,ascent,1.014,0.631,16.6,59.0,1.138,75.0,ascent,labview_demo_csv
ARO-01,2826,A_linear,healthy,ascent,1.014,0.632,16.6,58.8,1.141,75.0,ascent,labview_demo_csv
ARO-01,2827,A_linear,healthy,ascent,1.024,0.633,16.6,58.6,1.141,75.0,ascent,labview_demo_csv
ARO-01,2828,A_linear,healthy,descent,1.025,0.353,16.5,58.6,0.637,75.0,descent,labview_demo_csv
ARO-01,2829,A_linear,healthy,descent,0.984,0.361,16.5,58.6,0.652,75.0,descent,labview_demo_csv
ARO-01,2830,A_linear,healthy,descent,1.008,0.341,16.5,58.8,0.615,75.0,descent,labview_demo_csv
ARO-01,2831,A_linear,healthy,descent,0.995,0.344,16.5,58.7,0.621,75.0,descent,labview_demo_csv
ARO-01,2832,A_linear,healthy,descent,0.986,0.354,16.4,58.9,0.638,75.0,descent,labview_demo_csv
ARO-01,2833,A_linear,healthy,descent,0.977,0.357,16.4,58.4,0.644,75.0,descent,labview_demo_csv
ARO-01,2834,A_linear,healthy,descent,0.969,0.344,16.3,58.5,0.620,75.0,descent,labview_demo_csv
ARO-01,2835,A_linear,healthy,descent,0.961,0.350,16.4,58.8,0.631,75.0,descent,labview_demo_csv
ARO-01,2836,A_linear,healthy,descent,0.965,0.358,16.4,58.9,0.646,75.0,descent,labview_demo_csv
ARO-01,2837,A_linear,healthy,descent,0.950,0.351,16.4,58.9,0.633,75.0,descent,labview_demo_csv
ARO-01,2838,A_linear,healthy,descent,0.926,0.349,16.4,58.9,0.629,75.0,descent,labview_demo_csv
ARO-01,2839,A_linear,healthy,descent,0.918,0.357,16.5,58.6,0.643,75.0,descent,labview_demo_csv
ARO-01,2840,A_linear,healthy,pause,0.942,0.000,16.3,58.6,0.000,75.0,pause,labview_demo_csv
ARO-01,2841,A_linear,healthy,pause,0.928,0.007,16.3,58.4,0.013,75.0,pause,labview_demo_csv
ARO-01,2842,A_linear,healthy,pause,0.925,0.004,16.1,58.6,0.007,75.0,pause,labview_demo_csv
ARO-01,2843,A_linear,healthy,pause,0.888,0.000,16.1,58.5,0.000,75.0,pause,labview_demo_csv
ARO-01,2844,A_linear,healthy,pause,0.913,0.000,16.1,58.9,0.000,75.0,pause,labview_demo_csv
ARO-01,2845,A_linear,healthy,pause,0.897,0.000,16.0,58.7,0.000,75.0,pause,labview_demo_csv
ARO-01,2846,A_linear,healthy,pause,0.898,0.002,15.9,58.9,0.003,75.0,pause,labview_demo_csv
ARO-01,2847,A_linear,healthy,pause,0.926,0.000,16.0,58.6,0.000,75.0,pause,labview_demo_csv
ARO-01,2848,A_linear,healthy,pause,0.919,0.000,15.9,58.8,0.000,75.0,pause,labview_demo_csv
ARO-01,2849,A_linear,healthy,pause,0.909,0.005,15.9,58.9,0.008,75.0,pause,labview_demo_csv
ARO-01,2850,A_linear,healthy,pause,0.919,0.000,15.9,59.0,0.000,75.0,pause,labview_demo_csv
ARO-01,2851,A_linear,healthy,pause,0.937,0.000,15.8,59.3,0.000,75.0,pause,labview_demo_csv
ARO-01,2852,A_linear,healthy,pause,0.921,0.004,15.8,59.3,0.007,75.0,pause,labview_demo_csv
ARO-01,2853,A_linear,healthy,pause,0.963,0.000,15.7,59.2,0.000,75.0,pause,labview_demo_csv
ARO-01,2854,A_linear,healthy,pause,0.951,0.000,15.7,59.4,0.000,75.0,pause,labview_demo_csv
ARO-01,2855,A_linear,healthy,pause,0.938,0.000,15.7,59.4,0.000,75.0,pause,labview_demo_csv
ARO-01,2856,A_linear,healthy,pause,0.981,0.000,15.6,59.6,0.000,75.0,pause,labview_demo_csv
ARO-01,2857,A_linear,healthy,pause,0.981,0.000,15.6,59.7,0.000,75.0,pause,labview_demo_csv
ARO-01,2858,A_linear,healthy,pause,0.985,0.013,15.5,59.8,0.023,75.0,pause,labview_demo_csv
ARO-01,2859,A_linear,healthy,pause,0.996,0.000,15.5,60.2,0.000,75.0,pause,labview_demo_csv
ARO-01,2860,A_linear,healthy,ascent,0.998,0.635,15.5,60.4,1.145,75.0,ascent,labview_demo_csv
ARO-01,2861,A_linear,healthy,ascent,1.017,0.643,15.6,60.3,1.160,75.0,ascent,labview_demo_csv
ARO-01,2862,A_linear,healthy,ascent,1.001,0.639,15.8,60.0,1.152,75.0,ascent,labview_demo_csv
ARO-01,2863,A_linear,healthy,ascent,1.016,0.634,15.8,59.8,1.145,75.0,ascent,labview_demo_csv
ARO-01,2864,A_linear,healthy,ascent,1.052,0.631,15.9,59.9,1.138,75.0,ascent,labview_demo_csv
ARO-01,2865,A_linear,healthy,ascent,1.016,0.638,15.8,59.7,1.150,75.0,ascent,labview_demo_csv
ARO-01,2866,A_linear,healthy,ascent,1.032,0.620,15.9,60.0,1.119,75.0,ascent,labview_demo_csv
ARO-01,2867,A_linear,healthy,ascent,1.030,0.637,16.0,59.9,1.149,75.0,ascent,labview_demo_csv
ARO-01,2868,A_linear,healthy,ascent,1.054,0.645,16.1,59.7,1.164,75.0,ascent,labview_demo_csv
ARO-01,2869,A_linear,healthy,ascent,1.018,0.622,16.1,59.6,1.123,75.0,ascent,labview_demo_csv
ARO-01,2870,A_linear,healthy,ascent,1.027,0.637,16.2,59.4,1.149,75.0,ascent,labview_demo_csv
ARO-01,2871,A_linear,healthy,ascent,1.043,0.642,16.2,59.2,1.158,75.0,ascent,labview_demo_csv
ARO-01,2872,A_linear,healthy,descent,1.010,0.350,16.2,59.0,0.631,75.0,descent,labview_demo_csv
ARO-01,2873,A_linear,healthy,descent,1.025,0.373,16.2,59.1,0.673,75.0,descent,labview_demo_csv
ARO-01,2874,A_linear,healthy,descent,0.986,0.353,16.1,59.1,0.636,75.0,descent,labview_demo_csv
ARO-01,2875,A_linear,healthy,descent,1.020,0.357,16.0,59.2,0.645,75.0,descent,labview_demo_csv
ARO-01,2876,A_linear,healthy,descent,0.980,0.347,16.0,59.3,0.625,75.0,descent,labview_demo_csv
ARO-01,2877,A_linear,healthy,descent,0.997,0.356,16.0,59.4,0.642,75.0,descent,labview_demo_csv
ARO-01,2878,A_linear,healthy,descent,0.952,0.356,16.0,59.6,0.643,75.0,descent,labview_demo_csv
ARO-01,2879,A_linear,healthy,descent,0.968,0.346,16.0,59.5,0.624,75.0,descent,labview_demo_csv
ARO-01,2880,A_linear,healthy,descent,0.951,0.348,16.0,59.5,0.627,75.0,descent,labview_demo_csv
ARO-01,2881,A_linear,healthy,descent,0.973,0.350,16.0,59.8,0.631,75.0,descent,labview_demo_csv
ARO-01,2882,A_linear,healthy,descent,0.957,0.354,16.1,59.7,0.639,75.0,descent,labview_demo_csv
ARO-01,2883,A_linear,healthy,descent,0.921,0.349,16.1,59.7,0.629,75.0,descent,labview_demo_csv
ARO-01,2884,A_linear,healthy,pause,0.929,0.003,15.9,60.0,0.005,75.0,pause,labview_demo_csv
ARO-01,2885,A_linear,healthy,pause,0.918,0.001,15.9,60.2,0.001,75.0,pause,labview_demo_csv
ARO-01,2886,A_linear,healthy,pause,0.910,0.012,15.9,60.3,0.022,75.0,pause,labview_demo_csv
ARO-01,2887,A_linear,healthy,pause,0.922,0.006,15.8,60.1,0.011,75.0,pause,labview_demo_csv
ARO-01,2888,A_linear,healthy,pause,0.916,0.009,15.8,59.9,0.016,75.0,pause,labview_demo_csv
ARO-01,2889,A_linear,healthy,pause,0.925,0.000,15.8,59.8,0.000,75.0,pause,labview_demo_csv
ARO-01,2890,A_linear,healthy,pause,0.896,0.000,15.8,59.8,0.000,75.0,pause,labview_demo_csv
ARO-01,2891,A_linear,healthy,pause,0.909,0.007,15.7,59.6,0.013,75.0,pause,labview_demo_csv
ARO-01,2892,A_linear,healthy,pause,0.894,0.000,15.5,59.6,0.000,75.0,pause,labview_demo_csv
ARO-01,2893,A_linear,healthy,pause,0.930,0.004,15.5,59.7,0.007,75.0,pause,labview_demo_csv
ARO-01,2894,A_linear,healthy,pause,0.916,0.000,15.5,59.9,0.000,75.0,pause,labview_demo_csv
ARO-01,2895,A_linear,healthy,pause,0.931,0.002,15.5,59.8,0.004,75.0,pause,labview_demo_csv
ARO-01,2896,A_linear,healthy,pause,0.950,0.000,15.5,60.2,0.000,75.0,pause,labview_demo_csv
ARO-01,2897,A_linear,healthy,pause,0.936,0.009,15.3,60.5,0.017,75.0,pause,labview_demo_csv
ARO-01,2898,A_linear,healthy,pause,0.954,0.004,15.4,60.6,0.007,75.0,pause,labview_demo_csv
ARO-01,2899,A_linear,healthy,pause,0.953,0.009,15.4,60.8,0.015,75.0,pause,labview_demo_csv
ARO-01,2900,A_linear,healthy,pause,0.956,0.000,15.4,60.7,0.000,75.0,pause,labview_demo_csv
ARO-01,2901,A_linear,healthy,pause,0.962,0.000,15.3,60.7,0.000,75.0,pause,labview_demo_csv
ARO-01,2902,A_linear,healthy,pause,0.981,0.000,15.3,60.9,0.000,75.0,pause,labview_demo_csv
ARO-01,2903,A_linear,healthy,pause,0.995,0.000,15.2,60.9,0.000,75.0,pause,labview_demo_csv
ARO-01,2904,A_linear,healthy,ascent,0.999,0.650,15.3,60.8,1.173,75.0,ascent,labview_demo_csv
ARO-01,2905,A_linear,healthy,ascent,0.991,0.630,15.3,60.9,1.136,75.0,ascent,labview_demo_csv
ARO-01,2906,A_linear,healthy,ascent,1.016,0.625,15.4,60.8,1.128,75.0,ascent,labview_demo_csv
ARO-01,2907,A_linear,healthy,ascent,1.010,0.637,15.6,60.7,1.149,75.0,ascent,labview_demo_csv
ARO-01,2908,A_linear,healthy,ascent,1.038,0.639,15.6,60.6,1.153,75.0,ascent,labview_demo_csv
ARO-01,2909,A_linear,healthy,ascent,1.017,0.633,15.6,60.7,1.142,75.0,ascent,labview_demo_csv
ARO-01,2910,A_linear,healthy,ascent,1.006,0.640,15.7,60.4,1.154,75.0,ascent,labview_demo_csv
ARO-01,2911,A_linear,healthy,ascent,1.045,0.638,15.7,60.3,1.151,75.0,ascent,labview_demo_csv
ARO-01,2912,A_linear,healthy,ascent,1.030,0.627,15.7,60.2,1.132,75.0,ascent,labview_demo_csv
ARO-01,2913,A_linear,healthy,ascent,1.030,0.641,15.7,60.2,1.156,75.0,ascent,labview_demo_csv
ARO-01,2914,A_linear,healthy,ascent,1.026,0.641,15.7,59.9,1.157,75.0,ascent,labview_demo_csv
ARO-01,2915,A_linear,healthy,ascent,1.026,0.642,15.8,60.1,1.158,75.0,ascent,labview_demo_csv
ARO-01,2916,A_linear,healthy,descent,1.044,0.333,15.9,60.3,0.600,75.0,descent,labview_demo_csv
ARO-01,2917,A_linear,healthy,descent,1.012,0.355,15.9,60.1,0.640,75.0,descent,labview_demo_csv
ARO-01,2918,A_linear,healthy,descent,1.033,0.357,15.7,60.1,0.644,75.0,descent,labview_demo_csv
ARO-01,2919,A_linear,healthy,descent,0.995,0.353,15.8,60.3,0.638,75.0,descent,labview_demo_csv
ARO-01,2920,A_linear,healthy,descent,0.978,0.359,15.7,60.4,0.648,75.0,descent,labview_demo_csv
ARO-01,2921,A_linear,healthy,descent,0.969,0.354,15.8,60.1,0.638,75.0,descent,labview_demo_csv
ARO-01,2922,A_linear,healthy,descent,0.986,0.355,15.8,60.2,0.641,75.0,descent,labview_demo_csv
ARO-01,2923,A_linear,healthy,descent,0.976,0.346,15.9,60.3,0.624,75.0,descent,labview_demo_csv
ARO-01,2924,A_linear,healthy,descent,0.963,0.350,15.8,60.2,0.632,75.0,descent,labview_demo_csv
ARO-01,2925,A_linear,healthy,descent,0.961,0.365,15.8,60.0,0.659,75.0,descent,labview_demo_csv
ARO-01,2926,A_linear,healthy,descent,0.945,0.352,15.8,60.2,0.635,75.0,descent,labview_demo_csv
ARO-01,2927,A_linear,healthy,descent,0.934,0.359,15.8,60.4,0.648,75.0,descent,labview_demo_csv
ARO-01,2928,A_linear,healthy,pause,0.918,0.003,15.7,60.8,0.006,75.0,pause,labview_demo_csv
ARO-01,2929,A_linear,healthy,pause,0.942,0.000,15.6,60.4,0.000,75.0,pause,labview_demo_csv
ARO-01,2930,A_linear,healthy,pause,0.914,0.000,15.6,60.4,0.000,75.0,pause,labview_demo_csv
ARO-01,2931,A_linear,healthy,pause,0.921,0.000,15.5,60.5,0.000,75.0,pause,labview_demo_csv
ARO-01,2932,A_linear,healthy,pause,0.931,0.004,15.4,60.4,0.008,75.0,pause,labview_demo_csv
ARO-01,2933,A_linear,healthy,pause,0.925,0.000,15.4,60.4,0.000,75.0,pause,labview_demo_csv
ARO-01,2934,A_linear,healthy,pause,0.902,0.000,15.3,60.8,0.000,75.0,pause,labview_demo_csv
ARO-01,2935,A_linear,healthy,pause,0.908,0.000,15.2,60.8,0.000,75.0,pause,labview_demo_csv
ARO-01,2936,A_linear,healthy,pause,0.896,0.009,15.1,61.0,0.016,75.0,pause,labview_demo_csv
ARO-01,2937,A_linear,healthy,pause,0.919,0.000,15.1,60.9,0.000,75.0,pause,labview_demo_csv
ARO-01,2938,A_linear,healthy,pause,0.919,0.002,15.2,60.9,0.004,75.0,pause,labview_demo_csv
ARO-01,2939,A_linear,healthy,pause,0.929,0.000,15.3,60.7,0.000,75.0,pause,labview_demo_csv
ARO-01,2940,A_linear,healthy,pause,0.928,0.000,15.2,60.9,0.000,75.0,pause,labview_demo_csv
ARO-01,2941,A_linear,healthy,pause,0.936,0.000,15.1,61.0,0.000,75.0,pause,labview_demo_csv
ARO-01,2942,A_linear,healthy,pause,0.960,0.007,15.1,61.0,0.013,75.0,pause,labview_demo_csv
ARO-01,2943,A_linear,healthy,pause,0.950,0.000,15.0,61.3,0.000,75.0,pause,labview_demo_csv
ARO-01,2944,A_linear,healthy,pause,0.967,0.001,15.1,61.3,0.003,75.0,pause,labview_demo_csv
ARO-01,2945,A_linear,healthy,pause,0.965,0.000,15.2,61.4,0.000,75.0,pause,labview_demo_csv
ARO-01,2946,A_linear,healthy,pause,0.977,0.005,15.1,61.2,0.008,75.0,pause,labview_demo_csv
ARO-01,2947,A_linear,healthy,pause,0.991,0.000,15.2,61.2,0.000,75.0,pause,labview_demo_csv
ARO-01,2948,A_linear,healthy,ascent,0.970,0.445,15.2,61.2,0.802,30.0,ascent,labview_demo_csv
ARO-01,2949,A_linear,healthy,ascent,1.010,0.434,15.2,61.0,0.783,30.0,ascent,labview_demo_csv
ARO-01,2950,A_linear,healthy,ascent,1.015,0.441,15.4,61.1,0.795,30.0,ascent,labview_demo_csv
ARO-01,2951,A_linear,healthy,ascent,1.000,0.441,15.4,60.9,0.796,30.0,ascent,labview_demo_csv
ARO-01,2952,A_linear,healthy,ascent,1.013,0.443,15.3,61.0,0.799,30.0,ascent,labview_demo_csv
ARO-01,2953,A_linear,healthy,ascent,1.024,0.444,15.3,60.6,0.801,30.0,ascent,labview_demo_csv
ARO-01,2954,A_linear,healthy,ascent,1.024,0.444,15.3,60.7,0.802,30.0,ascent,labview_demo_csv
ARO-01,2955,A_linear,healthy,ascent,1.051,0.449,15.3,60.8,0.809,30.0,ascent,labview_demo_csv
ARO-01,2956,A_linear,healthy,ascent,1.009,0.443,15.3,61.1,0.800,30.0,ascent,labview_demo_csv
ARO-01,2957,A_linear,healthy,ascent,1.026,0.447,15.3,61.2,0.806,30.0,ascent,labview_demo_csv
ARO-01,2958,A_linear,healthy,ascent,1.015,0.449,15.2,61.4,0.811,30.0,ascent,labview_demo_csv
ARO-01,2959,A_linear,healthy,ascent,1.036,0.434,15.2,61.2,0.783,30.0,ascent,labview_demo_csv
ARO-01,2960,A_linear,healthy,descent,1.019,0.346,15.2,61.2,0.624,30.0,descent,labview_demo_csv
ARO-01,2961,A_linear,healthy,descent,0.995,0.347,15.1,60.8,0.625,30.0,descent,labview_demo_csv
ARO-01,2962,A_linear,healthy,descent,0.995,0.358,15.2,61.1,0.646,30.0,descent,labview_demo_csv
ARO-01,2963,A_linear,healthy,descent,0.996,0.344,15.2,61.4,0.621,30.0,descent,labview_demo_csv
ARO-01,2964,A_linear,healthy,descent,1.016,0.364,15.2,61.4,0.658,30.0,descent,labview_demo_csv
ARO-01,2965,A_linear,healthy,descent,0.979,0.354,15.2,61.7,0.639,30.0,descent,labview_demo_csv
ARO-01,2966,A_linear,healthy,descent,0.988,0.352,15.2,61.5,0.636,30.0,descent,labview_demo_csv
ARO-01,2967,A_linear,healthy,descent,0.958,0.351,15.4,61.4,0.634,30.0,descent,labview_demo_csv
ARO-01,2968,A_linear,healthy,descent,0.954,0.355,15.4,61.5,0.640,30.0,descent,labview_demo_csv
ARO-01,2969,A_linear,healthy,descent,0.946,0.349,15.3,61.4,0.629,30.0,descent,labview_demo_csv
ARO-01,2970,A_linear,healthy,descent,0.971,0.357,15.3,61.5,0.644,30.0,descent,labview_demo_csv
ARO-01,2971,A_linear,healthy,descent,0.947,0.360,15.3,61.4,0.650,30.0,descent,labview_demo_csv
ARO-01,2972,A_linear,healthy,pause,0.929,0.013,15.3,61.3,0.024,30.0,pause,labview_demo_csv
ARO-01,2973,A_linear,healthy,pause,0.908,0.004,15.2,61.6,0.008,30.0,pause,labview_demo_csv
ARO-01,2974,A_linear,healthy,pause,0.914,0.003,15.1,61.4,0.005,30.0,pause,labview_demo_csv
ARO-01,2975,A_linear,healthy,pause,0.915,0.006,15.1,61.6,0.011,30.0,pause,labview_demo_csv
ARO-01,2976,A_linear,healthy,pause,0.918,0.000,15.1,61.6,0.000,30.0,pause,labview_demo_csv
ARO-01,2977,A_linear,healthy,pause,0.917,0.000,14.9,61.6,0.000,30.0,pause,labview_demo_csv
ARO-01,2978,A_linear,healthy,pause,0.916,0.000,14.9,61.9,0.000,30.0,pause,labview_demo_csv
ARO-01,2979,A_linear,healthy,pause,0.924,0.008,14.9,61.9,0.014,30.0,pause,labview_demo_csv
ARO-01,2980,A_linear,healthy,pause,0.907,0.005,14.8,62.1,0.008,30.0,pause,labview_demo_csv
ARO-01,2981,A_linear,healthy,pause,0.925,0.000,14.7,62.2,0.000,30.0,pause,labview_demo_csv
ARO-01,2982,A_linear,healthy,pause,0.914,0.000,14.7,62.1,0.000,30.0,pause,labview_demo_csv
ARO-01,2983,A_linear,healthy,pause,0.929,0.002,14.7,62.0,0.004,30.0,pause,labview_demo_csv
ARO-01,2984,A_linear,healthy,pause,0.929,0.008,14.7,61.8,0.014,30.0,pause,labview_demo_csv
ARO-01,2985,A_linear,healthy,pause,0.936,0.009,14.7,61.6,0.016,30.0,pause,labview_demo_csv
ARO-01,2986,A_linear,healthy,pause,0.948,0.000,14.7,61.8,0.000,30.0,pause,labview_demo_csv
ARO-01,2987,A_linear,healthy,pause,0.975,0.000,14.6,61.7,0.000,30.0,pause,labview_demo_csv
ARO-01,2988,A_linear,healthy,pause,0.937,0.000,14.6,61.9,0.000,30.0,pause,labview_demo_csv
ARO-01,2989,A_linear,healthy,pause,0.993,0.002,14.7,61.7,0.004,30.0,pause,labview_demo_csv
ARO-01,2990,A_linear,healthy,pause,0.993,0.009,14.7,61.7,0.017,30.0,pause,labview_demo_csv
ARO-01,2991,A_linear,healthy,pause,0.981,0.000,14.8,61.9,0.000,30.0,pause,labview_demo_csv
ARO-01,2992,A_linear,healthy,ascent,0.986,0.442,14.9,62.1,0.798,30.0,ascent,labview_demo_csv
ARO-01,2993,A_linear,healthy,ascent,1.021,0.444,15.0,62.1,0.801,30.0,ascent,labview_demo_csv
ARO-01,2994,A_linear,healthy,ascent,1.024,0.444,15.0,62.2,0.802,30.0,ascent,labview_demo_csv
ARO-01,2995,A_linear,healthy,ascent,1.020,0.448,15.0,62.1,0.808,30.0,ascent,labview_demo_csv
ARO-01,2996,A_linear,healthy,ascent,1.006,0.440,15.0,61.8,0.794,30.0,ascent,labview_demo_csv
ARO-01,2997,A_linear,healthy,ascent,1.039,0.452,15.0,61.7,0.815,30.0,ascent,labview_demo_csv
ARO-01,2998,A_linear,healthy,ascent,1.023,0.445,15.1,61.8,0.802,30.0,ascent,labview_demo_csv
ARO-01,2999,A_linear,healthy,ascent,1.018,0.448,15.2,61.9,0.808,30.0,ascent,labview_demo_csv
ARO-01,3000,A_linear,healthy,ascent,1.012,0.447,15.3,62.1,0.807,30.0,ascent,labview_demo_csv
ARO-01,3001,A_linear,healthy,ascent,1.038,0.441,15.4,62.2,0.796,30.0,ascent,labview_demo_csv
ARO-01,3002,A_linear,healthy,ascent,0.984,0.442,15.4,62.3,0.798,30.0,ascent,labview_demo_csv
ARO-01,3003,A_linear,healthy,ascent,1.017,0.441,15.4,62.3,0.796,30.0,ascent,labview_demo_csv
ARO-01,3004,A_linear,healthy,descent,0.996,0.355,15.4,62.3,0.640,30.0,descent,labview_demo_csv
ARO-01,3005,A_linear,healthy,descent,1.024,0.357,15.3,62.5,0.645,30.0,descent,labview_demo_csv
ARO-01,3006,A_linear,healthy,descent,0.990,0.350,15.3,62.5,0.632,30.0,descent,labview_demo_csv
ARO-01,3007,A_linear,healthy,descent,1.014,0.357,15.2,62.4,0.644,30.0,descent,labview_demo_csv
ARO-01,3008,A_linear,healthy,descent,0.976,0.370,15.2,62.1,0.668,30.0,descent,labview_demo_csv
ARO-01,3009,A_linear,healthy,descent,0.969,0.354,15.1,62.0,0.638,30.0,descent,labview_demo_csv
ARO-01,3010,A_linear,healthy,descent,0.960,0.356,15.1,61.9,0.642,30.0,descent,labview_demo_csv
ARO-01,3011,A_linear,healthy,descent,0.971,0.342,15.0,62.2,0.617,30.0,descent,labview_demo_csv
ARO-01,3012,A_linear,healthy,descent,0.962,0.364,14.9,62.0,0.656,30.0,descent,labview_demo_csv
ARO-01,3013,A_linear,healthy,descent,0.966,0.350,15.0,61.8,0.631,30.0,descent,labview_demo_csv
ARO-01,3014,A_linear,healthy,descent,0.952,0.360,15.0,61.9,0.650,30.0,descent,labview_demo_csv
ARO-01,3015,A_linear,healthy,descent,0.938,0.356,15.0,62.0,0.642,30.0,descent,labview_demo_csv
ARO-01,3016,A_linear,healthy,pause,0.935,0.000,15.0,62.3,0.000,30.0,pause,labview_demo_csv
ARO-01,3017,A_linear,healthy,pause,0.957,0.000,15.0,62.3,0.000,30.0,pause,labview_demo_csv
ARO-01,3018,A_linear,healthy,pause,0.920,0.003,15.0,62.4,0.005,30.0,pause,labview_demo_csv
ARO-01,3019,A_linear,healthy,pause,0.908,0.004,14.9,62.0,0.008,30.0,pause,labview_demo_csv
ARO-01,3020,A_linear,healthy,pause,0.911,0.000,15.0,62.1,0.000,30.0,pause,labview_demo_csv
ARO-01,3021,A_linear,healthy,pause,0.922,0.000,15.0,62.1,0.000,30.0,pause,labview_demo_csv
ARO-01,3022,A_linear,healthy,pause,0.902,0.000,15.0,61.8,0.000,30.0,pause,labview_demo_csv
ARO-01,3023,A_linear,healthy,pause,0.910,0.003,15.0,62.1,0.006,30.0,pause,labview_demo_csv
ARO-01,3024,A_linear,healthy,pause,0.926,0.000,15.0,62.2,0.000,30.0,pause,labview_demo_csv
ARO-01,3025,A_linear,healthy,pause,0.881,0.006,14.9,62.1,0.011,30.0,pause,labview_demo_csv
ARO-01,3026,A_linear,healthy,pause,0.920,0.007,14.9,62.1,0.012,30.0,pause,labview_demo_csv
ARO-01,3027,A_linear,healthy,pause,0.924,0.000,14.9,62.1,0.000,30.0,pause,labview_demo_csv
ARO-01,3028,A_linear,healthy,pause,0.949,0.000,15.0,62.0,0.001,30.0,pause,labview_demo_csv
ARO-01,3029,A_linear,healthy,pause,0.947,0.000,14.9,62.1,0.000,30.0,pause,labview_demo_csv
ARO-01,3030,A_linear,healthy,pause,0.950,0.000,14.8,62.2,0.000,30.0,pause,labview_demo_csv
ARO-01,3031,A_linear,healthy,pause,0.966,0.000,14.8,62.3,0.000,30.0,pause,labview_demo_csv
ARO-01,3032,A_linear,healthy,pause,0.966,0.012,14.8,62.6,0.022,30.0,pause,labview_demo_csv
ARO-01,3033,A_linear,healthy,pause,0.975,0.000,14.7,62.8,0.000,30.0,pause,labview_demo_csv
ARO-01,3034,A_linear,healthy,pause,0.989,0.004,14.8,63.0,0.007,30.0,pause,labview_demo_csv
ARO-01,3035,A_linear,healthy,pause,0.959,0.005,14.8,63.0,0.010,30.0,pause,labview_demo_csv
ARO-01,3036,A_linear,healthy,ascent,0.987,0.503,14.8,63.0,0.907,45.0,ascent,labview_demo_csv
ARO-01,3037,A_linear,healthy,ascent,1.010,0.507,14.8,62.8,0.915,45.0,ascent,labview_demo_csv
ARO-01,3038,A_linear,healthy,ascent,0.998,0.503,14.8,62.7,0.907,45.0,ascent,labview_demo_csv
ARO-01,3039,A_linear,healthy,ascent,1.007,0.509,14.8,62.8,0.918,45.0,ascent,labview_demo_csv
ARO-01,3040,A_linear,healthy,ascent,1.024,0.506,14.8,62.7,0.913,45.0,ascent,labview_demo_csv
ARO-01,3041,A_linear,healthy,ascent,0.995,0.519,14.9,62.6,0.936,45.0,ascent,labview_demo_csv
ARO-01,3042,A_linear,healthy,ascent,1.037,0.516,15.0,62.5,0.931,45.0,ascent,labview_demo_csv
ARO-01,3043,A_linear,healthy,ascent,1.021,0.501,14.9,63.0,0.905,45.0,ascent,labview_demo_csv
ARO-01,3044,A_linear,healthy,ascent,1.046,0.492,15.0,63.0,0.887,45.0,ascent,labview_demo_csv
ARO-01,3045,A_linear,healthy,ascent,1.006,0.510,14.9,62.7,0.920,45.0,ascent,labview_demo_csv
ARO-01,3046,A_linear,healthy,ascent,1.014,0.514,14.9,62.8,0.928,45.0,ascent,labview_demo_csv
ARO-01,3047,A_linear,healthy,ascent,1.045,0.513,14.9,62.5,0.925,45.0,ascent,labview_demo_csv
ARO-01,3048,A_linear,healthy,descent,1.031,0.337,14.8,62.6,0.609,45.0,descent,labview_demo_csv
ARO-01,3049,A_linear,healthy,descent,1.021,0.352,14.7,62.5,0.636,45.0,descent,labview_demo_csv
ARO-01,3050,A_linear,healthy,descent,0.989,0.348,14.7,62.3,0.629,45.0,descent,labview_demo_csv
ARO-01,3051,A_linear,healthy,descent,1.005,0.354,14.7,62.3,0.640,45.0,descent,labview_demo_csv
ARO-01,3052,A_linear,healthy,descent,0.978,0.348,14.7,62.2,0.628,45.0,descent,labview_demo_csv
ARO-01,3053,A_linear,healthy,descent,0.986,0.353,14.7,62.1,0.637,45.0,descent,labview_demo_csv
ARO-01,3054,A_linear,healthy,descent,0.969,0.354,14.8,62.8,0.639,45.0,descent,labview_demo_csv
ARO-01,3055,A_linear,healthy,descent,0.968,0.350,14.8,62.8,0.632,45.0,descent,labview_demo_csv
ARO-01,3056,A_linear,healthy,descent,0.940,0.354,14.8,62.7,0.639,45.0,descent,labview_demo_csv
ARO-01,3057,A_linear,healthy,descent,0.956,0.346,14.8,62.7,0.624,45.0,descent,labview_demo_csv
ARO-01,3058,A_linear,healthy,descent,0.920,0.355,14.8,62.7,0.640,45.0,descent,labview_demo_csv
ARO-01,3059,A_linear,healthy,descent,0.928,0.357,14.9,62.7,0.644,45.0,descent,labview_demo_csv
ARO-01,3060,A_linear,healthy,pause,0.946,0.006,14.9,62.4,0.011,45.0,pause,labview_demo_csv
ARO-01,3061,A_linear,healthy,pause,0.927,0.001,14.8,62.7,0.003,45.0,pause,labview_demo_csv
ARO-01,3062,A_linear,healthy,pause,0.918,0.007,14.8,62.7,0.013,45.0,pause,labview_demo_csv
ARO-01,3063,A_linear,healthy,pause,0.903,0.002,14.8,62.5,0.004,45.0,pause,labview_demo_csv
ARO-01,3064,A_linear,healthy,pause,0.919,0.006,14.7,62.3,0.011,45.0,pause,labview_demo_csv
ARO-01,3065,A_linear,healthy,pause,0.893,0.001,14.7,62.6,0.001,45.0,pause,labview_demo_csv
ARO-01,3066,A_linear,healthy,pause,0.918,0.000,14.8,62.5,0.000,45.0,pause,labview_demo_csv
ARO-01,3067,A_linear,healthy,pause,0.917,0.000,14.8,62.5,0.001,45.0,pause,labview_demo_csv
ARO-01,3068,A_linear,healthy,pause,0.909,0.000,14.7,62.7,0.000,45.0,pause,labview_demo_csv
ARO-01,3069,A_linear,healthy,pause,0.924,0.000,14.7,62.9,0.000,45.0,pause,labview_demo_csv
ARO-01,3070,A_linear,healthy,pause,0.915,0.000,14.6,62.9,0.000,45.0,pause,labview_demo_csv
ARO-01,3071,A_linear,healthy,pause,0.944,0.000,14.7,63.3,0.000,45.0,pause,labview_demo_csv
ARO-01,3072,A_linear,healthy,pause,0.927,0.000,14.6,63.3,0.000,45.0,pause,labview_demo_csv
ARO-01,3073,A_linear,healthy,pause,0.928,0.000,14.6,63.2,0.000,45.0,pause,labview_demo_csv
ARO-01,3074,A_linear,healthy,pause,0.961,0.000,14.6,62.8,0.000,45.0,pause,labview_demo_csv
ARO-01,3075,A_linear,healthy,pause,0.953,0.004,14.4,62.9,0.007,45.0,pause,labview_demo_csv
ARO-01,3076,A_linear,healthy,pause,0.972,0.003,14.5,63.0,0.005,45.0,pause,labview_demo_csv
ARO-01,3077,A_linear,healthy,pause,0.979,0.000,14.5,63.1,0.000,45.0,pause,labview_demo_csv
ARO-01,3078,A_linear,healthy,pause,1.011,0.000,14.3,63.2,0.000,45.0,pause,labview_demo_csv
ARO-01,3079,A_linear,healthy,pause,1.001,0.000,14.3,63.1,0.000,45.0,pause,labview_demo_csv
ARO-01,3080,A_linear,healthy,ascent,1.018,0.884,14.5,63.2,1.595,135.0,ascent,labview_demo_csv
ARO-01,3081,A_linear,healthy,ascent,1.012,0.896,14.7,63.1,1.617,135.0,ascent,labview_demo_csv
ARO-01,3082,A_linear,healthy,ascent,0.998,0.891,14.8,62.8,1.607,135.0,ascent,labview_demo_csv
ARO-01,3083,A_linear,healthy,ascent,1.025,0.899,15.0,63.0,1.622,135.0,ascent,labview_demo_csv
ARO-01,3084,A_linear,healthy,ascent,1.001,0.892,15.0,62.8,1.610,135.0,ascent,labview_demo_csv
ARO-01,3085,A_linear,healthy,ascent,1.028,0.894,15.1,63.0,1.614,135.0,ascent,labview_demo_csv
ARO-01,3086,A_linear,healthy,ascent,1.022,0.893,15.2,63.5,1.612,135.0,ascent,labview_demo_csv
ARO-01,3087,A_linear,healthy,ascent,1.036,0.899,15.1,63.1,1.621,135.0,ascent,labview_demo_csv
ARO-01,3088,A_linear,healthy,ascent,1.025,0.887,15.2,63.0,1.601,135.0,ascent,labview_demo_csv
ARO-01,3089,A_linear,healthy,ascent,1.028,0.891,15.3,63.1,1.608,135.0,ascent,labview_demo_csv
ARO-01,3090,A_linear,healthy,ascent,1.011,0.889,15.3,62.9,1.603,135.0,ascent,labview_demo_csv
ARO-01,3091,A_linear,healthy,ascent,0.994,0.889,15.3,62.9,1.604,135.0,ascent,labview_demo_csv
ARO-01,3092,A_linear,healthy,descent,1.024,0.349,15.3,63.0,0.629,135.0,descent,labview_demo_csv
ARO-01,3093,A_linear,healthy,descent,1.008,0.344,15.3,63.0,0.620,135.0,descent,labview_demo_csv
ARO-01,3094,A_linear,healthy,descent,1.021,0.353,15.3,63.2,0.637,135.0,descent,labview_demo_csv
ARO-01,3095,A_linear,healthy,descent,0.987,0.340,15.3,63.7,0.613,135.0,descent,labview_demo_csv
ARO-01,3096,A_linear,healthy,descent,0.997,0.343,15.3,63.8,0.619,135.0,descent,labview_demo_csv
ARO-01,3097,A_linear,healthy,descent,0.961,0.354,15.3,63.9,0.639,135.0,descent,labview_demo_csv
ARO-01,3098,A_linear,healthy,descent,0.964,0.349,15.2,63.8,0.630,135.0,descent,labview_demo_csv
ARO-01,3099,A_linear,healthy,descent,0.981,0.350,15.2,63.7,0.631,135.0,descent,labview_demo_csv
ARO-01,3100,A_linear,healthy,descent,0.947,0.346,15.2,63.4,0.624,135.0,descent,labview_demo_csv
ARO-01,3101,A_linear,healthy,descent,0.960,0.351,15.2,63.6,0.633,135.0,descent,labview_demo_csv
ARO-01,3102,A_linear,healthy,descent,0.946,0.345,15.1,63.5,0.622,135.0,descent,labview_demo_csv
ARO-01,3103,A_linear,healthy,descent,0.939,0.351,15.1,63.2,0.634,135.0,descent,labview_demo_csv
ARO-01,3104,A_linear,healthy,pause,0.929,0.007,15.0,63.1,0.013,135.0,pause,labview_demo_csv
ARO-01,3105,A_linear,healthy,pause,0.942,0.004,15.0,62.9,0.008,135.0,pause,labview_demo_csv
ARO-01,3106,A_linear,healthy,pause,0.913,0.000,15.0,63.1,0.000,135.0,pause,labview_demo_csv
ARO-01,3107,A_linear,healthy,pause,0.916,0.000,14.9,63.1,0.000,135.0,pause,labview_demo_csv
ARO-01,3108,A_linear,healthy,pause,0.926,0.001,14.8,63.3,0.001,135.0,pause,labview_demo_csv
ARO-01,3109,A_linear,healthy,pause,0.933,0.005,14.9,63.3,0.009,135.0,pause,labview_demo_csv
ARO-01,3110,A_linear,healthy,pause,0.920,0.003,14.9,63.3,0.005,135.0,pause,labview_demo_csv
ARO-01,3111,A_linear,healthy,pause,0.913,0.000,14.8,63.2,0.000,135.0,pause,labview_demo_csv
ARO-01,3112,A_linear,healthy,pause,0.913,0.000,14.8,63.3,0.000,135.0,pause,labview_demo_csv
ARO-01,3113,A_linear,healthy,pause,0.908,0.002,14.6,63.2,0.004,135.0,pause,labview_demo_csv
ARO-01,3114,A_linear,healthy,pause,0.927,0.000,14.6,63.1,0.000,135.0,pause,labview_demo_csv
ARO-01,3115,A_linear,healthy,pause,0.915,0.008,14.5,63.3,0.014,135.0,pause,labview_demo_csv
ARO-01,3116,A_linear,healthy,pause,0.941,0.012,14.6,63.3,0.021,135.0,pause,labview_demo_csv
ARO-01,3117,A_linear,healthy,pause,0.918,0.001,14.5,63.6,0.002,135.0,pause,labview_demo_csv
ARO-01,3118,A_linear,healthy,pause,0.942,0.000,14.4,63.7,0.000,135.0,pause,labview_demo_csv
ARO-01,3119,A_linear,healthy,pause,0.953,0.001,14.4,63.6,0.003,135.0,pause,labview_demo_csv
ARO-01,3120,A_linear,healthy,pause,0.971,0.000,14.5,63.6,0.000,135.0,pause,labview_demo_csv
ARO-01,3121,A_linear,healthy,pause,0.981,0.000,14.6,63.8,0.000,135.0,pause,labview_demo_csv
ARO-01,3122,A_linear,healthy,pause,0.992,0.000,14.5,63.7,0.000,135.0,pause,labview_demo_csv
ARO-01,3123,A_linear,healthy,pause,1.006,0.005,14.5,63.4,0.009,135.0,pause,labview_demo_csv
ARO-01,3124,A_linear,healthy,ascent,0.999,0.762,14.7,63.4,1.375,105.0,ascent,labview_demo_csv
ARO-01,3125,A_linear,healthy,ascent,1.009,0.760,14.6,63.4,1.371,105.0,ascent,labview_demo_csv
ARO-01,3126,A_linear,healthy,ascent,1.015,0.765,14.7,63.2,1.381,105.0,ascent,labview_demo_csv
ARO-01,3127,A_linear,healthy,ascent,1.006,0.770,14.7,63.4,1.390,105.0,ascent,labview_demo_csv
ARO-01,3128,A_linear,healthy,ascent,1.005,0.772,14.8,63.2,1.392,105.0,ascent,labview_demo_csv
ARO-01,3129,A_linear,healthy,ascent,1.032,0.765,14.8,63.4,1.379,105.0,ascent,labview_demo_csv
ARO-01,3130,A_linear,healthy,ascent,1.022,0.761,14.9,63.8,1.373,105.0,ascent,labview_demo_csv
ARO-01,3131,A_linear,healthy,ascent,1.018,0.761,15.0,63.7,1.373,105.0,ascent,labview_demo_csv
ARO-01,3132,A_linear,healthy,ascent,1.045,0.760,15.0,63.7,1.372,105.0,ascent,labview_demo_csv
ARO-01,3133,A_linear,healthy,ascent,1.008,0.762,15.1,63.7,1.375,105.0,ascent,labview_demo_csv
ARO-01,3134,A_linear,healthy,ascent,1.008,0.757,15.2,63.6,1.367,105.0,ascent,labview_demo_csv
ARO-01,3135,A_linear,healthy,ascent,1.038,0.772,15.2,63.7,1.392,105.0,ascent,labview_demo_csv
ARO-01,3136,A_linear,healthy,descent,1.019,0.358,15.2,64.1,0.645,105.0,descent,labview_demo_csv
ARO-01,3137,A_linear,healthy,descent,1.029,0.348,15.3,64.2,0.628,105.0,descent,labview_demo_csv
ARO-01,3138,A_linear,healthy,descent,1.003,0.361,15.2,64.4,0.651,105.0,descent,labview_demo_csv
ARO-01,3139,A_linear,healthy,descent,1.009,0.359,15.2,64.2,0.647,105.0,descent,labview_demo_csv
ARO-01,3140,A_linear,healthy,descent,1.016,0.354,15.2,64.1,0.638,105.0,descent,labview_demo_csv
ARO-01,3141,A_linear,healthy,descent,0.984,0.351,15.1,64.0,0.632,105.0,descent,labview_demo_csv
ARO-01,3142,A_linear,healthy,descent,0.996,0.350,15.2,64.0,0.632,105.0,descent,labview_demo_csv
ARO-01,3143,A_linear,healthy,descent,0.979,0.352,15.1,63.9,0.635,105.0,descent,labview_demo_csv
ARO-01,3144,A_linear,healthy,descent,0.969,0.353,15.1,64.0,0.637,105.0,descent,labview_demo_csv
ARO-01,3145,A_linear,healthy,descent,0.958,0.352,15.0,63.7,0.635,105.0,descent,labview_demo_csv
ARO-01,3146,A_linear,healthy,descent,0.949,0.361,14.9,64.0,0.652,105.0,descent,labview_demo_csv
ARO-01,3147,A_linear,healthy,descent,0.924,0.352,15.0,64.2,0.636,105.0,descent,labview_demo_csv
ARO-01,3148,A_linear,healthy,pause,0.931,0.000,14.9,64.3,0.000,105.0,pause,labview_demo_csv
ARO-01,3149,A_linear,healthy,pause,0.946,0.014,14.9,64.6,0.025,105.0,pause,labview_demo_csv
ARO-01,3150,A_linear,healthy,pause,0.925,0.010,14.9,64.6,0.018,105.0,pause,labview_demo_csv
ARO-01,3151,A_linear,healthy,pause,0.916,0.014,14.9,65.0,0.024,105.0,pause,labview_demo_csv
ARO-01,3152,A_linear,healthy,pause,0.912,0.002,14.8,64.7,0.004,105.0,pause,labview_demo_csv
ARO-01,3153,A_linear,healthy,pause,0.919,0.000,14.7,64.4,0.000,105.0,pause,labview_demo_csv
ARO-01,3154,A_linear,healthy,pause,0.903,0.005,14.6,64.3,0.008,105.0,pause,labview_demo_csv
ARO-01,3155,A_linear,healthy,pause,0.904,0.002,14.5,64.1,0.003,105.0,pause,labview_demo_csv
ARO-01,3156,A_linear,healthy,pause,0.919,0.000,14.6,64.1,0.000,105.0,pause,labview_demo_csv
ARO-01,3157,A_linear,healthy,pause,0.915,0.004,14.5,64.2,0.008,105.0,pause,labview_demo_csv
ARO-01,3158,A_linear,healthy,pause,0.909,0.014,14.5,64.1,0.025,105.0,pause,labview_demo_csv
ARO-01,3159,A_linear,healthy,pause,0.941,0.000,14.4,64.3,0.000,105.0,pause,labview_demo_csv
ARO-01,3160,A_linear,healthy,pause,0.928,0.000,14.3,64.4,0.000,105.0,pause,labview_demo_csv
ARO-01,3161,A_linear,healthy,pause,0.950,0.005,14.3,64.5,0.010,105.0,pause,labview_demo_csv
ARO-01,3162,A_linear,healthy,pause,0.938,0.000,14.3,64.8,0.000,105.0,pause,labview_demo_csv
ARO-01,3163,A_linear,healthy,pause,0.988,0.000,14.4,65.0,0.000,105.0,pause,labview_demo_csv
ARO-01,3164,A_linear,healthy,pause,0.971,0.000,14.4,64.9,0.000,105.0,pause,labview_demo_csv
ARO-01,3165,A_linear,healthy,pause,0.976,0.008,14.3,65.0,0.014,105.0,pause,labview_demo_csv
ARO-01,3166,A_linear,healthy,pause,0.981,0.000,14.2,64.9,0.000,105.0,pause,labview_demo_csv
ARO-01,3167,A_linear,healthy,pause,1.006,0.000,14.3,65.0,0.000,105.0,pause,labview_demo_csv
ARO-01,3168,A_linear,healthy,ascent,1.001,0.699,14.3,65.0,1.261,90.0,ascent,labview_demo_csv
ARO-01,3169,A_linear,healthy,ascent,1.007,0.698,14.4,64.6,1.259,90.0,ascent,labview_demo_csv
ARO-01,3170,A_linear,healthy,ascent,1.044,0.694,14.5,64.7,1.251,90.0,ascent,labview_demo_csv
ARO-01,3171,A_linear,healthy,ascent,1.022,0.697,14.5,64.8,1.258,90.0,ascent,labview_demo_csv
ARO-01,3172,A_linear,healthy,ascent,1.026,0.710,14.5,64.8,1.282,90.0,ascent,labview_demo_csv
ARO-01,3173,A_linear,healthy,ascent,1.032,0.704,14.5,64.7,1.270,90.0,ascent,labview_demo_csv
ARO-01,3174,A_linear,healthy,ascent,1.042,0.702,14.6,64.5,1.267,90.0,ascent,labview_demo_csv
ARO-01,3175,A_linear,healthy,ascent,1.027,0.699,14.7,64.2,1.261,90.0,ascent,labview_demo_csv
ARO-01,3176,A_linear,healthy,ascent,1.052,0.701,14.8,64.3,1.265,90.0,ascent,labview_demo_csv
ARO-01,3177,A_linear,healthy,ascent,1.036,0.696,14.9,64.7,1.256,90.0,ascent,labview_demo_csv
ARO-01,3178,A_linear,healthy,ascent,1.026,0.689,14.9,64.7,1.243,90.0,ascent,labview_demo_csv
ARO-01,3179,A_linear,healthy,ascent,1.024,0.697,15.0,64.9,1.258,90.0,ascent,labview_demo_csv
ARO-01,3180,A_linear,healthy,descent,1.015,0.357,14.9,64.9,0.643,90.0,descent,labview_demo_csv
ARO-01,3181,A_linear,healthy,descent,1.013,0.359,15.1,64.5,0.648,90.0,descent,labview_demo_csv
ARO-01,3182,A_linear,healthy,descent,1.018,0.348,14.9,64.5,0.629,90.0,descent,labview_demo_csv
ARO-01,3183,A_linear,healthy,descent,0.999,0.340,14.8,64.7,0.614,90.0,descent,labview_demo_csv
ARO-01,3184,A_linear,healthy,descent,1.008,0.342,14.8,65.0,0.617,90.0,descent,labview_demo_csv
ARO-01,3185,A_linear,healthy,descent,0.986,0.345,14.8,65.0,0.623,90.0,descent,labview_demo_csv
ARO-01,3186,A_linear,healthy,descent,0.966,0.347,14.7,65.1,0.626,90.0,descent,labview_demo_csv
ARO-01,3187,A_linear,healthy,descent,0.968,0.339,14.7,65.3,0.611,90.0,descent,labview_demo_csv
ARO-01,3188,A_linear,healthy,descent,0.975,0.352,14.7,65.3,0.634,90.0,descent,labview_demo_csv
ARO-01,3189,A_linear,healthy,descent,0.930,0.348,14.7,65.6,0.629,90.0,descent,labview_demo_csv
ARO-01,3190,A_linear,healthy,descent,0.953,0.355,14.6,65.7,0.641,90.0,descent,labview_demo_csv
ARO-01,3191,A_linear,healthy,descent,0.924,0.353,14.6,65.8,0.637,90.0,descent,labview_demo_csv
ARO-01,3192,A_linear,healthy,pause,0.926,0.000,14.5,66.1,0.000,90.0,pause,labview_demo_csv
ARO-01,3193,A_linear,healthy,pause,0.904,0.000,14.5,65.7,0.000,90.0,pause,labview_demo_csv
ARO-01,3194,A_linear,healthy,pause,0.913,0.000,14.4,65.8,0.000,90.0,pause,labview_demo_csv
ARO-01,3195,A_linear,healthy,pause,0.943,0.000,14.4,65.5,0.000,90.0,pause,labview_demo_csv
ARO-01,3196,A_linear,healthy,pause,0.915,0.002,14.3,65.5,0.003,90.0,pause,labview_demo_csv
ARO-01,3197,A_linear,healthy,pause,0.902,0.000,14.3,65.4,0.000,90.0,pause,labview_demo_csv
ARO-01,3198,A_linear,healthy,pause,0.924,0.000,14.2,65.1,0.000,90.0,pause,labview_demo_csv
ARO-01,3199,A_linear,healthy,pause,0.930,0.005,14.1,65.1,0.008,90.0,pause,labview_demo_csv
ARO-01,3200,A_linear,healthy,pause,0.915,0.010,14.2,65.0,0.017,90.0,pause,labview_demo_csv
ARO-01,3201,A_linear,healthy,pause,0.910,0.000,14.1,65.1,0.000,90.0,pause,labview_demo_csv
ARO-01,3202,A_linear,healthy,pause,0.940,0.000,14.2,65.1,0.000,90.0,pause,labview_demo_csv
ARO-01,3203,A_linear,healthy,pause,0.949,0.000,14.3,65.4,0.000,90.0,pause,labview_demo_csv
ARO-01,3204,A_linear,healthy,pause,0.924,0.001,14.3,65.5,0.001,90.0,pause,labview_demo_csv
ARO-01,3205,A_linear,healthy,pause,0.937,0.006,14.3,65.5,0.012,90.0,pause,labview_demo_csv
ARO-01,3206,A_linear,healthy,pause,0.950,0.000,14.2,65.8,0.000,90.0,pause,labview_demo_csv
ARO-01,3207,A_linear,healthy,pause,0.981,0.002,14.3,65.4,0.004,90.0,pause,labview_demo_csv
ARO-01,3208,A_linear,healthy,pause,0.993,0.010,14.4,65.4,0.017,90.0,pause,labview_demo_csv
ARO-01,3209,A_linear,healthy,pause,0.965,0.000,14.3,65.3,0.000,90.0,pause,labview_demo_csv
ARO-01,3210,A_linear,healthy,pause,1.008,0.000,14.2,65.5,0.000,90.0,pause,labview_demo_csv
ARO-01,3211,A_linear,healthy,pause,1.008,0.000,14.2,65.4,0.000,90.0,pause,labview_demo_csv
ARO-01,3212,A_linear,healthy,ascent,1.009,0.701,14.2,65.2,1.265,90.0,ascent,labview_demo_csv
ARO-01,3213,A_linear,healthy,ascent,1.014,0.701,14.3,64.9,1.265,90.0,ascent,labview_demo_csv
ARO-01,3214,A_linear,healthy,ascent,1.004,0.692,14.3,64.7,1.249,90.0,ascent,labview_demo_csv
ARO-01,3215,A_linear,healthy,ascent,1.019,0.697,14.3,64.7,1.258,90.0,ascent,labview_demo_csv
ARO-01,3216,A_linear,healthy,ascent,1.041,0.701,14.4,64.5,1.266,90.0,ascent,labview_demo_csv
ARO-01,3217,A_linear,healthy,ascent,1.018,0.696,14.5,64.4,1.255,90.0,ascent,labview_demo_csv
ARO-01,3218,A_linear,healthy,ascent,1.038,0.706,14.5,64.4,1.274,90.0,ascent,labview_demo_csv
ARO-01,3219,A_linear,healthy,ascent,1.033,0.715,14.7,64.4,1.289,90.0,ascent,labview_demo_csv
ARO-01,3220,A_linear,healthy,ascent,1.020,0.693,14.5,64.4,1.251,90.0,ascent,labview_demo_csv
ARO-01,3221,A_linear,healthy,ascent,1.031,0.699,14.5,64.4,1.261,90.0,ascent,labview_demo_csv
ARO-01,3222,A_linear,healthy,ascent,1.024,0.692,14.6,64.6,1.249,90.0,ascent,labview_demo_csv
ARO-01,3223,A_linear,healthy,ascent,1.030,0.696,14.7,64.9,1.256,90.0,ascent,labview_demo_csv
ARO-01,3224,A_linear,healthy,descent,1.026,0.353,14.7,64.7,0.637,90.0,descent,labview_demo_csv
ARO-01,3225,A_linear,healthy,descent,1.021,0.342,14.8,64.6,0.617,90.0,descent,labview_demo_csv
ARO-01,3226,A_linear,healthy,descent,0.990,0.350,14.8,64.9,0.631,90.0,descent,labview_demo_csv
ARO-01,3227,A_linear,healthy,descent,0.999,0.345,14.8,64.9,0.622,90.0,descent,labview_demo_csv
ARO-01,3228,A_linear,healthy,descent,1.006,0.343,14.8,65.2,0.619,90.0,descent,labview_demo_csv
ARO-01,3229,A_linear,healthy,descent,1.019,0.359,14.9,65.3,0.647,90.0,descent,labview_demo_csv
ARO-01,3230,A_linear,healthy,descent,0.989,0.353,14.8,65.7,0.636,90.0,descent,labview_demo_csv
ARO-01,3231,A_linear,healthy,descent,0.973,0.347,14.9,65.6,0.626,90.0,descent,labview_demo_csv
ARO-01,3232,A_linear,healthy,descent,0.948,0.344,14.9,65.5,0.621,90.0,descent,labview_demo_csv
ARO-01,3233,A_linear,healthy,descent,0.953,0.347,14.9,65.7,0.626,90.0,descent,labview_demo_csv
ARO-01,3234,A_linear,healthy,descent,0.941,0.358,14.9,66.0,0.647,90.0,descent,labview_demo_csv
ARO-01,3235,A_linear,healthy,descent,0.943,0.340,15.0,66.0,0.614,90.0,descent,labview_demo_csv
ARO-01,3236,A_linear,healthy,pause,0.931,0.002,14.9,66.2,0.003,90.0,pause,labview_demo_csv
ARO-01,3237,A_linear,healthy,pause,0.894,0.001,14.8,66.2,0.001,90.0,pause,labview_demo_csv
ARO-01,3238,A_linear,healthy,pause,0.939,0.000,14.7,66.2,0.000,90.0,pause,labview_demo_csv
ARO-01,3239,A_linear,healthy,pause,0.905,0.008,14.6,66.0,0.014,90.0,pause,labview_demo_csv
ARO-01,3240,A_linear,healthy,pause,0.919,0.003,14.5,65.9,0.006,90.0,pause,labview_demo_csv
ARO-01,3241,A_linear,healthy,pause,0.932,0.000,14.6,66.0,0.000,90.0,pause,labview_demo_csv
ARO-01,3242,A_linear,healthy,pause,0.908,0.004,14.5,65.9,0.006,90.0,pause,labview_demo_csv
ARO-01,3243,A_linear,healthy,pause,0.932,0.010,14.4,65.9,0.018,90.0,pause,labview_demo_csv
ARO-01,3244,A_linear,healthy,pause,0.940,0.001,14.4,65.9,0.003,90.0,pause,labview_demo_csv
ARO-01,3245,A_linear,healthy,pause,0.924,0.000,14.4,65.7,0.000,90.0,pause,labview_demo_csv
ARO-01,3246,A_linear,healthy,pause,0.931,0.012,14.3,65.5,0.021,90.0,pause,labview_demo_csv
ARO-01,3247,A_linear,healthy,pause,0.915,0.000,14.3,65.6,0.000,90.0,pause,labview_demo_csv
ARO-01,3248,A_linear,healthy,pause,0.938,0.007,14.3,65.9,0.012,90.0,pause,labview_demo_csv
ARO-01,3249,A_linear,healthy,pause,0.937,0.006,14.3,65.8,0.011,90.0,pause,labview_demo_csv
ARO-01,3250,A_linear,healthy,pause,0.948,0.000,14.3,66.0,0.000,90.0,pause,labview_demo_csv
ARO-01,3251,A_linear,healthy,pause,0.968,0.013,14.3,66.4,0.024,90.0,pause,labview_demo_csv
ARO-01,3252,A_linear,healthy,pause,0.958,0.000,14.3,66.2,0.000,90.0,pause,labview_demo_csv
ARO-01,3253,A_linear,healthy,pause,0.990,0.000,14.2,66.0,0.000,90.0,pause,labview_demo_csv
ARO-01,3254,A_linear,healthy,pause,0.998,0.001,14.2,65.9,0.002,90.0,pause,labview_demo_csv
ARO-01,3255,A_linear,healthy,pause,1.020,0.001,14.1,65.8,0.001,90.0,pause,labview_demo_csv
ARO-01,3256,A_linear,healthy,ascent,0.991,0.637,14.3,65.7,1.148,75.0,ascent,labview_demo_csv
ARO-01,3257,A_linear,healthy,ascent,1.034,0.633,14.3,65.4,1.142,75.0,ascent,labview_demo_csv
ARO-01,3258,A_linear,healthy,ascent,1.020,0.622,14.3,65.6,1.123,75.0,ascent,labview_demo_csv
ARO-01,3259,A_linear,healthy,ascent,1.028,0.642,14.3,65.6,1.157,75.0,ascent,labview_demo_csv
ARO-01,3260,A_linear,healthy,ascent,1.054,0.637,14.4,65.5,1.150,75.0,ascent,labview_demo_csv
ARO-01,3261,A_linear,healthy,ascent,1.033,0.637,14.4,65.7,1.150,75.0,ascent,labview_demo_csv
ARO-01,3262,A_linear,healthy,ascent,1.016,0.639,14.6,65.6,1.153,75.0,ascent,labview_demo_csv
ARO-01,3263,A_linear,healthy,ascent,1.035,0.635,14.5,65.7,1.145,75.0,ascent,labview_demo_csv
ARO-01,3264,A_linear,healthy,ascent,1.047,0.636,14.4,66.2,1.147,75.0,ascent,labview_demo_csv
ARO-01,3265,A_linear,healthy,ascent,1.029,0.624,14.4,66.0,1.127,75.0,ascent,labview_demo_csv
ARO-01,3266,A_linear,healthy,ascent,1.058,0.628,14.5,66.2,1.133,75.0,ascent,labview_demo_csv
ARO-01,3267,A_linear,healthy,ascent,1.041,0.644,14.6,66.2,1.162,75.0,ascent,labview_demo_csv
ARO-01,3268,A_linear,healthy,descent,1.043,0.339,14.6,66.2,0.611,75.0,descent,labview_demo_csv
ARO-01,3269,A_linear,healthy,descent,1.031,0.339,14.6,66.2,0.612,75.0,descent,labview_demo_csv
ARO-01,3270,A_linear,healthy,descent,1.006,0.350,14.6,66.2,0.631,75.0,descent,labview_demo_csv
ARO-01,3271,A_linear,healthy,descent,1.013,0.348,14.5,66.2,0.628,75.0,descent,labview_demo_csv
ARO-01,3272,A_linear,healthy,descent,0.989,0.355,14.4,66.1,0.640,75.0,descent,labview_demo_csv
ARO-01,3273,A_linear,healthy,descent,0.983,0.348,14.4,66.3,0.627,75.0,descent,labview_demo_csv
ARO-01,3274,A_linear,healthy,descent,0.980,0.350,14.3,66.7,0.631,75.0,descent,labview_demo_csv
ARO-01,3275,A_linear,healthy,descent,0.987,0.351,14.3,66.7,0.633,75.0,descent,labview_demo_csv
ARO-01,3276,A_linear,healthy,descent,0.944,0.351,14.4,66.7,0.633,75.0,descent,labview_demo_csv
ARO-01,3277,A_linear,healthy,descent,0.945,0.350,14.3,66.7,0.631,75.0,descent,labview_demo_csv
ARO-01,3278,A_linear,healthy,descent,0.940,0.354,14.2,66.4,0.638,75.0,descent,labview_demo_csv
ARO-01,3279,A_linear,healthy,descent,0.933,0.349,14.2,66.3,0.629,75.0,descent,labview_demo_csv
ARO-01,3280,A_linear,healthy,pause,0.940,0.000,14.0,66.3,0.000,75.0,pause,labview_demo_csv
ARO-01,3281,A_linear,healthy,pause,0.943,0.000,14.0,66.4,0.000,75.0,pause,labview_demo_csv
ARO-01,3282,A_linear,healthy,pause,0.939,0.000,13.9,66.6,0.000,75.0,pause,labview_demo_csv
ARO-01,3283,A_linear,healthy,pause,0.917,0.000,14.0,66.6,0.000,75.0,pause,labview_demo_csv
ARO-01,3284,A_linear,healthy,pause,0.914,0.000,14.0,66.8,0.000,75.0,pause,labview_demo_csv
ARO-01,3285,A_linear,healthy,pause,0.898,0.000,14.0,67.0,0.000,75.0,pause,labview_demo_csv
ARO-01,3286,A_linear,healthy,pause,0.922,0.000,14.0,67.2,0.000,75.0,pause,labview_demo_csv
ARO-01,3287,A_linear,healthy,pause,0.940,0.002,14.1,67.1,0.004,75.0,pause,labview_demo_csv
ARO-01,3288,A_linear,healthy,pause,0.915,0.008,14.1,67.0,0.014,75.0,pause,labview_demo_csv
ARO-01,3289,A_linear,healthy,pause,0.927,0.000,14.0,66.9,0.000,75.0,pause,labview_demo_csv
ARO-01,3290,A_linear,healthy,pause,0.926,0.000,14.1,66.9,0.000,75.0,pause,labview_demo_csv
ARO-01,3291,A_linear,healthy,pause,0.935,0.002,14.1,66.7,0.004,75.0,pause,labview_demo_csv
ARO-01,3292,A_linear,healthy,pause,0.942,0.005,14.1,66.6,0.008,75.0,pause,labview_demo_csv
ARO-01,3293,A_linear,healthy,pause,0.928,0.009,14.1,66.2,0.017,75.0,pause,labview_demo_csv
ARO-01,3294,A_linear,healthy,pause,0.951,0.000,14.0,66.2,0.000,75.0,pause,labview_demo_csv
ARO-01,3295,A_linear,healthy,pause,0.971,0.000,14.0,66.3,0.001,75.0,pause,labview_demo_csv
ARO-01,3296,A_linear,healthy,pause,0.964,0.000,14.0,66.7,0.000,75.0,pause,labview_demo_csv
ARO-01,3297,A_linear,healthy,pause,0.977,0.000,14.0,66.5,0.000,75.0,pause,labview_demo_csv
ARO-01,3298,A_linear,healthy,pause,0.981,0.000,14.0,66.6,0.000,75.0,pause,labview_demo_csv
ARO-01,3299,A_linear,healthy,pause,0.985,0.000,13.9,67.1,0.000,75.0,pause,labview_demo_csv
ARO-01,3300,A_linear,healthy,ascent,1.005,0.638,14.0,67.2,1.152,75.0,ascent,labview_demo_csv
ARO-01,3301,A_linear,healthy,ascent,0.995,0.632,13.9,67.2,1.140,75.0,ascent,labview_demo_csv
ARO-01,3302,A_linear,healthy,ascent,1.011,0.618,14.1,67.4,1.115,75.0,ascent,labview_demo_csv
ARO-01,3303,A_linear,healthy,ascent,1.014,0.633,14.2,66.9,1.143,75.0,ascent,labview_demo_csv
ARO-01,3304,A_linear,healthy,ascent,1.028,0.642,14.2,66.8,1.158,75.0,ascent,labview_demo_csv
ARO-01,3305,A_linear,healthy,ascent,1.035,0.630,14.3,66.7,1.137,75.0,ascent,labview_demo_csv
ARO-01,3306,A_linear,healthy,ascent,1.036,0.628,14.3,66.8,1.132,75.0,ascent,labview_demo_csv
ARO-01,3307,A_linear,healthy,ascent,1.025,0.640,14.4,66.9,1.155,75.0,ascent,labview_demo_csv
ARO-01,3308,A_linear,healthy,ascent,1.054,0.646,14.4,66.7,1.165,75.0,ascent,labview_demo_csv
ARO-01,3309,A_linear,healthy,ascent,1.055,0.636,14.5,66.6,1.148,75.0,ascent,labview_demo_csv
ARO-01,3310,A_linear,healthy,ascent,1.033,0.630,14.6,66.7,1.136,75.0,ascent,labview_demo_csv
ARO-01,3311,A_linear,healthy,ascent,1.029,0.641,14.6,67.1,1.157,75.0,ascent,labview_demo_csv
ARO-01,3312,A_linear,healthy,descent,1.004,0.353,14.6,67.0,0.636,75.0,descent,labview_demo_csv
ARO-01,3313,A_linear,healthy,descent,1.019,0.350,14.6,67.1,0.631,75.0,descent,labview_demo_csv
ARO-01,3314,A_linear,healthy,descent,1.024,0.356,14.5,66.8,0.641,75.0,descent,labview_demo_csv
ARO-01,3315,A_linear,healthy,descent,0.998,0.341,14.6,66.8,0.616,75.0,descent,labview_demo_csv
ARO-01,3316,A_linear,healthy,descent,0.976,0.354,14.6,67.0,0.639,75.0,descent,labview_demo_csv
ARO-01,3317,A_linear,healthy,descent,0.986,0.345,14.5,66.8,0.623,75.0,descent,labview_demo_csv
ARO-01,3318,A_linear,healthy,descent,0.994,0.354,14.4,67.0,0.638,75.0,descent,labview_demo_csv
ARO-01,3319,A_linear,healthy,descent,0.980,0.342,14.6,66.9,0.618,75.0,descent,labview_demo_csv
ARO-01,3320,A_linear,healthy,descent,0.985,0.341,14.5,67.4,0.615,75.0,descent,labview_demo_csv
ARO-01,3321,A_linear,healthy,descent,0.960,0.356,14.6,67.4,0.642,75.0,descent,labview_demo_csv
ARO-01,3322,A_linear,healthy,descent,0.952,0.356,14.5,67.1,0.643,75.0,descent,labview_demo_csv
ARO-01,3323,A_linear,healthy,descent,0.938,0.353,14.5,67.4,0.637,75.0,descent,labview_demo_csv
ARO-01,3324,A_linear,healthy,pause,0.936,0.000,14.5,67.4,0.000,75.0,pause,labview_demo_csv
ARO-01,3325,A_linear,healthy,pause,0.944,0.000,14.3,67.3,0.000,75.0,pause,labview_demo_csv
ARO-01,3326,A_linear,healthy,pause,0.930,0.000,14.3,67.2,0.000,75.0,pause,labview_demo_csv
ARO-01,3327,A_linear,healthy,pause,0.921,0.002,14.2,67.5,0.003,75.0,pause,labview_demo_csv
ARO-01,3328,A_linear,healthy,pause,0.929,0.000,14.2,67.6,0.000,75.0,pause,labview_demo_csv
ARO-01,3329,A_linear,healthy,pause,0.928,0.006,14.2,67.4,0.010,75.0,pause,labview_demo_csv
ARO-01,3330,A_linear,healthy,pause,0.901,0.001,14.2,67.6,0.002,75.0,pause,labview_demo_csv
ARO-01,3331,A_linear,healthy,pause,0.931,0.004,14.2,67.5,0.007,75.0,pause,labview_demo_csv
ARO-01,3332,A_linear,healthy,pause,0.915,0.000,14.2,67.6,0.000,75.0,pause,labview_demo_csv
ARO-01,3333,A_linear,healthy,pause,0.924,0.008,14.2,67.6,0.014,75.0,pause,labview_demo_csv
ARO-01,3334,A_linear,healthy,pause,0.923,0.000,14.3,67.9,0.000,75.0,pause,labview_demo_csv
ARO-01,3335,A_linear,healthy,pause,0.960,0.000,14.3,67.6,0.000,75.0,pause,labview_demo_csv
ARO-01,3336,A_linear,healthy,pause,0.944,0.000,14.3,67.9,0.000,75.0,pause,labview_demo_csv
ARO-01,3337,A_linear,healthy,pause,0.936,0.010,14.3,67.7,0.018,75.0,pause,labview_demo_csv
ARO-01,3338,A_linear,healthy,pause,0.965,0.004,14.3,67.6,0.008,75.0,pause,labview_demo_csv
ARO-01,3339,A_linear,healthy,pause,0.961,0.000,14.2,68.0,0.000,75.0,pause,labview_demo_csv
ARO-01,3340,A_linear,healthy,pause,0.949,0.003,14.1,68.0,0.005,75.0,pause,labview_demo_csv
ARO-01,3341,A_linear,healthy,pause,1.004,0.000,14.1,68.1,0.000,75.0,pause,labview_demo_csv
ARO-01,3342,A_linear,healthy,pause,0.999,0.001,14.1,68.2,0.002,75.0,pause,labview_demo_csv
ARO-01,3343,A_linear,healthy,pause,0.998,0.001,14.1,68.0,0.002,75.0,pause,labview_demo_csv
ARO-01,3344,A_linear,healthy,ascent,1.014,0.647,14.1,68.1,1.168,75.0,ascent,labview_demo_csv
ARO-01,3345,A_linear,healthy,ascent,1.023,0.639,14.1,68.0,1.153,75.0,ascent,labview_demo_csv
ARO-01,3346,A_linear,healthy,ascent,1.040,0.650,14.1,68.1,1.172,75.0,ascent,labview_demo_csv
ARO-01,3347,A_linear,healthy,ascent,1.023,0.638,14.2,68.3,1.151,75.0,ascent,labview_demo_csv
ARO-01,3348,A_linear,healthy,ascent,1.041,0.640,14.2,68.6,1.154,75.0,ascent,labview_demo_csv
ARO-01,3349,A_linear,healthy,ascent,1.008,0.641,14.3,68.3,1.157,75.0,ascent,labview_demo_csv
ARO-01,3350,A_linear,healthy,ascent,1.055,0.644,14.5,68.1,1.162,75.0,ascent,labview_demo_csv
ARO-01,3351,A_linear,healthy,ascent,1.041,0.644,14.5,68.2,1.161,75.0,ascent,labview_demo_csv
ARO-01,3352,A_linear,healthy,ascent,1.021,0.639,14.7,68.4,1.154,75.0,ascent,labview_demo_csv
ARO-01,3353,A_linear,healthy,ascent,1.053,0.636,14.7,68.4,1.148,75.0,ascent,labview_demo_csv
ARO-01,3354,A_linear,healthy,ascent,1.042,0.637,14.7,68.6,1.148,75.0,ascent,labview_demo_csv
ARO-01,3355,A_linear,healthy,ascent,1.045,0.636,14.8,68.5,1.148,75.0,ascent,labview_demo_csv
ARO-01,3356,A_linear,healthy,descent,1.020,0.342,14.7,68.0,0.616,75.0,descent,labview_demo_csv
ARO-01,3357,A_linear,healthy,descent,1.011,0.359,14.7,68.1,0.648,75.0,descent,labview_demo_csv
ARO-01,3358,A_linear,healthy,descent,1.005,0.350,14.6,68.2,0.632,75.0,descent,labview_demo_csv
ARO-01,3359,A_linear,healthy,descent,0.996,0.353,14.6,68.2,0.638,75.0,descent,labview_demo_csv
ARO-01,3360,A_linear,healthy,descent,1.029,0.360,14.6,67.9,0.649,75.0,descent,labview_demo_csv
ARO-01,3361,A_linear,healthy,descent,0.986,0.355,14.6,67.9,0.641,75.0,descent,labview_demo_csv
ARO-01,3362,A_linear,healthy,descent,0.972,0.346,14.6,67.7,0.624,75.0,descent,labview_demo_csv
ARO-01,3363,A_linear,healthy,descent,0.973,0.355,14.6,67.9,0.641,75.0,descent,labview_demo_csv
ARO-01,3364,A_linear,healthy,descent,0.980,0.359,14.6,68.0,0.647,75.0,descent,labview_demo_csv
ARO-01,3365,A_linear,healthy,descent,0.940,0.362,14.6,68.0,0.653,75.0,descent,labview_demo_csv
ARO-01,3366,A_linear,healthy,descent,0.941,0.350,14.7,68.0,0.632,75.0,descent,labview_demo_csv
ARO-01,3367,A_linear,healthy,descent,0.943,0.349,14.6,67.7,0.629,75.0,descent,labview_demo_csv
ARO-01,3368,A_linear,healthy,pause,0.945,0.000,14.6,67.8,0.000,75.0,pause,labview_demo_csv
ARO-01,3369,A_linear,healthy,pause,0.929,0.000,14.6,67.9,0.000,75.0,pause,labview_demo_csv
ARO-01,3370,A_linear,healthy,pause,0.913,0.000,14.6,67.8,0.000,75.0,pause,labview_demo_csv
ARO-01,3371,A_linear,healthy,pause,0.921,0.010,14.5,67.7,0.019,75.0,pause,labview_demo_csv
ARO-01,3372,A_linear,healthy,pause,0.925,0.000,14.4,67.9,0.000,75.0,pause,labview_demo_csv
ARO-01,3373,A_linear,healthy,pause,0.907,0.000,14.3,67.8,0.000,75.0,pause,labview_demo_csv
ARO-01,3374,A_linear,healthy,pause,0.924,0.005,14.3,67.8,0.010,75.0,pause,labview_demo_csv
ARO-01,3375,A_linear,healthy,pause,0.934,0.000,14.4,67.9,0.000,75.0,pause,labview_demo_csv
ARO-01,3376,A_linear,healthy,pause,0.946,0.011,14.5,68.2,0.020,75.0,pause,labview_demo_csv
ARO-01,3377,A_linear,healthy,pause,0.913,0.002,14.3,68.3,0.004,75.0,pause,labview_demo_csv
ARO-01,3378,A_linear,healthy,pause,0.921,0.000,14.2,68.4,0.000,75.0,pause,labview_demo_csv
ARO-01,3379,A_linear,healthy,pause,0.925,0.009,14.2,68.5,0.017,75.0,pause,labview_demo_csv
ARO-01,3380,A_linear,healthy,pause,0.955,0.002,14.2,68.6,0.003,75.0,pause,labview_demo_csv
ARO-01,3381,A_linear,healthy,pause,0.949,0.000,14.2,68.6,0.001,75.0,pause,labview_demo_csv
ARO-01,3382,A_linear,healthy,pause,0.955,0.000,14.2,68.9,0.000,75.0,pause,labview_demo_csv
ARO-01,3383,A_linear,healthy,pause,0.960,0.000,14.1,68.8,0.000,75.0,pause,labview_demo_csv
ARO-01,3384,A_linear,healthy,pause,0.994,0.002,14.1,68.8,0.004,75.0,pause,labview_demo_csv
ARO-01,3385,A_linear,healthy,pause,0.993,0.005,14.2,68.6,0.008,75.0,pause,labview_demo_csv
ARO-01,3386,A_linear,healthy,pause,0.985,0.014,14.2,68.2,0.026,75.0,pause,labview_demo_csv
ARO-01,3387,A_linear,healthy,pause,0.986,0.002,14.2,68.3,0.003,75.0,pause,labview_demo_csv
ARO-01,3388,A_linear,healthy,ascent,0.995,0.626,14.3,68.0,1.130,75.0,ascent,labview_demo_csv
ARO-01,3389,A_linear,healthy,ascent,1.023,0.639,14.3,68.0,1.153,75.0,ascent,labview_demo_csv
ARO-01,3390,A_linear,healthy,ascent,1.016,0.641,14.4,67.9,1.157,75.0,ascent,labview_demo_csv
ARO-01,3391,A_linear,healthy,ascent,1.020,0.638,14.4,67.9,1.151,75.0,ascent,labview_demo_csv
ARO-01,3392,A_linear,healthy,ascent,1.018,0.632,14.5,67.9,1.141,75.0,ascent,labview_demo_csv
ARO-01,3393,A_linear,healthy,ascent,1.019,0.639,14.4,67.9,1.153,75.0,ascent,labview_demo_csv
ARO-01,3394,A_linear,healthy,ascent,1.048,0.629,14.5,67.8,1.135,75.0,ascent,labview_demo_csv
ARO-01,3395,A_linear,healthy,ascent,1.047,0.652,14.7,68.1,1.176,75.0,ascent,labview_demo_csv
ARO-01,3396,A_linear,healthy,ascent,1.050,0.648,14.7,68.1,1.170,75.0,ascent,labview_demo_csv
ARO-01,3397,A_linear,healthy,ascent,1.028,0.644,14.8,68.0,1.161,75.0,ascent,labview_demo_csv
ARO-01,3398,A_linear,healthy,ascent,1.042,0.635,14.8,67.6,1.146,75.0,ascent,labview_demo_csv
ARO-01,3399,A_linear,healthy,ascent,1.034,0.635,14.8,67.5,1.145,75.0,ascent,labview_demo_csv
ARO-01,3400,A_linear,healthy,descent,1.024,0.349,14.8,67.6,0.630,75.0,descent,labview_demo_csv
ARO-01,3401,A_linear,healthy,descent,1.027,0.353,14.8,67.6,0.638,75.0,descent,labview_demo_csv
ARO-01,3402,A_linear,healthy,descent,1.001,0.348,14.8,67.7,0.629,75.0,descent,labview_demo_csv
ARO-01,3403,A_linear,healthy,descent,1.014,0.359,14.7,67.6,0.648,75.0,descent,labview_demo_csv
ARO-01,3404,A_linear,healthy,descent,0.976,0.342,14.6,67.4,0.618,75.0,descent,labview_demo_csv
ARO-01,3405,A_linear,healthy,descent,0.999,0.362,14.6,67.4,0.654,75.0,descent,labview_demo_csv
ARO-01,3406,A_linear,healthy,descent,0.995,0.353,14.7,67.6,0.637,75.0,descent,labview_demo_csv
ARO-01,3407,A_linear,healthy,descent,0.957,0.351,14.6,68.0,0.634,75.0,descent,labview_demo_csv
ARO-01,3408,A_linear,healthy,descent,0.962,0.347,14.7,68.0,0.626,75.0,descent,labview_demo_csv
ARO-01,3409,A_linear,healthy,descent,0.949,0.342,14.8,68.1,0.616,75.0,descent,labview_demo_csv
ARO-01,3410,A_linear,healthy,descent,0.937,0.358,14.8,68.3,0.646,75.0,descent,labview_demo_csv
ARO-01,3411,A_linear,healthy,descent,0.947,0.347,14.7,68.5,0.626,75.0,descent,labview_demo_csv
ARO-01,3412,A_linear,healthy,pause,0.916,0.000,14.6,68.9,0.001,75.0,pause,labview_demo_csv
ARO-01,3413,A_linear,healthy,pause,0.942,0.007,14.6,69.2,0.012,75.0,pause,labview_demo_csv
ARO-01,3414,A_linear,healthy,pause,0.929,0.000,14.6,69.2,0.000,75.0,pause,labview_demo_csv
ARO-01,3415,A_linear,healthy,pause,0.898,0.000,14.6,69.7,0.000,75.0,pause,labview_demo_csv
ARO-01,3416,A_linear,healthy,pause,0.921,0.001,14.6,69.8,0.002,75.0,pause,labview_demo_csv
ARO-01,3417,A_linear,healthy,pause,0.932,0.000,14.5,69.8,0.000,75.0,pause,labview_demo_csv
ARO-01,3418,A_linear,healthy,pause,0.948,0.004,14.5,69.7,0.007,75.0,pause,labview_demo_csv
ARO-01,3419,A_linear,healthy,pause,0.929,0.006,14.4,70.3,0.011,75.0,pause,labview_demo_csv
ARO-01,3420,A_linear,healthy,pause,0.902,0.000,14.2,70.1,0.000,75.0,pause,labview_demo_csv
ARO-01,3421,A_linear,healthy,pause,0.921,0.000,14.2,70.2,0.000,75.0,pause,labview_demo_csv
ARO-01,3422,A_linear,healthy,pause,0.936,0.011,14.2,70.3,0.019,75.0,pause,labview_demo_csv
ARO-01,3423,A_linear,healthy,pause,0.932,0.000,14.2,70.6,0.000,75.0,pause,labview_demo_csv
ARO-01,3424,A_linear,healthy,pause,0.926,0.000,14.2,70.4,0.000,75.0,pause,labview_demo_csv
ARO-01,3425,A_linear,healthy,pause,0.943,0.003,14.2,70.3,0.006,75.0,pause,labview_demo_csv
ARO-01,3426,A_linear,healthy,pause,0.960,0.000,14.3,70.3,0.000,75.0,pause,labview_demo_csv
ARO-01,3427,A_linear,healthy,pause,0.959,0.011,14.4,70.3,0.019,75.0,pause,labview_demo_csv
ARO-01,3428,A_linear,healthy,pause,0.989,0.000,14.4,70.3,0.000,75.0,pause,labview_demo_csv
ARO-01,3429,A_linear,healthy,pause,0.991,0.000,14.4,70.3,0.000,75.0,pause,labview_demo_csv
ARO-01,3430,A_linear,healthy,pause,0.980,0.006,14.3,70.1,0.012,75.0,pause,labview_demo_csv
ARO-01,3431,A_linear,healthy,pause,1.016,0.005,14.4,70.3,0.009,75.0,pause,labview_demo_csv
ARO-01,3432,A_linear,healthy,ascent,1.000,0.623,14.5,69.8,1.125,75.0,ascent,labview_demo_csv
ARO-01,3433,A_linear,healthy,ascent,1.005,0.646,14.5,70.0,1.166,75.0,ascent,labview_demo_csv
ARO-01,3434,A_linear,healthy,ascent,1.043,0.627,14.5,70.2,1.131,75.0,ascent,labview_demo_csv
ARO-01,3435,A_linear,healthy,ascent,1.020,0.635,14.7,70.0,1.146,75.0,ascent,labview_demo_csv
ARO-01,3436,A_linear,healthy,ascent,1.036,0.634,14.7,69.9,1.144,75.0,ascent,labview_demo_csv
ARO-01,3437,A_linear,healthy,ascent,1.053,0.644,14.7,69.6,1.161,75.0,ascent,labview_demo_csv
ARO-01,3438,A_linear,healthy,ascent,1.028,0.639,14.8,69.6,1.152,75.0,ascent,labview_demo_csv
ARO-01,3439,A_linear,healthy,ascent,1.036,0.642,14.9,69.5,1.159,75.0,ascent,labview_demo_csv
ARO-01,3440,A_linear,healthy,ascent,1.052,0.645,14.9,69.7,1.163,75.0,ascent,labview_demo_csv
ARO-01,3441,A_linear,healthy,ascent,1.036,0.627,15.0,69.6,1.132,75.0,ascent,labview_demo_csv
ARO-01,3442,A_linear,healthy,ascent,1.037,0.630,15.0,69.4,1.137,75.0,ascent,labview_demo_csv
ARO-01,3443,A_linear,healthy,ascent,1.057,0.645,15.1,69.3,1.164,75.0,ascent,labview_demo_csv
ARO-01,3444,A_linear,healthy,descent,1.019,0.353,15.1,69.3,0.637,75.0,descent,labview_demo_csv
ARO-01,3445,A_linear,healthy,descent,1.009,0.357,15.0,69.5,0.644,75.0,descent,labview_demo_csv
ARO-01,3446,A_linear,healthy,descent,1.016,0.354,14.9,69.6,0.639,75.0,descent,labview_demo_csv
ARO-01,3447,A_linear,healthy,descent,1.026,0.348,15.0,69.8,0.629,75.0,descent,labview_demo_csv
ARO-01,3448,A_linear,healthy,descent,1.003,0.368,15.0,69.3,0.663,75.0,descent,labview_demo_csv
ARO-01,3449,A_linear,healthy,descent,0.996,0.344,15.0,69.4,0.621,75.0,descent,labview_demo_csv
ARO-01,3450,A_linear,healthy,descent,0.978,0.341,15.0,69.5,0.616,75.0,descent,labview_demo_csv
ARO-01,3451,A_linear,healthy,descent,0.967,0.350,14.9,69.7,0.631,75.0,descent,labview_demo_csv
ARO-01,3452,A_linear,healthy,descent,0.970,0.347,14.9,69.7,0.626,75.0,descent,labview_demo_csv
ARO-01,3453,A_linear,healthy,descent,0.982,0.355,14.9,69.6,0.640,75.0,descent,labview_demo_csv
ARO-01,3454,A_linear,healthy,descent,0.956,0.352,14.8,69.4,0.635,75.0,descent,labview_demo_csv
ARO-01,3455,A_linear,healthy,descent,0.935,0.356,14.8,69.4,0.643,75.0,descent,labview_demo_csv
ARO-01,3456,A_linear,healthy,pause,0.945,0.016,14.7,69.4,0.029,75.0,pause,labview_demo_csv
ARO-01,3457,A_linear,healthy,pause,0.915,0.011,14.8,69.4,0.020,75.0,pause,labview_demo_csv
ARO-01,3458,A_linear,healthy,pause,0.928,0.003,14.7,68.9,0.005,75.0,pause,labview_demo_csv
ARO-01,3459,A_linear,healthy,pause,0.915,0.000,14.7,68.9,0.000,75.0,pause,labview_demo_csv
ARO-01,3460,A_linear,healthy,pause,0.925,0.001,14.6,69.1,0.001,75.0,pause,labview_demo_csv
ARO-01,3461,A_linear,healthy,pause,0.905,0.000,14.6,69.4,0.000,75.0,pause,labview_demo_csv
ARO-01,3462,A_linear,healthy,pause,0.929,0.000,14.6,69.4,0.000,75.0,pause,labview_demo_csv
ARO-01,3463,A_linear,healthy,pause,0.917,0.006,14.6,69.5,0.011,75.0,pause,labview_demo_csv
ARO-01,3464,A_linear,healthy,pause,0.945,0.000,14.6,69.5,0.000,75.0,pause,labview_demo_csv
ARO-01,3465,A_linear,healthy,pause,0.928,0.002,14.7,69.5,0.003,75.0,pause,labview_demo_csv
ARO-01,3466,A_linear,healthy,pause,0.931,0.000,14.6,69.2,0.000,75.0,pause,labview_demo_csv
ARO-01,3467,A_linear,healthy,pause,0.920,0.006,14.6,69.4,0.010,75.0,pause,labview_demo_csv
ARO-01,3468,A_linear,healthy,pause,0.926,0.000,14.5,69.8,0.000,75.0,pause,labview_demo_csv
ARO-01,3469,A_linear,healthy,pause,0.933,0.001,14.5,70.0,0.003,75.0,pause,labview_demo_csv
ARO-01,3470,A_linear,healthy,pause,0.965,0.000,14.5,70.1,0.000,75.0,pause,labview_demo_csv
ARO-01,3471,A_linear,healthy,pause,0.957,0.009,14.4,70.1,0.017,75.0,pause,labview_demo_csv
ARO-01,3472,A_linear,healthy,pause,0.975,0.000,14.3,70.1,0.000,75.0,pause,labview_demo_csv
ARO-01,3473,A_linear,healthy,pause,1.003,0.000,14.3,70.2,0.000,75.0,pause,labview_demo_csv
ARO-01,3474,A_linear,healthy,pause,0.980,0.000,14.3,70.6,0.000,75.0,pause,labview_demo_csv
ARO-01,3475,A_linear,healthy,pause,0.988,0.000,14.4,70.4,0.000,75.0,pause,labview_demo_csv
ARO-01,3476,A_linear,healthy,ascent,1.008,0.631,14.5,70.4,1.139,75.0,ascent,labview_demo_csv
ARO-01,3477,A_linear,healthy,ascent,0.999,0.635,14.7,70.5,1.146,75.0,ascent,labview_demo_csv
ARO-01,3478,A_linear,healthy,ascent,1.038,0.636,14.7,70.4,1.148,75.0,ascent,labview_demo_csv
ARO-01,3479,A_linear,healthy,ascent,1.030,0.641,14.9,70.5,1.156,75.0,ascent,labview_demo_csv
ARO-01,3480,A_linear,healthy,ascent,1.047,0.642,15.0,71.0,1.158,75.0,ascent,labview_demo_csv
ARO-01,3481,A_linear,healthy,ascent,1.028,0.634,14.9,70.8,1.144,75.0,ascent,labview_demo_csv
ARO-01,3482,A_linear,healthy,ascent,1.030,0.634,14.9,70.8,1.144,75.0,ascent,labview_demo_csv
ARO-01,3483,A_linear,healthy,ascent,1.020,0.629,15.0,70.6,1.136,75.0,ascent,labview_demo_csv
ARO-01,3484,A_linear,healthy,ascent,1.010,0.646,15.1,70.6,1.165,75.0,ascent,labview_demo_csv
ARO-01,3485,A_linear,healthy,ascent,1.049,0.631,15.1,70.9,1.138,75.0,ascent,labview_demo_csv
ARO-01,3486,A_linear,healthy,ascent,1.043,0.634,15.2,70.6,1.144,75.0,ascent,labview_demo_csv
ARO-01,3487,A_linear,healthy,ascent,1.039,0.636,15.2,70.8,1.147,75.0,ascent,labview_demo_csv
ARO-01,3488,A_linear,healthy,descent,1.009,0.351,15.2,70.7,0.633,75.0,descent,labview_demo_csv
ARO-01,3489,A_linear,healthy,descent,1.023,0.342,15.1,70.5,0.616,75.0,descent,labview_demo_csv
ARO-01,3490,A_linear,healthy,descent,1.003,0.349,15.0,70.5,0.630,75.0,descent,labview_demo_csv
ARO-01,3491,A_linear,healthy,descent,1.002,0.361,15.0,70.4,0.651,75.0,descent,labview_demo_csv
ARO-01,3492,A_linear,healthy,descent,0.995,0.356,15.0,70.6,0.643,75.0,descent,labview_demo_csv
ARO-01,3493,A_linear,healthy,descent,0.986,0.352,15.0,70.7,0.634,75.0,descent,labview_demo_csv
ARO-01,3494,A_linear,healthy,descent,0.996,0.346,15.0,70.8,0.623,75.0,descent,labview_demo_csv
ARO-01,3495,A_linear,healthy,descent,0.985,0.354,15.0,70.8,0.638,75.0,descent,labview_demo_csv
ARO-01,3496,A_linear,healthy,descent,0.972,0.351,15.1,70.6,0.633,75.0,descent,labview_demo_csv
ARO-01,3497,A_linear,healthy,descent,0.938,0.342,15.0,70.4,0.618,75.0,descent,labview_demo_csv
ARO-01,3498,A_linear,healthy,descent,0.938,0.348,15.1,70.2,0.629,75.0,descent,labview_demo_csv
ARO-01,3499,A_linear,healthy,descent,0.959,0.353,15.1,70.3,0.636,75.0,descent,labview_demo_csv
ARO-01,3500,A_linear,healthy,pause,0.949,0.007,15.1,70.2,0.012,75.0,pause,labview_demo_csv
ARO-01,3501,A_linear,healthy,pause,0.926,0.000,15.0,70.2,0.000,75.0,pause,labview_demo_csv
ARO-01,3502,A_linear,healthy,pause,0.921,0.001,14.9,70.4,0.001,75.0,pause,labview_demo_csv
ARO-01,3503,A_linear,healthy,pause,0.922,0.000,14.8,70.4,0.000,75.0,pause,labview_demo_csv
ARO-01,3504,A_linear,healthy,pause,0.918,0.002,14.7,70.5,0.004,75.0,pause,labview_demo_csv
ARO-01,3505,A_linear,healthy,pause,0.925,0.000,14.7,70.6,0.000,75.0,pause,labview_demo_csv
ARO-01,3506,A_linear,healthy,pause,0.911,0.000,14.6,70.7,0.000,75.0,pause,labview_demo_csv
ARO-01,3507,A_linear,healthy,pause,0.919,0.000,14.5,70.6,0.000,75.0,pause,labview_demo_csv
ARO-01,3508,A_linear,healthy,pause,0.932,0.000,14.5,70.6,0.000,75.0,pause,labview_demo_csv
ARO-01,3509,A_linear,healthy,pause,0.925,0.000,14.6,71.0,0.000,75.0,pause,labview_demo_csv
ARO-01,3510,A_linear,healthy,pause,0.933,0.000,14.6,71.0,0.000,75.0,pause,labview_demo_csv
ARO-01,3511,A_linear,healthy,pause,0.943,0.005,14.5,70.5,0.009,75.0,pause,labview_demo_csv
ARO-01,3512,A_linear,healthy,pause,0.935,0.000,14.4,70.7,0.000,75.0,pause,labview_demo_csv
ARO-01,3513,A_linear,healthy,pause,0.959,0.005,14.4,70.8,0.009,75.0,pause,labview_demo_csv
ARO-01,3514,A_linear,healthy,pause,0.940,0.000,14.5,70.8,0.001,75.0,pause,labview_demo_csv
ARO-01,3515,A_linear,healthy,pause,0.979,0.000,14.4,70.8,0.000,75.0,pause,labview_demo_csv
ARO-01,3516,A_linear,healthy,pause,0.973,0.000,14.5,71.0,0.000,75.0,pause,labview_demo_csv
ARO-01,3517,A_linear,healthy,pause,0.998,0.008,14.4,71.2,0.015,75.0,pause,labview_demo_csv
ARO-01,3518,A_linear,healthy,pause,0.999,0.000,14.3,70.8,0.000,75.0,pause,labview_demo_csv
ARO-01,3519,A_linear,healthy,pause,1.008,0.009,14.4,71.0,0.016,75.0,pause,labview_demo_csv
ARO-01,3520,A_linear,healthy,ascent,0.999,0.559,14.5,70.8,1.009,60.0,ascent,labview_demo_csv
ARO-01,3521,A_linear,healthy,ascent,1.037,0.584,14.6,70.8,1.054,60.0,ascent,labview_demo_csv
ARO-01,3522,A_linear,healthy,ascent,1.049,0.565,14.7,70.8,1.020,60.0,ascent,labview_demo_csv
ARO-01,3523,A_linear,healthy,ascent,1.031,0.583,14.7,70.8,1.051,60.0,ascent,labview_demo_csv
ARO-01,3524,A_linear,healthy,ascent,1.028,0.571,14.7,70.7,1.030,60.0,ascent,labview_demo_csv
ARO-01,3525,A_linear,healthy,ascent,1.037,0.575,14.8,70.7,1.038,60.0,ascent,labview_demo_csv
ARO-01,3526,A_linear,healthy,ascent,1.047,0.576,14.9,70.5,1.040,60.0,ascent,labview_demo_csv
ARO-01,3527,A_linear,healthy,ascent,1.017,0.579,14.8,70.7,1.045,60.0,ascent,labview_demo_csv
ARO-01,3528,A_linear,healthy,ascent,1.057,0.586,15.0,70.7,1.058,60.0,ascent,labview_demo_csv
ARO-01,3529,A_linear,healthy,ascent,1.039,0.579,15.0,70.5,1.044,60.0,ascent,labview_demo_csv
ARO-01,3530,A_linear,healthy,ascent,1.024,0.571,15.0,70.4,1.030,60.0,ascent,labview_demo_csv
ARO-01,3531,A_linear,healthy,ascent,1.034,0.579,15.1,70.2,1.045,60.0,ascent,labview_demo_csv
ARO-01,3532,A_linear,healthy,descent,1.015,0.352,15.1,70.3,0.635,60.0,descent,labview_demo_csv
ARO-01,3533,A_linear,healthy,descent,1.029,0.344,15.1,70.3,0.621,60.0,descent,labview_demo_csv
ARO-01,3534,A_linear,healthy,descent,1.018,0.345,15.0,70.2,0.623,60.0,descent,labview_demo_csv
ARO-01,3535,A_linear,healthy,descent,1.010,0.333,15.0,70.2,0.600,60.0,descent,labview_demo_csv
ARO-01,3536,A_linear,healthy,descent,0.988,0.350,15.1,70.3,0.631,60.0,descent,labview_demo_csv
ARO-01,3537,A_linear,healthy,descent,0.980,0.346,15.0,70.4,0.625,60.0,descent,labview_demo_csv
ARO-01,3538,A_linear,healthy,descent,0.972,0.357,15.0,70.1,0.645,60.0,descent,labview_demo_csv
ARO-01,3539,A_linear,healthy,descent,0.987,0.348,15.1,70.5,0.628,60.0,descent,labview_demo_csv
ARO-01,3540,A_linear,healthy,descent,0.974,0.357,15.1,70.5,0.645,60.0,descent,labview_demo_csv
ARO-01,3541,A_linear,healthy,descent,0.962,0.348,15.1,70.6,0.627,60.0,descent,labview_demo_csv
ARO-01,3542,A_linear,healthy,descent,0.940,0.343,15.1,70.3,0.619,60.0,descent,labview_demo_csv
ARO-01,3543,A_linear,healthy,descent,0.959,0.362,15.2,70.5,0.653,60.0,descent,labview_demo_csv
ARO-01,3544,A_linear,healthy,pause,0.931,0.000,15.1,70.7,0.000,60.0,pause,labview_demo_csv
ARO-01,3545,A_linear,healthy,pause,0.949,0.004,15.0,70.6,0.007,60.0,pause,labview_demo_csv
ARO-01,3546,A_linear,healthy,pause,0.911,0.003,14.9,70.8,0.006,60.0,pause,labview_demo_csv
ARO-01,3547,A_linear,healthy,pause,0.925,0.006,14.9,70.7,0.011,60.0,pause,labview_demo_csv
ARO-01,3548,A_linear,healthy,pause,0.917,0.000,14.9,70.7,0.000,60.0,pause,labview_demo_csv
ARO-01,3549,A_linear,healthy,pause,0.908,0.009,14.9,70.8,0.016,60.0,pause,labview_demo_csv
ARO-01,3550,A_linear,healthy,pause,0.934,0.000,14.9,70.7,0.000,60.0,pause,labview_demo_csv
ARO-01,3551,A_linear,healthy,pause,0.924,0.000,15.0,70.6,0.000,60.0,pause,labview_demo_csv
ARO-01,3552,A_linear,healthy,pause,0.913,0.001,15.1,70.7,0.003,60.0,pause,labview_demo_csv
ARO-01,3553,A_linear,healthy,pause,0.939,0.003,15.0,70.9,0.005,60.0,pause,labview_demo_csv
ARO-01,3554,A_linear,healthy,pause,0.939,0.000,14.9,71.2,0.000,60.0,pause,labview_demo_csv
ARO-01,3555,A_linear,healthy,pause,0.932,0.000,14.8,71.3,0.000,60.0,pause,labview_demo_csv
ARO-01,3556,A_linear,healthy,pause,0.961,0.000,14.7,71.4,0.000,60.0,pause,labview_demo_csv
ARO-01,3557,A_linear,healthy,pause,0.945,0.007,14.6,71.1,0.013,60.0,pause,labview_demo_csv
ARO-01,3558,A_linear,healthy,pause,0.960,0.000,14.5,71.5,0.000,60.0,pause,labview_demo_csv
ARO-01,3559,A_linear,healthy,pause,0.971,0.006,14.5,71.5,0.011,60.0,pause,labview_demo_csv
ARO-01,3560,A_linear,healthy,pause,0.969,0.000,14.5,71.4,0.000,60.0,pause,labview_demo_csv
ARO-01,3561,A_linear,healthy,pause,0.979,0.004,14.5,71.4,0.008,60.0,pause,labview_demo_csv
ARO-01,3562,A_linear,healthy,pause,0.988,0.004,14.5,71.0,0.007,60.0,pause,labview_demo_csv
ARO-01,3563,A_linear,healthy,pause,1.018,0.000,14.5,71.3,0.000,60.0,pause,labview_demo_csv
ARO-01,3564,A_linear,healthy,ascent,1.008,0.687,14.5,71.5,1.239,90.0,ascent,labview_demo_csv
ARO-01,3565,A_linear,healthy,ascent,1.020,0.698,14.7,71.7,1.258,90.0,ascent,labview_demo_csv
ARO-01,3566,A_linear,healthy,ascent,1.025,0.699,14.8,71.9,1.262,90.0,ascent,labview_demo_csv
ARO-01,3567,A_linear,healthy,ascent,1.024,0.702,14.8,71.8,1.266,90.0,ascent,labview_demo_csv
ARO-01,3568,A_linear,healthy,ascent,1.022,0.700,14.9,71.8,1.262,90.0,ascent,labview_demo_csv
ARO-01,3569,A_linear,healthy,ascent,1.026,0.703,15.1,71.9,1.268,90.0,ascent,labview_demo_csv
ARO-01,3570,A_linear,healthy,ascent,1.050,0.712,15.0,71.7,1.285,90.0,ascent,labview_demo_csv
ARO-01,3571,A_linear,healthy,ascent,1.036,0.708,15.3,71.6,1.277,90.0,ascent,labview_demo_csv
ARO-01,3572,A_linear,healthy,ascent,1.050,0.692,15.3,71.6,1.248,90.0,ascent,labview_demo_csv
ARO-01,3573,A_linear,healthy,ascent,1.034,0.705,15.4,71.5,1.272,90.0,ascent,labview_demo_csv
ARO-01,3574,A_linear,healthy,ascent,1.044,0.695,15.5,71.5,1.253,90.0,ascent,labview_demo_csv
ARO-01,3575,A_linear,healthy,ascent,1.031,0.693,15.5,71.3,1.250,90.0,ascent,labview_demo_csv
ARO-01,3576,A_linear,healthy,descent,1.042,0.340,15.4,71.4,0.613,90.0,descent,labview_demo_csv
ARO-01,3577,A_linear,healthy,descent,1.015,0.355,15.4,71.4,0.641,90.0,descent,labview_demo_csv
ARO-01,3578,A_linear,healthy,descent,1.032,0.347,15.4,71.4,0.626,90.0,descent,labview_demo_csv
ARO-01,3579,A_linear,healthy,descent,0.995,0.338,15.4,70.9,0.610,90.0,descent,labview_demo_csv
ARO-01,3580,A_linear,healthy,descent,0.987,0.359,15.4,70.9,0.648,90.0,descent,labview_demo_csv
ARO-01,3581,A_linear,healthy,descent,0.991,0.350,15.4,71.0,0.632,90.0,descent,labview_demo_csv
ARO-01,3582,A_linear,healthy,descent,1.002,0.357,15.4,70.9,0.644,90.0,descent,labview_demo_csv
ARO-01,3583,A_linear,healthy,descent,0.967,0.352,15.2,70.9,0.635,90.0,descent,labview_demo_csv
ARO-01,3584,A_linear,healthy,descent,0.978,0.354,15.2,71.1,0.638,90.0,descent,labview_demo_csv
ARO-01,3585,A_linear,healthy,descent,0.972,0.361,15.3,71.2,0.651,90.0,descent,labview_demo_csv
ARO-01,3586,A_linear,healthy,descent,0.950,0.343,15.3,71.2,0.618,90.0,descent,labview_demo_csv
ARO-01,3587,A_linear,healthy,descent,0.963,0.347,15.4,71.7,0.626,90.0,descent,labview_demo_csv
ARO-01,3588,A_linear,healthy,pause,0.950,0.004,15.3,71.7,0.008,90.0,pause,labview_demo_csv
ARO-01,3589,A_linear,healthy,pause,0.919,0.000,15.4,71.8,0.000,90.0,pause,labview_demo_csv
ARO-01,3590,A_linear,healthy,pause,0.944,0.000,15.3,71.7,0.000,90.0,pause,labview_demo_csv
ARO-01,3591,A_linear,healthy,pause,0.925,0.010,15.1,71.6,0.018,90.0,pause,labview_demo_csv
ARO-01,3592,A_linear,healthy,pause,0.932,0.008,15.1,71.4,0.015,90.0,pause,labview_demo_csv
ARO-01,3593,A_linear,healthy,pause,0.925,0.000,15.0,71.5,0.000,90.0,pause,labview_demo_csv
ARO-01,3594,A_linear,healthy,pause,0.928,0.000,15.0,71.7,0.000,90.0,pause,labview_demo_csv
ARO-01,3595,A_linear,healthy,pause,0.925,0.000,15.1,71.8,0.000,90.0,pause,labview_demo_csv
ARO-01,3596,A_linear,healthy,pause,0.922,0.000,15.0,71.8,0.000,90.0,pause,labview_demo_csv
ARO-01,3597,A_linear,healthy,pause,0.909,0.003,15.1,71.9,0.006,90.0,pause,labview_demo_csv
ARO-01,3598,A_linear,healthy,pause,0.932,0.005,15.1,72.3,0.009,90.0,pause,labview_demo_csv
ARO-01,3599,A_linear,healthy,pause,0.924,0.009,15.1,72.3,0.016,90.0,pause,labview_demo_csv
ARO-01,3600,A_linear,healthy,pause,0.944,0.000,15.1,72.1,0.000,90.0,pause,labview_demo_csv
ARO-01,3601,A_linear,healthy,pause,0.966,0.001,15.1,72.0,0.002,90.0,pause,labview_demo_csv
ARO-01,3602,A_linear,healthy,pause,0.972,0.000,15.2,72.0,0.000,90.0,pause,labview_demo_csv
ARO-01,3603,A_linear,healthy,pause,0.978,0.008,15.2,72.1,0.015,90.0,pause,labview_demo_csv
ARO-01,3604,A_linear,healthy,pause,0.981,0.000,15.1,72.1,0.000,90.0,pause,labview_demo_csv
ARO-01,3605,A_linear,healthy,pause,0.975,0.002,15.1,72.1,0.003,90.0,pause,labview_demo_csv
ARO-01,3606,A_linear,healthy,pause,0.987,0.011,15.0,72.1,0.019,90.0,pause,labview_demo_csv
ARO-01,3607,A_linear,healthy,pause,1.012,0.000,15.0,72.1,0.000,90.0,pause,labview_demo_csv
ARO-01,3608,A_linear,healthy,ascent,1.018,0.702,15.0,71.9,1.267,90.0,ascent,labview_demo_csv
ARO-01,3609,A_linear,healthy,ascent,1.017,0.702,15.1,72.1,1.267,90.0,ascent,labview_demo_csv
ARO-01,3610,A_linear,healthy,ascent,1.019,0.704,15.1,72.1,1.270,90.0,ascent,labview_demo_csv
ARO-01,3611,A_linear,healthy,ascent,1.035,0.703,15.2,72.3,1.268,90.0,ascent,labview_demo_csv
ARO-01,3612,A_linear,healthy,ascent,1.004,0.712,15.2,72.3,1.285,90.0,ascent,labview_demo_csv
ARO-01,3613,A_linear,healthy,ascent,1.050,0.694,15.3,72.5,1.253,90.0,ascent,labview_demo_csv
ARO-01,3614,A_linear,healthy,ascent,1.058,0.699,15.5,72.5,1.261,90.0,ascent,labview_demo_csv
ARO-01,3615,A_linear,healthy,ascent,1.043,0.704,15.6,72.6,1.270,90.0,ascent,labview_demo_csv
ARO-01,3616,A_linear,healthy,ascent,1.039,0.700,15.6,72.6,1.263,90.0,ascent,labview_demo_csv
ARO-01,3617,A_linear,healthy,ascent,1.051,0.709,15.6,72.3,1.280,90.0,ascent,labview_demo_csv
ARO-01,3618,A_linear,healthy,ascent,1.038,0.699,15.6,72.6,1.261,90.0,ascent,labview_demo_csv
ARO-01,3619,A_linear,healthy,ascent,1.054,0.688,15.7,72.5,1.242,90.0,ascent,labview_demo_csv
ARO-01,3620,A_linear,healthy,descent,1.010,0.347,15.7,72.6,0.625,90.0,descent,labview_demo_csv
ARO-01,3621,A_linear,healthy,descent,1.014,0.338,15.6,72.6,0.609,90.0,descent,labview_demo_csv
ARO-01,3622,A_linear,healthy,descent,1.045,0.348,15.6,72.7,0.628,90.0,descent,labview_demo_csv
ARO-01,3623,A_linear,healthy,descent,0.998,0.338,15.5,72.6,0.610,90.0,descent,labview_demo_csv
ARO-01,3624,A_linear,healthy,descent,0.998,0.345,15.4,72.9,0.623,90.0,descent,labview_demo_csv
ARO-01,3625,A_linear,healthy,descent,0.996,0.353,15.4,73.1,0.637,90.0,descent,labview_demo_csv
ARO-01,3626,A_linear,healthy,descent,0.982,0.348,15.5,73.0,0.627,90.0,descent,labview_demo_csv
ARO-01,3627,A_linear,healthy,descent,0.981,0.351,15.6,73.1,0.633,90.0,descent,labview_demo_csv
ARO-01,3628,A_linear,healthy,descent,0.986,0.352,15.6,73.4,0.635,90.0,descent,labview_demo_csv
ARO-01,3629,A_linear,healthy,descent,0.972,0.348,15.6,73.7,0.627,90.0,descent,labview_demo_csv
ARO-01,3630,A_linear,healthy,descent,0.952,0.351,15.6,73.5,0.633,90.0,descent,labview_demo_csv
ARO-01,3631,A_linear,healthy,descent,0.941,0.348,15.6,73.5,0.628,90.0,descent,labview_demo_csv
ARO-01,3632,A_linear,healthy,pause,0.933,0.000,15.6,73.3,0.000,90.0,pause,labview_demo_csv
ARO-01,3633,A_linear,healthy,pause,0.934,0.000,15.5,73.6,0.000,90.0,pause,labview_demo_csv
ARO-01,3634,A_linear,healthy,pause,0.925,0.003,15.5,73.5,0.005,90.0,pause,labview_demo_csv
ARO-01,3635,A_linear,healthy,pause,0.919,0.000,15.5,73.2,0.000,90.0,pause,labview_demo_csv
ARO-01,3636,A_linear,healthy,pause,0.930,0.001,15.5,73.0,0.002,90.0,pause,labview_demo_csv
ARO-01,3637,A_linear,healthy,pause,0.937,0.000,15.5,72.9,0.000,90.0,pause,labview_demo_csv
ARO-01,3638,A_linear,healthy,pause,0.913,0.004,15.4,72.9,0.008,90.0,pause,labview_demo_csv
ARO-01,3639,A_linear,healthy,pause,0.938,0.000,15.2,72.7,0.000,90.0,pause,labview_demo_csv
ARO-01,3640,A_linear,healthy,pause,0.941,0.003,15.1,72.8,0.005,90.0,pause,labview_demo_csv
ARO-01,3641,A_linear,healthy,pause,0.929,0.005,15.2,72.9,0.008,90.0,pause,labview_demo_csv
ARO-01,3642,A_linear,healthy,pause,0.953,0.006,15.2,73.1,0.011,90.0,pause,labview_demo_csv
ARO-01,3643,A_linear,healthy,pause,0.928,0.005,15.3,73.2,0.008,90.0,pause,labview_demo_csv
ARO-01,3644,A_linear,healthy,pause,0.976,0.007,15.3,73.3,0.012,90.0,pause,labview_demo_csv
ARO-01,3645,A_linear,healthy,pause,0.947,0.002,15.3,73.6,0.004,90.0,pause,labview_demo_csv
ARO-01,3646,A_linear,healthy,pause,0.950,0.001,15.3,73.6,0.001,90.0,pause,labview_demo_csv
ARO-01,3647,A_linear,healthy,pause,0.968,0.001,15.3,73.5,0.003,90.0,pause,labview_demo_csv
ARO-01,3648,A_linear,healthy,pause,0.969,0.006,15.3,73.9,0.011,90.0,pause,labview_demo_csv
ARO-01,3649,A_linear,healthy,pause,0.994,0.000,15.2,73.6,0.000,90.0,pause,labview_demo_csv
ARO-01,3650,A_linear,healthy,pause,0.978,0.004,15.1,73.6,0.007,90.0,pause,labview_demo_csv
ARO-01,3651,A_linear,healthy,pause,1.009,0.000,15.0,73.6,0.000,90.0,pause,labview_demo_csv
ARO-01,3652,A_linear,healthy,ascent,1.011,0.454,15.2,73.6,0.819,30.0,ascent,labview_demo_csv
ARO-01,3653,A_linear,healthy,ascent,1.024,0.441,15.2,73.7,0.795,30.0,ascent,labview_demo_csv
ARO-01,3654,A_linear,healthy,ascent,1.018,0.451,15.3,73.6,0.813,30.0,ascent,labview_demo_csv
ARO-01,3655,A_linear,healthy,ascent,1.046,0.446,15.4,73.3,0.804,30.0,ascent,labview_demo_csv
ARO-01,3656,A_linear,healthy,ascent,1.052,0.449,15.4,73.3,0.810,30.0,ascent,labview_demo_csv
ARO-01,3657,A_linear,healthy,ascent,1.029,0.443,15.5,73.0,0.799,30.0,ascent,labview_demo_csv
ARO-01,3658,A_linear,healthy,ascent,1.042,0.448,15.5,72.8,0.809,30.0,ascent,labview_demo_csv
ARO-01,3659,A_linear,healthy,ascent,1.063,0.447,15.5,72.9,0.806,30.0,ascent,labview_demo_csv
ARO-01,3660,A_linear,healthy,ascent,1.040,0.452,15.5,72.8,0.816,30.0,ascent,labview_demo_csv
ARO-01,3661,A_linear,healthy,ascent,1.043,0.444,15.6,72.9,0.802,30.0,ascent,labview_demo_csv
ARO-01,3662,A_linear,healthy,ascent,1.032,0.448,15.7,73.0,0.809,30.0,ascent,labview_demo_csv
ARO-01,3663,A_linear,healthy,ascent,1.010,0.446,15.7,73.0,0.804,30.0,ascent,labview_demo_csv
ARO-01,3664,A_linear,healthy,descent,1.032,0.356,15.7,73.1,0.642,30.0,descent,labview_demo_csv
ARO-01,3665,A_linear,healthy,descent,1.015,0.347,15.7,73.3,0.627,30.0,descent,labview_demo_csv
ARO-01,3666,A_linear,healthy,descent,1.010,0.349,15.7,73.2,0.630,30.0,descent,labview_demo_csv
ARO-01,3667,A_linear,healthy,descent,1.034,0.350,15.7,73.4,0.632,30.0,descent,labview_demo_csv
ARO-01,3668,A_linear,healthy,descent,0.999,0.351,15.7,73.1,0.633,30.0,descent,labview_demo_csv
ARO-01,3669,A_linear,healthy,descent,0.991,0.349,15.6,73.4,0.630,30.0,descent,labview_demo_csv
ARO-01,3670,A_linear,healthy,descent,0.991,0.346,15.6,73.4,0.624,30.0,descent,labview_demo_csv
ARO-01,3671,A_linear,healthy,descent,0.975,0.353,15.7,73.7,0.637,30.0,descent,labview_demo_csv
ARO-01,3672,A_linear,healthy,descent,0.980,0.345,15.7,73.4,0.623,30.0,descent,labview_demo_csv
ARO-01,3673,A_linear,healthy,descent,0.955,0.350,15.6,73.7,0.632,30.0,descent,labview_demo_csv
ARO-01,3674,A_linear,healthy,descent,0.973,0.338,15.6,73.6,0.611,30.0,descent,labview_demo_csv
ARO-01,3675,A_linear,healthy,descent,0.975,0.347,15.6,73.6,0.625,30.0,descent,labview_demo_csv
ARO-01,3676,A_linear,healthy,pause,0.943,0.003,15.6,73.8,0.005,30.0,pause,labview_demo_csv
ARO-01,3677,A_linear,healthy,pause,0.943,0.000,15.5,73.8,0.000,30.0,pause,labview_demo_csv
ARO-01,3678,A_linear,healthy,pause,0.926,0.000,15.5,73.6,0.000,30.0,pause,labview_demo_csv
ARO-01,3679,A_linear,healthy,pause,0.906,0.003,15.3,74.1,0.005,30.0,pause,labview_demo_csv
ARO-01,3680,A_linear,healthy,pause,0.929,0.000,15.3,74.1,0.000,30.0,pause,labview_demo_csv
ARO-01,3681,A_linear,healthy,pause,0.928,0.000,15.3,74.0,0.000,30.0,pause,labview_demo_csv
ARO-01,3682,A_linear,healthy,pause,0.908,0.000,15.3,73.8,0.000,30.0,pause,labview_demo_csv
ARO-01,3683,A_linear,healthy,pause,0.905,0.004,15.3,73.9,0.008,30.0,pause,labview_demo_csv
ARO-01,3684,A_linear,healthy,pause,0.927,0.005,15.3,74.1,0.009,30.0,pause,labview_demo_csv
ARO-01,3685,A_linear,healthy,pause,0.934,0.008,15.3,74.2,0.015,30.0,pause,labview_demo_csv
ARO-01,3686,A_linear,healthy,pause,0.930,0.007,15.2,74.0,0.012,30.0,pause,labview_demo_csv
ARO-01,3687,A_linear,healthy,pause,0.933,0.000,15.3,74.2,0.000,30.0,pause,labview_demo_csv
ARO-01,3688,A_linear,healthy,pause,0.951,0.003,15.3,73.9,0.006,30.0,pause,labview_demo_csv
ARO-01,3689,A_linear,healthy,pause,0.961,0.000,15.2,73.5,0.000,30.0,pause,labview_demo_csv
ARO-01,3690,A_linear,healthy,pause,0.942,0.000,15.3,73.6,0.000,30.0,pause,labview_demo_csv
ARO-01,3691,A_linear,healthy,pause,0.977,0.005,15.4,73.6,0.009,30.0,pause,labview_demo_csv
ARO-01,3692,A_linear,healthy,pause,0.993,0.010,15.5,73.9,0.017,30.0,pause,labview_demo_csv
ARO-01,3693,A_linear,healthy,pause,0.987,0.008,15.4,73.7,0.014,30.0,pause,labview_demo_csv
ARO-01,3694,A_linear,healthy,pause,0.996,0.013,15.4,73.9,0.023,30.0,pause,labview_demo_csv
ARO-01,3695,A_linear,healthy,pause,0.978,0.000,15.3,74.2,0.000,30.0,pause,labview_demo_csv
ARO-01,3696,A_linear,healthy,ascent,1.020,0.642,15.4,74.2,1.158,75.0,ascent,labview_demo_csv
ARO-01,3697,A_linear,healthy,ascent,1.027,0.626,15.4,74.2,1.130,75.0,ascent,labview_demo_csv
ARO-01,3698,A_linear,healthy,ascent,1.027,0.624,15.4,74.0,1.126,75.0,ascent,labview_demo_csv
ARO-01,3699,A_linear,healthy,ascent,1.029,0.645,15.5,73.9,1.163,75.0,ascent,labview_demo_csv
ARO-01,3700,A_linear,healthy,ascent,1.042,0.642,15.7,74.2,1.159,75.0,ascent,labview_demo_csv
ARO-01,3701,A_linear,healthy,ascent,1.036,0.638,15.8,74.0,1.151,75.0,ascent,labview_demo_csv
ARO-01,3702,A_linear,healthy,ascent,1.038,0.634,15.9,73.9,1.143,75.0,ascent,labview_demo_csv
ARO-01,3703,A_linear,healthy,ascent,1.020,0.624,15.8,74.0,1.126,75.0,ascent,labview_demo_csv
ARO-01,3704,A_linear,healthy,ascent,1.051,0.631,15.8,73.5,1.139,75.0,ascent,labview_demo_csv
ARO-01,3705,A_linear,healthy,ascent,1.061,0.634,15.8,73.3,1.144,75.0,ascent,labview_demo_csv
ARO-01,3706,A_linear,healthy,ascent,1.044,0.652,15.7,73.3,1.176,75.0,ascent,labview_demo_csv
ARO-01,3707,A_linear,healthy,ascent,1.020,0.648,15.8,73.6,1.169,75.0,ascent,labview_demo_csv
ARO-01,3708,A_linear,healthy,descent,1.043,0.351,15.9,73.6,0.633,75.0,descent,labview_demo_csv
ARO-01,3709,A_linear,healthy,descent,1.026,0.353,15.8,73.7,0.636,75.0,descent,labview_demo_csv
ARO-01,3710,A_linear,healthy,descent,1.007,0.344,15.8,73.7,0.620,75.0,descent,labview_demo_csv
ARO-01,3711,A_linear,healthy,descent,1.000,0.352,15.8,73.9,0.634,75.0,descent,labview_demo_csv
ARO-01,3712,A_linear,healthy,descent,1.002,0.351,15.8,74.0,0.633,75.0,descent,labview_demo_csv
ARO-01,3713,A_linear,healthy,descent,1.007,0.355,15.8,73.5,0.640,75.0,descent,labview_demo_csv
ARO-01,3714,A_linear,healthy,descent,0.996,0.350,15.7,73.6,0.631,75.0,descent,labview_demo_csv
ARO-01,3715,A_linear,healthy,descent,0.970,0.361,15.6,74.1,0.652,75.0,descent,labview_demo_csv
ARO-01,3716,A_linear,healthy,descent,0.951,0.344,15.5,73.9,0.620,75.0,descent,labview_demo_csv
ARO-01,3717,A_linear,healthy,descent,0.939,0.348,15.5,73.6,0.627,75.0,descent,labview_demo_csv
ARO-01,3718,A_linear,healthy,descent,0.944,0.350,15.6,74.0,0.631,75.0,descent,labview_demo_csv
ARO-01,3719,A_linear,healthy,descent,0.946,0.351,15.6,74.0,0.633,75.0,descent,labview_demo_csv
ARO-01,3720,A_linear,healthy,pause,0.936,0.000,15.5,73.9,0.000,75.0,pause,labview_demo_csv
ARO-01,3721,A_linear,healthy,pause,0.927,0.000,15.4,74.0,0.000,75.0,pause,labview_demo_csv
ARO-01,3722,A_linear,healthy,pause,0.931,0.005,15.5,74.0,0.008,75.0,pause,labview_demo_csv
ARO-01,3723,A_linear,healthy,pause,0.912,0.000,15.4,74.3,0.000,75.0,pause,labview_demo_csv
ARO-01,3724,A_linear,healthy,pause,0.925,0.000,15.4,74.1,0.000,75.0,pause,labview_demo_csv
ARO-01,3725,A_linear,healthy,pause,0.935,0.000,15.3,74.5,0.000,75.0,pause,labview_demo_csv
ARO-01,3726,A_linear,healthy,pause,0.931,0.000,15.4,74.2,0.000,75.0,pause,labview_demo_csv
ARO-01,3727,A_linear,healthy,pause,0.920,0.004,15.5,74.2,0.007,75.0,pause,labview_demo_csv
ARO-01,3728,A_linear,healthy,pause,0.921,0.000,15.4,74.2,0.000,75.0,pause,labview_demo_csv
ARO-01,3729,A_linear,healthy,pause,0.952,0.000,15.3,74.3,0.000,75.0,pause,labview_demo_csv
ARO-01,3730,A_linear,healthy,pause,0.929,0.006,15.3,74.2,0.011,75.0,pause,labview_demo_csv
ARO-01,3731,A_linear,healthy,pause,0.946,0.000,15.3,74.2,0.000,75.0,pause,labview_demo_csv
ARO-01,3732,A_linear,healthy,pause,0.957,0.000,15.3,74.3,0.000,75.0,pause,labview_demo_csv
ARO-01,3733,A_linear,healthy,pause,0.939,0.000,15.2,74.3,0.000,75.0,pause,labview_demo_csv
ARO-01,3734,A_linear,healthy,pause,0.950,0.005,15.2,74.5,0.009,75.0,pause,labview_demo_csv
ARO-01,3735,A_linear,healthy,pause,0.967,0.008,15.2,74.5,0.015,75.0,pause,labview_demo_csv
ARO-01,3736,A_linear,healthy,pause,0.982,0.003,15.1,74.8,0.006,75.0,pause,labview_demo_csv
ARO-01,3737,A_linear,healthy,pause,0.989,0.000,15.1,74.7,0.000,75.0,pause,labview_demo_csv
ARO-01,3738,A_linear,healthy,pause,1.001,0.000,15.1,74.5,0.000,75.0,pause,labview_demo_csv
ARO-01,3739,A_linear,healthy,pause,1.012,0.000,15.2,74.5,0.000,75.0,pause,labview_demo_csv
ARO-01,3740,A_linear,healthy,ascent,1.026,0.828,15.4,74.7,1.494,120.0,ascent,labview_demo_csv
ARO-01,3741,A_linear,healthy,ascent,1.043,0.832,15.6,74.6,1.502,120.0,ascent,labview_demo_csv
ARO-01,3742,A_linear,healthy,ascent,1.013,0.820,15.7,74.6,1.480,120.0,ascent,labview_demo_csv
ARO-01,3743,A_linear,healthy,ascent,1.011,0.838,15.9,74.5,1.513,120.0,ascent,labview_demo_csv
ARO-01,3744,A_linear,healthy,ascent,1.038,0.834,16.0,74.4,1.505,120.0,ascent,labview_demo_csv
ARO-01,3745,A_linear,healthy,ascent,1.024,0.837,16.0,74.5,1.509,120.0,ascent,labview_demo_csv
ARO-01,3746,A_linear,healthy,ascent,1.041,0.833,16.1,74.3,1.503,120.0,ascent,labview_demo_csv
ARO-01,3747,A_linear,healthy,ascent,1.059,0.837,16.2,74.3,1.510,120.0,ascent,labview_demo_csv
ARO-01,3748,A_linear,healthy,ascent,1.049,0.840,16.2,73.9,1.516,120.0,ascent,labview_demo_csv
ARO-01,3749,A_linear,healthy,ascent,1.036,0.825,16.3,74.0,1.489,120.0,ascent,labview_demo_csv
ARO-01,3750,A_linear,healthy,ascent,1.060,0.834,16.3,74.1,1.504,120.0,ascent,labview_demo_csv
ARO-01,3751,A_linear,healthy,ascent,1.052,0.820,16.4,74.0,1.480,120.0,ascent,labview_demo_csv
ARO-01,3752,A_linear,healthy,descent,1.024,0.346,16.3,74.2,0.624,120.0,descent,labview_demo_csv
ARO-01,3753,A_linear,healthy,descent,1.027,0.346,16.3,74.0,0.624,120.0,descent,labview_demo_csv
ARO-01,3754,A_linear,healthy,descent,1.004,0.352,16.2,74.4,0.635,120.0,descent,labview_demo_csv
ARO-01,3755,A_linear,healthy,descent,1.010,0.339,16.2,74.3,0.611,120.0,descent,labview_demo_csv
ARO-01,3756,A_linear,healthy,descent,1.001,0.354,16.1,74.6,0.639,120.0,descent,labview_demo_csv
ARO-01,3757,A_linear,healthy,descent,0.994,0.360,16.1,74.5,0.650,120.0,descent,labview_demo_csv
ARO-01,3758,A_linear,healthy,descent,0.986,0.352,16.1,74.3,0.635,120.0,descent,labview_demo_csv
ARO-01,3759,A_linear,healthy,descent,0.983,0.337,16.0,74.4,0.608,120.0,descent,labview_demo_csv
ARO-01,3760,A_linear,healthy,descent,0.990,0.346,16.0,74.4,0.624,120.0,descent,labview_demo_csv
ARO-01,3761,A_linear,healthy,descent,0.967,0.352,16.0,74.6,0.635,120.0,descent,labview_demo_csv
ARO-01,3762,A_linear,healthy,descent,0.925,0.339,16.0,74.6,0.612,120.0,descent,labview_demo_csv
ARO-01,3763,A_linear,healthy,descent,0.946,0.334,16.0,74.5,0.603,120.0,descent,labview_demo_csv
ARO-01,3764,A_linear,healthy,pause,0.949,0.000,16.0,74.3,0.000,120.0,pause,labview_demo_csv
ARO-01,3765,A_linear,healthy,pause,0.959,0.006,16.0,74.4,0.010,120.0,pause,labview_demo_csv
ARO-01,3766,A_linear,healthy,pause,0.914,0.000,15.9,74.7,0.000,120.0,pause,labview_demo_csv
ARO-01,3767,A_linear,healthy,pause,0.930,0.000,15.8,74.8,0.000,120.0,pause,labview_demo_csv
ARO-01,3768,A_linear,healthy,pause,0.925,0.002,15.8,74.9,0.004,120.0,pause,labview_demo_csv
ARO-01,3769,A_linear,healthy,pause,0.939,0.004,15.7,75.0,0.007,120.0,pause,labview_demo_csv
ARO-01,3770,A_linear,healthy,pause,0.914,0.000,15.6,74.9,0.000,120.0,pause,labview_demo_csv
ARO-01,3771,A_linear,healthy,pause,0.926,0.000,15.6,74.9,0.000,120.0,pause,labview_demo_csv
ARO-01,3772,A_linear,healthy,pause,0.936,0.008,15.5,74.8,0.014,120.0,pause,labview_demo_csv
ARO-01,3773,A_linear,healthy,pause,0.930,0.000,15.6,75.0,0.000,120.0,pause,labview_demo_csv
ARO-01,3774,A_linear,healthy,pause,0.946,0.006,15.6,74.8,0.010,120.0,pause,labview_demo_csv
ARO-01,3775,A_linear,healthy,pause,0.935,0.000,15.6,74.7,0.000,120.0,pause,labview_demo_csv
ARO-01,3776,A_linear,healthy,pause,0.960,0.000,15.6,74.9,0.000,120.0,pause,labview_demo_csv
ARO-01,3777,A_linear,healthy,pause,0.963,0.000,15.6,74.7,0.000,120.0,pause,labview_demo_csv
ARO-01,3778,A_linear,healthy,pause,0.960,0.012,15.5,74.9,0.021,120.0,pause,labview_demo_csv
ARO-01,3779,A_linear,healthy,pause,0.950,0.000,15.5,74.8,0.000,120.0,pause,labview_demo_csv
ARO-01,3780,A_linear,healthy,pause,0.974,0.008,15.5,74.8,0.014,120.0,pause,labview_demo_csv
ARO-01,3781,A_linear,healthy,pause,1.004,0.000,15.6,74.8,0.000,120.0,pause,labview_demo_csv
ARO-01,3782,A_linear,healthy,pause,0.990,0.000,15.6,74.8,0.000,120.0,pause,labview_demo_csv
ARO-01,3783,A_linear,healthy,pause,1.022,0.000,15.6,74.8,0.000,120.0,pause,labview_demo_csv
ARO-01,3784,A_linear,healthy,ascent,1.031,0.825,15.7,74.7,1.489,120.0,ascent,labview_demo_csv
ARO-01,3785,A_linear,healthy,ascent,1.018,0.841,15.8,74.7,1.517,120.0,ascent,labview_demo_csv
ARO-01,3786,A_linear,healthy,ascent,1.023,0.830,15.7,75.1,1.498,120.0,ascent,labview_demo_csv
ARO-01,3787,A_linear,healthy,ascent,1.046,0.833,16.0,74.8,1.502,120.0,ascent,labview_demo_csv
ARO-01,3788,A_linear,healthy,ascent,1.040,0.828,16.1,74.8,1.494,120.0,ascent,labview_demo_csv
ARO-01,3789,A_linear,healthy,ascent,1.067,0.837,16.3,74.8,1.509,120.0,ascent,labview_demo_csv
ARO-01,3790,A_linear,healthy,ascent,1.057,0.828,16.3,75.1,1.494,120.0,ascent,labview_demo_csv
ARO-01,3791,A_linear,healthy,ascent,1.055,0.825,16.4,74.9,1.488,120.0,ascent,labview_demo_csv
ARO-01,3792,A_linear,healthy,ascent,1.044,0.835,16.4,74.9,1.506,120.0,ascent,labview_demo_csv
ARO-01,3793,A_linear,healthy,ascent,1.034,0.831,16.4,74.7,1.500,120.0,ascent,labview_demo_csv
ARO-01,3794,A_linear,healthy,ascent,1.051,0.819,16.4,74.7,1.477,120.0,ascent,labview_demo_csv
ARO-01,3795,A_linear,healthy,ascent,1.036,0.829,16.5,74.9,1.496,120.0,ascent,labview_demo_csv
ARO-01,3796,A_linear,healthy,descent,1.007,0.353,16.4,75.0,0.636,120.0,descent,labview_demo_csv
ARO-01,3797,A_linear,healthy,descent,1.040,0.345,16.4,74.8,0.622,120.0,descent,labview_demo_csv
ARO-01,3798,A_linear,healthy,descent,1.049,0.339,16.4,74.7,0.612,120.0,descent,labview_demo_csv
ARO-01,3799,A_linear,healthy,descent,1.010,0.356,16.4,74.8,0.643,120.0,descent,labview_demo_csv
ARO-01,3800,A_linear,healthy,descent,0.987,0.355,16.4,75.0,0.641,120.0,descent,labview_demo_csv
ARO-01,3801,A_linear,healthy,descent,0.987,0.344,16.3,75.2,0.620,120.0,descent,labview_demo_csv
ARO-01,3802,A_linear,healthy,descent,0.998,0.358,16.5,75.4,0.646,120.0,descent,labview_demo_csv
ARO-01,3803,A_linear,healthy,descent,1.000,0.341,16.5,75.5,0.615,120.0,descent,labview_demo_csv
ARO-01,3804,A_linear,healthy,descent,0.985,0.339,16.5,75.5,0.612,120.0,descent,labview_demo_csv
ARO-01,3805,A_linear,healthy,descent,0.962,0.343,16.6,75.6,0.619,120.0,descent,labview_demo_csv
ARO-01,3806,A_linear,healthy,descent,0.962,0.348,16.6,75.9,0.628,120.0,descent,labview_demo_csv
ARO-01,3807,A_linear,healthy,descent,0.944,0.356,16.6,76.1,0.643,120.0,descent,labview_demo_csv
ARO-01,3808,A_linear,healthy,pause,0.949,0.004,16.6,76.0,0.008,120.0,pause,labview_demo_csv
ARO-01,3809,A_linear,healthy,pause,0.955,0.003,16.6,75.8,0.006,120.0,pause,labview_demo_csv
ARO-01,3810,A_linear,healthy,pause,0.932,0.005,16.6,75.9,0.009,120.0,pause,labview_demo_csv
ARO-01,3811,A_linear,healthy,pause,0.922,0.000,16.4,75.7,0.000,120.0,pause,labview_demo_csv
ARO-01,3812,A_linear,healthy,pause,0.945,0.000,16.5,75.6,0.000,120.0,pause,labview_demo_csv
ARO-01,3813,A_linear,healthy,pause,0.927,0.020,16.4,75.3,0.036,120.0,pause,labview_demo_csv
ARO-01,3814,A_linear,healthy,pause,0.937,0.000,16.4,75.2,0.000,120.0,pause,labview_demo_csv
ARO-01,3815,A_linear,healthy,pause,0.948,0.000,16.3,75.6,0.000,120.0,pause,labview_demo_csv
ARO-01,3816,A_linear,healthy,pause,0.937,0.012,16.3,75.8,0.022,120.0,pause,labview_demo_csv
ARO-01,3817,A_linear,healthy,pause,0.955,0.003,16.3,75.7,0.005,120.0,pause,labview_demo_csv
ARO-01,3818,A_linear,healthy,pause,0.930,0.000,16.2,76.0,0.000,120.0,pause,labview_demo_csv
ARO-01,3819,A_linear,healthy,pause,0.953,0.000,16.2,75.9,0.000,120.0,pause,labview_demo_csv
ARO-01,3820,A_linear,healthy,pause,0.961,0.007,16.1,75.6,0.013,120.0,pause,labview_demo_csv
ARO-01,3821,A_linear,healthy,pause,0.949,0.000,16.0,75.5,0.000,120.0,pause,labview_demo_csv
ARO-01,3822,A_linear,healthy,pause,0.988,0.000,16.1,75.5,0.000,120.0,pause,labview_demo_csv
ARO-01,3823,A_linear,healthy,pause,0.988,0.000,16.1,75.7,0.000,120.0,pause,labview_demo_csv
ARO-01,3824,A_linear,healthy,pause,0.973,0.000,16.1,75.8,0.000,120.0,pause,labview_demo_csv
ARO-01,3825,A_linear,healthy,pause,0.980,0.000,16.0,75.8,0.000,120.0,pause,labview_demo_csv
ARO-01,3826,A_linear,healthy,pause,0.985,0.000,16.1,76.1,0.000,120.0,pause,labview_demo_csv
ARO-01,3827,A_linear,healthy,pause,1.002,0.000,16.1,76.2,0.000,120.0,pause,labview_demo_csv
ARO-01,3828,A_linear,healthy,ascent,1.014,0.570,16.2,76.5,1.029,60.0,ascent,labview_demo_csv
ARO-01,3829,A_linear,healthy,ascent,1.044,0.585,16.4,76.4,1.056,60.0,ascent,labview_demo_csv
ARO-01,3830,A_linear,healthy,ascent,1.038,0.573,16.4,76.1,1.034,60.0,ascent,labview_demo_csv
ARO-01,3831,A_linear,healthy,ascent,1.033,0.572,16.5,75.9,1.032,60.0,ascent,labview_demo_csv
ARO-01,3832,A_linear,healthy,ascent,1.058,0.584,16.5,75.8,1.054,60.0,ascent,labview_demo_csv
ARO-01,3833,A_linear,healthy,ascent,1.029,0.572,16.4,75.8,1.032,60.0,ascent,labview_demo_csv
ARO-01,3834,A_linear,healthy,ascent,1.023,0.574,16.4,75.9,1.035,60.0,ascent,labview_demo_csv
ARO-01,3835,A_linear,healthy,ascent,1.060,0.576,16.4,76.0,1.039,60.0,ascent,labview_demo_csv
ARO-01,3836,A_linear,healthy,ascent,1.045,0.580,16.5,76.0,1.047,60.0,ascent,labview_demo_csv
ARO-01,3837,A_linear,healthy,ascent,1.041,0.569,16.4,76.1,1.027,60.0,ascent,labview_demo_csv
ARO-01,3838,A_linear,healthy,ascent,1.022,0.568,16.4,76.1,1.024,60.0,ascent,labview_demo_csv
ARO-01,3839,A_linear,healthy,ascent,1.033,0.579,16.4,76.0,1.044,60.0,ascent,labview_demo_csv
ARO-01,3840,A_linear,healthy,descent,1.041,0.366,16.5,76.0,0.660,60.0,descent,labview_demo_csv
ARO-01,3841,A_linear,healthy,descent,1.019,0.345,16.5,76.0,0.622,60.0,descent,labview_demo_csv
ARO-01,3842,A_linear,healthy,descent,1.018,0.346,16.6,75.6,0.623,60.0,descent,labview_demo_csv
ARO-01,3843,A_linear,healthy,descent,1.004,0.350,16.6,75.5,0.632,60.0,descent,labview_demo_csv
ARO-01,3844,A_linear,healthy,descent,1.015,0.342,16.6,75.4,0.618,60.0,descent,labview_demo_csv
ARO-01,3845,A_linear,healthy,descent,0.985,0.351,16.6,75.6,0.633,60.0,descent,labview_demo_csv
ARO-01,3846,A_linear,healthy,descent,0.995,0.350,16.5,75.6,0.632,60.0,descent,labview_demo_csv
ARO-01,3847,A_linear,healthy,descent,0.957,0.344,16.5,75.9,0.620,60.0,descent,labview_demo_csv
ARO-01,3848,A_linear,healthy,descent,0.974,0.360,16.5,75.7,0.650,60.0,descent,labview_demo_csv
ARO-01,3849,A_linear,healthy,descent,0.946,0.364,16.6,75.9,0.657,60.0,descent,labview_demo_csv
ARO-01,3850,A_linear,healthy,descent,0.944,0.353,16.6,75.7,0.637,60.0,descent,labview_demo_csv
ARO-01,3851,A_linear,healthy,descent,0.962,0.340,16.6,75.9,0.614,60.0,descent,labview_demo_csv
ARO-01,3852,A_linear,healthy,pause,0.952,0.000,16.6,76.0,0.000,60.0,pause,labview_demo_csv
ARO-01,3853,A_linear,healthy,pause,0.930,0.000,16.5,76.0,0.000,60.0,pause,labview_demo_csv
ARO-01,3854,A_linear,healthy,pause,0.916,0.000,16.5,76.4,0.000,60.0,pause,labview_demo_csv
ARO-01,3855,A_linear,healthy,pause,0.918,0.007,16.5,76.3,0.013,60.0,pause,labview_demo_csv
ARO-01,3856,A_linear,healthy,pause,0.907,0.000,16.5,76.5,0.000,60.0,pause,labview_demo_csv
ARO-01,3857,A_linear,healthy,pause,0.915,0.000,16.6,76.5,0.000,60.0,pause,labview_demo_csv
ARO-01,3858,A_linear,healthy,pause,0.926,0.003,16.7,76.3,0.006,60.0,pause,labview_demo_csv
ARO-01,3859,A_linear,healthy,pause,0.922,0.000,16.7,76.1,0.000,60.0,pause,labview_demo_csv
ARO-01,3860,A_linear,healthy,pause,0.911,0.000,16.6,76.1,0.000,60.0,pause,labview_demo_csv
ARO-01,3861,A_linear,healthy,pause,0.938,0.000,16.6,76.0,0.000,60.0,pause,labview_demo_csv
ARO-01,3862,A_linear,healthy,pause,0.932,0.005,16.6,76.0,0.010,60.0,pause,labview_demo_csv
ARO-01,3863,A_linear,healthy,pause,0.953,0.000,16.6,76.0,0.000,60.0,pause,labview_demo_csv
ARO-01,3864,A_linear,healthy,pause,0.939,0.000,16.5,76.1,0.000,60.0,pause,labview_demo_csv
ARO-01,3865,A_linear,healthy,pause,0.957,0.002,16.6,76.4,0.004,60.0,pause,labview_demo_csv
ARO-01,3866,A_linear,healthy,pause,0.955,0.000,16.6,76.7,0.000,60.0,pause,labview_demo_csv
ARO-01,3867,A_linear,healthy,pause,0.974,0.000,16.5,76.5,0.000,60.0,pause,labview_demo_csv
ARO-01,3868,A_linear,healthy,pause,0.978,0.000,16.5,76.4,0.000,60.0,pause,labview_demo_csv
ARO-01,3869,A_linear,healthy,pause,0.992,0.008,16.6,76.4,0.014,60.0,pause,labview_demo_csv
ARO-01,3870,A_linear,healthy,pause,1.006,0.000,16.6,76.8,0.000,60.0,pause,labview_demo_csv
ARO-01,3871,A_linear,healthy,pause,1.020,0.000,16.5,76.9,0.000,60.0,pause,labview_demo_csv
ARO-01,3872,A_linear,healthy,ascent,1.013,0.584,16.6,76.9,1.053,60.0,ascent,labview_demo_csv
ARO-01,3873,A_linear,healthy,ascent,1.007,0.575,16.7,76.9,1.038,60.0,ascent,labview_demo_csv
ARO-01,3874,A_linear,healthy,ascent,1.050,0.575,16.8,76.9,1.037,60.0,ascent,labview_demo_csv
ARO-01,3875,A_linear,healthy,ascent,1.031,0.571,16.8,77.0,1.031,60.0,ascent,labview_demo_csv
ARO-01,3876,A_linear,healthy,ascent,1.042,0.571,16.7,76.8,1.031,60.0,ascent,labview_demo_csv
ARO-01,3877,A_linear,healthy,ascent,1.044,0.563,16.8,76.7,1.017,60.0,ascent,labview_demo_csv
ARO-01,3878,A_linear,healthy,ascent,1.049,0.578,16.8,76.6,1.043,60.0,ascent,labview_demo_csv
ARO-01,3879,A_linear,healthy,ascent,1.037,0.586,16.9,76.3,1.057,60.0,ascent,labview_demo_csv
ARO-01,3880,A_linear,healthy,ascent,1.059,0.571,16.9,76.2,1.031,60.0,ascent,labview_demo_csv
ARO-01,3881,A_linear,healthy,ascent,1.025,0.569,16.9,76.0,1.026,60.0,ascent,labview_demo_csv
ARO-01,3882,A_linear,healthy,ascent,1.061,0.575,16.9,76.1,1.038,60.0,ascent,labview_demo_csv
ARO-01,3883,A_linear,healthy,ascent,1.030,0.569,17.0,76.2,1.027,60.0,ascent,labview_demo_csv
ARO-01,3884,A_linear,healthy,descent,1.054,0.345,17.0,76.3,0.622,60.0,descent,labview_demo_csv
ARO-01,3885,A_linear,healthy,descent,1.028,0.341,17.0,76.3,0.615,60.0,descent,labview_demo_csv
ARO-01,3886,A_linear,healthy,descent,1.042,0.343,16.9,76.2,0.618,60.0,descent,labview_demo_csv
ARO-01,3887,A_linear,healthy,descent,1.009,0.347,16.9,76.0,0.626,60.0,descent,labview_demo_csv
ARO-01,3888,A_linear,healthy,descent,1.032,0.345,16.9,76.2,0.623,60.0,descent,labview_demo_csv
ARO-01,3889,A_linear,healthy,descent,0.977,0.351,17.0,76.5,0.632,60.0,descent,labview_demo_csv
ARO-01,3890,A_linear,healthy,descent,0.993,0.354,17.0,76.4,0.639,60.0,descent,labview_demo_csv
ARO-01,3891,A_linear,healthy,descent,0.969,0.347,16.9,76.4,0.626,60.0,descent,labview_demo_csv
ARO-01,3892,A_linear,healthy,descent,0.960,0.354,16.9,76.3,0.639,60.0,descent,labview_demo_csv
ARO-01,3893,A_linear,healthy,descent,0.983,0.368,16.9,76.5,0.664,60.0,descent,labview_demo_csv
ARO-01,3894,A_linear,healthy,descent,0.967,0.363,16.9,76.4,0.655,60.0,descent,labview_demo_csv
ARO-01,3895,A_linear,healthy,descent,0.974,0.349,16.9,76.6,0.630,60.0,descent,labview_demo_csv
ARO-01,3896,A_linear,healthy,pause,0.942,0.000,16.8,77.0,0.000,60.0,pause,labview_demo_csv
ARO-01,3897,A_linear,healthy,pause,0.948,0.000,16.8,76.9,0.000,60.0,pause,labview_demo_csv
ARO-01,3898,A_linear,healthy,pause,0.940,0.002,16.8,76.9,0.004,60.0,pause,labview_demo_csv
ARO-01,3899,A_linear,healthy,pause,0.923,0.002,16.9,76.9,0.004,60.0,pause,labview_demo_csv
ARO-01,3900,A_linear,healthy,pause,0.923,0.000,16.8,76.8,0.000,60.0,pause,labview_demo_csv
ARO-01,3901,A_linear,healthy,pause,0.928,0.000,16.8,76.8,0.000,60.0,pause,labview_demo_csv
ARO-01,3902,A_linear,healthy,pause,0.921,0.005,16.8,76.5,0.009,60.0,pause,labview_demo_csv
ARO-01,3903,A_linear,healthy,pause,0.947,0.001,16.8,76.2,0.002,60.0,pause,labview_demo_csv
ARO-01,3904,A_linear,healthy,pause,0.936,0.005,16.8,76.4,0.009,60.0,pause,labview_demo_csv
ARO-01,3905,A_linear,healthy,pause,0.938,0.000,16.6,76.4,0.000,60.0,pause,labview_demo_csv
ARO-01,3906,A_linear,healthy,pause,0.947,0.012,16.6,76.5,0.021,60.0,pause,labview_demo_csv
ARO-01,3907,A_linear,healthy,pause,0.959,0.010,16.5,76.9,0.017,60.0,pause,labview_demo_csv
ARO-01,3908,A_linear,healthy,pause,0.964,0.000,16.6,77.0,0.000,60.0,pause,labview_demo_csv
ARO-01,3909,A_linear,healthy,pause,0.938,0.006,16.6,77.1,0.010,60.0,pause,labview_demo_csv
ARO-01,3910,A_linear,healthy,pause,0.987,0.001,16.7,76.9,0.002,60.0,pause,labview_demo_csv
ARO-01,3911,A_linear,healthy,pause,0.993,0.000,16.8,77.0,0.000,60.0,pause,labview_demo_csv
ARO-01,3912,A_linear,healthy,pause,1.004,0.004,16.7,77.0,0.007,60.0,pause,labview_demo_csv
ARO-01,3913,A_linear,healthy,pause,0.994,0.000,16.7,76.9,0.000,60.0,pause,labview_demo_csv
ARO-01,3914,A_linear,healthy,pause,0.982,0.003,16.7,76.9,0.005,60.0,pause,labview_demo_csv
ARO-01,3915,A_linear,healthy,pause,1.013,0.000,16.7,76.8,0.000,60.0,pause,labview_demo_csv
ARO-01,3916,A_linear,healthy,ascent,1.010,0.580,16.8,76.8,1.046,60.0,ascent,labview_demo_csv
ARO-01,3917,A_linear,healthy,ascent,1.022,0.584,16.8,76.8,1.053,60.0,ascent,labview_demo_csv
ARO-01,3918,A_linear,healthy,ascent,1.044,0.577,16.8,76.7,1.040,60.0,ascent,labview_demo_csv
ARO-01,3919,A_linear,healthy,ascent,1.028,0.576,16.9,76.4,1.039,60.0,ascent,labview_demo_csv
ARO-01,3920,A_linear,healthy,ascent,1.035,0.572,16.8,76.6,1.033,60.0,ascent,labview_demo_csv
ARO-01,3921,A_linear,healthy,ascent,1.060,0.570,16.9,76.0,1.028,60.0,ascent,labview_demo_csv
ARO-01,3922,A_linear,healthy,ascent,1.057,0.567,16.8,76.1,1.023,60.0,ascent,labview_demo_csv
ARO-01,3923,A_linear,healthy,ascent,1.048,0.566,16.9,76.1,1.021,60.0,ascent,labview_demo_csv
ARO-01,3924,A_linear,healthy,ascent,1.060,0.572,16.9,75.9,1.031,60.0,ascent,labview_demo_csv
ARO-01,3925,A_linear,healthy,ascent,1.029,0.578,16.9,76.2,1.042,60.0,ascent,labview_demo_csv
ARO-01,3926,A_linear,healthy,ascent,1.052,0.568,17.0,76.3,1.025,60.0,ascent,labview_demo_csv
ARO-01,3927,A_linear,healthy,ascent,1.019,0.567,17.1,76.3,1.022,60.0,ascent,labview_demo_csv
ARO-01,3928,A_linear,healthy,descent,1.047,0.355,17.0,76.4,0.640,60.0,descent,labview_demo_csv
ARO-01,3929,A_linear,healthy,descent,1.042,0.329,17.1,76.4,0.594,60.0,descent,labview_demo_csv
ARO-01,3930,A_linear,healthy,descent,1.009,0.347,17.0,76.8,0.627,60.0,descent,labview_demo_csv
ARO-01,3931,A_linear,healthy,descent,1.040,0.345,16.9,77.1,0.622,60.0,descent,labview_demo_csv
ARO-01,3932,A_linear,healthy,descent,1.000,0.350,16.9,77.1,0.631,60.0,descent,labview_demo_csv
ARO-01,3933,A_linear,healthy,descent,0.995,0.354,17.0,77.4,0.638,60.0,descent,labview_demo_csv
ARO-01,3934,A_linear,healthy,descent,0.983,0.346,17.0,77.4,0.624,60.0,descent,labview_demo_csv
ARO-01,3935,A_linear,healthy,descent,0.979,0.347,17.1,77.4,0.625,60.0,descent,labview_demo_csv
ARO-01,3936,A_linear,healthy,descent,0.967,0.362,17.0,76.8,0.652,60.0,descent,labview_demo_csv
ARO-01,3937,A_linear,healthy,descent,0.960,0.356,17.1,76.9,0.643,60.0,descent,labview_demo_csv
ARO-01,3938,A_linear,healthy,descent,0.956,0.354,17.0,77.1,0.638,60.0,descent,labview_demo_csv
ARO-01,3939,A_linear,healthy,descent,0.959,0.348,17.1,77.2,0.627,60.0,descent,labview_demo_csv
ARO-01,3940,A_linear,healthy,pause,0.962,0.000,17.1,77.3,0.000,60.0,pause,labview_demo_csv
ARO-01,3941,A_linear,healthy,pause,0.926,0.008,17.1,77.1,0.015,60.0,pause,labview_demo_csv
ARO-01,3942,A_linear,healthy,pause,0.945,0.000,17.1,77.4,0.000,60.0,pause,labview_demo_csv
ARO-01,3943,A_linear,healthy,pause,0.905,0.000,17.0,77.4,0.000,60.0,pause,labview_demo_csv
ARO-01,3944,A_linear,healthy,pause,0.929,0.014,17.1,77.5,0.025,60.0,pause,labview_demo_csv
ARO-01,3945,A_linear,healthy,pause,0.910,0.000,17.0,77.9,0.000,60.0,pause,labview_demo_csv
ARO-01,3946,A_linear,healthy,pause,0.930,0.002,16.9,77.8,0.003,60.0,pause,labview_demo_csv
ARO-01,3947,A_linear,healthy,pause,0.914,0.000,16.9,77.6,0.000,60.0,pause,labview_demo_csv
ARO-01,3948,A_linear,healthy,pause,0.927,0.007,17.0,77.6,0.013,60.0,pause,labview_demo_csv
ARO-01,3949,A_linear,healthy,pause,0.950,0.000,16.9,77.7,0.000,60.0,pause,labview_demo_csv
ARO-01,3950,A_linear,healthy,pause,0.939,0.000,16.9,77.7,0.000,60.0,pause,labview_demo_csv
ARO-01,3951,A_linear,healthy,pause,0.950,0.010,16.9,77.4,0.017,60.0,pause,labview_demo_csv
ARO-01,3952,A_linear,healthy,pause,0.937,0.000,16.9,77.7,0.000,60.0,pause,labview_demo_csv
ARO-01,3953,A_linear,healthy,pause,0.927,0.000,16.8,77.6,0.000,60.0,pause,labview_demo_csv
ARO-01,3954,A_linear,healthy,pause,0.971,0.007,16.8,77.7,0.012,60.0,pause,labview_demo_csv
ARO-01,3955,A_linear,healthy,pause,0.963,0.004,16.7,77.8,0.007,60.0,pause,labview_demo_csv
ARO-01,3956,A_linear,healthy,pause,0.991,0.009,16.6,77.7,0.016,60.0,pause,labview_demo_csv
ARO-01,3957,A_linear,healthy,pause,0.977,0.008,16.6,77.8,0.015,60.0,pause,labview_demo_csv
ARO-01,3958,A_linear,healthy,pause,1.011,0.004,16.6,77.8,0.007,60.0,pause,labview_demo_csv
ARO-01,3959,A_linear,healthy,pause,1.001,0.004,16.7,77.7,0.007,60.0,pause,labview_demo_csv
ARO-01,3960,A_linear,healthy,ascent,1.017,0.574,16.8,77.6,1.035,60.0,ascent,labview_demo_csv
ARO-01,3961,A_linear,healthy,ascent,1.018,0.578,16.9,77.3,1.043,60.0,ascent,labview_demo_csv
ARO-01,3962,A_linear,healthy,ascent,1.037,0.582,17.1,77.5,1.050,60.0,ascent,labview_demo_csv
ARO-01,3963,A_linear,healthy,ascent,1.018,0.582,17.1,77.3,1.050,60.0,ascent,labview_demo_csv
ARO-01,3964,A_linear,healthy,ascent,1.032,0.581,17.2,77.6,1.049,60.0,ascent,labview_demo_csv
ARO-01,3965,A_linear,healthy,ascent,1.074,0.584,17.1,77.7,1.054,60.0,ascent,labview_demo_csv
ARO-01,3966,A_linear,healthy,ascent,1.042,0.571,17.2,77.4,1.031,60.0,ascent,labview_demo_csv
ARO-01,3967,A_linear,healthy,ascent,1.050,0.569,17.2,77.4,1.027,60.0,ascent,labview_demo_csv
ARO-01,3968,A_linear,healthy,ascent,1.054,0.567,17.2,77.4,1.023,60.0,ascent,labview_demo_csv
ARO-01,3969,A_linear,healthy,ascent,1.066,0.572,17.2,77.4,1.032,60.0,ascent,labview_demo_csv
ARO-01,3970,A_linear,healthy,ascent,1.051,0.580,17.3,77.7,1.046,60.0,ascent,labview_demo_csv
ARO-01,3971,A_linear,healthy,ascent,1.026,0.575,17.2,77.6,1.038,60.0,ascent,labview_demo_csv
ARO-01,3972,A_linear,healthy,descent,1.054,0.343,17.2,77.4,0.618,60.0,descent,labview_demo_csv
ARO-01,3973,A_linear,healthy,descent,1.054,0.349,17.3,77.2,0.630,60.0,descent,labview_demo_csv
ARO-01,3974,A_linear,healthy,descent,1.019,0.351,17.3,77.4,0.634,60.0,descent,labview_demo_csv
ARO-01,3975,A_linear,healthy,descent,1.015,0.357,17.4,77.1,0.643,60.0,descent,labview_demo_csv
ARO-01,3976,A_linear,healthy,descent,1.001,0.347,17.4,77.0,0.626,60.0,descent,labview_demo_csv
ARO-01,3977,A_linear,healthy,descent,1.014,0.346,17.5,77.2,0.625,60.0,descent,labview_demo_csv
ARO-01,3978,A_linear,healthy,descent,1.007,0.342,17.5,77.4,0.616,60.0,descent,labview_demo_csv
ARO-01,3979,A_linear,healthy,descent,0.993,0.348,17.4,77.5,0.628,60.0,descent,labview_demo_csv
ARO-01,3980,A_linear,healthy,descent,0.978,0.354,17.5,77.5,0.639,60.0,descent,labview_demo_csv
ARO-01,3981,A_linear,healthy,descent,0.972,0.345,17.5,77.6,0.623,60.0,descent,labview_demo_csv
ARO-01,3982,A_linear,healthy,descent,0.939,0.352,17.6,77.4,0.635,60.0,descent,labview_demo_csv
ARO-01,3983,A_linear,healthy,descent,0.967,0.354,17.6,77.2,0.639,60.0,descent,labview_demo_csv
ARO-01,3984,A_linear,healthy,pause,0.952,0.000,17.5,77.2,0.000,60.0,pause,labview_demo_csv
ARO-01,3985,A_linear,healthy,pause,0.965,0.004,17.5,77.3,0.007,60.0,pause,labview_demo_csv
ARO-01,3986,A_linear,healthy,pause,0.939,0.000,17.4,77.4,0.000,60.0,pause,labview_demo_csv
ARO-01,3987,A_linear,healthy,pause,0.922,0.000,17.5,77.2,0.000,60.0,pause,labview_demo_csv
ARO-01,3988,A_linear,healthy,pause,0.927,0.000,17.5,77.5,0.000,60.0,pause,labview_demo_csv
ARO-01,3989,A_linear,healthy,pause,0.909,0.001,17.4,77.3,0.002,60.0,pause,labview_demo_csv
ARO-01,3990,A_linear,healthy,pause,0.943,0.009,17.4,77.3,0.016,60.0,pause,labview_demo_csv
ARO-01,3991,A_linear,healthy,pause,0.932,0.000,17.3,77.3,0.000,60.0,pause,labview_demo_csv
ARO-01,3992,A_linear,healthy,pause,0.942,0.004,17.4,77.2,0.007,60.0,pause,labview_demo_csv
ARO-01,3993,A_linear,healthy,pause,0.938,0.000,17.5,77.5,0.000,60.0,pause,labview_demo_csv
ARO-01,3994,A_linear,healthy,pause,0.926,0.002,17.4,77.8,0.004,60.0,pause,labview_demo_csv
ARO-01,3995,A_linear,healthy,pause,0.940,0.003,17.5,77.9,0.006,60.0,pause,labview_demo_csv
ARO-01,3996,A_linear,healthy,pause,0.951,0.000,17.5,77.9,0.000,60.0,pause,labview_demo_csv
ARO-01,3997,A_linear,healthy,pause,0.959,0.002,17.4,78.0,0.003,60.0,pause,labview_demo_csv
ARO-01,3998,A_linear,healthy,pause,0.978,0.002,17.4,77.8,0.003,60.0,pause,labview_demo_csv
ARO-01,3999,A_linear,healthy,pause,0.960,0.010,17.6,77.6,0.018,60.0,pause,labview_demo_csv
ARO-01,4000,A_linear,healthy,pause,1.008,0.000,17.6,77.6,0.000,60.0,pause,labview_demo_csv
ARO-01,4001,A_linear,healthy,pause,0.994,0.000,17.7,77.5,0.000,60.0,pause,labview_demo_csv
ARO-01,4002,A_linear,healthy,pause,0.999,0.004,17.6,77.5,0.007,60.0,pause,labview_demo_csv
ARO-01,4003,A_linear,healthy,pause,1.004,0.000,17.5,77.4,0.000,60.0,pause,labview_demo_csv
ARO-01,4004,A_linear,healthy,ascent,1.002,0.766,17.5,77.2,1.382,105.0,ascent,labview_demo_csv
ARO-01,4005,A_linear,healthy,ascent,1.041,0.765,17.6,77.3,1.381,105.0,ascent,labview_demo_csv
ARO-01,4006,A_linear,healthy,ascent,1.027,0.759,17.7,77.0,1.370,105.0,ascent,labview_demo_csv
ARO-01,4007,A_linear,healthy,ascent,1.006,0.773,17.7,76.9,1.395,105.0,ascent,labview_demo_csv
ARO-01,4008,A_linear,healthy,ascent,1.037,0.776,17.7,76.5,1.401,105.0,ascent,labview_demo_csv
ARO-01,4009,A_linear,healthy,ascent,1.057,0.773,17.8,76.8,1.394,105.0,ascent,labview_demo_csv
ARO-01,4010,A_linear,healthy,ascent,1.039,0.763,17.8,76.9,1.377,105.0,ascent,labview_demo_csv
ARO-01,4011,A_linear,healthy,ascent,1.065,0.764,18.0,76.9,1.378,105.0,ascent,labview_demo_csv
ARO-01,4012,A_linear,healthy,ascent,1.060,0.771,18.0,76.7,1.392,105.0,ascent,labview_demo_csv
ARO-01,4013,A_linear,healthy,ascent,1.041,0.765,18.0,76.6,1.380,105.0,ascent,labview_demo_csv
ARO-01,4014,A_linear,healthy,ascent,1.057,0.763,18.1,76.7,1.376,105.0,ascent,labview_demo_csv
ARO-01,4015,A_linear,healthy,ascent,1.032,0.760,18.2,77.0,1.370,105.0,ascent,labview_demo_csv
ARO-01,4016,A_linear,healthy,descent,1.060,0.348,18.2,77.0,0.627,105.0,descent,labview_demo_csv
ARO-01,4017,A_linear,healthy,descent,1.036,0.350,18.2,77.3,0.631,105.0,descent,labview_demo_csv
ARO-01,4018,A_linear,healthy,descent,1.012,0.357,18.3,77.3,0.645,105.0,descent,labview_demo_csv
ARO-01,4019,A_linear,healthy,descent,1.018,0.350,18.2,77.5,0.631,105.0,descent,labview_demo_csv
ARO-01,4020,A_linear,healthy,descent,0.995,0.354,18.2,77.3,0.639,105.0,descent,labview_demo_csv
ARO-01,4021,A_linear,healthy,descent,0.976,0.341,18.3,77.1,0.615,105.0,descent,labview_demo_csv
ARO-01,4022,A_linear,healthy,descent,0.981,0.348,18.3,77.0,0.628,105.0,descent,labview_demo_csv
ARO-01,4023,A_linear,healthy,descent,0.979,0.349,18.2,77.0,0.629,105.0,descent,labview_demo_csv
ARO-01,4024,A_linear,healthy,descent,0.973,0.346,18.2,77.0,0.624,105.0,descent,labview_demo_csv
ARO-01,4025,A_linear,healthy,descent,0.957,0.348,18.3,76.9,0.628,105.0,descent,labview_demo_csv
ARO-01,4026,A_linear,healthy,descent,0.986,0.351,18.1,77.0,0.633,105.0,descent,labview_demo_csv
ARO-01,4027,A_linear,healthy,descent,0.959,0.358,18.2,77.0,0.646,105.0,descent,labview_demo_csv
ARO-01,4028,A_linear,healthy,pause,0.962,0.000,18.1,77.3,0.000,105.0,pause,labview_demo_csv
ARO-01,4029,A_linear,healthy,pause,0.956,0.007,18.1,77.2,0.013,105.0,pause,labview_demo_csv
ARO-01,4030,A_linear,healthy,pause,0.943,0.000,18.0,77.2,0.000,105.0,pause,labview_demo_csv
ARO-01,4031,A_linear,healthy,pause,0.909,0.000,17.9,77.4,0.000,105.0,pause,labview_demo_csv
ARO-01,4032,A_linear,healthy,pause,0.921,0.006,17.9,77.5,0.011,105.0,pause,labview_demo_csv
ARO-01,4033,A_linear,healthy,pause,0.951,0.004,17.9,77.6,0.007,105.0,pause,labview_demo_csv
ARO-01,4034,A_linear,healthy,pause,0.921,0.000,17.9,77.6,0.000,105.0,pause,labview_demo_csv
ARO-01,4035,A_linear,healthy,pause,0.945,0.000,17.8,77.8,0.000,105.0,pause,labview_demo_csv
ARO-01,4036,A_linear,healthy,pause,0.919,0.003,17.8,77.8,0.006,105.0,pause,labview_demo_csv
ARO-01,4037,A_linear,healthy,pause,0.931,0.012,17.7,77.7,0.021,105.0,pause,labview_demo_csv
ARO-01,4038,A_linear,healthy,pause,0.928,0.000,17.8,77.8,0.000,105.0,pause,labview_demo_csv
ARO-01,4039,A_linear,healthy,pause,0.955,0.007,17.7,77.8,0.013,105.0,pause,labview_demo_csv
ARO-01,4040,A_linear,healthy,pause,0.991,0.012,17.8,77.9,0.021,105.0,pause,labview_demo_csv
ARO-01,4041,A_linear,healthy,pause,0.961,0.000,17.7,78.2,0.000,105.0,pause,labview_demo_csv
ARO-01,4042,A_linear,healthy,pause,0.951,0.000,17.8,78.4,0.000,105.0,pause,labview_demo_csv
ARO-01,4043,A_linear,healthy,pause,1.006,0.013,17.7,78.8,0.023,105.0,pause,labview_demo_csv
ARO-01,4044,A_linear,healthy,pause,0.963,0.000,17.8,78.6,0.000,105.0,pause,labview_demo_csv
ARO-01,4045,A_linear,healthy,pause,0.981,0.001,17.7,78.5,0.003,105.0,pause,labview_demo_csv
ARO-01,4046,A_linear,healthy,pause,1.002,0.003,17.7,78.5,0.005,105.0,pause,labview_demo_csv
ARO-01,4047,A_linear,healthy,pause,1.015,0.003,17.7,78.4,0.006,105.0,pause,labview_demo_csv
ARO-01,4048,A_linear,healthy,ascent,1.021,0.514,17.8,78.4,0.927,45.0,ascent,labview_demo_csv
ARO-01,4049,A_linear,healthy,ascent,1.026,0.506,17.8,78.6,0.913,45.0,ascent,labview_demo_csv
ARO-01,4050,A_linear,healthy,ascent,1.036,0.509,17.8,78.9,0.919,45.0,ascent,labview_demo_csv
ARO-01,4051,A_linear,healthy,ascent,1.034,0.510,17.8,78.8,0.920,45.0,ascent,labview_demo_csv
ARO-01,4052,A_linear,healthy,ascent,1.039,0.514,17.9,78.9,0.927,45.0,ascent,labview_demo_csv
ARO-01,4053,A_linear,healthy,ascent,1.053,0.507,18.0,78.7,0.914,45.0,ascent,labview_demo_csv
ARO-01,4054,A_linear,healthy,ascent,1.039,0.505,18.1,79.0,0.912,45.0,ascent,labview_demo_csv
ARO-01,4055,A_linear,healthy,ascent,1.057,0.506,18.2,78.7,0.912,45.0,ascent,labview_demo_csv
ARO-01,4056,A_linear,healthy,ascent,1.084,0.518,18.2,78.8,0.934,45.0,ascent,labview_demo_csv
ARO-01,4057,A_linear,healthy,ascent,1.032,0.511,18.3,78.6,0.922,45.0,ascent,labview_demo_csv
ARO-01,4058,A_linear,healthy,ascent,1.050,0.508,18.2,78.3,0.917,45.0,ascent,labview_demo_csv
ARO-01,4059,A_linear,healthy,ascent,1.047,0.516,18.2,78.4,0.931,45.0,ascent,labview_demo_csv
ARO-01,4060,A_linear,healthy,descent,1.016,0.360,18.1,78.4,0.649,45.0,descent,labview_demo_csv
ARO-01,4061,A_linear,healthy,descent,1.036,0.358,18.2,78.5,0.645,45.0,descent,labview_demo_csv
ARO-01,4062,A_linear,healthy,descent,1.011,0.355,18.2,78.5,0.640,45.0,descent,labview_demo_csv
ARO-01,4063,A_linear,healthy,descent,1.025,0.354,18.2,78.1,0.639,45.0,descent,labview_demo_csv
ARO-01,4064,A_linear,healthy,descent,0.997,0.351,18.1,78.3,0.634,45.0,descent,labview_demo_csv
ARO-01,4065,A_linear,healthy,descent,1.029,0.352,18.2,78.2,0.636,45.0,descent,labview_demo_csv
ARO-01,4066,A_linear,healthy,descent,1.008,0.336,18.1,78.3,0.606,45.0,descent,labview_demo_csv
ARO-01,4067,A_linear,healthy,descent,0.992,0.349,18.1,78.1,0.630,45.0,descent,labview_demo_csv
ARO-01,4068,A_linear,healthy,descent,0.963,0.346,18.0,78.4,0.624,45.0,descent,labview_demo_csv
ARO-01,4069,A_linear,healthy,descent,0.964,0.350,18.1,78.3,0.632,45.0,descent,labview_demo_csv
ARO-01,4070,A_linear,healthy,descent,0.970,0.327,18.1,78.2,0.589,45.0,descent,labview_demo_csv
ARO-01,4071,A_linear,healthy,descent,0.938,0.349,18.1,78.2,0.629,45.0,descent,labview_demo_csv
ARO-01,4072,A_linear,healthy,pause,0.953,0.006,18.1,78.2,0.010,45.0,pause,labview_demo_csv
ARO-01,4073,A_linear,healthy,pause,0.946,0.000,18.1,78.3,0.000,45.0,pause,labview_demo_csv
ARO-01,4074,A_linear,healthy,pause,0.954,0.009,18.1,78.5,0.017,45.0,pause,labview_demo_csv
ARO-01,4075,A_linear,healthy,pause,0.937,0.005,18.1,78.7,0.008,45.0,pause,labview_demo_csv
ARO-01,4076,A_linear,healthy,pause,0.941,0.000,18.1,78.7,0.000,45.0,pause,labview_demo_csv
ARO-01,4077,A_linear,healthy,pause,0.945,0.000,17.9,78.8,0.001,45.0,pause,labview_demo_csv
ARO-01,4078,A_linear,healthy,pause,0.944,0.005,18.0,78.9,0.008,45.0,pause,labview_demo_csv
ARO-01,4079,A_linear,healthy,pause,0.919,0.000,18.0,79.0,0.000,45.0,pause,labview_demo_csv
ARO-01,4080,A_linear,healthy,pause,0.944,0.000,18.0,79.1,0.000,45.0,pause,labview_demo_csv
ARO-01,4081,A_linear,healthy,pause,0.942,0.004,17.9,78.7,0.007,45.0,pause,labview_demo_csv
ARO-01,4082,A_linear,healthy,pause,0.934,0.000,17.9,78.4,0.000,45.0,pause,labview_demo_csv
ARO-01,4083,A_linear,healthy,pause,0.932,0.000,18.0,78.5,0.000,45.0,pause,labview_demo_csv
ARO-01,4084,A_linear,healthy,pause,0.944,0.010,18.0,78.7,0.018,45.0,pause,labview_demo_csv
ARO-01,4085,A_linear,healthy,pause,0.934,0.003,18.0,78.7,0.006,45.0,pause,labview_demo_csv
ARO-01,4086,A_linear,healthy,pause,0.977,0.000,18.0,78.6,0.000,45.0,pause,labview_demo_csv
ARO-01,4087,A_linear,healthy,pause,0.973,0.000,18.1,78.9,0.000,45.0,pause,labview_demo_csv
ARO-01,4088,A_linear,healthy,pause,1.002,0.002,18.1,79.0,0.004,45.0,pause,labview_demo_csv
ARO-01,4089,A_linear,healthy,pause,1.010,0.001,18.1,78.9,0.002,45.0,pause,labview_demo_csv
ARO-01,4090,A_linear,healthy,pause,0.991,0.008,18.0,78.8,0.014,45.0,pause,labview_demo_csv
ARO-01,4091,A_linear,healthy,pause,1.000,0.000,18.0,78.6,0.000,45.0,pause,labview_demo_csv
ARO-01,4092,A_linear,healthy,ascent,1.031,0.567,18.2,79.1,1.023,60.0,ascent,labview_demo_csv
ARO-01,4093,A_linear,healthy,ascent,1.031,0.579,18.2,78.9,1.044,60.0,ascent,labview_demo_csv
ARO-01,4094,A_linear,healthy,ascent,1.018,0.582,18.3,78.8,1.051,60.0,ascent,labview_demo_csv
ARO-01,4095,A_linear,healthy,ascent,1.061,0.575,18.2,78.5,1.038,60.0,ascent,labview_demo_csv
ARO-01,4096,A_linear,healthy,ascent,1.062,0.574,18.3,78.2,1.036,60.0,ascent,labview_demo_csv
ARO-01,4097,A_linear,healthy,ascent,1.032,0.570,18.3,78.2,1.029,60.0,ascent,labview_demo_csv
ARO-01,4098,A_linear,healthy,ascent,1.045,0.570,18.3,78.0,1.029,60.0,ascent,labview_demo_csv
ARO-01,4099,A_linear,healthy,ascent,1.067,0.577,18.4,78.1,1.041,60.0,ascent,labview_demo_csv
ARO-01,4100,A_linear,healthy,ascent,1.071,0.582,18.4,78.2,1.050,60.0,ascent,labview_demo_csv
ARO-01,4101,A_linear,healthy,ascent,1.056,0.568,18.5,78.0,1.025,60.0,ascent,labview_demo_csv
ARO-01,4102,A_linear,healthy,ascent,1.054,0.573,18.6,78.2,1.034,60.0,ascent,labview_demo_csv
ARO-01,4103,A_linear,healthy,ascent,1.040,0.564,18.5,78.3,1.018,60.0,ascent,labview_demo_csv
ARO-01,4104,A_linear,healthy,descent,1.021,0.343,18.6,78.6,0.618,60.0,descent,labview_demo_csv
ARO-01,4105,A_linear,healthy,descent,1.032,0.356,18.6,78.5,0.642,60.0,descent,labview_demo_csv
ARO-01,4106,A_linear,healthy,descent,1.027,0.349,18.7,78.8,0.629,60.0,descent,labview_demo_csv
ARO-01,4107,A_linear,healthy,descent,1.014,0.346,18.7,78.9,0.624,60.0,descent,labview_demo_csv
ARO-01,4108,A_linear,healthy,descent,1.040,0.355,18.8,78.9,0.640,60.0,descent,labview_demo_csv
ARO-01,4109,A_linear,healthy,descent,1.012,0.359,18.8,78.8,0.648,60.0,descent,labview_demo_csv
ARO-01,4110,A_linear,healthy,descent,1.009,0.350,18.8,78.8,0.631,60.0,descent,labview_demo_csv
ARO-01,4111,A_linear,healthy,descent,0.985,0.362,18.7,78.9,0.652,60.0,descent,labview_demo_csv
ARO-01,4112,A_linear,healthy,descent,0.984,0.350,18.9,79.0,0.632,60.0,descent,labview_demo_csv
ARO-01,4113,A_linear,healthy,descent,0.969,0.351,18.9,79.0,0.634,60.0,descent,labview_demo_csv
ARO-01,4114,A_linear,healthy,descent,0.962,0.355,18.9,79.1,0.640,60.0,descent,labview_demo_csv
ARO-01,4115,A_linear,healthy,descent,0.957,0.359,18.9,79.2,0.647,60.0,descent,labview_demo_csv
ARO-01,4116,A_linear,healthy,pause,0.954,0.012,18.7,78.7,0.021,60.0,pause,labview_demo_csv
ARO-01,4117,A_linear,healthy,pause,0.951,0.007,18.6,78.9,0.012,60.0,pause,labview_demo_csv
ARO-01,4118,A_linear,healthy,pause,0.925,0.000,18.6,78.7,0.000,60.0,pause,labview_demo_csv
ARO-01,4119,A_linear,healthy,pause,0.934,0.001,18.5,78.8,0.001,60.0,pause,labview_demo_csv
ARO-01,4120,A_linear,healthy,pause,0.925,0.000,18.5,79.1,0.000,60.0,pause,labview_demo_csv
ARO-01,4121,A_linear,healthy,pause,0.921,0.000,18.3,79.3,0.000,60.0,pause,labview_demo_csv
ARO-01,4122,A_linear,healthy,pause,0.914,0.010,18.2,79.3,0.019,60.0,pause,labview_demo_csv
ARO-01,4123,A_linear,healthy,pause,0.910,0.005,18.2,79.3,0.009,60.0,pause,labview_demo_csv
ARO-01,4124,A_linear,healthy,pause,0.945,0.011,18.3,79.4,0.019,60.0,pause,labview_demo_csv
ARO-01,4125,A_linear,healthy,pause,0.937,0.001,18.3,79.3,0.001,60.0,pause,labview_demo_csv
ARO-01,4126,A_linear,healthy,pause,0.938,0.000,18.3,79.2,0.000,60.0,pause,labview_demo_csv
ARO-01,4127,A_linear,healthy,pause,0.952,0.000,18.2,79.0,0.000,60.0,pause,labview_demo_csv
ARO-01,4128,A_linear,healthy,pause,0.956,0.000,18.2,78.9,0.000,60.0,pause,labview_demo_csv
ARO-01,4129,A_linear,healthy,pause,0.970,0.011,18.1,78.8,0.020,60.0,pause,labview_demo_csv
ARO-01,4130,A_linear,healthy,pause,0.968,0.007,18.2,78.9,0.013,60.0,pause,labview_demo_csv
ARO-01,4131,A_linear,healthy,pause,0.977,0.000,18.2,79.1,0.000,60.0,pause,labview_demo_csv
ARO-01,4132,A_linear,healthy,pause,0.973,0.000,18.2,79.1,0.000,60.0,pause,labview_demo_csv
ARO-01,4133,A_linear,healthy,pause,0.965,0.000,18.2,79.0,0.000,60.0,pause,labview_demo_csv
ARO-01,4134,A_linear,healthy,pause,1.012,0.006,18.2,78.7,0.012,60.0,pause,labview_demo_csv
ARO-01,4135,A_linear,healthy,pause,0.997,0.009,18.1,78.8,0.015,60.0,pause,labview_demo_csv
ARO-01,4136,A_linear,healthy,ascent,1.037,0.630,18.2,78.9,1.137,75.0,ascent,labview_demo_csv
ARO-01,4137,A_linear,healthy,ascent,1.017,0.630,18.2,78.9,1.138,75.0,ascent,labview_demo_csv
ARO-01,4138,A_linear,healthy,ascent,1.041,0.642,18.4,79.0,1.158,75.0,ascent,labview_demo_csv
ARO-01,4139,A_linear,healthy,ascent,1.045,0.639,18.4,79.0,1.153,75.0,ascent,labview_demo_csv
ARO-01,4140,A_linear,healthy,ascent,1.043,0.642,18.5,78.9,1.159,75.0,ascent,labview_demo_csv
ARO-01,4141,A_linear,healthy,ascent,1.014,0.638,18.6,78.7,1.152,75.0,ascent,labview_demo_csv
ARO-01,4142,A_linear,healthy,ascent,1.059,0.647,18.7,78.9,1.167,75.0,ascent,labview_demo_csv
ARO-01,4143,A_linear,healthy,ascent,1.060,0.635,18.7,79.0,1.145,75.0,ascent,labview_demo_csv
ARO-01,4144,A_linear,healthy,ascent,1.035,0.644,18.7,78.8,1.163,75.0,ascent,labview_demo_csv
ARO-01,4145,A_linear,healthy,ascent,1.065,0.641,18.8,79.0,1.157,75.0,ascent,labview_demo_csv
ARO-01,4146,A_linear,healthy,ascent,1.043,0.630,18.8,79.1,1.138,75.0,ascent,labview_demo_csv
ARO-01,4147,A_linear,healthy,ascent,1.047,0.640,18.8,79.0,1.154,75.0,ascent,labview_demo_csv
ARO-01,4148,A_linear,healthy,descent,1.056,0.338,18.7,78.9,0.610,75.0,descent,labview_demo_csv
ARO-01,4149,A_linear,healthy,descent,1.043,0.347,18.8,78.8,0.626,75.0,descent,labview_demo_csv
ARO-01,4150,A_linear,healthy,descent,1.015,0.347,18.9,79.1,0.626,75.0,descent,labview_demo_csv
ARO-01,4151,A_linear,healthy,descent,1.025,0.358,18.8,79.1,0.646,75.0,descent,labview_demo_csv
ARO-01,4152,A_linear,healthy,descent,1.022,0.349,18.8,79.3,0.629,75.0,descent,labview_demo_csv
ARO-01,4153,A_linear,healthy,descent,0.981,0.357,18.8,79.3,0.644,75.0,descent,labview_demo_csv
ARO-01,4154,A_linear,healthy,descent,0.979,0.357,18.8,79.2,0.644,75.0,descent,labview_demo_csv
ARO-01,4155,A_linear,healthy,descent,0.976,0.334,18.8,79.0,0.603,75.0,descent,labview_demo_csv
ARO-01,4156,A_linear,healthy,descent,1.000,0.336,18.9,79.1,0.607,75.0,descent,labview_demo_csv
ARO-01,4157,A_linear,healthy,descent,0.952,0.357,18.9,79.1,0.644,75.0,descent,labview_demo_csv
ARO-01,4158,A_linear,healthy,descent,0.961,0.343,18.9,79.2,0.619,75.0,descent,labview_demo_csv
ARO-01,4159,A_linear,healthy,descent,0.977,0.352,19.0,79.2,0.635,75.0,descent,labview_demo_csv
ARO-01,4160,A_linear,healthy,pause,0.953,0.002,19.0,79.2,0.003,75.0,pause,labview_demo_csv
ARO-01,4161,A_linear,healthy,pause,0.948,0.002,19.0,79.4,0.004,75.0,pause,labview_demo_csv
ARO-01,4162,A_linear,healthy,pause,0.964,0.014,18.9,79.4,0.024,75.0,pause,labview_demo_csv
ARO-01,4163,A_linear,healthy,pause,0.939,0.000,18.9,79.4,0.000,75.0,pause,labview_demo_csv
ARO-01,4164,A_linear,healthy,pause,0.934,0.000,19.0,79.7,0.000,75.0,pause,labview_demo_csv
ARO-01,4165,A_linear,healthy,pause,0.911,0.000,18.9,79.6,0.000,75.0,pause,labview_demo_csv
ARO-01,4166,A_linear,healthy,pause,0.939,0.000,18.9,79.5,0.000,75.0,pause,labview_demo_csv
ARO-01,4167,A_linear,healthy,pause,0.928,0.000,18.8,79.3,0.000,75.0,pause,labview_demo_csv
ARO-01,4168,A_linear,healthy,pause,0.927,0.001,18.8,79.6,0.002,75.0,pause,labview_demo_csv
ARO-01,4169,A_linear,healthy,pause,0.946,0.000,18.7,79.7,0.000,75.0,pause,labview_demo_csv
ARO-01,4170,A_linear,healthy,pause,0.966,0.000,18.6,79.7,0.000,75.0,pause,labview_demo_csv
ARO-01,4171,A_linear,healthy,pause,0.922,0.001,18.7,79.8,0.003,75.0,pause,labview_demo_csv
ARO-01,4172,A_linear,healthy,pause,0.956,0.003,18.6,79.8,0.006,75.0,pause,labview_demo_csv
ARO-01,4173,A_linear,healthy,pause,0.976,0.000,18.5,79.7,0.000,75.0,pause,labview_demo_csv
ARO-01,4174,A_linear,healthy,pause,0.949,0.000,18.6,79.5,0.000,75.0,pause,labview_demo_csv
ARO-01,4175,A_linear,healthy,pause,0.994,0.000,18.6,79.5,0.000,75.0,pause,labview_demo_csv
ARO-01,4176,A_linear,healthy,pause,1.006,0.000,18.7,79.2,0.000,75.0,pause,labview_demo_csv
ARO-01,4177,A_linear,healthy,pause,0.974,0.000,18.7,79.5,0.000,75.0,pause,labview_demo_csv
ARO-01,4178,A_linear,healthy,pause,1.009,0.001,18.7,79.4,0.001,75.0,pause,labview_demo_csv
ARO-01,4179,A_linear,healthy,pause,1.003,0.000,18.7,79.5,0.000,75.0,pause,labview_demo_csv
ARO-01,4180,A_linear,healthy,ascent,1.023,0.766,18.8,79.2,1.382,105.0,ascent,labview_demo_csv
ARO-01,4181,A_linear,healthy,ascent,1.019,0.766,19.0,79.1,1.381,105.0,ascent,labview_demo_csv
ARO-01,4182,A_linear,healthy,ascent,1.038,0.761,19.1,78.9,1.373,105.0,ascent,labview_demo_csv
ARO-01,4183,A_linear,healthy,ascent,1.029,0.759,19.1,79.0,1.370,105.0,ascent,labview_demo_csv
ARO-01,4184,A_linear,healthy,ascent,1.030,0.760,19.2,79.2,1.371,105.0,ascent,labview_demo_csv
ARO-01,4185,A_linear,healthy,ascent,1.073,0.769,19.2,79.0,1.387,105.0,ascent,labview_demo_csv
ARO-01,4186,A_linear,healthy,ascent,1.074,0.770,19.2,78.9,1.390,105.0,ascent,labview_demo_csv
ARO-01,4187,A_linear,healthy,ascent,1.067,0.774,19.2,78.9,1.396,105.0,ascent,labview_demo_csv
ARO-01,4188,A_linear,healthy,ascent,1.046,0.761,19.2,79.0,1.374,105.0,ascent,labview_demo_csv
ARO-01,4189,A_linear,healthy,ascent,1.065,0.771,19.3,79.0,1.391,105.0,ascent,labview_demo_csv
ARO-01,4190,A_linear,healthy,ascent,1.058,0.774,19.3,79.1,1.396,105.0,ascent,labview_demo_csv
ARO-01,4191,A_linear,healthy,ascent,1.027,0.763,19.2,79.3,1.376,105.0,ascent,labview_demo_csv
ARO-01,4192,A_linear,healthy,descent,1.053,0.346,19.3,79.4,0.624,105.0,descent,labview_demo_csv
ARO-01,4193,A_linear,healthy,descent,1.012,0.349,19.3,79.5,0.629,105.0,descent,labview_demo_csv
ARO-01,4194,A_linear,healthy,descent,1.065,0.350,19.3,79.4,0.631,105.0,descent,labview_demo_csv
ARO-01,4195,A_linear,healthy,descent,1.006,0.359,19.3,79.5,0.647,105.0,descent,labview_demo_csv
ARO-01,4196,A_linear,healthy,descent,1.007,0.359,19.4,79.4,0.647,105.0,descent,labview_demo_csv
ARO-01,4197,A_linear,healthy,descent,1.017,0.345,19.5,79.5,0.622,105.0,descent,labview_demo_csv
ARO-01,4198,A_linear,healthy,descent,1.007,0.343,19.6,79.5,0.619,105.0,descent,labview_demo_csv
ARO-01,4199,A_linear,healthy,descent,1.012,0.346,19.5,79.5,0.625,105.0,descent,labview_demo_csv
ARO-01,4200,A_linear,healthy,descent,0.976,0.362,19.5,79.5,0.653,105.0,descent,labview_demo_csv
ARO-01,4201,A_linear,healthy,descent,0.987,0.362,19.6,79.4,0.653,105.0,descent,labview_demo_csv
ARO-01,4202,A_linear,healthy,descent,0.939,0.340,19.4,79.2,0.613,105.0,descent,labview_demo_csv
ARO-01,4203,A_linear,healthy,descent,0.944,0.355,19.5,79.3,0.640,105.0,descent,labview_demo_csv
ARO-01,4204,A_linear,healthy,pause,0.942,0.013,19.5,79.3,0.023,105.0,pause,labview_demo_csv
ARO-01,4205,A_linear,healthy,pause,0.948,0.000,19.4,79.4,0.000,105.0,pause,labview_demo_csv
ARO-01,4206,A_linear,healthy,pause,0.959,0.005,19.4,79.2,0.010,105.0,pause,labview_demo_csv
ARO-01,4207,A_linear,healthy,pause,0.940,0.000,19.3,79.1,0.000,105.0,pause,labview_demo_csv
ARO-01,4208,A_linear,healthy,pause,0.914,0.005,19.3,78.8,0.009,105.0,pause,labview_demo_csv
ARO-01,4209,A_linear,healthy,pause,0.934,0.000,19.3,78.9,0.000,105.0,pause,labview_demo_csv
ARO-01,4210,A_linear,healthy,pause,0.910,0.000,19.3,78.8,0.000,105.0,pause,labview_demo_csv
ARO-01,4211,A_linear,healthy,pause,0.914,0.004,19.3,78.7,0.006,105.0,pause,labview_demo_csv
ARO-01,4212,A_linear,healthy,pause,0.939,0.000,19.3,78.8,0.000,105.0,pause,labview_demo_csv
ARO-01,4213,A_linear,healthy,pause,0.949,0.000,19.3,78.7,0.000,105.0,pause,labview_demo_csv
ARO-01,4214,A_linear,healthy,pause,0.962,0.000,19.2,79.1,0.000,105.0,pause,labview_demo_csv
ARO-01,4215,A_linear,healthy,pause,0.967,0.000,19.2,79.1,0.000,105.0,pause,labview_demo_csv
ARO-01,4216,A_linear,healthy,pause,0.954,0.000,19.2,78.9,0.000,105.0,pause,labview_demo_csv
ARO-01,4217,A_linear,healthy,pause,0.977,0.000,19.2,79.0,0.000,105.0,pause,labview_demo_csv
ARO-01,4218,A_linear,healthy,pause,0.978,0.000,19.1,79.0,0.000,105.0,pause,labview_demo_csv
ARO-01,4219,A_linear,healthy,pause,0.982,0.000,19.1,79.2,0.000,105.0,pause,labview_demo_csv
ARO-01,4220,A_linear,healthy,pause,0.973,0.004,19.1,79.0,0.007,105.0,pause,labview_demo_csv
ARO-01,4221,A_linear,healthy,pause,0.974,0.005,19.1,78.8,0.009,105.0,pause,labview_demo_csv
ARO-01,4222,A_linear,healthy,pause,1.005,0.003,19.1,78.8,0.005,105.0,pause,labview_demo_csv
ARO-01,4223,A_linear,healthy,pause,1.002,0.002,19.2,79.1,0.003,105.0,pause,labview_demo_csv
ARO-01,4224,A_linear,healthy,ascent,1.010,0.502,19.3,78.8,0.906,45.0,ascent,labview_demo_csv
ARO-01,4225,A_linear,healthy,ascent,1.049,0.519,19.5,78.7,0.937,45.0,ascent,labview_demo_csv
ARO-01,4226,A_linear,healthy,ascent,1.029,0.499,19.5,78.9,0.899,45.0,ascent,labview_demo_csv
ARO-01,4227,A_linear,healthy,ascent,1.050,0.514,19.6,79.1,0.927,45.0,ascent,labview_demo_csv
ARO-01,4228,A_linear,healthy,ascent,1.045,0.511,19.6,79.2,0.922,45.0,ascent,labview_demo_csv
ARO-01,4229,A_linear,healthy,ascent,1.037,0.511,19.6,79.2,0.923,45.0,ascent,labview_demo_csv
ARO-01,4230,A_linear,healthy,ascent,1.054,0.510,19.7,79.4,0.921,45.0,ascent,labview_demo_csv
ARO-01,4231,A_linear,healthy,ascent,1.027,0.518,19.8,79.6,0.935,45.0,ascent,labview_demo_csv
ARO-01,4232,A_linear,healthy,ascent,1.064,0.522,19.7,79.6,0.941,45.0,ascent,labview_demo_csv
ARO-01,4233,A_linear,healthy,ascent,1.025,0.507,19.8,79.6,0.915,45.0,ascent,labview_demo_csv
ARO-01,4234,A_linear,healthy,ascent,1.054,0.493,19.7,79.7,0.890,45.0,ascent,labview_demo_csv
ARO-01,4235,A_linear,healthy,ascent,1.070,0.504,19.8,79.7,0.909,45.0,ascent,labview_demo_csv
ARO-01,4236,A_linear,healthy,descent,1.022,0.354,19.8,79.5,0.638,45.0,descent,labview_demo_csv
ARO-01,4237,A_linear,healthy,descent,1.029,0.338,19.8,79.3,0.609,45.0,descent,labview_demo_csv
ARO-01,4238,A_linear,healthy,descent,1.061,0.347,19.8,79.2,0.625,45.0,descent,labview_demo_csv
ARO-01,4239,A_linear,healthy,descent,1.030,0.341,19.9,79.4,0.614,45.0,descent,labview_demo_csv
ARO-01,4240,A_linear,healthy,descent,1.025,0.356,19.9,79.6,0.643,45.0,descent,labview_demo_csv
ARO-01,4241,A_linear,healthy,descent,1.024,0.355,19.9,79.6,0.640,45.0,descent,labview_demo_csv
ARO-01,4242,A_linear,healthy,descent,0.988,0.358,20.0,79.7,0.646,45.0,descent,labview_demo_csv
ARO-01,4243,A_linear,healthy,descent,0.986,0.347,20.1,79.7,0.625,45.0,descent,labview_demo_csv
ARO-01,4244,A_linear,healthy,descent,0.969,0.341,20.1,80.0,0.616,45.0,descent,labview_demo_csv
ARO-01,4245,A_linear,healthy,descent,0.989,0.341,20.1,79.8,0.616,45.0,descent,labview_demo_csv
ARO-01,4246,A_linear,healthy,descent,0.944,0.353,20.1,79.9,0.638,45.0,descent,labview_demo_csv
ARO-01,4247,A_linear,healthy,descent,0.965,0.348,20.2,80.0,0.628,45.0,descent,labview_demo_csv
ARO-01,4248,A_linear,healthy,pause,0.955,0.000,20.1,80.0,0.000,45.0,pause,labview_demo_csv
ARO-01,4249,A_linear,healthy,pause,0.956,0.002,20.1,79.9,0.004,45.0,pause,labview_demo_csv
ARO-01,4250,A_linear,healthy,pause,0.956,0.000,20.0,79.6,0.000,45.0,pause,labview_demo_csv
ARO-01,4251,A_linear,healthy,pause,0.958,0.008,19.9,79.6,0.015,45.0,pause,labview_demo_csv
ARO-01,4252,A_linear,healthy,pause,0.944,0.010,19.9,79.7,0.018,45.0,pause,labview_demo_csv
ARO-01,4253,A_linear,healthy,pause,0.912,0.004,20.0,79.6,0.008,45.0,pause,labview_demo_csv
ARO-01,4254,A_linear,healthy,pause,0.936,0.006,19.9,79.5,0.011,45.0,pause,labview_demo_csv
ARO-01,4255,A_linear,healthy,pause,0.957,0.000,19.9,79.6,0.000,45.0,pause,labview_demo_csv
ARO-01,4256,A_linear,healthy,pause,0.935,0.000,20.0,79.5,0.000,45.0,pause,labview_demo_csv
ARO-01,4257,A_linear,healthy,pause,0.940,0.000,20.0,79.2,0.000,45.0,pause,labview_demo_csv
ARO-01,4258,A_linear,healthy,pause,0.941,0.000,19.9,79.5,0.000,45.0,pause,labview_demo_csv
ARO-01,4259,A_linear,healthy,pause,0.947,0.006,19.9,79.3,0.011,45.0,pause,labview_demo_csv
ARO-01,4260,A_linear,healthy,pause,0.957,0.002,20.0,79.4,0.004,45.0,pause,labview_demo_csv
ARO-01,4261,A_linear,healthy,pause,0.960,0.006,19.9,79.5,0.011,45.0,pause,labview_demo_csv
ARO-01,4262,A_linear,healthy,pause,0.971,0.004,19.8,79.5,0.006,45.0,pause,labview_demo_csv
ARO-01,4263,A_linear,healthy,pause,0.968,0.004,19.8,79.4,0.007,45.0,pause,labview_demo_csv
ARO-01,4264,A_linear,healthy,pause,0.993,0.003,19.8,79.2,0.006,45.0,pause,labview_demo_csv
ARO-01,4265,A_linear,healthy,pause,0.986,0.002,19.7,79.1,0.003,45.0,pause,labview_demo_csv
ARO-01,4266,A_linear,healthy,pause,0.999,0.000,19.6,78.9,0.000,45.0,pause,labview_demo_csv
ARO-01,4267,A_linear,healthy,pause,1.020,0.000,19.7,78.7,0.000,45.0,pause,labview_demo_csv
ARO-01,4268,A_linear,healthy,ascent,1.011,1.533,19.9,78.7,2.766,285.0,ascent,labview_demo_csv
ARO-01,4269,A_linear,healthy,ascent,1.042,1.531,20.1,78.3,2.763,285.0,ascent,labview_demo_csv
ARO-01,4270,A_linear,healthy,ascent,1.030,1.533,20.4,78.3,2.766,285.0,ascent,labview_demo_csv
ARO-01,4271,A_linear,healthy,ascent,1.033,1.534,20.6,78.2,2.767,285.0,ascent,labview_demo_csv
ARO-01,4272,A_linear,healthy,ascent,1.040,1.533,20.6,78.1,2.766,285.0,ascent,labview_demo_csv
ARO-01,4273,A_linear,healthy,ascent,1.063,1.540,20.8,77.9,2.778,285.0,ascent,labview_demo_csv
ARO-01,4274,A_linear,healthy,ascent,1.063,1.539,20.9,78.2,2.777,285.0,ascent,labview_demo_csv
ARO-01,4275,A_linear,healthy,ascent,1.051,1.532,21.0,78.6,2.764,285.0,ascent,labview_demo_csv
ARO-01,4276,A_linear,healthy,ascent,1.061,1.538,21.1,78.3,2.775,285.0,ascent,labview_demo_csv
ARO-01,4277,A_linear,healthy,ascent,1.048,1.543,21.2,78.4,2.784,285.0,ascent,labview_demo_csv
ARO-01,4278,A_linear,healthy,ascent,1.040,1.523,21.3,78.1,2.748,285.0,ascent,labview_demo_csv
ARO-01,4279,A_linear,healthy,ascent,1.078,1.540,21.4,78.2,2.778,285.0,ascent,labview_demo_csv
ARO-01,4280,A_linear,healthy,descent,1.062,0.346,21.3,78.4,0.624,285.0,descent,labview_demo_csv
ARO-01,4281,A_linear,healthy,descent,1.026,0.355,21.3,78.4,0.641,285.0,descent,labview_demo_csv
ARO-01,4282,A_linear,healthy,descent,1.022,0.350,21.3,78.6,0.631,285.0,descent,labview_demo_csv
ARO-01,4283,A_linear,healthy,descent,1.022,0.342,21.1,79.0,0.616,285.0,descent,labview_demo_csv
ARO-01,4284,A_linear,healthy,descent,1.046,0.344,21.1,78.9,0.621,285.0,descent,labview_demo_csv
ARO-01,4285,A_linear,healthy,descent,0.996,0.352,21.1,79.0,0.636,285.0,descent,labview_demo_csv
ARO-01,4286,A_linear,healthy,descent,1.024,0.362,21.0,78.6,0.653,285.0,descent,labview_demo_csv
ARO-01,4287,A_linear,healthy,descent,0.983,0.351,21.0,78.6,0.634,285.0,descent,labview_demo_csv
ARO-01,4288,A_linear,healthy,descent,0.969,0.349,20.9,78.6,0.630,285.0,descent,labview_demo_csv
ARO-01,4289,A_linear,healthy,descent,0.959,0.344,20.8,78.5,0.620,285.0,descent,labview_demo_csv
ARO-01,4290,A_linear,healthy,descent,0.944,0.339,20.9,78.3,0.612,285.0,descent,labview_demo_csv
ARO-01,4291,A_linear,healthy,descent,0.963,0.350,20.8,78.2,0.631,285.0,descent,labview_demo_csv
ARO-01,4292,A_linear,healthy,pause,0.940,0.000,20.8,78.2,0.000,285.0,pause,labview_demo_csv
ARO-01,4293,A_linear,healthy,pause,0.968,0.000,20.8,78.3,0.000,285.0,pause,labview_demo_csv
ARO-01,4294,A_linear,healthy,pause,0.948,0.002,20.7,78.3,0.003,285.0,pause,labview_demo_csv
ARO-01,4295,A_linear,healthy,pause,0.945,0.004,20.6,78.6,0.007,285.0,pause,labview_demo_csv
ARO-01,4296,A_linear,healthy,pause,0.956,0.011,20.4,78.9,0.020,285.0,pause,labview_demo_csv
ARO-01,4297,A_linear,healthy,pause,0.947,0.000,20.3,79.0,0.000,285.0,pause,labview_demo_csv
ARO-01,4298,A_linear,healthy,pause,0.930,0.000,20.3,79.3,0.000,285.0,pause,labview_demo_csv
ARO-01,4299,A_linear,healthy,pause,0.914,0.000,20.3,79.3,0.000,285.0,pause,labview_demo_csv
ARO-01,4300,A_linear,healthy,pause,0.936,0.003,20.3,79.2,0.005,285.0,pause,labview_demo_csv
ARO-01,4301,A_linear,healthy,pause,0.933,0.001,20.3,79.5,0.001,285.0,pause,labview_demo_csv
ARO-01,4302,A_linear,healthy,pause,0.953,0.001,20.4,79.6,0.002,285.0,pause,labview_demo_csv
ARO-01,4303,A_linear,healthy,pause,0.952,0.000,20.3,79.8,0.000,285.0,pause,labview_demo_csv
ARO-01,4304,A_linear,healthy,pause,0.954,0.003,20.3,80.0,0.005,285.0,pause,labview_demo_csv
ARO-01,4305,A_linear,healthy,pause,0.979,0.000,20.2,79.7,0.000,285.0,pause,labview_demo_csv
ARO-01,4306,A_linear,healthy,pause,0.966,0.000,20.2,80.0,0.000,285.0,pause,labview_demo_csv
ARO-01,4307,A_linear,healthy,pause,0.975,0.000,20.2,79.8,0.000,285.0,pause,labview_demo_csv
ARO-01,4308,A_linear,healthy,pause,0.996,0.000,20.1,79.7,0.000,285.0,pause,labview_demo_csv
ARO-01,4309,A_linear,healthy,pause,1.005,0.000,20.2,79.6,0.000,285.0,pause,labview_demo_csv
ARO-01,4310,A_linear,healthy,pause,1.005,0.000,20.1,79.8,0.000,285.0,pause,labview_demo_csv
ARO-01,4311,A_linear,healthy,pause,1.006,0.006,20.1,79.7,0.011,285.0,pause,labview_demo_csv
ARO-01,4312,A_linear,healthy,ascent,1.001,0.448,20.2,79.6,0.808,30.0,ascent,labview_demo_csv
ARO-01,4313,A_linear,healthy,ascent,1.036,0.452,20.3,79.7,0.815,30.0,ascent,labview_demo_csv
ARO-01,4314,A_linear,healthy,ascent,1.018,0.446,20.4,79.4,0.805,30.0,ascent,labview_demo_csv
ARO-01,4315,A_linear,healthy,ascent,1.037,0.443,20.3,79.3,0.800,30.0,ascent,labview_demo_csv
ARO-01,4316,A_linear,healthy,ascent,1.035,0.445,20.3,79.3,0.803,30.0,ascent,labview_demo_csv
ARO-01,4317,A_linear,healthy,ascent,1.069,0.454,20.3,79.6,0.818,30.0,ascent,labview_demo_csv
ARO-01,4318,A_linear,healthy,ascent,1.073,0.446,20.4,79.5,0.805,30.0,ascent,labview_demo_csv
ARO-01,4319,A_linear,healthy,ascent,1.059,0.456,20.4,79.5,0.823,30.0,ascent,labview_demo_csv
ARO-01,4320,A_linear,healthy,ascent,1.084,0.448,20.5,79.7,0.809,30.0,ascent,labview_demo_csv
ARO-01,4321,A_linear,healthy,ascent,1.037,0.459,20.4,79.6,0.828,30.0,ascent,labview_demo_csv
ARO-01,4322,A_linear,healthy,ascent,1.047,0.454,20.4,79.6,0.820,30.0,ascent,labview_demo_csv
ARO-01,4323,A_linear,healthy,ascent,1.043,0.450,20.5,80.0,0.812,30.0,ascent,labview_demo_csv
ARO-01,4324,A_linear,healthy,descent,1.066,0.359,20.6,79.8,0.648,30.0,descent,labview_demo_csv
ARO-01,4325,A_linear,healthy,descent,1.042,0.339,20.5,80.0,0.611,30.0,descent,labview_demo_csv
ARO-01,4326,A_linear,healthy,descent,1.032,0.353,20.5,79.7,0.637,30.0,descent,labview_demo_csv
ARO-01,4327,A_linear,healthy,descent,1.013,0.345,20.5,79.2,0.622,30.0,descent,labview_demo_csv
ARO-01,4328,A_linear,healthy,descent,1.016,0.340,20.5,79.3,0.613,30.0,descent,labview_demo_csv
ARO-01,4329,A_linear,healthy,descent,1.009,0.336,20.6,79.6,0.605,30.0,descent,labview_demo_csv
ARO-01,4330,A_linear,healthy,descent,0.999,0.342,20.6,79.5,0.617,30.0,descent,labview_demo_csv
ARO-01,4331,A_linear,healthy,descent,0.992,0.346,20.6,79.6,0.625,30.0,descent,labview_demo_csv
ARO-01,4332,A_linear,healthy,descent,0.995,0.354,20.6,79.7,0.638,30.0,descent,labview_demo_csv
ARO-01,4333,A_linear,healthy,descent,0.971,0.339,20.7,79.8,0.612,30.0,descent,labview_demo_csv
ARO-01,4334,A_linear,healthy,descent,0.966,0.342,20.7,79.7,0.617,30.0,descent,labview_demo_csv
ARO-01,4335,A_linear,healthy,descent,0.966,0.355,20.7,79.5,0.640,30.0,descent,labview_demo_csv
ARO-01,4336,A_linear,healthy,pause,0.936,0.000,20.5,79.4,0.000,30.0,pause,labview_demo_csv
ARO-01,4337,A_linear,healthy,pause,0.938,0.004,20.4,79.5,0.008,30.0,pause,labview_demo_csv
ARO-01,4338,A_linear,healthy,pause,0.928,0.004,20.4,79.6,0.008,30.0,pause,labview_demo_csv
ARO-01,4339,A_linear,healthy,pause,0.945,0.005,20.4,79.7,0.010,30.0,pause,labview_demo_csv
ARO-01,4340,A_linear,healthy,pause,0.946,0.000,20.4,79.8,0.000,30.0,pause,labview_demo_csv
ARO-01,4341,A_linear,healthy,pause,0.939,0.000,20.4,80.0,0.000,30.0,pause,labview_demo_csv
ARO-01,4342,A_linear,healthy,pause,0.941,0.002,20.3,79.8,0.003,30.0,pause,labview_demo_csv
ARO-01,4343,A_linear,healthy,pause,0.941,0.000,20.3,79.8,0.000,30.0,pause,labview_demo_csv
ARO-01,4344,A_linear,healthy,pause,0.946,0.005,20.3,79.5,0.009,30.0,pause,labview_demo_csv
ARO-01,4345,A_linear,healthy,pause,0.944,0.007,20.4,79.6,0.013,30.0,pause,labview_demo_csv
ARO-01,4346,A_linear,healthy,pause,0.920,0.000,20.3,79.5,0.000,30.0,pause,labview_demo_csv
ARO-01,4347,A_linear,healthy,pause,0.960,0.000,20.3,79.6,0.000,30.0,pause,labview_demo_csv
ARO-01,4348,A_linear,healthy,pause,0.962,0.003,20.4,79.6,0.005,30.0,pause,labview_demo_csv
ARO-01,4349,A_linear,healthy,pause,0.990,0.007,20.4,79.8,0.013,30.0,pause,labview_demo_csv
ARO-01,4350,A_linear,healthy,pause,0.985,0.005,20.4,79.8,0.009,30.0,pause,labview_demo_csv
ARO-01,4351,A_linear,healthy,pause,0.973,0.000,20.3,79.8,0.000,30.0,pause,labview_demo_csv
ARO-01,4352,A_linear,healthy,pause,0.970,0.000,20.4,79.5,0.000,30.0,pause,labview_demo_csv
ARO-01,4353,A_linear,healthy,pause,0.974,0.000,20.4,79.9,0.000,30.0,pause,labview_demo_csv
ARO-01,4354,A_linear,healthy,pause,1.014,0.000,20.5,79.9,0.000,30.0,pause,labview_demo_csv
ARO-01,4355,A_linear,healthy,pause,1.016,0.006,20.4,80.0,0.011,30.0,pause,labview_demo_csv
ARO-01,4356,A_linear,healthy,ascent,1.020,0.443,20.5,80.0,0.799,30.0,ascent,labview_demo_csv
ARO-01,4357,A_linear,healthy,ascent,1.038,0.440,20.5,79.9,0.794,30.0,ascent,labview_demo_csv
ARO-01,4358,A_linear,healthy,ascent,1.034,0.444,20.5,79.9,0.802,30.0,ascent,labview_demo_csv
ARO-01,4359,A_linear,healthy,ascent,1.047,0.454,20.7,80.0,0.819,30.0,ascent,labview_demo_csv
ARO-01,4360,A_linear,healthy,ascent,1.053,0.447,20.6,80.0,0.807,30.0,ascent,labview_demo_csv
ARO-01,4361,A_linear,healthy,ascent,1.050,0.455,20.6,79.9,0.820,30.0,ascent,labview_demo_csv
ARO-01,4362,A_linear,healthy,ascent,1.038,0.449,20.7,79.6,0.809,30.0,ascent,labview_demo_csv
ARO-01,4363,A_linear,healthy,ascent,1.040,0.441,20.8,79.4,0.796,30.0,ascent,labview_demo_csv
ARO-01,4364,A_linear,healthy,ascent,1.052,0.446,21.0,79.2,0.804,30.0,ascent,labview_demo_csv
ARO-01,4365,A_linear,healthy,ascent,1.040,0.443,21.0,79.5,0.799,30.0,ascent,labview_demo_csv
ARO-01,4366,A_linear,healthy,ascent,1.057,0.459,21.0,79.7,0.828,30.0,ascent,labview_demo_csv
ARO-01,4367,A_linear,healthy,ascent,1.011,0.446,21.1,79.9,0.805,30.0,ascent,labview_demo_csv
ARO-01,4368,A_linear,healthy,descent,1.054,0.349,21.0,79.9,0.630,30.0,descent,labview_demo_csv
ARO-01,4369,A_linear,healthy,descent,1.032,0.348,21.0,79.7,0.628,30.0,descent,labview_demo_csv
ARO-01,4370,A_linear,healthy,descent,1.007,0.369,21.0,79.5,0.666,30.0,descent,labview_demo_csv
ARO-01,4371,A_linear,healthy,descent,1.036,0.349,21.1,79.6,0.629,30.0,descent,labview_demo_csv
ARO-01,4372,A_linear,healthy,descent,1.022,0.353,21.2,79.3,0.637,30.0,descent,labview_demo_csv
ARO-01,4373,A_linear,healthy,descent,1.019,0.340,21.2,79.5,0.613,30.0,descent,labview_demo_csv
ARO-01,4374,A_linear,healthy,descent,1.009,0.356,21.2,79.4,0.642,30.0,descent,labview_demo_csv
ARO-01,4375,A_linear,healthy,descent,1.009,0.342,21.2,79.4,0.617,30.0,descent,labview_demo_csv
ARO-01,4376,A_linear,healthy,descent,0.997,0.340,21.2,79.3,0.613,30.0,descent,labview_demo_csv
ARO-01,4377,A_linear,healthy,descent,0.988,0.356,21.2,79.2,0.643,30.0,descent,labview_demo_csv
ARO-01,4378,A_linear,healthy,descent,0.972,0.340,21.2,79.4,0.613,30.0,descent,labview_demo_csv
ARO-01,4379,A_linear,healthy,descent,0.964,0.354,21.2,79.4,0.638,30.0,descent,labview_demo_csv
ARO-01,4380,A_linear,healthy,pause,0.949,0.004,21.2,79.2,0.007,30.0,pause,labview_demo_csv
ARO-01,4381,A_linear,healthy,pause,0.957,0.013,21.1,79.2,0.023,30.0,pause,labview_demo_csv
ARO-01,4382,A_linear,healthy,pause,0.939,0.000,21.2,79.1,0.000,30.0,pause,labview_demo_csv
ARO-01,4383,A_linear,healthy,pause,0.942,0.007,21.2,79.1,0.013,30.0,pause,labview_demo_csv
ARO-01,4384,A_linear,healthy,pause,0.943,0.001,21.2,79.1,0.001,30.0,pause,labview_demo_csv
ARO-01,4385,A_linear,healthy,pause,0.920,0.011,21.1,79.0,0.020,30.0,pause,labview_demo_csv
ARO-01,4386,A_linear,healthy,pause,0.948,0.005,21.1,79.4,0.009,30.0,pause,labview_demo_csv
ARO-01,4387,A_linear,healthy,pause,0.919,0.000,21.0,79.5,0.000,30.0,pause,labview_demo_csv
ARO-01,4388,A_linear,healthy,pause,0.945,0.009,21.1,79.4,0.017,30.0,pause,labview_demo_csv
ARO-01,4389,A_linear,healthy,pause,0.957,0.006,21.0,79.4,0.010,30.0,pause,labview_demo_csv
ARO-01,4390,A_linear,healthy,pause,0.932,0.000,21.0,79.7,0.000,30.0,pause,labview_demo_csv
ARO-01,4391,A_linear,healthy,pause,0.968,0.000,20.9,79.6,0.000,30.0,pause,labview_demo_csv
ARO-01,4392,A_linear,healthy,pause,0.941,0.004,20.9,79.7,0.008,30.0,pause,labview_demo_csv
ARO-01,4393,A_linear,healthy,pause,0.965,0.000,20.9,79.6,0.000,30.0,pause,labview_demo_csv
ARO-01,4394,A_linear,healthy,pause,0.981,0.011,20.9,79.7,0.019,30.0,pause,labview_demo_csv
ARO-01,4395,A_linear,healthy,pause,0.985,0.000,21.0,79.6,0.000,30.0,pause,labview_demo_csv
ARO-01,4396,A_linear,healthy,pause,1.011,0.001,21.0,79.2,0.001,30.0,pause,labview_demo_csv
ARO-01,4397,A_linear,healthy,pause,1.016,0.000,20.9,79.0,0.000,30.0,pause,labview_demo_csv
ARO-01,4398,A_linear,healthy,pause,1.025,0.001,20.9,79.2,0.002,30.0,pause,labview_demo_csv
ARO-01,4399,A_linear,healthy,pause,1.037,0.000,21.0,79.4,0.000,30.0,pause,labview_demo_csv
