machine_code,sim_elapsed_s,profile,scenario,phase,vibration_mm_s,motor_power,temperature,humidity,current,charge,state,source
ARO-01,0,B_quadratic,surveillance,ascent,1.655,0.850,24.3,61.5,1.534,90.0,ascent,labview_demo_csv
ARO-01,1,B_quadratic,surveillance,ascent,1.697,0.847,24.2,63.1,1.528,90.0,ascent,labview_demo_csv
ARO-01,2,B_quadratic,surveillance,ascent,1.668,0.839,24.1,64.3,1.514,90.0,ascent,labview_demo_csv
ARO-01,3,B_quadratic,surveillance,ascent,1.712,0.851,23.9,65.5,1.536,90.0,ascent,labview_demo_csv
ARO-01,4,B_quadratic,surveillance,ascent,1.668,0.847,23.7,66.8,1.529,90.0,ascent,labview_demo_csv
ARO-01,5,B_quadratic,surveillance,ascent,1.704,0.861,23.6,67.7,1.554,90.0,ascent,labview_demo_csv
ARO-01,6,B_quadratic,surveillance,ascent,1.648,0.849,23.5,68.7,1.532,90.0,ascent,labview_demo_csv
ARO-01,7,B_quadratic,surveillance,ascent,1.692,0.847,23.5,69.7,1.528,90.0,ascent,labview_demo_csv
ARO-01,8,B_quadratic,surveillance,ascent,1.688,0.853,23.4,70.1,1.539,90.0,ascent,labview_demo_csv
ARO-01,9,B_quadratic,surveillance,ascent,1.715,0.860,23.3,70.8,1.552,90.0,ascent,labview_demo_csv
ARO-01,10,B_quadratic,surveillance,ascent,1.715,0.862,23.3,71.6,1.555,90.0,ascent,labview_demo_csv
ARO-01,11,B_quadratic,surveillance,ascent,1.694,0.836,23.2,72.2,1.509,90.0,ascent,labview_demo_csv
ARO-01,12,B_quadratic,surveillance,descent,1.683,0.358,23.2,72.6,0.645,90.0,descent,labview_demo_csv
ARO-01,13,B_quadratic,surveillance,descent,1.715,0.347,23.1,72.9,0.627,90.0,descent,labview_demo_csv
ARO-01,14,B_quadratic,surveillance,descent,1.646,0.345,23.0,73.5,0.623,90.0,descent,labview_demo_csv
ARO-01,15,B_quadratic,surveillance,descent,1.678,0.361,22.9,74.1,0.652,90.0,descent,labview_demo_csv
ARO-01,16,B_quadratic,surveillance,descent,1.665,0.358,22.9,74.4,0.646,90.0,descent,labview_demo_csv
ARO-01,17,B_quadratic,surveillance,descent,1.658,0.358,22.8,74.8,0.647,90.0,descent,labview_demo_csv
ARO-01,18,B_quadratic,surveillance,descent,1.660,0.364,22.6,75.4,0.656,90.0,descent,labview_demo_csv
ARO-01,19,B_quadratic,surveillance,descent,1.617,0.341,22.6,75.8,0.615,90.0,descent,labview_demo_csv
ARO-01,20,B_quadratic,surveillance,descent,1.596,0.345,22.5,76.2,0.622,90.0,descent,labview_demo_csv
ARO-01,21,B_quadratic,surveillance,descent,1.596,0.347,22.4,76.6,0.626,90.0,descent,labview_demo_csv
ARO-01,22,B_quadratic,surveillance,descent,1.585,0.345,22.5,76.6,0.622,90.0,descent,labview_demo_csv
ARO-01,23,B_quadratic,surveillance,descent,1.601,0.361,22.4,76.8,0.650,90.0,descent,labview_demo_csv
ARO-01,24,B_quadratic,surveillance,pause,1.586,0.000,22.4,77.2,0.000,90.0,pause,labview_demo_csv
ARO-01,25,B_quadratic,surveillance,pause,1.594,0.005,22.3,77.6,0.009,90.0,pause,labview_demo_csv
ARO-01,26,B_quadratic,surveillance,pause,1.577,0.000,22.3,77.8,0.000,90.0,pause,labview_demo_csv
ARO-01,27,B_quadratic,surveillance,pause,1.572,0.000,22.1,77.8,0.000,90.0,pause,labview_demo_csv
ARO-01,28,B_quadratic,surveillance,pause,1.606,0.012,22.0,78.4,0.022,90.0,pause,labview_demo_csv
ARO-01,29,B_quadratic,surveillance,pause,1.561,0.000,21.9,78.6,0.000,90.0,pause,labview_demo_csv
ARO-01,30,B_quadratic,surveillance,pause,1.605,0.000,21.9,78.5,0.000,90.0,pause,labview_demo_csv
ARO-01,31,B_quadratic,surveillance,pause,1.628,0.000,22.0,78.7,0.000,90.0,pause,labview_demo_csv
ARO-01,32,B_quadratic,surveillance,pause,1.573,0.001,21.9,78.9,0.002,90.0,pause,labview_demo_csv
ARO-01,33,B_quadratic,surveillance,pause,1.581,0.004,21.8,79.1,0.008,90.0,pause,labview_demo_csv
ARO-01,34,B_quadratic,surveillance,pause,1.583,0.000,21.8,79.1,0.000,90.0,pause,labview_demo_csv
ARO-01,35,B_quadratic,surveillance,pause,1.598,0.001,21.7,79.3,0.002,90.0,pause,labview_demo_csv
ARO-01,36,B_quadratic,surveillance,pause,1.602,0.000,21.6,79.7,0.000,90.0,pause,labview_demo_csv
ARO-01,37,B_quadratic,surveillance,pause,1.605,0.002,21.5,79.9,0.004,90.0,pause,labview_demo_csv
ARO-01,38,B_quadratic,surveillance,pause,1.594,0.000,21.4,79.8,0.000,90.0,pause,labview_demo_csv
ARO-01,39,B_quadratic,surveillance,pause,1.616,0.012,21.4,79.8,0.022,90.0,pause,labview_demo_csv
ARO-01,40,B_quadratic,surveillance,pause,1.668,0.007,21.5,79.9,0.013,90.0,pause,labview_demo_csv
ARO-01,41,B_quadratic,surveillance,pause,1.690,0.007,21.5,79.8,0.013,90.0,pause,labview_demo_csv
ARO-01,42,B_quadratic,surveillance,pause,1.613,0.000,21.5,79.9,0.000,90.0,pause,labview_demo_csv
ARO-01,43,B_quadratic,surveillance,pause,1.633,0.000,21.5,79.9,0.000,90.0,pause,labview_demo_csv
ARO-01,44,B_quadratic,surveillance,ascent,1.717,0.856,21.6,80.0,1.545,90.0,ascent,labview_demo_csv
ARO-01,45,B_quadratic,surveillance,ascent,1.658,0.855,21.6,79.8,1.542,90.0,ascent,labview_demo_csv
ARO-01,46,B_quadratic,surveillance,ascent,1.687,0.851,21.7,79.5,1.535,90.0,ascent,labview_demo_csv
ARO-01,47,B_quadratic,surveillance,ascent,1.681,0.840,21.9,79.4,1.515,90.0,ascent,labview_demo_csv
ARO-01,48,B_quadratic,surveillance,ascent,1.697,0.866,21.9,79.6,1.563,90.0,ascent,labview_demo_csv
ARO-01,49,B_quadratic,surveillance,ascent,1.691,0.853,22.0,79.4,1.539,90.0,ascent,labview_demo_csv
ARO-01,50,B_quadratic,surveillance,ascent,1.667,0.853,22.1,79.4,1.539,90.0,ascent,labview_demo_csv
ARO-01,51,B_quadratic,surveillance,ascent,1.685,0.855,22.2,79.4,1.543,90.0,ascent,labview_demo_csv
ARO-01,52,B_quadratic,surveillance,ascent,1.689,0.838,22.2,79.0,1.511,90.0,ascent,labview_demo_csv
ARO-01,53,B_quadratic,surveillance,ascent,1.677,0.851,22.1,79.2,1.535,90.0,ascent,labview_demo_csv
ARO-01,54,B_quadratic,surveillance,ascent,1.674,0.860,22.2,79.1,1.552,90.0,ascent,labview_demo_csv
ARO-01,55,B_quadratic,surveillance,ascent,1.670,0.858,22.2,78.9,1.549,90.0,ascent,labview_demo_csv
ARO-01,56,B_quadratic,surveillance,descent,1.653,0.347,22.2,79.2,0.626,90.0,descent,labview_demo_csv
ARO-01,57,B_quadratic,surveillance,descent,1.706,0.341,22.3,79.5,0.615,90.0,descent,labview_demo_csv
ARO-01,58,B_quadratic,surveillance,descent,1.697,0.338,22.2,79.6,0.610,90.0,descent,labview_demo_csv
ARO-01,59,B_quadratic,surveillance,descent,1.631,0.352,22.2,79.8,0.636,90.0,descent,labview_demo_csv
ARO-01,60,B_quadratic,surveillance,descent,1.630,0.346,22.2,79.3,0.624,90.0,descent,labview_demo_csv
ARO-01,61,B_quadratic,surveillance,descent,1.612,0.349,22.2,79.6,0.630,90.0,descent,labview_demo_csv
ARO-01,62,B_quadratic,surveillance,descent,1.632,0.348,22.3,79.5,0.627,90.0,descent,labview_demo_csv
ARO-01,63,B_quadratic,surveillance,descent,1.672,0.345,22.3,79.6,0.622,90.0,descent,labview_demo_csv
ARO-01,64,B_quadratic,surveillance,descent,1.619,0.360,22.3,79.4,0.650,90.0,descent,labview_demo_csv
ARO-01,65,B_quadratic,surveillance,descent,1.593,0.357,22.2,79.2,0.645,90.0,descent,labview_demo_csv
ARO-01,66,B_quadratic,surveillance,descent,1.614,0.347,22.2,78.9,0.625,90.0,descent,labview_demo_csv
ARO-01,67,B_quadratic,surveillance,descent,1.561,0.360,22.2,78.8,0.650,90.0,descent,labview_demo_csv
ARO-01,68,B_quadratic,surveillance,pause,1.558,0.004,22.1,79.0,0.007,90.0,pause,labview_demo_csv
ARO-01,69,B_quadratic,surveillance,pause,1.581,0.003,22.1,79.2,0.006,90.0,pause,labview_demo_csv
ARO-01,70,B_quadratic,surveillance,pause,1.577,0.000,22.0,79.5,0.000,90.0,pause,labview_demo_csv
ARO-01,71,B_quadratic,surveillance,pause,1.594,0.000,22.1,79.4,0.000,90.0,pause,labview_demo_csv
ARO-01,72,B_quadratic,surveillance,pause,1.562,0.007,22.1,79.8,0.012,90.0,pause,labview_demo_csv
ARO-01,73,B_quadratic,surveillance,pause,1.587,0.000,22.1,79.7,0.000,90.0,pause,labview_demo_csv
ARO-01,74,B_quadratic,surveillance,pause,1.548,0.002,22.1,79.9,0.003,90.0,pause,labview_demo_csv
ARO-01,75,B_quadratic,surveillance,pause,1.560,0.000,22.0,80.0,0.000,90.0,pause,labview_demo_csv
ARO-01,76,B_quadratic,surveillance,pause,1.586,0.004,21.9,80.0,0.007,90.0,pause,labview_demo_csv
ARO-01,77,B_quadratic,surveillance,pause,1.606,0.002,21.9,80.0,0.003,90.0,pause,labview_demo_csv
ARO-01,78,B_quadratic,surveillance,pause,1.604,0.013,21.8,80.0,0.024,90.0,pause,labview_demo_csv
ARO-01,79,B_quadratic,surveillance,pause,1.591,0.001,21.9,79.8,0.003,90.0,pause,labview_demo_csv
ARO-01,80,B_quadratic,surveillance,pause,1.607,0.000,21.8,80.0,0.000,90.0,pause,labview_demo_csv
ARO-01,81,B_quadratic,surveillance,pause,1.578,0.011,21.7,79.9,0.020,90.0,pause,labview_demo_csv
ARO-01,82,B_quadratic,surveillance,pause,1.565,0.005,21.7,79.9,0.009,90.0,pause,labview_demo_csv
ARO-01,83,B_quadratic,surveillance,pause,1.625,0.000,21.7,79.6,0.000,90.0,pause,labview_demo_csv
ARO-01,84,B_quadratic,surveillance,pause,1.585,0.000,21.8,79.4,0.000,90.0,pause,labview_demo_csv
ARO-01,85,B_quadratic,surveillance,pause,1.628,0.000,21.7,79.3,0.000,90.0,pause,labview_demo_csv
ARO-01,86,B_quadratic,surveillance,pause,1.661,0.007,21.8,79.3,0.012,90.0,pause,labview_demo_csv
ARO-01,87,B_quadratic,surveillance,pause,1.678,0.000,21.7,79.4,0.000,90.0,pause,labview_demo_csv
ARO-01,88,B_quadratic,surveillance,ascent,1.650,0.856,21.9,79.3,1.544,90.0,ascent,labview_demo_csv
ARO-01,89,B_quadratic,surveillance,ascent,1.647,0.855,22.0,79.2,1.543,90.0,ascent,labview_demo_csv
ARO-01,90,B_quadratic,surveillance,ascent,1.672,0.856,22.3,79.4,1.545,90.0,ascent,labview_demo_csv
ARO-01,91,B_quadratic,surveillance,ascent,1.685,0.853,22.3,79.7,1.539,90.0,ascent,labview_demo_csv
ARO-01,92,B_quadratic,surveillance,ascent,1.675,0.847,22.4,79.6,1.528,90.0,ascent,labview_demo_csv
ARO-01,93,B_quadratic,surveillance,ascent,1.682,0.859,22.5,79.7,1.550,90.0,ascent,labview_demo_csv
ARO-01,94,B_quadratic,surveillance,ascent,1.653,0.836,22.5,79.4,1.508,90.0,ascent,labview_demo_csv
ARO-01,95,B_quadratic,surveillance,ascent,1.714,0.855,22.5,79.1,1.542,90.0,ascent,labview_demo_csv
ARO-01,96,B_quadratic,surveillance,ascent,1.670,0.837,22.4,79.4,1.509,90.0,ascent,labview_demo_csv
ARO-01,97,B_quadratic,surveillance,ascent,1.726,0.854,22.5,79.3,1.542,90.0,ascent,labview_demo_csv
ARO-01,98,B_quadratic,surveillance,ascent,1.671,0.849,22.5,78.9,1.532,90.0,ascent,labview_demo_csv
ARO-01,99,B_quadratic,surveillance,ascent,1.657,0.854,22.7,79.0,1.541,90.0,ascent,labview_demo_csv
ARO-01,100,B_quadratic,surveillance,descent,1.675,0.348,22.7,79.0,0.629,90.0,descent,labview_demo_csv
ARO-01,101,B_quadratic,surveillance,descent,1.692,0.342,22.6,79.1,0.618,90.0,descent,labview_demo_csv
ARO-01,102,B_quadratic,surveillance,descent,1.654,0.357,22.6,79.2,0.643,90.0,descent,labview_demo_csv
ARO-01,103,B_quadratic,surveillance,descent,1.659,0.339,22.5,79.0,0.612,90.0,descent,labview_demo_csv
ARO-01,104,B_quadratic,surveillance,descent,1.629,0.351,22.6,78.8,0.634,90.0,descent,labview_demo_csv
ARO-01,105,B_quadratic,surveillance,descent,1.665,0.348,22.6,78.8,0.627,90.0,descent,labview_demo_csv
ARO-01,106,B_quadratic,surveillance,descent,1.652,0.338,22.5,78.7,0.610,90.0,descent,labview_demo_csv
ARO-01,107,B_quadratic,surveillance,descent,1.655,0.345,22.5,79.0,0.623,90.0,descent,labview_demo_csv
ARO-01,108,B_quadratic,surveillance,descent,1.637,0.346,22.5,79.3,0.625,90.0,descent,labview_demo_csv
ARO-01,109,B_quadratic,surveillance,descent,1.593,0.357,22.5,79.3,0.644,90.0,descent,labview_demo_csv
ARO-01,110,B_quadratic,surveillance,descent,1.631,0.350,22.4,79.2,0.632,90.0,descent,labview_demo_csv
ARO-01,111,B_quadratic,surveillance,descent,1.605,0.338,22.5,79.3,0.610,90.0,descent,labview_demo_csv
ARO-01,112,B_quadratic,surveillance,pause,1.616,0.000,22.4,79.6,0.000,90.0,pause,labview_demo_csv
ARO-01,113,B_quadratic,surveillance,pause,1.609,0.000,22.3,80.0,0.000,90.0,pause,labview_demo_csv
ARO-01,114,B_quadratic,surveillance,pause,1.576,0.000,22.2,80.0,0.000,90.0,pause,labview_demo_csv
ARO-01,115,B_quadratic,surveillance,pause,1.617,0.001,22.2,80.0,0.003,90.0,pause,labview_demo_csv
ARO-01,116,B_quadratic,surveillance,pause,1.566,0.011,22.2,80.0,0.020,90.0,pause,labview_demo_csv
ARO-01,117,B_quadratic,surveillance,pause,1.607,0.000,22.2,79.7,0.000,90.0,pause,labview_demo_csv
ARO-01,118,B_quadratic,surveillance,pause,1.570,0.014,22.2,79.9,0.026,90.0,pause,labview_demo_csv
ARO-01,119,B_quadratic,surveillance,pause,1.612,0.000,22.2,79.9,0.000,90.0,pause,labview_demo_csv
ARO-01,120,B_quadratic,surveillance,pause,1.586,0.006,22.3,79.8,0.011,90.0,pause,labview_demo_csv
ARO-01,121,B_quadratic,surveillance,pause,1.572,0.000,22.3,79.9,0.000,90.0,pause,labview_demo_csv
ARO-01,122,B_quadratic,surveillance,pause,1.590,0.000,22.4,79.8,0.000,90.0,pause,labview_demo_csv
ARO-01,123,B_quadratic,surveillance,pause,1.584,0.002,22.4,79.9,0.004,90.0,pause,labview_demo_csv
ARO-01,124,B_quadratic,surveillance,pause,1.582,0.000,22.5,80.0,0.000,90.0,pause,labview_demo_csv
ARO-01,125,B_quadratic,surveillance,pause,1.603,0.003,22.5,80.0,0.005,90.0,pause,labview_demo_csv
ARO-01,126,B_quadratic,surveillance,pause,1.631,0.000,22.4,79.8,0.000,90.0,pause,labview_demo_csv
ARO-01,127,B_quadratic,surveillance,pause,1.659,0.000,22.3,80.0,0.000,90.0,pause,labview_demo_csv
ARO-01,128,B_quadratic,surveillance,pause,1.645,0.000,22.5,80.0,0.000,90.0,pause,labview_demo_csv
ARO-01,129,B_quadratic,surveillance,pause,1.664,0.010,22.4,79.9,0.019,90.0,pause,labview_demo_csv
ARO-01,130,B_quadratic,surveillance,pause,1.657,0.005,22.4,79.8,0.009,90.0,pause,labview_demo_csv
ARO-01,131,B_quadratic,surveillance,pause,1.677,0.000,22.4,79.8,0.000,90.0,pause,labview_demo_csv
ARO-01,132,B_quadratic,surveillance,ascent,1.684,0.850,22.5,79.7,1.533,90.0,ascent,labview_demo_csv
ARO-01,133,B_quadratic,surveillance,ascent,1.691,0.852,22.6,79.4,1.537,90.0,ascent,labview_demo_csv
ARO-01,134,B_quadratic,surveillance,ascent,1.662,0.853,22.7,79.4,1.539,90.0,ascent,labview_demo_csv
ARO-01,135,B_quadratic,surveillance,ascent,1.699,0.855,22.8,79.4,1.542,90.0,ascent,labview_demo_csv
ARO-01,136,B_quadratic,surveillance,ascent,1.655,0.854,22.9,79.0,1.541,90.0,ascent,labview_demo_csv
ARO-01,137,B_quadratic,surveillance,ascent,1.702,0.843,23.0,79.2,1.522,90.0,ascent,labview_demo_csv
ARO-01,138,B_quadratic,surveillance,ascent,1.725,0.850,23.0,79.2,1.533,90.0,ascent,labview_demo_csv
ARO-01,139,B_quadratic,surveillance,ascent,1.669,0.861,23.0,79.2,1.553,90.0,ascent,labview_demo_csv
ARO-01,140,B_quadratic,surveillance,ascent,1.733,0.853,23.1,79.0,1.539,90.0,ascent,labview_demo_csv
ARO-01,141,B_quadratic,surveillance,ascent,1.700,0.864,23.2,78.7,1.559,90.0,ascent,labview_demo_csv
ARO-01,142,B_quadratic,surveillance,ascent,1.676,0.852,23.2,78.7,1.537,90.0,ascent,labview_demo_csv
ARO-01,143,B_quadratic,surveillance,ascent,1.773,0.847,23.2,78.9,1.528,90.0,ascent,labview_demo_csv
ARO-01,144,B_quadratic,surveillance,descent,1.678,0.358,23.1,79.0,0.647,90.0,descent,labview_demo_csv
ARO-01,145,B_quadratic,surveillance,descent,1.687,0.354,23.0,79.1,0.638,90.0,descent,labview_demo_csv
ARO-01,146,B_quadratic,surveillance,descent,1.650,0.346,23.0,79.1,0.624,90.0,descent,labview_demo_csv
ARO-01,147,B_quadratic,surveillance,descent,1.674,0.355,23.1,79.3,0.640,90.0,descent,labview_demo_csv
ARO-01,148,B_quadratic,surveillance,descent,1.622,0.359,23.2,79.3,0.648,90.0,descent,labview_demo_csv
ARO-01,149,B_quadratic,surveillance,descent,1.650,0.348,23.1,79.3,0.627,90.0,descent,labview_demo_csv
ARO-01,150,B_quadratic,surveillance,descent,1.640,0.342,23.2,79.3,0.617,90.0,descent,labview_demo_csv
ARO-01,151,B_quadratic,surveillance,descent,1.646,0.354,23.2,79.2,0.639,90.0,descent,labview_demo_csv
ARO-01,152,B_quadratic,surveillance,descent,1.629,0.360,23.2,78.9,0.650,90.0,descent,labview_demo_csv
ARO-01,153,B_quadratic,surveillance,descent,1.618,0.350,23.2,79.0,0.631,90.0,descent,labview_demo_csv
ARO-01,154,B_quadratic,surveillance,descent,1.597,0.352,23.3,79.0,0.635,90.0,descent,labview_demo_csv
ARO-01,155,B_quadratic,surveillance,descent,1.646,0.360,23.2,79.3,0.649,90.0,descent,labview_demo_csv
ARO-01,156,B_quadratic,surveillance,pause,1.607,0.000,23.1,79.3,0.000,90.0,pause,labview_demo_csv
ARO-01,157,B_quadratic,surveillance,pause,1.600,0.003,23.0,79.2,0.005,90.0,pause,labview_demo_csv
ARO-01,158,B_quadratic,surveillance,pause,1.590,0.002,23.0,78.9,0.003,90.0,pause,labview_demo_csv
ARO-01,159,B_quadratic,surveillance,pause,1.615,0.000,22.9,79.0,0.000,90.0,pause,labview_demo_csv
ARO-01,160,B_quadratic,surveillance,pause,1.532,0.000,22.8,78.9,0.000,90.0,pause,labview_demo_csv
ARO-01,161,B_quadratic,surveillance,pause,1.557,0.005,22.8,79.0,0.010,90.0,pause,labview_demo_csv
ARO-01,162,B_quadratic,surveillance,pause,1.553,0.001,22.9,78.9,0.001,90.0,pause,labview_demo_csv
ARO-01,163,B_quadratic,surveillance,pause,1.575,0.006,22.7,79.2,0.010,90.0,pause,labview_demo_csv
ARO-01,164,B_quadratic,surveillance,pause,1.591,0.000,22.6,79.3,0.000,90.0,pause,labview_demo_csv
ARO-01,165,B_quadratic,surveillance,pause,1.631,0.000,22.6,79.1,0.000,90.0,pause,labview_demo_csv
ARO-01,166,B_quadratic,surveillance,pause,1.638,0.011,22.7,79.4,0.020,90.0,pause,labview_demo_csv
ARO-01,167,B_quadratic,surveillance,pause,1.603,0.000,22.8,79.4,0.000,90.0,pause,labview_demo_csv
ARO-01,168,B_quadratic,surveillance,pause,1.598,0.001,22.8,79.7,0.002,90.0,pause,labview_demo_csv
ARO-01,169,B_quadratic,surveillance,pause,1.605,0.003,22.8,79.5,0.005,90.0,pause,labview_demo_csv
ARO-01,170,B_quadratic,surveillance,pause,1.598,0.000,22.9,79.6,0.000,90.0,pause,labview_demo_csv
ARO-01,171,B_quadratic,surveillance,pause,1.596,0.000,22.9,79.6,0.000,90.0,pause,labview_demo_csv
ARO-01,172,B_quadratic,surveillance,pause,1.613,0.007,22.8,79.5,0.012,90.0,pause,labview_demo_csv
ARO-01,173,B_quadratic,surveillance,pause,1.677,0.001,22.8,79.6,0.002,90.0,pause,labview_demo_csv
ARO-01,174,B_quadratic,surveillance,pause,1.685,0.018,22.8,79.4,0.032,90.0,pause,labview_demo_csv
ARO-01,175,B_quadratic,surveillance,pause,1.666,0.004,22.8,79.4,0.007,90.0,pause,labview_demo_csv
ARO-01,176,B_quadratic,surveillance,ascent,1.672,1.232,22.9,79.5,2.223,180.0,ascent,labview_demo_csv
ARO-01,177,B_quadratic,surveillance,ascent,1.698,1.234,23.0,79.3,2.226,180.0,ascent,labview_demo_csv
ARO-01,178,B_quadratic,surveillance,ascent,1.709,1.238,23.1,79.4,2.234,180.0,ascent,labview_demo_csv
ARO-01,179,B_quadratic,surveillance,ascent,1.684,1.223,23.3,79.5,2.207,180.0,ascent,labview_demo_csv
ARO-01,180,B_quadratic,surveillance,ascent,1.698,1.223,23.4,79.3,2.206,180.0,ascent,labview_demo_csv
ARO-01,181,B_quadratic,surveillance,ascent,1.723,1.231,23.7,79.4,2.221,180.0,ascent,labview_demo_csv
ARO-01,182,B_quadratic,surveillance,ascent,1.693,1.240,23.8,79.2,2.237,180.0,ascent,labview_demo_csv
ARO-01,183,B_quadratic,surveillance,ascent,1.701,1.227,24.0,79.2,2.214,180.0,ascent,labview_demo_csv
ARO-01,184,B_quadratic,surveillance,ascent,1.711,1.239,24.1,79.2,2.236,180.0,ascent,labview_demo_csv
ARO-01,185,B_quadratic,surveillance,ascent,1.689,1.233,24.2,79.0,2.225,180.0,ascent,labview_demo_csv
ARO-01,186,B_quadratic,surveillance,ascent,1.695,1.249,24.2,78.4,2.253,180.0,ascent,labview_demo_csv
ARO-01,187,B_quadratic,surveillance,ascent,1.666,1.244,24.4,78.1,2.245,180.0,ascent,labview_demo_csv
ARO-01,188,B_quadratic,surveillance,descent,1.666,0.351,24.3,78.0,0.633,180.0,descent,labview_demo_csv
ARO-01,189,B_quadratic,surveillance,descent,1.696,0.352,24.2,77.8,0.635,180.0,descent,labview_demo_csv
ARO-01,190,B_quadratic,surveillance,descent,1.660,0.348,24.2,78.1,0.628,180.0,descent,labview_demo_csv
ARO-01,191,B_quadratic,surveillance,descent,1.675,0.363,24.2,78.2,0.655,180.0,descent,labview_demo_csv
ARO-01,192,B_quadratic,surveillance,descent,1.697,0.361,24.1,78.4,0.652,180.0,descent,labview_demo_csv
ARO-01,193,B_quadratic,surveillance,descent,1.690,0.354,24.1,78.4,0.639,180.0,descent,labview_demo_csv
ARO-01,194,B_quadratic,surveillance,descent,1.640,0.344,24.1,78.8,0.621,180.0,descent,labview_demo_csv
ARO-01,195,B_quadratic,surveillance,descent,1.610,0.369,24.1,79.1,0.665,180.0,descent,labview_demo_csv
ARO-01,196,B_quadratic,surveillance,descent,1.597,0.353,24.1,79.3,0.637,180.0,descent,labview_demo_csv
ARO-01,197,B_quadratic,surveillance,descent,1.651,0.352,24.0,79.1,0.635,180.0,descent,labview_demo_csv
ARO-01,198,B_quadratic,surveillance,descent,1.582,0.355,24.0,79.2,0.641,180.0,descent,labview_demo_csv
ARO-01,199,B_quadratic,surveillance,descent,1.612,0.350,23.9,79.4,0.631,180.0,descent,labview_demo_csv
ARO-01,200,B_quadratic,surveillance,pause,1.617,0.000,23.8,79.3,0.000,180.0,pause,labview_demo_csv
ARO-01,201,B_quadratic,surveillance,pause,1.564,0.000,23.6,79.0,0.000,180.0,pause,labview_demo_csv
ARO-01,202,B_quadratic,surveillance,pause,1.612,0.000,23.5,78.8,0.000,180.0,pause,labview_demo_csv
ARO-01,203,B_quadratic,surveillance,pause,1.588,0.000,23.5,78.8,0.000,180.0,pause,labview_demo_csv
ARO-01,204,B_quadratic,surveillance,pause,1.579,0.002,23.5,78.9,0.004,180.0,pause,labview_demo_csv
ARO-01,205,B_quadratic,surveillance,pause,1.605,0.001,23.4,79.0,0.002,180.0,pause,labview_demo_csv
ARO-01,206,B_quadratic,surveillance,pause,1.565,0.011,23.3,79.0,0.020,180.0,pause,labview_demo_csv
ARO-01,207,B_quadratic,surveillance,pause,1.529,0.000,23.2,78.8,0.000,180.0,pause,labview_demo_csv
ARO-01,208,B_quadratic,surveillance,pause,1.543,0.000,23.2,79.1,0.000,180.0,pause,labview_demo_csv
ARO-01,209,B_quadratic,surveillance,pause,1.609,0.002,23.2,79.3,0.003,180.0,pause,labview_demo_csv
ARO-01,210,B_quadratic,surveillance,pause,1.585,0.007,23.2,79.1,0.013,180.0,pause,labview_demo_csv
ARO-01,211,B_quadratic,surveillance,pause,1.601,0.006,23.4,79.1,0.010,180.0,pause,labview_demo_csv
ARO-01,212,B_quadratic,surveillance,pause,1.591,0.001,23.4,79.4,0.003,180.0,pause,labview_demo_csv
ARO-01,213,B_quadratic,surveillance,pause,1.606,0.002,23.3,79.8,0.004,180.0,pause,labview_demo_csv
ARO-01,214,B_quadratic,surveillance,pause,1.599,0.001,23.3,79.6,0.002,180.0,pause,labview_demo_csv
ARO-01,215,B_quadratic,surveillance,pause,1.600,0.000,23.3,79.9,0.000,180.0,pause,labview_demo_csv
ARO-01,216,B_quadratic,surveillance,pause,1.600,0.002,23.2,80.0,0.004,180.0,pause,labview_demo_csv
ARO-01,217,B_quadratic,surveillance,pause,1.638,0.009,23.2,79.9,0.017,180.0,pause,labview_demo_csv
ARO-01,218,B_quadratic,surveillance,pause,1.639,0.003,23.2,80.0,0.005,180.0,pause,labview_demo_csv
ARO-01,219,B_quadratic,surveillance,pause,1.655,0.000,23.2,80.0,0.000,180.0,pause,labview_demo_csv
ARO-01,220,B_quadratic,surveillance,ascent,1.671,0.593,23.3,80.0,1.071,30.0,ascent,labview_demo_csv
ARO-01,221,B_quadratic,surveillance,ascent,1.698,0.590,23.3,79.9,1.065,30.0,ascent,labview_demo_csv
ARO-01,222,B_quadratic,surveillance,ascent,1.652,0.588,23.5,79.7,1.060,30.0,ascent,labview_demo_csv
ARO-01,223,B_quadratic,surveillance,ascent,1.719,0.593,23.7,79.7,1.070,30.0,ascent,labview_demo_csv
ARO-01,224,B_quadratic,surveillance,ascent,1.667,0.601,23.8,79.8,1.085,30.0,ascent,labview_demo_csv
ARO-01,225,B_quadratic,surveillance,ascent,1.711,0.582,23.8,79.8,1.049,30.0,ascent,labview_demo_csv
ARO-01,226,B_quadratic,surveillance,ascent,1.720,0.604,23.8,79.6,1.090,30.0,ascent,labview_demo_csv
ARO-01,227,B_quadratic,surveillance,ascent,1.720,0.589,23.8,79.7,1.063,30.0,ascent,labview_demo_csv
ARO-01,228,B_quadratic,surveillance,ascent,1.715,0.585,23.9,79.8,1.055,30.0,ascent,labview_demo_csv
ARO-01,229,B_quadratic,surveillance,ascent,1.673,0.604,24.0,79.6,1.089,30.0,ascent,labview_demo_csv
ARO-01,230,B_quadratic,surveillance,ascent,1.676,0.603,24.0,79.3,1.087,30.0,ascent,labview_demo_csv
ARO-01,231,B_quadratic,surveillance,ascent,1.667,0.596,24.0,79.4,1.075,30.0,ascent,labview_demo_csv
ARO-01,232,B_quadratic,surveillance,descent,1.673,0.361,24.0,79.4,0.651,30.0,descent,labview_demo_csv
ARO-01,233,B_quadratic,surveillance,descent,1.692,0.357,24.0,79.2,0.644,30.0,descent,labview_demo_csv
ARO-01,234,B_quadratic,surveillance,descent,1.679,0.352,24.0,79.1,0.635,30.0,descent,labview_demo_csv
ARO-01,235,B_quadratic,surveillance,descent,1.643,0.346,24.1,78.8,0.625,30.0,descent,labview_demo_csv
ARO-01,236,B_quadratic,surveillance,descent,1.683,0.335,24.1,78.8,0.605,30.0,descent,labview_demo_csv
ARO-01,237,B_quadratic,surveillance,descent,1.660,0.349,24.1,78.8,0.629,30.0,descent,labview_demo_csv
ARO-01,238,B_quadratic,surveillance,descent,1.646,0.335,24.0,79.0,0.605,30.0,descent,labview_demo_csv
ARO-01,239,B_quadratic,surveillance,descent,1.645,0.355,24.0,79.2,0.640,30.0,descent,labview_demo_csv
ARO-01,240,B_quadratic,surveillance,descent,1.608,0.338,24.0,79.0,0.610,30.0,descent,labview_demo_csv
ARO-01,241,B_quadratic,surveillance,descent,1.604,0.340,23.9,78.7,0.614,30.0,descent,labview_demo_csv
ARO-01,242,B_quadratic,surveillance,descent,1.611,0.356,23.9,78.3,0.642,30.0,descent,labview_demo_csv
ARO-01,243,B_quadratic,surveillance,descent,1.613,0.347,24.0,78.6,0.626,30.0,descent,labview_demo_csv
ARO-01,244,B_quadratic,surveillance,pause,1.611,0.011,24.0,78.6,0.020,30.0,pause,labview_demo_csv
ARO-01,245,B_quadratic,surveillance,pause,1.584,0.000,23.9,78.7,0.000,30.0,pause,labview_demo_csv
ARO-01,246,B_quadratic,surveillance,pause,1.603,0.000,23.9,78.7,0.000,30.0,pause,labview_demo_csv
ARO-01,247,B_quadratic,surveillance,pause,1.571,0.003,23.9,78.7,0.006,30.0,pause,labview_demo_csv
ARO-01,248,B_quadratic,surveillance,pause,1.591,0.007,23.8,78.8,0.013,30.0,pause,labview_demo_csv
ARO-01,249,B_quadratic,surveillance,pause,1.585,0.000,23.7,78.8,0.000,30.0,pause,labview_demo_csv
ARO-01,250,B_quadratic,surveillance,pause,1.600,0.009,23.6,78.7,0.016,30.0,pause,labview_demo_csv
ARO-01,251,B_quadratic,surveillance,pause,1.594,0.000,23.6,78.8,0.000,30.0,pause,labview_demo_csv
ARO-01,252,B_quadratic,surveillance,pause,1.635,0.005,23.6,78.5,0.009,30.0,pause,labview_demo_csv
ARO-01,253,B_quadratic,surveillance,pause,1.596,0.000,23.5,78.6,0.000,30.0,pause,labview_demo_csv
ARO-01,254,B_quadratic,surveillance,pause,1.610,0.006,23.5,78.8,0.012,30.0,pause,labview_demo_csv
ARO-01,255,B_quadratic,surveillance,pause,1.575,0.000,23.5,79.0,0.000,30.0,pause,labview_demo_csv
ARO-01,256,B_quadratic,surveillance,pause,1.611,0.000,23.5,79.1,0.000,30.0,pause,labview_demo_csv
ARO-01,257,B_quadratic,surveillance,pause,1.618,0.000,23.5,79.0,0.000,30.0,pause,labview_demo_csv
ARO-01,258,B_quadratic,surveillance,pause,1.651,0.000,23.6,79.4,0.000,30.0,pause,labview_demo_csv
ARO-01,259,B_quadratic,surveillance,pause,1.633,0.000,23.5,79.5,0.000,30.0,pause,labview_demo_csv
ARO-01,260,B_quadratic,surveillance,pause,1.649,0.006,23.5,79.6,0.011,30.0,pause,labview_demo_csv
ARO-01,261,B_quadratic,surveillance,pause,1.611,0.009,23.5,79.8,0.015,30.0,pause,labview_demo_csv
ARO-01,262,B_quadratic,surveillance,pause,1.666,0.009,23.5,79.7,0.017,30.0,pause,labview_demo_csv
ARO-01,263,B_quadratic,surveillance,pause,1.635,0.001,23.6,79.6,0.002,30.0,pause,labview_demo_csv
ARO-01,264,B_quadratic,surveillance,ascent,1.675,0.599,23.6,79.6,1.081,30.0,ascent,labview_demo_csv
ARO-01,265,B_quadratic,surveillance,ascent,1.707,0.604,23.9,79.7,1.090,30.0,ascent,labview_demo_csv
ARO-01,266,B_quadratic,surveillance,ascent,1.659,0.591,23.8,79.6,1.066,30.0,ascent,labview_demo_csv
ARO-01,267,B_quadratic,surveillance,ascent,1.637,0.590,23.8,79.0,1.065,30.0,ascent,labview_demo_csv
ARO-01,268,B_quadratic,surveillance,ascent,1.750,0.588,23.8,79.2,1.061,30.0,ascent,labview_demo_csv
ARO-01,269,B_quadratic,surveillance,ascent,1.700,0.586,23.9,78.9,1.058,30.0,ascent,labview_demo_csv
ARO-01,270,B_quadratic,surveillance,ascent,1.704,0.595,23.9,78.9,1.074,30.0,ascent,labview_demo_csv
ARO-01,271,B_quadratic,surveillance,ascent,1.712,0.593,23.9,78.4,1.069,30.0,ascent,labview_demo_csv
ARO-01,272,B_quadratic,surveillance,ascent,1.715,0.605,23.9,78.6,1.092,30.0,ascent,labview_demo_csv
ARO-01,273,B_quadratic,surveillance,ascent,1.684,0.609,24.1,78.7,1.098,30.0,ascent,labview_demo_csv
ARO-01,274,B_quadratic,surveillance,ascent,1.686,0.593,24.1,78.5,1.069,30.0,ascent,labview_demo_csv
ARO-01,275,B_quadratic,surveillance,ascent,1.682,0.605,24.2,78.2,1.091,30.0,ascent,labview_demo_csv
ARO-01,276,B_quadratic,surveillance,descent,1.684,0.353,24.2,78.2,0.637,30.0,descent,labview_demo_csv
ARO-01,277,B_quadratic,surveillance,descent,1.605,0.344,24.1,78.2,0.620,30.0,descent,labview_demo_csv
ARO-01,278,B_quadratic,surveillance,descent,1.715,0.339,24.0,78.4,0.611,30.0,descent,labview_demo_csv
ARO-01,279,B_quadratic,surveillance,descent,1.658,0.349,24.0,78.3,0.630,30.0,descent,labview_demo_csv
ARO-01,280,B_quadratic,surveillance,descent,1.686,0.345,24.0,78.4,0.623,30.0,descent,labview_demo_csv
ARO-01,281,B_quadratic,surveillance,descent,1.598,0.362,24.0,78.4,0.652,30.0,descent,labview_demo_csv
ARO-01,282,B_quadratic,surveillance,descent,1.659,0.360,24.1,78.3,0.649,30.0,descent,labview_demo_csv
ARO-01,283,B_quadratic,surveillance,descent,1.603,0.344,24.1,78.5,0.620,30.0,descent,labview_demo_csv
ARO-01,284,B_quadratic,surveillance,descent,1.640,0.358,24.1,78.4,0.646,30.0,descent,labview_demo_csv
ARO-01,285,B_quadratic,surveillance,descent,1.643,0.358,24.3,78.2,0.646,30.0,descent,labview_demo_csv
ARO-01,286,B_quadratic,surveillance,descent,1.603,0.353,24.3,78.1,0.637,30.0,descent,labview_demo_csv
ARO-01,287,B_quadratic,surveillance,descent,1.604,0.356,24.4,78.1,0.643,30.0,descent,labview_demo_csv
ARO-01,288,B_quadratic,surveillance,pause,1.579,0.000,24.4,78.1,0.001,30.0,pause,labview_demo_csv
ARO-01,289,B_quadratic,surveillance,pause,1.629,0.000,24.2,78.2,0.000,30.0,pause,labview_demo_csv
ARO-01,290,B_quadratic,surveillance,pause,1.555,0.000,24.1,77.9,0.000,30.0,pause,labview_demo_csv
ARO-01,291,B_quadratic,surveillance,pause,1.559,0.000,24.1,78.1,0.000,30.0,pause,labview_demo_csv
ARO-01,292,B_quadratic,surveillance,pause,1.548,0.000,24.2,78.0,0.000,30.0,pause,labview_demo_csv
ARO-01,293,B_quadratic,surveillance,pause,1.583,0.007,24.1,77.6,0.012,30.0,pause,labview_demo_csv
ARO-01,294,B_quadratic,surveillance,pause,1.552,0.000,24.1,77.6,0.000,30.0,pause,labview_demo_csv
ARO-01,295,B_quadratic,surveillance,pause,1.640,0.001,24.1,77.3,0.002,30.0,pause,labview_demo_csv
ARO-01,296,B_quadratic,surveillance,pause,1.615,0.004,24.0,77.4,0.007,30.0,pause,labview_demo_csv
ARO-01,297,B_quadratic,surveillance,pause,1.544,0.002,24.0,77.5,0.003,30.0,pause,labview_demo_csv
ARO-01,298,B_quadratic,surveillance,pause,1.603,0.003,23.9,77.4,0.005,30.0,pause,labview_demo_csv
ARO-01,299,B_quadratic,surveillance,pause,1.604,0.008,23.8,77.8,0.015,30.0,pause,labview_demo_csv
ARO-01,300,B_quadratic,surveillance,pause,1.573,0.000,23.8,77.9,0.000,30.0,pause,labview_demo_csv
ARO-01,301,B_quadratic,surveillance,pause,1.631,0.004,23.7,78.0,0.008,30.0,pause,labview_demo_csv
ARO-01,302,B_quadratic,surveillance,pause,1.645,0.014,23.8,77.7,0.025,30.0,pause,labview_demo_csv
ARO-01,303,B_quadratic,surveillance,pause,1.614,0.007,23.7,77.9,0.013,30.0,pause,labview_demo_csv
ARO-01,304,B_quadratic,surveillance,pause,1.640,0.000,23.8,78.1,0.000,30.0,pause,labview_demo_csv
ARO-01,305,B_quadratic,surveillance,pause,1.664,0.010,23.8,78.3,0.018,30.0,pause,labview_demo_csv
ARO-01,306,B_quadratic,surveillance,pause,1.663,0.016,23.7,78.4,0.030,30.0,pause,labview_demo_csv
ARO-01,307,B_quadratic,surveillance,pause,1.630,0.000,23.6,78.2,0.001,30.0,pause,labview_demo_csv
ARO-01,308,B_quadratic,surveillance,ascent,1.668,0.602,23.8,78.5,1.087,30.0,ascent,labview_demo_csv
ARO-01,309,B_quadratic,surveillance,ascent,1.657,0.591,23.9,78.3,1.066,30.0,ascent,labview_demo_csv
ARO-01,310,B_quadratic,surveillance,ascent,1.693,0.601,23.9,78.1,1.085,30.0,ascent,labview_demo_csv
ARO-01,311,B_quadratic,surveillance,ascent,1.704,0.610,23.9,78.1,1.101,30.0,ascent,labview_demo_csv
ARO-01,312,B_quadratic,surveillance,ascent,1.666,0.590,24.0,78.0,1.065,30.0,ascent,labview_demo_csv
ARO-01,313,B_quadratic,surveillance,ascent,1.694,0.604,24.1,77.9,1.090,30.0,ascent,labview_demo_csv
ARO-01,314,B_quadratic,surveillance,ascent,1.669,0.593,24.0,78.3,1.069,30.0,ascent,labview_demo_csv
ARO-01,315,B_quadratic,surveillance,ascent,1.685,0.584,24.1,78.3,1.054,30.0,ascent,labview_demo_csv
ARO-01,316,B_quadratic,surveillance,ascent,1.692,0.599,24.1,78.4,1.080,30.0,ascent,labview_demo_csv
ARO-01,317,B_quadratic,surveillance,ascent,1.672,0.597,24.2,78.4,1.077,30.0,ascent,labview_demo_csv
ARO-01,318,B_quadratic,surveillance,ascent,1.684,0.595,24.2,78.2,1.074,30.0,ascent,labview_demo_csv
ARO-01,319,B_quadratic,surveillance,ascent,1.708,0.602,24.2,78.4,1.086,30.0,ascent,labview_demo_csv
ARO-01,320,B_quadratic,surveillance,descent,1.652,0.356,24.3,78.4,0.641,30.0,descent,labview_demo_csv
ARO-01,321,B_quadratic,surveillance,descent,1.692,0.352,24.3,78.0,0.635,30.0,descent,labview_demo_csv
ARO-01,322,B_quadratic,surveillance,descent,1.677,0.355,24.4,77.6,0.640,30.0,descent,labview_demo_csv
ARO-01,323,B_quadratic,surveillance,descent,1.686,0.347,24.3,77.9,0.627,30.0,descent,labview_demo_csv
ARO-01,324,B_quadratic,surveillance,descent,1.660,0.348,24.3,77.8,0.628,30.0,descent,labview_demo_csv
ARO-01,325,B_quadratic,surveillance,descent,1.645,0.352,24.3,77.7,0.634,30.0,descent,labview_demo_csv
ARO-01,326,B_quadratic,surveillance,descent,1.617,0.352,24.3,77.9,0.636,30.0,descent,labview_demo_csv
ARO-01,327,B_quadratic,surveillance,descent,1.627,0.357,24.4,78.2,0.643,30.0,descent,labview_demo_csv
ARO-01,328,B_quadratic,surveillance,descent,1.657,0.341,24.4,78.2,0.615,30.0,descent,labview_demo_csv
ARO-01,329,B_quadratic,surveillance,descent,1.629,0.343,24.5,78.2,0.619,30.0,descent,labview_demo_csv
ARO-01,330,B_quadratic,surveillance,descent,1.620,0.349,24.5,78.4,0.630,30.0,descent,labview_demo_csv
ARO-01,331,B_quadratic,surveillance,descent,1.615,0.339,24.5,78.5,0.611,30.0,descent,labview_demo_csv
ARO-01,332,B_quadratic,surveillance,pause,1.608,0.000,24.6,78.4,0.000,30.0,pause,labview_demo_csv
ARO-01,333,B_quadratic,surveillance,pause,1.603,0.000,24.5,78.4,0.000,30.0,pause,labview_demo_csv
ARO-01,334,B_quadratic,surveillance,pause,1.564,0.000,24.4,78.4,0.000,30.0,pause,labview_demo_csv
ARO-01,335,B_quadratic,surveillance,pause,1.587,0.001,24.5,78.2,0.002,30.0,pause,labview_demo_csv
ARO-01,336,B_quadratic,surveillance,pause,1.584,0.000,24.4,78.4,0.000,30.0,pause,labview_demo_csv
ARO-01,337,B_quadratic,surveillance,pause,1.622,0.000,24.5,78.5,0.000,30.0,pause,labview_demo_csv
ARO-01,338,B_quadratic,surveillance,pause,1.585,0.000,24.4,78.5,0.000,30.0,pause,labview_demo_csv
ARO-01,339,B_quadratic,surveillance,pause,1.597,0.005,24.4,78.7,0.008,30.0,pause,labview_demo_csv
ARO-01,340,B_quadratic,surveillance,pause,1.580,0.002,24.4,78.8,0.003,30.0,pause,labview_demo_csv
ARO-01,341,B_quadratic,surveillance,pause,1.579,0.003,24.4,78.5,0.006,30.0,pause,labview_demo_csv
ARO-01,342,B_quadratic,surveillance,pause,1.622,0.002,24.3,77.9,0.004,30.0,pause,labview_demo_csv
ARO-01,343,B_quadratic,surveillance,pause,1.608,0.001,24.4,78.0,0.002,30.0,pause,labview_demo_csv
ARO-01,344,B_quadratic,surveillance,pause,1.522,0.000,24.4,77.6,0.000,30.0,pause,labview_demo_csv
ARO-01,345,B_quadratic,surveillance,pause,1.606,0.011,24.4,77.5,0.020,30.0,pause,labview_demo_csv
ARO-01,346,B_quadratic,surveillance,pause,1.637,0.000,24.4,77.8,0.000,30.0,pause,labview_demo_csv
ARO-01,347,B_quadratic,surveillance,pause,1.611,0.000,24.4,78.0,0.000,30.0,pause,labview_demo_csv
ARO-01,348,B_quadratic,surveillance,pause,1.630,0.013,24.4,78.2,0.024,30.0,pause,labview_demo_csv
ARO-01,349,B_quadratic,surveillance,pause,1.667,0.000,24.2,78.3,0.000,30.0,pause,labview_demo_csv
ARO-01,350,B_quadratic,surveillance,pause,1.688,0.011,24.3,78.4,0.019,30.0,pause,labview_demo_csv
ARO-01,351,B_quadratic,surveillance,pause,1.631,0.000,24.2,78.5,0.000,30.0,pause,labview_demo_csv
ARO-01,352,B_quadratic,surveillance,ascent,1.661,1.231,24.4,78.5,2.220,180.0,ascent,labview_demo_csv
ARO-01,353,B_quadratic,surveillance,ascent,1.681,1.225,24.6,78.6,2.211,180.0,ascent,labview_demo_csv
ARO-01,354,B_quadratic,surveillance,ascent,1.670,1.225,24.8,78.4,2.209,180.0,ascent,labview_demo_csv
ARO-01,355,B_quadratic,surveillance,ascent,1.685,1.219,24.9,78.1,2.199,180.0,ascent,labview_demo_csv
ARO-01,356,B_quadratic,surveillance,ascent,1.705,1.233,25.1,77.9,2.224,180.0,ascent,labview_demo_csv
ARO-01,357,B_quadratic,surveillance,ascent,1.685,1.243,25.2,77.9,2.242,180.0,ascent,labview_demo_csv
ARO-01,358,B_quadratic,surveillance,ascent,1.757,1.240,25.3,78.1,2.238,180.0,ascent,labview_demo_csv
ARO-01,359,B_quadratic,surveillance,ascent,1.691,1.232,25.3,77.8,2.222,180.0,ascent,labview_demo_csv
ARO-01,360,B_quadratic,surveillance,ascent,1.691,1.230,25.3,77.5,2.219,180.0,ascent,labview_demo_csv
ARO-01,361,B_quadratic,surveillance,ascent,1.746,1.225,25.5,77.5,2.211,180.0,ascent,labview_demo_csv
ARO-01,362,B_quadratic,surveillance,ascent,1.725,1.250,25.6,77.4,2.256,180.0,ascent,labview_demo_csv
ARO-01,363,B_quadratic,surveillance,ascent,1.723,1.237,25.7,77.3,2.231,180.0,ascent,labview_demo_csv
ARO-01,364,B_quadratic,surveillance,descent,1.666,0.357,25.6,77.2,0.645,180.0,descent,labview_demo_csv
ARO-01,365,B_quadratic,surveillance,descent,1.727,0.350,25.5,77.4,0.632,180.0,descent,labview_demo_csv
ARO-01,366,B_quadratic,surveillance,descent,1.661,0.348,25.4,77.5,0.628,180.0,descent,labview_demo_csv
ARO-01,367,B_quadratic,surveillance,descent,1.679,0.348,25.4,77.5,0.627,180.0,descent,labview_demo_csv
ARO-01,368,B_quadratic,surveillance,descent,1.658,0.357,25.3,77.7,0.644,180.0,descent,labview_demo_csv
ARO-01,369,B_quadratic,surveillance,descent,1.650,0.346,25.3,77.8,0.625,180.0,descent,labview_demo_csv
ARO-01,370,B_quadratic,surveillance,descent,1.647,0.346,25.4,77.9,0.624,180.0,descent,labview_demo_csv
ARO-01,371,B_quadratic,surveillance,descent,1.615,0.355,25.5,77.8,0.641,180.0,descent,labview_demo_csv
ARO-01,372,B_quadratic,surveillance,descent,1.573,0.357,25.5,77.7,0.644,180.0,descent,labview_demo_csv
ARO-01,373,B_quadratic,surveillance,descent,1.685,0.364,25.3,77.8,0.656,180.0,descent,labview_demo_csv
ARO-01,374,B_quadratic,surveillance,descent,1.610,0.347,25.3,77.9,0.626,180.0,descent,labview_demo_csv
ARO-01,375,B_quadratic,surveillance,descent,1.634,0.351,25.3,78.0,0.633,180.0,descent,labview_demo_csv
ARO-01,376,B_quadratic,surveillance,pause,1.570,0.000,25.2,77.9,0.000,180.0,pause,labview_demo_csv
ARO-01,377,B_quadratic,surveillance,pause,1.591,0.004,25.2,78.0,0.006,180.0,pause,labview_demo_csv
ARO-01,378,B_quadratic,surveillance,pause,1.604,0.000,25.2,78.0,0.000,180.0,pause,labview_demo_csv
ARO-01,379,B_quadratic,surveillance,pause,1.574,0.000,25.1,78.2,0.000,180.0,pause,labview_demo_csv
ARO-01,380,B_quadratic,surveillance,pause,1.589,0.000,25.1,78.0,0.000,180.0,pause,labview_demo_csv
ARO-01,381,B_quadratic,surveillance,pause,1.571,0.000,25.1,78.1,0.000,180.0,pause,labview_demo_csv
ARO-01,382,B_quadratic,surveillance,pause,1.576,0.010,25.1,78.2,0.017,180.0,pause,labview_demo_csv
ARO-01,383,B_quadratic,surveillance,pause,1.566,0.000,25.0,78.2,0.000,180.0,pause,labview_demo_csv
ARO-01,384,B_quadratic,surveillance,pause,1.541,0.000,25.0,78.2,0.000,180.0,pause,labview_demo_csv
ARO-01,385,B_quadratic,surveillance,pause,1.578,0.003,25.0,78.1,0.006,180.0,pause,labview_demo_csv
ARO-01,386,B_quadratic,surveillance,pause,1.611,0.000,25.0,77.9,0.000,180.0,pause,labview_demo_csv
ARO-01,387,B_quadratic,surveillance,pause,1.595,0.000,24.9,78.0,0.000,180.0,pause,labview_demo_csv
ARO-01,388,B_quadratic,surveillance,pause,1.604,0.000,24.9,78.0,0.000,180.0,pause,labview_demo_csv
ARO-01,389,B_quadratic,surveillance,pause,1.620,0.000,25.0,77.8,0.000,180.0,pause,labview_demo_csv
ARO-01,390,B_quadratic,surveillance,pause,1.594,0.000,24.9,78.1,0.000,180.0,pause,labview_demo_csv
ARO-01,391,B_quadratic,surveillance,pause,1.621,0.010,24.9,78.2,0.018,180.0,pause,labview_demo_csv
ARO-01,392,B_quadratic,surveillance,pause,1.638,0.000,24.9,77.9,0.000,180.0,pause,labview_demo_csv
ARO-01,393,B_quadratic,surveillance,pause,1.675,0.000,24.9,78.1,0.000,180.0,pause,labview_demo_csv
ARO-01,394,B_quadratic,surveillance,pause,1.636,0.000,24.8,78.2,0.000,180.0,pause,labview_demo_csv
ARO-01,395,B_quadratic,surveillance,pause,1.669,0.000,24.7,78.2,0.000,180.0,pause,labview_demo_csv
ARO-01,396,B_quadratic,surveillance,ascent,1.676,1.347,24.9,77.8,2.431,210.0,ascent,labview_demo_csv
ARO-01,397,B_quadratic,surveillance,ascent,1.671,1.352,25.1,77.7,2.440,210.0,ascent,labview_demo_csv
ARO-01,398,B_quadratic,surveillance,ascent,1.726,1.348,25.2,77.6,2.432,210.0,ascent,labview_demo_csv
ARO-01,399,B_quadratic,surveillance,ascent,1.676,1.351,25.4,77.3,2.437,210.0,ascent,labview_demo_csv
ARO-01,400,B_quadratic,surveillance,ascent,1.673,1.364,25.4,77.3,2.460,210.0,ascent,labview_demo_csv
ARO-01,401,B_quadratic,surveillance,ascent,1.716,1.361,25.7,77.1,2.455,210.0,ascent,labview_demo_csv
ARO-01,402,B_quadratic,surveillance,ascent,1.658,1.363,25.7,76.8,2.460,210.0,ascent,labview_demo_csv
ARO-01,403,B_quadratic,surveillance,ascent,1.703,1.352,25.9,76.7,2.440,210.0,ascent,labview_demo_csv
ARO-01,404,B_quadratic,surveillance,ascent,1.731,1.359,25.9,76.5,2.453,210.0,ascent,labview_demo_csv
ARO-01,405,B_quadratic,surveillance,ascent,1.712,1.356,26.0,76.4,2.447,210.0,ascent,labview_demo_csv
ARO-01,406,B_quadratic,surveillance,ascent,1.712,1.380,26.2,76.6,2.490,210.0,ascent,labview_demo_csv
ARO-01,407,B_quadratic,surveillance,ascent,1.657,1.355,26.3,76.9,2.444,210.0,ascent,labview_demo_csv
ARO-01,408,B_quadratic,surveillance,descent,1.720,0.349,26.2,77.1,0.629,210.0,descent,labview_demo_csv
ARO-01,409,B_quadratic,surveillance,descent,1.663,0.350,26.3,77.2,0.631,210.0,descent,labview_demo_csv
ARO-01,410,B_quadratic,surveillance,descent,1.693,0.351,26.3,77.3,0.633,210.0,descent,labview_demo_csv
ARO-01,411,B_quadratic,surveillance,descent,1.675,0.339,26.3,77.7,0.611,210.0,descent,labview_demo_csv
ARO-01,412,B_quadratic,surveillance,descent,1.658,0.354,26.2,77.4,0.639,210.0,descent,labview_demo_csv
ARO-01,413,B_quadratic,surveillance,descent,1.658,0.339,26.1,77.3,0.612,210.0,descent,labview_demo_csv
ARO-01,414,B_quadratic,surveillance,descent,1.652,0.349,26.1,77.0,0.630,210.0,descent,labview_demo_csv
ARO-01,415,B_quadratic,surveillance,descent,1.675,0.351,26.0,77.0,0.634,210.0,descent,labview_demo_csv
ARO-01,416,B_quadratic,surveillance,descent,1.615,0.357,26.1,76.7,0.644,210.0,descent,labview_demo_csv
ARO-01,417,B_quadratic,surveillance,descent,1.629,0.364,26.0,76.6,0.657,210.0,descent,labview_demo_csv
ARO-01,418,B_quadratic,surveillance,descent,1.562,0.350,26.0,76.7,0.631,210.0,descent,labview_demo_csv
ARO-01,419,B_quadratic,surveillance,descent,1.635,0.347,26.0,76.7,0.626,210.0,descent,labview_demo_csv
ARO-01,420,B_quadratic,surveillance,pause,1.607,0.000,25.8,76.8,0.000,210.0,pause,labview_demo_csv
ARO-01,421,B_quadratic,surveillance,pause,1.613,0.006,25.7,77.2,0.011,210.0,pause,labview_demo_csv
ARO-01,422,B_quadratic,surveillance,pause,1.621,0.000,25.6,77.0,0.000,210.0,pause,labview_demo_csv
ARO-01,423,B_quadratic,surveillance,pause,1.585,0.007,25.5,77.3,0.012,210.0,pause,labview_demo_csv
ARO-01,424,B_quadratic,surveillance,pause,1.611,0.004,25.4,77.2,0.007,210.0,pause,labview_demo_csv
ARO-01,425,B_quadratic,surveillance,pause,1.589,0.000,25.4,77.3,0.000,210.0,pause,labview_demo_csv
ARO-01,426,B_quadratic,surveillance,pause,1.577,0.009,25.3,77.3,0.015,210.0,pause,labview_demo_csv
ARO-01,427,B_quadratic,surveillance,pause,1.598,0.000,25.3,77.5,0.000,210.0,pause,labview_demo_csv
ARO-01,428,B_quadratic,surveillance,pause,1.568,0.000,25.3,77.7,0.000,210.0,pause,labview_demo_csv
ARO-01,429,B_quadratic,surveillance,pause,1.622,0.001,25.2,77.7,0.002,210.0,pause,labview_demo_csv
ARO-01,430,B_quadratic,surveillance,pause,1.542,0.000,25.3,77.5,0.000,210.0,pause,labview_demo_csv
ARO-01,431,B_quadratic,surveillance,pause,1.566,0.000,25.3,77.5,0.000,210.0,pause,labview_demo_csv
ARO-01,432,B_quadratic,surveillance,pause,1.663,0.003,25.2,77.5,0.006,210.0,pause,labview_demo_csv
ARO-01,433,B_quadratic,surveillance,pause,1.609,0.007,25.2,77.2,0.013,210.0,pause,labview_demo_csv
ARO-01,434,B_quadratic,surveillance,pause,1.575,0.001,25.2,76.9,0.001,210.0,pause,labview_demo_csv
ARO-01,435,B_quadratic,surveillance,pause,1.597,0.000,25.2,76.8,0.000,210.0,pause,labview_demo_csv
ARO-01,436,B_quadratic,surveillance,pause,1.631,0.000,25.2,76.8,0.000,210.0,pause,labview_demo_csv
ARO-01,437,B_quadratic,surveillance,pause,1.597,0.008,25.3,77.1,0.014,210.0,pause,labview_demo_csv
ARO-01,438,B_quadratic,surveillance,pause,1.694,0.008,25.2,77.2,0.014,210.0,pause,labview_demo_csv
ARO-01,439,B_quadratic,surveillance,pause,1.633,0.000,25.2,77.1,0.000,210.0,pause,labview_demo_csv
ARO-01,440,B_quadratic,surveillance,ascent,1.673,1.366,25.3,77.2,2.464,210.0,ascent,labview_demo_csv
ARO-01,441,B_quadratic,surveillance,ascent,1.662,1.351,25.5,77.1,2.438,210.0,ascent,labview_demo_csv
ARO-01,442,B_quadratic,surveillance,ascent,1.684,1.362,25.6,77.1,2.457,210.0,ascent,labview_demo_csv
ARO-01,443,B_quadratic,surveillance,ascent,1.706,1.352,25.7,77.0,2.439,210.0,ascent,labview_demo_csv
ARO-01,444,B_quadratic,surveillance,ascent,1.647,1.379,25.8,76.9,2.489,210.0,ascent,labview_demo_csv
ARO-01,445,B_quadratic,surveillance,ascent,1.709,1.364,25.9,76.6,2.461,210.0,ascent,labview_demo_csv
ARO-01,446,B_quadratic,surveillance,ascent,1.693,1.369,26.1,76.5,2.470,210.0,ascent,labview_demo_csv
ARO-01,447,B_quadratic,surveillance,ascent,1.688,1.368,26.3,76.7,2.469,210.0,ascent,labview_demo_csv
ARO-01,448,B_quadratic,surveillance,ascent,1.690,1.365,26.4,76.5,2.463,210.0,ascent,labview_demo_csv
ARO-01,449,B_quadratic,surveillance,ascent,1.698,1.370,26.6,76.8,2.471,210.0,ascent,labview_demo_csv
ARO-01,450,B_quadratic,surveillance,ascent,1.660,1.369,26.7,76.7,2.469,210.0,ascent,labview_demo_csv
ARO-01,451,B_quadratic,surveillance,ascent,1.667,1.361,26.8,76.8,2.455,210.0,ascent,labview_demo_csv
ARO-01,452,B_quadratic,surveillance,descent,1.692,0.346,26.7,77.1,0.624,210.0,descent,labview_demo_csv
ARO-01,453,B_quadratic,surveillance,descent,1.676,0.350,26.6,76.9,0.632,210.0,descent,labview_demo_csv
ARO-01,454,B_quadratic,surveillance,descent,1.656,0.365,26.5,77.0,0.658,210.0,descent,labview_demo_csv
ARO-01,455,B_quadratic,surveillance,descent,1.654,0.343,26.4,76.7,0.619,210.0,descent,labview_demo_csv
ARO-01,456,B_quadratic,surveillance,descent,1.669,0.350,26.3,76.8,0.632,210.0,descent,labview_demo_csv
ARO-01,457,B_quadratic,surveillance,descent,1.610,0.350,26.4,77.3,0.632,210.0,descent,labview_demo_csv
ARO-01,458,B_quadratic,surveillance,descent,1.699,0.352,26.3,77.1,0.634,210.0,descent,labview_demo_csv
ARO-01,459,B_quadratic,surveillance,descent,1.591,0.352,26.2,77.5,0.635,210.0,descent,labview_demo_csv
ARO-01,460,B_quadratic,surveillance,descent,1.625,0.359,26.2,77.5,0.648,210.0,descent,labview_demo_csv
ARO-01,461,B_quadratic,surveillance,descent,1.608,0.341,26.1,77.4,0.614,210.0,descent,labview_demo_csv
ARO-01,462,B_quadratic,surveillance,descent,1.584,0.346,26.2,77.4,0.624,210.0,descent,labview_demo_csv
ARO-01,463,B_quadratic,surveillance,descent,1.586,0.345,26.1,77.3,0.623,210.0,descent,labview_demo_csv
ARO-01,464,B_quadratic,surveillance,pause,1.609,0.000,26.0,77.5,0.000,210.0,pause,labview_demo_csv
ARO-01,465,B_quadratic,surveillance,pause,1.610,0.000,26.0,77.4,0.001,210.0,pause,labview_demo_csv
ARO-01,466,B_quadratic,surveillance,pause,1.590,0.000,25.9,77.5,0.000,210.0,pause,labview_demo_csv
ARO-01,467,B_quadratic,surveillance,pause,1.580,0.000,25.8,77.7,0.000,210.0,pause,labview_demo_csv
ARO-01,468,B_quadratic,surveillance,pause,1.594,0.007,25.7,77.8,0.013,210.0,pause,labview_demo_csv
ARO-01,469,B_quadratic,surveillance,pause,1.574,0.001,25.7,77.9,0.002,210.0,pause,labview_demo_csv
ARO-01,470,B_quadratic,surveillance,pause,1.583,0.003,25.7,77.6,0.005,210.0,pause,labview_demo_csv
ARO-01,471,B_quadratic,surveillance,pause,1.567,0.000,25.7,78.0,0.000,210.0,pause,labview_demo_csv
ARO-01,472,B_quadratic,surveillance,pause,1.634,0.000,25.7,78.1,0.000,210.0,pause,labview_demo_csv
ARO-01,473,B_quadratic,surveillance,pause,1.549,0.000,25.6,77.6,0.000,210.0,pause,labview_demo_csv
ARO-01,474,B_quadratic,surveillance,pause,1.558,0.000,25.6,77.6,0.000,210.0,pause,labview_demo_csv
ARO-01,475,B_quadratic,surveillance,pause,1.616,0.000,25.5,77.7,0.000,210.0,pause,labview_demo_csv
ARO-01,476,B_quadratic,surveillance,pause,1.626,0.000,25.5,77.5,0.000,210.0,pause,labview_demo_csv
ARO-01,477,B_quadratic,surveillance,pause,1.575,0.004,25.5,77.3,0.007,210.0,pause,labview_demo_csv
ARO-01,478,B_quadratic,surveillance,pause,1.640,0.002,25.6,77.4,0.003,210.0,pause,labview_demo_csv
ARO-01,479,B_quadratic,surveillance,pause,1.624,0.000,25.5,77.3,0.000,210.0,pause,labview_demo_csv
ARO-01,480,B_quadratic,surveillance,pause,1.616,0.000,25.5,77.4,0.000,210.0,pause,labview_demo_csv
ARO-01,481,B_quadratic,surveillance,pause,1.637,0.000,25.4,77.3,0.000,210.0,pause,labview_demo_csv
ARO-01,482,B_quadratic,surveillance,pause,1.690,0.000,25.3,77.3,0.000,210.0,pause,labview_demo_csv
ARO-01,483,B_quadratic,surveillance,pause,1.634,0.000,25.3,77.1,0.000,210.0,pause,labview_demo_csv
ARO-01,484,B_quadratic,surveillance,ascent,1.694,1.368,25.6,77.3,2.469,210.0,ascent,labview_demo_csv
ARO-01,485,B_quadratic,surveillance,ascent,1.673,1.381,25.6,77.1,2.492,210.0,ascent,labview_demo_csv
ARO-01,486,B_quadratic,surveillance,ascent,1.704,1.375,25.8,77.0,2.480,210.0,ascent,labview_demo_csv
ARO-01,487,B_quadratic,surveillance,ascent,1.716,1.369,26.0,76.9,2.470,210.0,ascent,labview_demo_csv
ARO-01,488,B_quadratic,surveillance,ascent,1.721,1.364,26.2,76.9,2.461,210.0,ascent,labview_demo_csv
ARO-01,489,B_quadratic,surveillance,ascent,1.675,1.378,26.3,76.8,2.485,210.0,ascent,labview_demo_csv
ARO-01,490,B_quadratic,surveillance,ascent,1.694,1.355,26.5,76.7,2.444,210.0,ascent,labview_demo_csv
ARO-01,491,B_quadratic,surveillance,ascent,1.696,1.356,26.5,76.6,2.447,210.0,ascent,labview_demo_csv
ARO-01,492,B_quadratic,surveillance,ascent,1.727,1.346,26.7,76.9,2.429,210.0,ascent,labview_demo_csv
ARO-01,493,B_quadratic,surveillance,ascent,1.697,1.357,26.7,76.7,2.448,210.0,ascent,labview_demo_csv
ARO-01,494,B_quadratic,surveillance,ascent,1.733,1.354,26.9,76.8,2.443,210.0,ascent,labview_demo_csv
ARO-01,495,B_quadratic,surveillance,ascent,1.699,1.357,27.0,76.6,2.448,210.0,ascent,labview_demo_csv
ARO-01,496,B_quadratic,surveillance,descent,1.680,0.351,27.0,76.5,0.634,210.0,descent,labview_demo_csv
ARO-01,497,B_quadratic,surveillance,descent,1.689,0.358,26.9,76.7,0.645,210.0,descent,labview_demo_csv
ARO-01,498,B_quadratic,surveillance,descent,1.648,0.342,26.9,76.9,0.618,210.0,descent,labview_demo_csv
ARO-01,499,B_quadratic,surveillance,descent,1.652,0.346,27.0,76.8,0.624,210.0,descent,labview_demo_csv
ARO-01,500,B_quadratic,surveillance,descent,1.628,0.363,27.0,77.1,0.656,210.0,descent,labview_demo_csv
ARO-01,501,B_quadratic,surveillance,descent,1.624,0.347,26.9,77.5,0.625,210.0,descent,labview_demo_csv
ARO-01,502,B_quadratic,surveillance,descent,1.627,0.348,26.7,77.3,0.627,210.0,descent,labview_demo_csv
ARO-01,503,B_quadratic,surveillance,descent,1.680,0.356,26.7,77.3,0.643,210.0,descent,labview_demo_csv
ARO-01,504,B_quadratic,surveillance,descent,1.664,0.359,26.8,76.8,0.647,210.0,descent,labview_demo_csv
ARO-01,505,B_quadratic,surveillance,descent,1.650,0.347,26.6,76.7,0.626,210.0,descent,labview_demo_csv
ARO-01,506,B_quadratic,surveillance,descent,1.586,0.346,26.5,76.9,0.624,210.0,descent,labview_demo_csv
ARO-01,507,B_quadratic,surveillance,descent,1.570,0.353,26.6,77.0,0.637,210.0,descent,labview_demo_csv
ARO-01,508,B_quadratic,surveillance,pause,1.608,0.000,26.5,77.0,0.000,210.0,pause,labview_demo_csv
ARO-01,509,B_quadratic,surveillance,pause,1.573,0.000,26.3,76.7,0.000,210.0,pause,labview_demo_csv
ARO-01,510,B_quadratic,surveillance,pause,1.619,0.000,26.3,76.6,0.000,210.0,pause,labview_demo_csv
ARO-01,511,B_quadratic,surveillance,pause,1.615,0.001,26.2,76.7,0.002,210.0,pause,labview_demo_csv
ARO-01,512,B_quadratic,surveillance,pause,1.571,0.000,26.1,76.5,0.000,210.0,pause,labview_demo_csv
ARO-01,513,B_quadratic,surveillance,pause,1.591,0.000,26.1,76.7,0.000,210.0,pause,labview_demo_csv
ARO-01,514,B_quadratic,surveillance,pause,1.568,0.001,26.0,76.8,0.002,210.0,pause,labview_demo_csv
ARO-01,515,B_quadratic,surveillance,pause,1.614,0.015,25.9,76.9,0.027,210.0,pause,labview_demo_csv
ARO-01,516,B_quadratic,surveillance,pause,1.592,0.003,25.8,77.0,0.005,210.0,pause,labview_demo_csv
ARO-01,517,B_quadratic,surveillance,pause,1.588,0.000,25.9,77.1,0.000,210.0,pause,labview_demo_csv
ARO-01,518,B_quadratic,surveillance,pause,1.570,0.000,25.9,77.1,0.000,210.0,pause,labview_demo_csv
ARO-01,519,B_quadratic,surveillance,pause,1.621,0.000,25.8,76.8,0.000,210.0,pause,labview_demo_csv
ARO-01,520,B_quadratic,surveillance,pause,1.605,0.006,25.7,76.8,0.010,210.0,pause,labview_demo_csv
ARO-01,521,B_quadratic,surveillance,pause,1.630,0.003,25.7,76.9,0.005,210.0,pause,labview_demo_csv
ARO-01,522,B_quadratic,surveillance,pause,1.638,0.003,25.7,77.1,0.005,210.0,pause,labview_demo_csv
ARO-01,523,B_quadratic,surveillance,pause,1.674,0.000,25.7,76.9,0.000,210.0,pause,labview_demo_csv
ARO-01,524,B_quadratic,surveillance,pause,1.620,0.000,25.7,76.9,0.000,210.0,pause,labview_demo_csv
ARO-01,525,B_quadratic,surveillance,pause,1.675,0.000,25.6,77.1,0.000,210.0,pause,labview_demo_csv
ARO-01,526,B_quadratic,surveillance,pause,1.665,0.000,25.7,76.8,0.000,210.0,pause,labview_demo_csv
ARO-01,527,B_quadratic,surveillance,pause,1.651,0.000,25.6,76.7,0.000,210.0,pause,labview_demo_csv
ARO-01,528,B_quadratic,surveillance,ascent,1.673,1.358,25.8,76.6,2.450,210.0,ascent,labview_demo_csv
ARO-01,529,B_quadratic,surveillance,ascent,1.643,1.362,26.0,76.4,2.457,210.0,ascent,labview_demo_csv
ARO-01,530,B_quadratic,surveillance,ascent,1.703,1.360,26.2,76.2,2.453,210.0,ascent,labview_demo_csv
ARO-01,531,B_quadratic,surveillance,ascent,1.683,1.367,26.4,76.1,2.467,210.0,ascent,labview_demo_csv
ARO-01,532,B_quadratic,surveillance,ascent,1.689,1.363,26.5,75.6,2.459,210.0,ascent,labview_demo_csv
ARO-01,533,B_quadratic,surveillance,ascent,1.743,1.366,26.6,75.5,2.465,210.0,ascent,labview_demo_csv
ARO-01,534,B_quadratic,surveillance,ascent,1.664,1.370,26.7,75.3,2.473,210.0,ascent,labview_demo_csv
ARO-01,535,B_quadratic,surveillance,ascent,1.721,1.361,26.9,75.5,2.455,210.0,ascent,labview_demo_csv
ARO-01,536,B_quadratic,surveillance,ascent,1.722,1.357,26.9,75.3,2.448,210.0,ascent,labview_demo_csv
ARO-01,537,B_quadratic,surveillance,ascent,1.689,1.346,27.0,75.1,2.428,210.0,ascent,labview_demo_csv
ARO-01,538,B_quadratic,surveillance,ascent,1.714,1.382,27.1,74.8,2.494,210.0,ascent,labview_demo_csv
ARO-01,539,B_quadratic,surveillance,ascent,1.664,1.349,27.2,74.9,2.434,210.0,ascent,labview_demo_csv
ARO-01,540,B_quadratic,surveillance,descent,1.677,0.348,27.1,74.8,0.627,210.0,descent,labview_demo_csv
ARO-01,541,B_quadratic,surveillance,descent,1.656,0.343,27.1,74.9,0.619,210.0,descent,labview_demo_csv
ARO-01,542,B_quadratic,surveillance,descent,1.667,0.351,27.1,75.1,0.633,210.0,descent,labview_demo_csv
ARO-01,543,B_quadratic,surveillance,descent,1.639,0.350,27.0,75.0,0.631,210.0,descent,labview_demo_csv
ARO-01,544,B_quadratic,surveillance,descent,1.683,0.344,26.9,74.9,0.621,210.0,descent,labview_demo_csv
ARO-01,545,B_quadratic,surveillance,descent,1.726,0.365,26.8,75.0,0.659,210.0,descent,labview_demo_csv
ARO-01,546,B_quadratic,surveillance,descent,1.642,0.353,26.9,74.8,0.637,210.0,descent,labview_demo_csv
ARO-01,547,B_quadratic,surveillance,descent,1.657,0.346,26.8,74.7,0.624,210.0,descent,labview_demo_csv
ARO-01,548,B_quadratic,surveillance,descent,1.639,0.348,26.8,74.6,0.628,210.0,descent,labview_demo_csv
ARO-01,549,B_quadratic,surveillance,descent,1.625,0.352,26.8,74.7,0.635,210.0,descent,labview_demo_csv
ARO-01,550,B_quadratic,surveillance,descent,1.624,0.348,26.8,74.4,0.628,210.0,descent,labview_demo_csv
ARO-01,551,B_quadratic,surveillance,descent,1.578,0.349,26.7,74.4,0.630,210.0,descent,labview_demo_csv
ARO-01,552,B_quadratic,surveillance,pause,1.612,0.000,26.7,74.3,0.000,210.0,pause,labview_demo_csv
ARO-01,553,B_quadratic,surveillance,pause,1.627,0.004,26.6,74.7,0.008,210.0,pause,labview_demo_csv
ARO-01,554,B_quadratic,surveillance,pause,1.573,0.006,26.5,74.8,0.011,210.0,pause,labview_demo_csv
ARO-01,555,B_quadratic,surveillance,pause,1.605,0.001,26.4,74.6,0.002,210.0,pause,labview_demo_csv
ARO-01,556,B_quadratic,surveillance,pause,1.564,0.000,26.3,74.7,0.000,210.0,pause,labview_demo_csv
ARO-01,557,B_quadratic,surveillance,pause,1.594,0.001,26.3,74.7,0.002,210.0,pause,labview_demo_csv
ARO-01,558,B_quadratic,surveillance,pause,1.579,0.006,26.2,74.9,0.012,210.0,pause,labview_demo_csv
ARO-01,559,B_quadratic,surveillance,pause,1.599,0.005,26.2,75.0,0.010,210.0,pause,labview_demo_csv
ARO-01,560,B_quadratic,surveillance,pause,1.549,0.000,26.2,75.0,0.000,210.0,pause,labview_demo_csv
ARO-01,561,B_quadratic,surveillance,pause,1.572,0.000,26.2,75.2,0.000,210.0,pause,labview_demo_csv
ARO-01,562,B_quadratic,surveillance,pause,1.604,0.000,26.1,75.4,0.000,210.0,pause,labview_demo_csv
ARO-01,563,B_quadratic,surveillance,pause,1.589,0.000,26.1,75.5,0.000,210.0,pause,labview_demo_csv
ARO-01,564,B_quadratic,surveillance,pause,1.580,0.015,26.1,75.7,0.028,210.0,pause,labview_demo_csv
ARO-01,565,B_quadratic,surveillance,pause,1.630,0.000,26.1,75.5,0.000,210.0,pause,labview_demo_csv
ARO-01,566,B_quadratic,surveillance,pause,1.577,0.012,26.1,75.5,0.022,210.0,pause,labview_demo_csv
ARO-01,567,B_quadratic,surveillance,pause,1.651,0.000,26.0,75.4,0.000,210.0,pause,labview_demo_csv
ARO-01,568,B_quadratic,surveillance,pause,1.641,0.000,26.0,75.5,0.000,210.0,pause,labview_demo_csv
ARO-01,569,B_quadratic,surveillance,pause,1.630,0.000,26.0,75.6,0.000,210.0,pause,labview_demo_csv
ARO-01,570,B_quadratic,surveillance,pause,1.676,0.001,26.0,75.4,0.002,210.0,pause,labview_demo_csv
ARO-01,571,B_quadratic,surveillance,pause,1.635,0.001,26.0,75.5,0.002,210.0,pause,labview_demo_csv
ARO-01,572,B_quadratic,surveillance,ascent,1.703,1.362,26.2,75.4,2.457,210.0,ascent,labview_demo_csv
ARO-01,573,B_quadratic,surveillance,ascent,1.637,1.364,26.4,75.4,2.460,210.0,ascent,labview_demo_csv
ARO-01,574,B_quadratic,surveillance,ascent,1.705,1.352,26.5,75.2,2.439,210.0,ascent,labview_demo_csv
ARO-01,575,B_quadratic,surveillance,ascent,1.687,1.364,26.6,75.5,2.462,210.0,ascent,labview_demo_csv
ARO-01,576,B_quadratic,surveillance,ascent,1.723,1.376,26.8,75.6,2.483,210.0,ascent,labview_demo_csv
ARO-01,577,B_quadratic,surveillance,ascent,1.740,1.366,26.9,75.2,2.465,210.0,ascent,labview_demo_csv
ARO-01,578,B_quadratic,surveillance,ascent,1.685,1.357,27.0,74.9,2.448,210.0,ascent,labview_demo_csv
ARO-01,579,B_quadratic,surveillance,ascent,1.661,1.368,27.0,74.8,2.469,210.0,ascent,labview_demo_csv
ARO-01,580,B_quadratic,surveillance,ascent,1.695,1.359,27.2,74.7,2.452,210.0,ascent,labview_demo_csv
ARO-01,581,B_quadratic,surveillance,ascent,1.674,1.346,27.1,74.7,2.429,210.0,ascent,labview_demo_csv
ARO-01,582,B_quadratic,surveillance,ascent,1.687,1.365,27.2,74.5,2.462,210.0,ascent,labview_demo_csv
ARO-01,583,B_quadratic,surveillance,ascent,1.704,1.369,27.3,74.2,2.470,210.0,ascent,labview_demo_csv
ARO-01,584,B_quadratic,surveillance,descent,1.702,0.353,27.2,74.4,0.637,210.0,descent,labview_demo_csv
ARO-01,585,B_quadratic,surveillance,descent,1.665,0.354,27.2,74.7,0.639,210.0,descent,labview_demo_csv
ARO-01,586,B_quadratic,surveillance,descent,1.662,0.345,27.3,74.9,0.622,210.0,descent,labview_demo_csv
ARO-01,587,B_quadratic,surveillance,descent,1.647,0.351,27.2,74.7,0.633,210.0,descent,labview_demo_csv
ARO-01,588,B_quadratic,surveillance,descent,1.646,0.356,27.1,74.8,0.642,210.0,descent,labview_demo_csv
ARO-01,589,B_quadratic,surveillance,descent,1.621,0.360,27.2,75.1,0.649,210.0,descent,labview_demo_csv
ARO-01,590,B_quadratic,surveillance,descent,1.620,0.342,27.3,74.9,0.618,210.0,descent,labview_demo_csv
ARO-01,591,B_quadratic,surveillance,descent,1.678,0.334,27.3,74.7,0.603,210.0,descent,labview_demo_csv
ARO-01,592,B_quadratic,surveillance,descent,1.649,0.347,27.2,74.7,0.627,210.0,descent,labview_demo_csv
ARO-01,593,B_quadratic,surveillance,descent,1.589,0.358,27.2,74.6,0.646,210.0,descent,labview_demo_csv
ARO-01,594,B_quadratic,surveillance,descent,1.625,0.360,27.2,74.6,0.650,210.0,descent,labview_demo_csv
ARO-01,595,B_quadratic,surveillance,descent,1.602,0.354,27.0,74.8,0.639,210.0,descent,labview_demo_csv
ARO-01,596,B_quadratic,surveillance,pause,1.636,0.000,27.0,74.7,0.000,210.0,pause,labview_demo_csv
ARO-01,597,B_quadratic,surveillance,pause,1.642,0.000,27.0,74.7,0.000,210.0,pause,labview_demo_csv
ARO-01,598,B_quadratic,surveillance,pause,1.599,0.000,26.9,74.6,0.000,210.0,pause,labview_demo_csv
ARO-01,599,B_quadratic,surveillance,pause,1.599,0.010,26.8,74.4,0.018,210.0,pause,labview_demo_csv
ARO-01,600,B_quadratic,surveillance,pause,1.590,0.000,26.8,74.6,0.000,210.0,pause,labview_demo_csv
ARO-01,601,B_quadratic,surveillance,pause,1.599,0.009,26.7,74.6,0.016,210.0,pause,labview_demo_csv
ARO-01,602,B_quadratic,surveillance,pause,1.586,0.007,26.8,75.0,0.012,210.0,pause,labview_demo_csv
ARO-01,603,B_quadratic,surveillance,pause,1.560,0.000,26.7,75.1,0.000,210.0,pause,labview_demo_csv
ARO-01,604,B_quadratic,surveillance,pause,1.578,0.001,26.7,75.2,0.002,210.0,pause,labview_demo_csv
ARO-01,605,B_quadratic,surveillance,pause,1.621,0.000,26.7,75.1,0.000,210.0,pause,labview_demo_csv
ARO-01,606,B_quadratic,surveillance,pause,1.588,0.000,26.6,75.0,0.000,210.0,pause,labview_demo_csv
ARO-01,607,B_quadratic,surveillance,pause,1.621,0.004,26.6,75.4,0.007,210.0,pause,labview_demo_csv
ARO-01,608,B_quadratic,surveillance,pause,1.592,0.009,26.5,75.4,0.017,210.0,pause,labview_demo_csv
ARO-01,609,B_quadratic,surveillance,pause,1.608,0.003,26.6,75.6,0.006,210.0,pause,labview_demo_csv
ARO-01,610,B_quadratic,surveillance,pause,1.644,0.000,26.6,75.5,0.000,210.0,pause,labview_demo_csv
ARO-01,611,B_quadratic,surveillance,pause,1.617,0.000,26.5,75.3,0.000,210.0,pause,labview_demo_csv
ARO-01,612,B_quadratic,surveillance,pause,1.697,0.000,26.6,75.4,0.000,210.0,pause,labview_demo_csv
ARO-01,613,B_quadratic,surveillance,pause,1.637,0.004,26.6,75.3,0.007,210.0,pause,labview_demo_csv
ARO-01,614,B_quadratic,surveillance,pause,1.680,0.000,26.6,75.0,0.000,210.0,pause,labview_demo_csv
ARO-01,615,B_quadratic,surveillance,pause,1.690,0.000,26.6,75.3,0.001,210.0,pause,labview_demo_csv
ARO-01,616,B_quadratic,surveillance,ascent,1.696,1.378,26.8,75.2,2.486,210.0,ascent,labview_demo_csv
ARO-01,617,B_quadratic,surveillance,ascent,1.703,1.360,27.0,75.0,2.454,210.0,ascent,labview_demo_csv
ARO-01,618,B_quadratic,surveillance,ascent,1.683,1.359,26.9,75.0,2.452,210.0,ascent,labview_demo_csv
ARO-01,619,B_quadratic,surveillance,ascent,1.708,1.372,27.1,74.9,2.476,210.0,ascent,labview_demo_csv
ARO-01,620,B_quadratic,surveillance,ascent,1.668,1.380,27.2,74.9,2.489,210.0,ascent,labview_demo_csv
ARO-01,621,B_quadratic,surveillance,ascent,1.659,1.360,27.2,74.9,2.455,210.0,ascent,labview_demo_csv
ARO-01,622,B_quadratic,surveillance,ascent,1.679,1.357,27.4,74.9,2.449,210.0,ascent,labview_demo_csv
ARO-01,623,B_quadratic,surveillance,ascent,1.732,1.378,27.5,74.8,2.487,210.0,ascent,labview_demo_csv
ARO-01,624,B_quadratic,surveillance,ascent,1.735,1.359,27.6,74.4,2.452,210.0,ascent,labview_demo_csv
ARO-01,625,B_quadratic,surveillance,ascent,1.686,1.359,27.5,74.6,2.453,210.0,ascent,labview_demo_csv
ARO-01,626,B_quadratic,surveillance,ascent,1.720,1.364,27.7,74.5,2.461,210.0,ascent,labview_demo_csv
ARO-01,627,B_quadratic,surveillance,ascent,1.692,1.362,27.7,74.2,2.457,210.0,ascent,labview_demo_csv
ARO-01,628,B_quadratic,surveillance,descent,1.697,0.351,27.7,74.3,0.632,210.0,descent,labview_demo_csv
ARO-01,629,B_quadratic,surveillance,descent,1.688,0.343,27.5,74.3,0.619,210.0,descent,labview_demo_csv
ARO-01,630,B_quadratic,surveillance,descent,1.705,0.350,27.5,74.0,0.631,210.0,descent,labview_demo_csv
ARO-01,631,B_quadratic,surveillance,descent,1.661,0.350,27.5,73.9,0.631,210.0,descent,labview_demo_csv
ARO-01,632,B_quadratic,surveillance,descent,1.679,0.342,27.4,74.5,0.616,210.0,descent,labview_demo_csv
ARO-01,633,B_quadratic,surveillance,descent,1.637,0.344,27.4,74.5,0.620,210.0,descent,labview_demo_csv
ARO-01,634,B_quadratic,surveillance,descent,1.638,0.353,27.4,74.8,0.637,210.0,descent,labview_demo_csv
ARO-01,635,B_quadratic,surveillance,descent,1.618,0.359,27.5,75.0,0.648,210.0,descent,labview_demo_csv
ARO-01,636,B_quadratic,surveillance,descent,1.633,0.365,27.4,75.0,0.658,210.0,descent,labview_demo_csv
ARO-01,637,B_quadratic,surveillance,descent,1.666,0.339,27.5,75.4,0.611,210.0,descent,labview_demo_csv
ARO-01,638,B_quadratic,surveillance,descent,1.626,0.363,27.4,75.1,0.655,210.0,descent,labview_demo_csv
ARO-01,639,B_quadratic,surveillance,descent,1.627,0.351,27.5,75.0,0.633,210.0,descent,labview_demo_csv
ARO-01,640,B_quadratic,surveillance,pause,1.575,0.005,27.4,75.2,0.008,210.0,pause,labview_demo_csv
ARO-01,641,B_quadratic,surveillance,pause,1.603,0.005,27.4,75.2,0.009,210.0,pause,labview_demo_csv
ARO-01,642,B_quadratic,surveillance,pause,1.621,0.000,27.4,74.9,0.000,210.0,pause,labview_demo_csv
ARO-01,643,B_quadratic,surveillance,pause,1.599,0.000,27.2,75.0,0.000,210.0,pause,labview_demo_csv
ARO-01,644,B_quadratic,surveillance,pause,1.627,0.000,27.2,74.9,0.000,210.0,pause,labview_demo_csv
ARO-01,645,B_quadratic,surveillance,pause,1.633,0.000,27.2,74.9,0.000,210.0,pause,labview_demo_csv
ARO-01,646,B_quadratic,surveillance,pause,1.556,0.000,27.2,74.8,0.000,210.0,pause,labview_demo_csv
ARO-01,647,B_quadratic,surveillance,pause,1.585,0.002,27.1,74.7,0.003,210.0,pause,labview_demo_csv
ARO-01,648,B_quadratic,surveillance,pause,1.586,0.000,27.0,75.0,0.000,210.0,pause,labview_demo_csv
ARO-01,649,B_quadratic,surveillance,pause,1.621,0.000,26.9,75.1,0.000,210.0,pause,labview_demo_csv
ARO-01,650,B_quadratic,surveillance,pause,1.595,0.008,27.1,75.0,0.014,210.0,pause,labview_demo_csv
ARO-01,651,B_quadratic,surveillance,pause,1.619,0.004,27.1,75.0,0.007,210.0,pause,labview_demo_csv
ARO-01,652,B_quadratic,surveillance,pause,1.589,0.004,27.1,74.9,0.008,210.0,pause,labview_demo_csv
ARO-01,653,B_quadratic,surveillance,pause,1.585,0.000,27.0,74.9,0.000,210.0,pause,labview_demo_csv
ARO-01,654,B_quadratic,surveillance,pause,1.645,0.000,27.0,75.0,0.000,210.0,pause,labview_demo_csv
ARO-01,655,B_quadratic,surveillance,pause,1.648,0.004,27.1,74.7,0.008,210.0,pause,labview_demo_csv
ARO-01,656,B_quadratic,surveillance,pause,1.671,0.000,27.0,74.9,0.000,210.0,pause,labview_demo_csv
ARO-01,657,B_quadratic,surveillance,pause,1.709,0.002,27.0,75.1,0.003,210.0,pause,labview_demo_csv
ARO-01,658,B_quadratic,surveillance,pause,1.666,0.003,27.0,75.1,0.005,210.0,pause,labview_demo_csv
ARO-01,659,B_quadratic,surveillance,pause,1.683,0.005,26.9,74.9,0.009,210.0,pause,labview_demo_csv
ARO-01,660,B_quadratic,surveillance,ascent,1.686,1.349,27.2,75.0,2.435,210.0,ascent,labview_demo_csv
ARO-01,661,B_quadratic,surveillance,ascent,1.719,1.360,27.3,74.7,2.454,210.0,ascent,labview_demo_csv
ARO-01,662,B_quadratic,surveillance,ascent,1.677,1.366,27.4,74.2,2.465,210.0,ascent,labview_demo_csv
ARO-01,663,B_quadratic,surveillance,ascent,1.699,1.362,27.5,74.4,2.457,210.0,ascent,labview_demo_csv
ARO-01,664,B_quadratic,surveillance,ascent,1.755,1.372,27.6,74.1,2.476,210.0,ascent,labview_demo_csv
ARO-01,665,B_quadratic,surveillance,ascent,1.699,1.361,27.8,74.3,2.455,210.0,ascent,labview_demo_csv
ARO-01,666,B_quadratic,surveillance,ascent,1.711,1.366,27.9,74.1,2.464,210.0,ascent,labview_demo_csv
ARO-01,667,B_quadratic,surveillance,ascent,1.731,1.366,27.9,73.6,2.465,210.0,ascent,labview_demo_csv
ARO-01,668,B_quadratic,surveillance,ascent,1.723,1.373,28.0,73.5,2.476,210.0,ascent,labview_demo_csv
ARO-01,669,B_quadratic,surveillance,ascent,1.705,1.369,28.0,73.2,2.470,210.0,ascent,labview_demo_csv
ARO-01,670,B_quadratic,surveillance,ascent,1.730,1.376,28.1,73.1,2.483,210.0,ascent,labview_demo_csv
ARO-01,671,B_quadratic,surveillance,ascent,1.696,1.366,28.2,73.1,2.465,210.0,ascent,labview_demo_csv
ARO-01,672,B_quadratic,surveillance,descent,1.665,0.349,28.1,73.3,0.629,210.0,descent,labview_demo_csv
ARO-01,673,B_quadratic,surveillance,descent,1.733,0.340,28.0,73.6,0.613,210.0,descent,labview_demo_csv
ARO-01,674,B_quadratic,surveillance,descent,1.711,0.356,27.9,73.4,0.643,210.0,descent,labview_demo_csv
ARO-01,675,B_quadratic,surveillance,descent,1.676,0.334,27.9,73.5,0.603,210.0,descent,labview_demo_csv
ARO-01,676,B_quadratic,surveillance,descent,1.685,0.344,27.7,73.3,0.621,210.0,descent,labview_demo_csv
ARO-01,677,B_quadratic,surveillance,descent,1.739,0.350,27.7,73.4,0.632,210.0,descent,labview_demo_csv
ARO-01,678,B_quadratic,surveillance,descent,1.677,0.341,27.6,73.5,0.616,210.0,descent,labview_demo_csv
ARO-01,679,B_quadratic,surveillance,descent,1.669,0.345,27.5,73.7,0.622,210.0,descent,labview_demo_csv
ARO-01,680,B_quadratic,surveillance,descent,1.639,0.360,27.6,73.8,0.650,210.0,descent,labview_demo_csv
ARO-01,681,B_quadratic,surveillance,descent,1.669,0.347,27.5,73.8,0.627,210.0,descent,labview_demo_csv
ARO-01,682,B_quadratic,surveillance,descent,1.609,0.345,27.5,74.0,0.623,210.0,descent,labview_demo_csv
ARO-01,683,B_quadratic,surveillance,descent,1.641,0.351,27.6,73.7,0.632,210.0,descent,labview_demo_csv
ARO-01,684,B_quadratic,surveillance,pause,1.546,0.002,27.3,73.5,0.003,210.0,pause,labview_demo_csv
ARO-01,685,B_quadratic,surveillance,pause,1.635,0.000,27.3,73.6,0.000,210.0,pause,labview_demo_csv
ARO-01,686,B_quadratic,surveillance,pause,1.615,0.001,27.3,73.5,0.001,210.0,pause,labview_demo_csv
ARO-01,687,B_quadratic,surveillance,pause,1.571,0.000,27.2,73.8,0.000,210.0,pause,labview_demo_csv
ARO-01,688,B_quadratic,surveillance,pause,1.634,0.012,27.2,73.5,0.021,210.0,pause,labview_demo_csv
ARO-01,689,B_quadratic,surveillance,pause,1.582,0.009,27.2,73.6,0.017,210.0,pause,labview_demo_csv
ARO-01,690,B_quadratic,surveillance,pause,1.598,0.010,27.3,73.7,0.017,210.0,pause,labview_demo_csv
ARO-01,691,B_quadratic,surveillance,pause,1.617,0.000,27.2,73.6,0.000,210.0,pause,labview_demo_csv
ARO-01,692,B_quadratic,surveillance,pause,1.630,0.006,27.2,73.6,0.011,210.0,pause,labview_demo_csv
ARO-01,693,B_quadratic,surveillance,pause,1.625,0.007,27.2,73.8,0.013,210.0,pause,labview_demo_csv
ARO-01,694,B_quadratic,surveillance,pause,1.596,0.000,27.3,73.9,0.000,210.0,pause,labview_demo_csv
ARO-01,695,B_quadratic,surveillance,pause,1.578,0.000,27.2,74.1,0.000,210.0,pause,labview_demo_csv
ARO-01,696,B_quadratic,surveillance,pause,1.606,0.012,27.1,74.2,0.022,210.0,pause,labview_demo_csv
ARO-01,697,B_quadratic,surveillance,pause,1.620,0.000,27.1,74.0,0.000,210.0,pause,labview_demo_csv
ARO-01,698,B_quadratic,surveillance,pause,1.605,0.008,27.0,74.2,0.014,210.0,pause,labview_demo_csv
ARO-01,699,B_quadratic,surveillance,pause,1.613,0.003,27.0,74.1,0.005,210.0,pause,labview_demo_csv
ARO-01,700,B_quadratic,surveillance,pause,1.645,0.000,27.0,73.9,0.000,210.0,pause,labview_demo_csv
ARO-01,701,B_quadratic,surveillance,pause,1.618,0.008,26.9,73.9,0.014,210.0,pause,labview_demo_csv
ARO-01,702,B_quadratic,surveillance,pause,1.702,0.000,26.8,73.7,0.000,210.0,pause,labview_demo_csv
ARO-01,703,B_quadratic,surveillance,pause,1.686,0.007,26.8,73.8,0.013,210.0,pause,labview_demo_csv
ARO-01,704,B_quadratic,surveillance,ascent,1.695,1.360,26.9,73.4,2.455,210.0,ascent,labview_demo_csv
ARO-01,705,B_quadratic,surveillance,ascent,1.650,1.369,27.1,73.2,2.470,210.0,ascent,labview_demo_csv
ARO-01,706,B_quadratic,surveillance,ascent,1.691,1.369,27.2,73.0,2.471,210.0,ascent,labview_demo_csv
ARO-01,707,B_quadratic,surveillance,ascent,1.656,1.367,27.4,73.0,2.466,210.0,ascent,labview_demo_csv
ARO-01,708,B_quadratic,surveillance,ascent,1.708,1.360,27.5,73.1,2.454,210.0,ascent,labview_demo_csv
ARO-01,709,B_quadratic,surveillance,ascent,1.724,1.360,27.7,72.8,2.454,210.0,ascent,labview_demo_csv
ARO-01,710,B_quadratic,surveillance,ascent,1.686,1.353,27.8,73.0,2.441,210.0,ascent,labview_demo_csv
ARO-01,711,B_quadratic,surveillance,ascent,1.701,1.365,27.9,73.0,2.463,210.0,ascent,labview_demo_csv
ARO-01,712,B_quadratic,surveillance,ascent,1.722,1.370,28.1,72.9,2.471,210.0,ascent,labview_demo_csv
ARO-01,713,B_quadratic,surveillance,ascent,1.734,1.380,28.2,72.8,2.491,210.0,ascent,labview_demo_csv
ARO-01,714,B_quadratic,surveillance,ascent,1.699,1.380,28.3,72.6,2.490,210.0,ascent,labview_demo_csv
ARO-01,715,B_quadratic,surveillance,ascent,1.672,1.358,28.3,72.6,2.451,210.0,ascent,labview_demo_csv
ARO-01,716,B_quadratic,surveillance,descent,1.756,0.340,28.2,72.8,0.613,210.0,descent,labview_demo_csv
ARO-01,717,B_quadratic,surveillance,descent,1.676,0.358,28.1,72.8,0.647,210.0,descent,labview_demo_csv
ARO-01,718,B_quadratic,surveillance,descent,1.698,0.356,28.0,72.8,0.643,210.0,descent,labview_demo_csv
ARO-01,719,B_quadratic,surveillance,descent,1.678,0.351,28.1,73.0,0.633,210.0,descent,labview_demo_csv
ARO-01,720,B_quadratic,surveillance,descent,1.649,0.344,28.1,73.1,0.620,210.0,descent,labview_demo_csv
ARO-01,721,B_quadratic,surveillance,descent,1.609,0.337,28.0,73.2,0.607,210.0,descent,labview_demo_csv
ARO-01,722,B_quadratic,surveillance,descent,1.625,0.352,28.0,73.1,0.635,210.0,descent,labview_demo_csv
ARO-01,723,B_quadratic,surveillance,descent,1.625,0.345,27.9,73.3,0.623,210.0,descent,labview_demo_csv
ARO-01,724,B_quadratic,surveillance,descent,1.642,0.351,27.8,73.3,0.633,210.0,descent,labview_demo_csv
ARO-01,725,B_quadratic,surveillance,descent,1.601,0.355,27.9,73.6,0.641,210.0,descent,labview_demo_csv
ARO-01,726,B_quadratic,surveillance,descent,1.640,0.359,27.9,73.4,0.648,210.0,descent,labview_demo_csv
ARO-01,727,B_quadratic,surveillance,descent,1.595,0.350,27.9,73.5,0.632,210.0,descent,labview_demo_csv
ARO-01,728,B_quadratic,surveillance,pause,1.597,0.000,27.8,73.1,0.000,210.0,pause,labview_demo_csv
ARO-01,729,B_quadratic,surveillance,pause,1.593,0.000,27.7,73.3,0.000,210.0,pause,labview_demo_csv
ARO-01,730,B_quadratic,surveillance,pause,1.591,0.001,27.6,73.3,0.002,210.0,pause,labview_demo_csv
ARO-01,731,B_quadratic,surveillance,pause,1.563,0.000,27.6,73.7,0.000,210.0,pause,labview_demo_csv
ARO-01,732,B_quadratic,surveillance,pause,1.608,0.000,27.6,73.8,0.000,210.0,pause,labview_demo_csv
ARO-01,733,B_quadratic,surveillance,pause,1.595,0.001,27.6,73.9,0.001,210.0,pause,labview_demo_csv
ARO-01,734,B_quadratic,surveillance,pause,1.631,0.004,27.7,74.1,0.008,210.0,pause,labview_demo_csv
ARO-01,735,B_quadratic,surveillance,pause,1.625,0.000,27.6,74.0,0.000,210.0,pause,labview_demo_csv
ARO-01,736,B_quadratic,surveillance,pause,1.582,0.000,27.6,73.8,0.000,210.0,pause,labview_demo_csv
ARO-01,737,B_quadratic,surveillance,pause,1.594,0.001,27.5,73.6,0.002,210.0,pause,labview_demo_csv
ARO-01,738,B_quadratic,surveillance,pause,1.589,0.001,27.6,73.8,0.001,210.0,pause,labview_demo_csv
ARO-01,739,B_quadratic,surveillance,pause,1.576,0.000,27.5,73.8,0.000,210.0,pause,labview_demo_csv
ARO-01,740,B_quadratic,surveillance,pause,1.571,0.002,27.6,73.5,0.004,210.0,pause,labview_demo_csv
ARO-01,741,B_quadratic,surveillance,pause,1.607,0.004,27.5,73.3,0.008,210.0,pause,labview_demo_csv
ARO-01,742,B_quadratic,surveillance,pause,1.631,0.000,27.4,73.5,0.000,210.0,pause,labview_demo_csv
ARO-01,743,B_quadratic,surveillance,pause,1.614,0.000,27.3,73.7,0.000,210.0,pause,labview_demo_csv
ARO-01,744,B_quadratic,surveillance,pause,1.638,0.000,27.2,73.7,0.000,210.0,pause,labview_demo_csv
ARO-01,745,B_quadratic,surveillance,pause,1.670,0.000,27.2,73.6,0.000,210.0,pause,labview_demo_csv
ARO-01,746,B_quadratic,surveillance,pause,1.621,0.008,27.2,73.1,0.015,210.0,pause,labview_demo_csv
ARO-01,747,B_quadratic,surveillance,pause,1.691,0.001,27.2,72.9,0.002,210.0,pause,labview_demo_csv
ARO-01,748,B_quadratic,surveillance,ascent,1.715,0.786,27.2,72.8,1.419,75.0,ascent,labview_demo_csv
ARO-01,749,B_quadratic,surveillance,ascent,1.705,0.776,27.3,72.9,1.400,75.0,ascent,labview_demo_csv
ARO-01,750,B_quadratic,surveillance,ascent,1.689,0.784,27.5,73.0,1.415,75.0,ascent,labview_demo_csv
ARO-01,751,B_quadratic,surveillance,ascent,1.714,0.802,27.5,73.1,1.448,75.0,ascent,labview_demo_csv
ARO-01,752,B_quadratic,surveillance,ascent,1.697,0.782,27.6,73.4,1.411,75.0,ascent,labview_demo_csv
ARO-01,753,B_quadratic,surveillance,ascent,1.714,0.792,27.7,73.3,1.430,75.0,ascent,labview_demo_csv
ARO-01,754,B_quadratic,surveillance,ascent,1.721,0.788,27.7,73.4,1.422,75.0,ascent,labview_demo_csv
ARO-01,755,B_quadratic,surveillance,ascent,1.744,0.778,27.7,73.2,1.404,75.0,ascent,labview_demo_csv
ARO-01,756,B_quadratic,surveillance,ascent,1.711,0.783,27.9,73.1,1.414,75.0,ascent,labview_demo_csv
ARO-01,757,B_quadratic,surveillance,ascent,1.701,0.785,27.9,73.0,1.416,75.0,ascent,labview_demo_csv
ARO-01,758,B_quadratic,surveillance,ascent,1.696,0.793,28.0,72.9,1.431,75.0,ascent,labview_demo_csv
ARO-01,759,B_quadratic,surveillance,ascent,1.667,0.800,28.0,73.0,1.443,75.0,ascent,labview_demo_csv
ARO-01,760,B_quadratic,surveillance,descent,1.715,0.351,28.0,72.8,0.633,75.0,descent,labview_demo_csv
ARO-01,761,B_quadratic,surveillance,descent,1.642,0.363,27.9,72.7,0.655,75.0,descent,labview_demo_csv
ARO-01,762,B_quadratic,surveillance,descent,1.697,0.353,27.9,72.5,0.637,75.0,descent,labview_demo_csv
ARO-01,763,B_quadratic,surveillance,descent,1.641,0.336,27.9,72.3,0.606,75.0,descent,labview_demo_csv
ARO-01,764,B_quadratic,surveillance,descent,1.723,0.347,27.9,72.2,0.627,75.0,descent,labview_demo_csv
ARO-01,765,B_quadratic,surveillance,descent,1.683,0.351,27.8,72.2,0.634,75.0,descent,labview_demo_csv
ARO-01,766,B_quadratic,surveillance,descent,1.653,0.349,28.0,72.3,0.630,75.0,descent,labview_demo_csv
ARO-01,767,B_quadratic,surveillance,descent,1.619,0.355,27.9,72.2,0.641,75.0,descent,labview_demo_csv
ARO-01,768,B_quadratic,surveillance,descent,1.612,0.347,27.9,72.4,0.625,75.0,descent,labview_demo_csv
ARO-01,769,B_quadratic,surveillance,descent,1.647,0.347,27.8,72.1,0.626,75.0,descent,labview_demo_csv
ARO-01,770,B_quadratic,surveillance,descent,1.609,0.347,27.8,72.1,0.626,75.0,descent,labview_demo_csv
ARO-01,771,B_quadratic,surveillance,descent,1.631,0.364,27.8,72.0,0.657,75.0,descent,labview_demo_csv
ARO-01,772,B_quadratic,surveillance,pause,1.620,0.000,27.8,72.1,0.000,75.0,pause,labview_demo_csv
ARO-01,773,B_quadratic,surveillance,pause,1.652,0.000,27.7,72.4,0.000,75.0,pause,labview_demo_csv
ARO-01,774,B_quadratic,surveillance,pause,1.559,0.000,27.7,72.3,0.000,75.0,pause,labview_demo_csv
ARO-01,775,B_quadratic,surveillance,pause,1.559,0.000,27.6,72.2,0.000,75.0,pause,labview_demo_csv
ARO-01,776,B_quadratic,surveillance,pause,1.584,0.007,27.6,72.4,0.012,75.0,pause,labview_demo_csv
ARO-01,777,B_quadratic,surveillance,pause,1.565,0.000,27.5,72.6,0.000,75.0,pause,labview_demo_csv
ARO-01,778,B_quadratic,surveillance,pause,1.552,0.000,27.4,72.5,0.000,75.0,pause,labview_demo_csv
ARO-01,779,B_quadratic,surveillance,pause,1.575,0.015,27.3,72.4,0.028,75.0,pause,labview_demo_csv
ARO-01,780,B_quadratic,surveillance,pause,1.642,0.003,27.2,72.7,0.005,75.0,pause,labview_demo_csv
ARO-01,781,B_quadratic,surveillance,pause,1.621,0.000,27.2,72.7,0.000,75.0,pause,labview_demo_csv
ARO-01,782,B_quadratic,surveillance,pause,1.614,0.010,27.1,72.6,0.018,75.0,pause,labview_demo_csv
ARO-01,783,B_quadratic,surveillance,pause,1.611,0.000,27.2,72.8,0.000,75.0,pause,labview_demo_csv
ARO-01,784,B_quadratic,surveillance,pause,1.610,0.000,27.2,72.8,0.000,75.0,pause,labview_demo_csv
ARO-01,785,B_quadratic,surveillance,pause,1.621,0.007,27.4,72.7,0.012,75.0,pause,labview_demo_csv
ARO-01,786,B_quadratic,surveillance,pause,1.629,0.004,27.4,72.7,0.008,75.0,pause,labview_demo_csv
ARO-01,787,B_quadratic,surveillance,pause,1.649,0.006,27.4,72.7,0.011,75.0,pause,labview_demo_csv
ARO-01,788,B_quadratic,surveillance,pause,1.656,0.008,27.5,73.0,0.014,75.0,pause,labview_demo_csv
ARO-01,789,B_quadratic,surveillance,pause,1.648,0.000,27.5,72.7,0.000,75.0,pause,labview_demo_csv
ARO-01,790,B_quadratic,surveillance,pause,1.683,0.006,27.4,72.8,0.010,75.0,pause,labview_demo_csv
ARO-01,791,B_quadratic,surveillance,pause,1.672,0.000,27.3,72.7,0.000,75.0,pause,labview_demo_csv
ARO-01,792,B_quadratic,surveillance,ascent,1.663,0.807,27.4,72.4,1.456,75.0,ascent,labview_demo_csv
ARO-01,793,B_quadratic,surveillance,ascent,1.687,0.793,27.5,72.3,1.430,75.0,ascent,labview_demo_csv
ARO-01,794,B_quadratic,surveillance,ascent,1.678,0.797,27.7,72.4,1.438,75.0,ascent,labview_demo_csv
ARO-01,795,B_quadratic,surveillance,ascent,1.708,0.791,27.9,72.4,1.427,75.0,ascent,labview_demo_csv
ARO-01,796,B_quadratic,surveillance,ascent,1.712,0.783,27.9,72.4,1.413,75.0,ascent,labview_demo_csv
ARO-01,797,B_quadratic,surveillance,ascent,1.695,0.791,28.0,72.3,1.426,75.0,ascent,labview_demo_csv
ARO-01,798,B_quadratic,surveillance,ascent,1.695,0.792,28.1,72.1,1.429,75.0,ascent,labview_demo_csv
ARO-01,799,B_quadratic,surveillance,ascent,1.713,0.797,28.2,72.1,1.439,75.0,ascent,labview_demo_csv
ARO-01,800,B_quadratic,surveillance,ascent,1.715,0.801,28.3,72.2,1.445,75.0,ascent,labview_demo_csv
ARO-01,801,B_quadratic,surveillance,ascent,1.686,0.794,28.3,72.0,1.433,75.0,ascent,labview_demo_csv
ARO-01,802,B_quadratic,surveillance,ascent,1.684,0.785,28.3,72.0,1.416,75.0,ascent,labview_demo_csv
ARO-01,803,B_quadratic,surveillance,ascent,1.697,0.793,28.4,72.1,1.431,75.0,ascent,labview_demo_csv
ARO-01,804,B_quadratic,surveillance,descent,1.713,0.354,28.4,72.0,0.639,75.0,descent,labview_demo_csv
ARO-01,805,B_quadratic,surveillance,descent,1.691,0.350,28.3,72.0,0.631,75.0,descent,labview_demo_csv
ARO-01,806,B_quadratic,surveillance,descent,1.683,0.340,28.3,71.9,0.613,75.0,descent,labview_demo_csv
ARO-01,807,B_quadratic,surveillance,descent,1.662,0.357,28.2,71.8,0.645,75.0,descent,labview_demo_csv
ARO-01,808,B_quadratic,surveillance,descent,1.644,0.352,28.1,71.6,0.635,75.0,descent,labview_demo_csv
ARO-01,809,B_quadratic,surveillance,descent,1.606,0.360,28.1,71.8,0.649,75.0,descent,labview_demo_csv
ARO-01,810,B_quadratic,surveillance,descent,1.683,0.355,28.1,71.7,0.641,75.0,descent,labview_demo_csv
ARO-01,811,B_quadratic,surveillance,descent,1.650,0.345,28.1,71.7,0.622,75.0,descent,labview_demo_csv
ARO-01,812,B_quadratic,surveillance,descent,1.660,0.358,28.0,71.8,0.645,75.0,descent,labview_demo_csv
ARO-01,813,B_quadratic,surveillance,descent,1.621,0.351,28.0,71.4,0.632,75.0,descent,labview_demo_csv
ARO-01,814,B_quadratic,surveillance,descent,1.602,0.345,28.0,71.5,0.622,75.0,descent,labview_demo_csv
ARO-01,815,B_quadratic,surveillance,descent,1.630,0.363,28.1,71.2,0.655,75.0,descent,labview_demo_csv
ARO-01,816,B_quadratic,surveillance,pause,1.638,0.000,28.0,71.4,0.000,75.0,pause,labview_demo_csv
ARO-01,817,B_quadratic,surveillance,pause,1.563,0.009,28.0,71.5,0.017,75.0,pause,labview_demo_csv
ARO-01,818,B_quadratic,surveillance,pause,1.582,0.000,28.1,71.3,0.000,75.0,pause,labview_demo_csv
ARO-01,819,B_quadratic,surveillance,pause,1.635,0.000,28.0,71.5,0.000,75.0,pause,labview_demo_csv
ARO-01,820,B_quadratic,surveillance,pause,1.609,0.006,27.8,71.6,0.010,75.0,pause,labview_demo_csv
ARO-01,821,B_quadratic,surveillance,pause,1.567,0.000,27.7,71.9,0.000,75.0,pause,labview_demo_csv
ARO-01,822,B_quadratic,surveillance,pause,1.603,0.002,27.6,71.4,0.004,75.0,pause,labview_demo_csv
ARO-01,823,B_quadratic,surveillance,pause,1.584,0.002,27.7,71.4,0.004,75.0,pause,labview_demo_csv
ARO-01,824,B_quadratic,surveillance,pause,1.585,0.000,27.6,71.2,0.000,75.0,pause,labview_demo_csv
ARO-01,825,B_quadratic,surveillance,pause,1.569,0.000,27.7,71.1,0.000,75.0,pause,labview_demo_csv
ARO-01,826,B_quadratic,surveillance,pause,1.587,0.007,27.5,71.2,0.012,75.0,pause,labview_demo_csv
ARO-01,827,B_quadratic,surveillance,pause,1.613,0.000,27.5,71.3,0.000,75.0,pause,labview_demo_csv
ARO-01,828,B_quadratic,surveillance,pause,1.595,0.006,27.5,71.1,0.011,75.0,pause,labview_demo_csv
ARO-01,829,B_quadratic,surveillance,pause,1.684,0.003,27.6,71.0,0.006,75.0,pause,labview_demo_csv
ARO-01,830,B_quadratic,surveillance,pause,1.600,0.000,27.5,71.2,0.000,75.0,pause,labview_demo_csv
ARO-01,831,B_quadratic,surveillance,pause,1.644,0.000,27.4,71.2,0.000,75.0,pause,labview_demo_csv
ARO-01,832,B_quadratic,surveillance,pause,1.602,0.007,27.4,71.3,0.013,75.0,pause,labview_demo_csv
ARO-01,833,B_quadratic,surveillance,pause,1.645,0.008,27.4,71.4,0.015,75.0,pause,labview_demo_csv
ARO-01,834,B_quadratic,surveillance,pause,1.701,0.006,27.4,71.6,0.012,75.0,pause,labview_demo_csv
ARO-01,835,B_quadratic,surveillance,pause,1.703,0.000,27.3,71.6,0.000,75.0,pause,labview_demo_csv
ARO-01,836,B_quadratic,surveillance,ascent,1.672,0.794,27.4,71.6,1.432,75.0,ascent,labview_demo_csv
ARO-01,837,B_quadratic,surveillance,ascent,1.705,0.800,27.4,72.1,1.444,75.0,ascent,labview_demo_csv
ARO-01,838,B_quadratic,surveillance,ascent,1.691,0.793,27.5,72.0,1.430,75.0,ascent,labview_demo_csv
ARO-01,839,B_quadratic,surveillance,ascent,1.687,0.779,27.7,71.5,1.406,75.0,ascent,labview_demo_csv
ARO-01,840,B_quadratic,surveillance,ascent,1.665,0.782,27.7,71.4,1.412,75.0,ascent,labview_demo_csv
ARO-01,841,B_quadratic,surveillance,ascent,1.716,0.786,27.8,71.1,1.418,75.0,ascent,labview_demo_csv
ARO-01,842,B_quadratic,surveillance,ascent,1.693,0.796,27.9,70.8,1.437,75.0,ascent,labview_demo_csv
ARO-01,843,B_quadratic,surveillance,ascent,1.689,0.791,27.9,70.9,1.427,75.0,ascent,labview_demo_csv
ARO-01,844,B_quadratic,surveillance,ascent,1.712,0.792,28.0,71.1,1.430,75.0,ascent,labview_demo_csv
ARO-01,845,B_quadratic,surveillance,ascent,1.681,0.796,28.0,71.1,1.435,75.0,ascent,labview_demo_csv
ARO-01,846,B_quadratic,surveillance,ascent,1.691,0.800,28.1,70.9,1.443,75.0,ascent,labview_demo_csv
ARO-01,847,B_quadratic,surveillance,ascent,1.717,0.788,28.2,71.0,1.421,75.0,ascent,labview_demo_csv
ARO-01,848,B_quadratic,surveillance,descent,1.687,0.353,28.2,70.9,0.637,75.0,descent,labview_demo_csv
ARO-01,849,B_quadratic,surveillance,descent,1.732,0.343,28.3,71.0,0.619,75.0,descent,labview_demo_csv
ARO-01,850,B_quadratic,surveillance,descent,1.678,0.348,28.3,70.9,0.628,75.0,descent,labview_demo_csv
ARO-01,851,B_quadratic,surveillance,descent,1.666,0.342,28.3,71.0,0.618,75.0,descent,labview_demo_csv
ARO-01,852,B_quadratic,surveillance,descent,1.643,0.349,28.2,71.1,0.630,75.0,descent,labview_demo_csv
ARO-01,853,B_quadratic,surveillance,descent,1.646,0.362,28.3,71.0,0.653,75.0,descent,labview_demo_csv
ARO-01,854,B_quadratic,surveillance,descent,1.698,0.356,28.3,71.2,0.643,75.0,descent,labview_demo_csv
ARO-01,855,B_quadratic,surveillance,descent,1.636,0.345,28.4,71.1,0.622,75.0,descent,labview_demo_csv
ARO-01,856,B_quadratic,surveillance,descent,1.617,0.341,28.4,71.3,0.615,75.0,descent,labview_demo_csv
ARO-01,857,B_quadratic,surveillance,descent,1.650,0.347,28.4,71.2,0.625,75.0,descent,labview_demo_csv
ARO-01,858,B_quadratic,surveillance,descent,1.595,0.337,28.2,71.2,0.609,75.0,descent,labview_demo_csv
ARO-01,859,B_quadratic,surveillance,descent,1.612,0.344,28.2,71.0,0.620,75.0,descent,labview_demo_csv
ARO-01,860,B_quadratic,surveillance,pause,1.628,0.001,28.1,70.8,0.002,75.0,pause,labview_demo_csv
ARO-01,861,B_quadratic,surveillance,pause,1.600,0.004,28.1,70.4,0.006,75.0,pause,labview_demo_csv
ARO-01,862,B_quadratic,surveillance,pause,1.628,0.004,28.0,70.2,0.007,75.0,pause,labview_demo_csv
ARO-01,863,B_quadratic,surveillance,pause,1.567,0.001,27.8,70.1,0.001,75.0,pause,labview_demo_csv
ARO-01,864,B_quadratic,surveillance,pause,1.561,0.000,27.8,70.1,0.000,75.0,pause,labview_demo_csv
ARO-01,865,B_quadratic,surveillance,pause,1.577,0.006,27.9,70.2,0.010,75.0,pause,labview_demo_csv
ARO-01,866,B_quadratic,surveillance,pause,1.600,0.000,27.9,70.4,0.000,75.0,pause,labview_demo_csv
ARO-01,867,B_quadratic,surveillance,pause,1.529,0.005,27.8,70.4,0.009,75.0,pause,labview_demo_csv
ARO-01,868,B_quadratic,surveillance,pause,1.614,0.012,27.9,70.7,0.022,75.0,pause,labview_demo_csv
ARO-01,869,B_quadratic,surveillance,pause,1.622,0.000,27.8,70.6,0.000,75.0,pause,labview_demo_csv
ARO-01,870,B_quadratic,surveillance,pause,1.600,0.000,27.7,70.5,0.000,75.0,pause,labview_demo_csv
ARO-01,871,B_quadratic,surveillance,pause,1.609,0.000,27.7,70.3,0.000,75.0,pause,labview_demo_csv
ARO-01,872,B_quadratic,surveillance,pause,1.625,0.007,27.6,70.6,0.013,75.0,pause,labview_demo_csv
ARO-01,873,B_quadratic,surveillance,pause,1.568,0.000,27.7,70.8,0.000,75.0,pause,labview_demo_csv
ARO-01,874,B_quadratic,surveillance,pause,1.681,0.004,27.7,70.7,0.008,75.0,pause,labview_demo_csv
ARO-01,875,B_quadratic,surveillance,pause,1.676,0.002,27.7,70.6,0.003,75.0,pause,labview_demo_csv
ARO-01,876,B_quadratic,surveillance,pause,1.629,0.000,27.7,70.9,0.000,75.0,pause,labview_demo_csv
ARO-01,877,B_quadratic,surveillance,pause,1.684,0.003,27.7,70.9,0.005,75.0,pause,labview_demo_csv
ARO-01,878,B_quadratic,surveillance,pause,1.658,0.012,27.8,71.0,0.022,75.0,pause,labview_demo_csv
ARO-01,879,B_quadratic,surveillance,pause,1.695,0.000,27.8,71.3,0.000,75.0,pause,labview_demo_csv
ARO-01,880,B_quadratic,surveillance,ascent,1.685,0.802,27.9,71.2,1.446,75.0,ascent,labview_demo_csv
ARO-01,881,B_quadratic,surveillance,ascent,1.676,0.802,28.0,70.9,1.448,75.0,ascent,labview_demo_csv
ARO-01,882,B_quadratic,surveillance,ascent,1.679,0.797,28.1,70.7,1.437,75.0,ascent,labview_demo_csv
ARO-01,883,B_quadratic,surveillance,ascent,1.721,0.804,28.0,70.6,1.450,75.0,ascent,labview_demo_csv
ARO-01,884,B_quadratic,surveillance,ascent,1.702,0.780,28.1,70.8,1.407,75.0,ascent,labview_demo_csv
ARO-01,885,B_quadratic,surveillance,ascent,1.725,0.787,28.3,70.5,1.421,75.0,ascent,labview_demo_csv
ARO-01,886,B_quadratic,surveillance,ascent,1.732,0.790,28.4,70.5,1.426,75.0,ascent,labview_demo_csv
ARO-01,887,B_quadratic,surveillance,ascent,1.720,0.784,28.4,70.2,1.414,75.0,ascent,labview_demo_csv
ARO-01,888,B_quadratic,surveillance,ascent,1.731,0.798,28.5,70.5,1.441,75.0,ascent,labview_demo_csv
ARO-01,889,B_quadratic,surveillance,ascent,1.704,0.798,28.7,70.5,1.440,75.0,ascent,labview_demo_csv
ARO-01,890,B_quadratic,surveillance,ascent,1.743,0.783,28.7,70.6,1.413,75.0,ascent,labview_demo_csv
ARO-01,891,B_quadratic,surveillance,ascent,1.702,0.793,28.6,70.5,1.431,75.0,ascent,labview_demo_csv
ARO-01,892,B_quadratic,surveillance,descent,1.701,0.341,28.6,70.6,0.615,75.0,descent,labview_demo_csv
ARO-01,893,B_quadratic,surveillance,descent,1.680,0.346,28.6,70.6,0.625,75.0,descent,labview_demo_csv
ARO-01,894,B_quadratic,surveillance,descent,1.684,0.363,28.4,70.6,0.655,75.0,descent,labview_demo_csv
ARO-01,895,B_quadratic,surveillance,descent,1.719,0.353,28.5,70.9,0.636,75.0,descent,labview_demo_csv
ARO-01,896,B_quadratic,surveillance,descent,1.662,0.353,28.5,70.5,0.636,75.0,descent,labview_demo_csv
ARO-01,897,B_quadratic,surveillance,descent,1.642,0.350,28.5,70.5,0.631,75.0,descent,labview_demo_csv
ARO-01,898,B_quadratic,surveillance,descent,1.655,0.349,28.5,70.4,0.630,75.0,descent,labview_demo_csv
ARO-01,899,B_quadratic,surveillance,descent,1.658,0.354,28.5,70.5,0.639,75.0,descent,labview_demo_csv
ARO-01,900,B_quadratic,surveillance,descent,1.594,0.357,28.4,70.6,0.645,75.0,descent,labview_demo_csv
ARO-01,901,B_quadratic,surveillance,descent,1.647,0.345,28.4,70.7,0.622,75.0,descent,labview_demo_csv
ARO-01,902,B_quadratic,surveillance,descent,1.628,0.362,28.4,70.8,0.653,75.0,descent,labview_demo_csv
ARO-01,903,B_quadratic,surveillance,descent,1.633,0.364,28.4,70.9,0.657,75.0,descent,labview_demo_csv
ARO-01,904,B_quadratic,surveillance,pause,1.649,0.000,28.3,70.9,0.000,75.0,pause,labview_demo_csv
ARO-01,905,B_quadratic,surveillance,pause,1.597,0.007,28.3,70.8,0.012,75.0,pause,labview_demo_csv
ARO-01,906,B_quadratic,surveillance,pause,1.617,0.003,28.2,70.5,0.005,75.0,pause,labview_demo_csv
ARO-01,907,B_quadratic,surveillance,pause,1.584,0.004,28.1,70.4,0.007,75.0,pause,labview_demo_csv
ARO-01,908,B_quadratic,surveillance,pause,1.557,0.015,28.2,70.3,0.027,75.0,pause,labview_demo_csv
ARO-01,909,B_quadratic,surveillance,pause,1.595,0.001,28.2,70.2,0.002,75.0,pause,labview_demo_csv
ARO-01,910,B_quadratic,surveillance,pause,1.604,0.010,28.1,70.4,0.017,75.0,pause,labview_demo_csv
ARO-01,911,B_quadratic,surveillance,pause,1.606,0.004,28.0,70.2,0.008,75.0,pause,labview_demo_csv
ARO-01,912,B_quadratic,surveillance,pause,1.651,0.004,28.0,70.1,0.007,75.0,pause,labview_demo_csv
ARO-01,913,B_quadratic,surveillance,pause,1.634,0.004,28.0,70.3,0.008,75.0,pause,labview_demo_csv
ARO-01,914,B_quadratic,surveillance,pause,1.581,0.000,28.1,70.4,0.000,75.0,pause,labview_demo_csv
ARO-01,915,B_quadratic,surveillance,pause,1.612,0.010,28.0,70.4,0.017,75.0,pause,labview_demo_csv
ARO-01,916,B_quadratic,surveillance,pause,1.604,0.000,28.1,70.7,0.000,75.0,pause,labview_demo_csv
ARO-01,917,B_quadratic,surveillance,pause,1.621,0.007,28.0,70.5,0.012,75.0,pause,labview_demo_csv
ARO-01,918,B_quadratic,surveillance,pause,1.645,0.000,28.0,70.7,0.000,75.0,pause,labview_demo_csv
ARO-01,919,B_quadratic,surveillance,pause,1.676,0.000,28.0,70.6,0.000,75.0,pause,labview_demo_csv
ARO-01,920,B_quadratic,surveillance,pause,1.634,0.000,28.0,70.6,0.000,75.0,pause,labview_demo_csv
ARO-01,921,B_quadratic,surveillance,pause,1.701,0.000,28.0,70.4,0.000,75.0,pause,labview_demo_csv
ARO-01,922,B_quadratic,surveillance,pause,1.693,0.000,27.9,70.2,0.000,75.0,pause,labview_demo_csv
ARO-01,923,B_quadratic,surveillance,pause,1.681,0.000,27.9,70.1,0.000,75.0,pause,labview_demo_csv
ARO-01,924,B_quadratic,surveillance,ascent,1.709,0.802,28.1,70.1,1.447,75.0,ascent,labview_demo_csv
ARO-01,925,B_quadratic,surveillance,ascent,1.645,0.801,28.2,70.4,1.445,75.0,ascent,labview_demo_csv
ARO-01,926,B_quadratic,surveillance,ascent,1.670,0.785,28.3,70.1,1.417,75.0,ascent,labview_demo_csv
ARO-01,927,B_quadratic,surveillance,ascent,1.671,0.784,28.3,69.9,1.415,75.0,ascent,labview_demo_csv
ARO-01,928,B_quadratic,surveillance,ascent,1.717,0.794,28.4,70.3,1.433,75.0,ascent,labview_demo_csv
ARO-01,929,B_quadratic,surveillance,ascent,1.704,0.783,28.4,70.4,1.413,75.0,ascent,labview_demo_csv
ARO-01,930,B_quadratic,surveillance,ascent,1.694,0.802,28.5,70.2,1.446,75.0,ascent,labview_demo_csv
ARO-01,931,B_quadratic,surveillance,ascent,1.717,0.791,28.6,70.2,1.426,75.0,ascent,labview_demo_csv
ARO-01,932,B_quadratic,surveillance,ascent,1.783,0.795,28.7,70.1,1.435,75.0,ascent,labview_demo_csv
ARO-01,933,B_quadratic,surveillance,ascent,1.702,0.794,28.8,70.3,1.433,75.0,ascent,labview_demo_csv
ARO-01,934,B_quadratic,surveillance,ascent,1.693,0.780,28.8,70.4,1.407,75.0,ascent,labview_demo_csv
ARO-01,935,B_quadratic,surveillance,ascent,1.707,0.796,28.9,70.2,1.436,75.0,ascent,labview_demo_csv
ARO-01,936,B_quadratic,surveillance,descent,1.724,0.350,28.8,70.0,0.631,75.0,descent,labview_demo_csv
ARO-01,937,B_quadratic,surveillance,descent,1.675,0.352,28.9,69.8,0.635,75.0,descent,labview_demo_csv
ARO-01,938,B_quadratic,surveillance,descent,1.703,0.361,29.0,70.1,0.651,75.0,descent,labview_demo_csv
ARO-01,939,B_quadratic,surveillance,descent,1.671,0.346,28.9,69.9,0.624,75.0,descent,labview_demo_csv
ARO-01,940,B_quadratic,surveillance,descent,1.668,0.343,28.8,70.1,0.619,75.0,descent,labview_demo_csv
ARO-01,941,B_quadratic,surveillance,descent,1.664,0.352,28.8,70.5,0.636,75.0,descent,labview_demo_csv
ARO-01,942,B_quadratic,surveillance,descent,1.687,0.351,28.8,70.3,0.634,75.0,descent,labview_demo_csv
ARO-01,943,B_quadratic,surveillance,descent,1.603,0.354,28.9,70.3,0.639,75.0,descent,labview_demo_csv
ARO-01,944,B_quadratic,surveillance,descent,1.652,0.345,28.8,70.3,0.622,75.0,descent,labview_demo_csv
ARO-01,945,B_quadratic,surveillance,descent,1.649,0.353,28.7,70.0,0.636,75.0,descent,labview_demo_csv
ARO-01,946,B_quadratic,surveillance,descent,1.608,0.346,28.6,70.1,0.624,75.0,descent,labview_demo_csv
ARO-01,947,B_quadratic,surveillance,descent,1.597,0.346,28.5,69.9,0.624,75.0,descent,labview_demo_csv
ARO-01,948,B_quadratic,surveillance,pause,1.625,0.000,28.5,70.1,0.000,75.0,pause,labview_demo_csv
ARO-01,949,B_quadratic,surveillance,pause,1.632,0.006,28.5,70.1,0.011,75.0,pause,labview_demo_csv
ARO-01,950,B_quadratic,surveillance,pause,1.653,0.009,28.4,70.0,0.015,75.0,pause,labview_demo_csv
ARO-01,951,B_quadratic,surveillance,pause,1.595,0.011,28.4,69.9,0.019,75.0,pause,labview_demo_csv
ARO-01,952,B_quadratic,surveillance,pause,1.547,0.008,28.4,70.1,0.014,75.0,pause,labview_demo_csv
ARO-01,953,B_quadratic,surveillance,pause,1.603,0.000,28.4,70.3,0.000,75.0,pause,labview_demo_csv
ARO-01,954,B_quadratic,surveillance,pause,1.623,0.006,28.3,70.0,0.011,75.0,pause,labview_demo_csv
ARO-01,955,B_quadratic,surveillance,pause,1.599,0.000,28.2,69.7,0.000,75.0,pause,labview_demo_csv
ARO-01,956,B_quadratic,surveillance,pause,1.597,0.000,28.2,69.8,0.000,75.0,pause,labview_demo_csv
ARO-01,957,B_quadratic,surveillance,pause,1.609,0.009,28.2,69.6,0.016,75.0,pause,labview_demo_csv
ARO-01,958,B_quadratic,surveillance,pause,1.581,0.005,28.3,70.0,0.009,75.0,pause,labview_demo_csv
ARO-01,959,B_quadratic,surveillance,pause,1.587,0.000,28.1,69.9,0.000,75.0,pause,labview_demo_csv
ARO-01,960,B_quadratic,surveillance,pause,1.642,0.009,28.2,69.8,0.017,75.0,pause,labview_demo_csv
ARO-01,961,B_quadratic,surveillance,pause,1.630,0.018,28.1,69.7,0.032,75.0,pause,labview_demo_csv
ARO-01,962,B_quadratic,surveillance,pause,1.662,0.000,28.1,69.5,0.000,75.0,pause,labview_demo_csv
ARO-01,963,B_quadratic,surveillance,pause,1.635,0.008,28.1,69.4,0.014,75.0,pause,labview_demo_csv
ARO-01,964,B_quadratic,surveillance,pause,1.603,0.006,28.1,69.2,0.010,75.0,pause,labview_demo_csv
ARO-01,965,B_quadratic,surveillance,pause,1.672,0.000,28.1,68.9,0.000,75.0,pause,labview_demo_csv
ARO-01,966,B_quadratic,surveillance,pause,1.689,0.009,28.0,68.9,0.016,75.0,pause,labview_demo_csv
ARO-01,967,B_quadratic,surveillance,pause,1.681,0.012,28.1,69.0,0.022,75.0,pause,labview_demo_csv
ARO-01,968,B_quadratic,surveillance,ascent,1.685,0.787,28.2,69.3,1.420,75.0,ascent,labview_demo_csv
ARO-01,969,B_quadratic,surveillance,ascent,1.702,0.791,28.2,69.4,1.428,75.0,ascent,labview_demo_csv
ARO-01,970,B_quadratic,surveillance,ascent,1.733,0.794,28.2,69.2,1.432,75.0,ascent,labview_demo_csv
ARO-01,971,B_quadratic,surveillance,ascent,1.706,0.802,28.3,69.4,1.447,75.0,ascent,labview_demo_csv
ARO-01,972,B_quadratic,surveillance,ascent,1.706,0.790,28.3,69.3,1.425,75.0,ascent,labview_demo_csv
ARO-01,973,B_quadratic,surveillance,ascent,1.713,0.804,28.4,69.1,1.451,75.0,ascent,labview_demo_csv
ARO-01,974,B_quadratic,surveillance,ascent,1.757,0.804,28.5,69.2,1.451,75.0,ascent,labview_demo_csv
ARO-01,975,B_quadratic,surveillance,ascent,1.658,0.798,28.6,69.3,1.440,75.0,ascent,labview_demo_csv
ARO-01,976,B_quadratic,surveillance,ascent,1.674,0.798,28.6,69.0,1.439,75.0,ascent,labview_demo_csv
ARO-01,977,B_quadratic,surveillance,ascent,1.726,0.802,28.6,68.8,1.446,75.0,ascent,labview_demo_csv
ARO-01,978,B_quadratic,surveillance,ascent,1.690,0.798,28.6,68.7,1.440,75.0,ascent,labview_demo_csv
ARO-01,979,B_quadratic,surveillance,ascent,1.737,0.794,28.6,68.6,1.432,75.0,ascent,labview_demo_csv
ARO-01,980,B_quadratic,surveillance,descent,1.697,0.357,28.5,68.5,0.644,75.0,descent,labview_demo_csv
ARO-01,981,B_quadratic,surveillance,descent,1.700,0.353,28.5,68.4,0.636,75.0,descent,labview_demo_csv
ARO-01,982,B_quadratic,surveillance,descent,1.696,0.349,28.6,68.2,0.629,75.0,descent,labview_demo_csv
ARO-01,983,B_quadratic,surveillance,descent,1.687,0.345,28.6,68.0,0.623,75.0,descent,labview_demo_csv
ARO-01,984,B_quadratic,surveillance,descent,1.648,0.347,28.6,68.0,0.625,75.0,descent,labview_demo_csv
ARO-01,985,B_quadratic,surveillance,descent,1.616,0.338,28.6,68.1,0.611,75.0,descent,labview_demo_csv
ARO-01,986,B_quadratic,surveillance,descent,1.686,0.341,28.6,68.3,0.615,75.0,descent,labview_demo_csv
ARO-01,987,B_quadratic,surveillance,descent,1.659,0.362,28.6,68.2,0.653,75.0,descent,labview_demo_csv
ARO-01,988,B_quadratic,surveillance,descent,1.616,0.349,28.6,68.2,0.629,75.0,descent,labview_demo_csv
ARO-01,989,B_quadratic,surveillance,descent,1.623,0.352,28.6,68.2,0.635,75.0,descent,labview_demo_csv
ARO-01,990,B_quadratic,surveillance,descent,1.633,0.349,28.6,68.5,0.630,75.0,descent,labview_demo_csv
ARO-01,991,B_quadratic,surveillance,descent,1.614,0.342,28.6,68.6,0.616,75.0,descent,labview_demo_csv
ARO-01,992,B_quadratic,surveillance,pause,1.616,0.000,28.5,68.6,0.000,75.0,pause,labview_demo_csv
ARO-01,993,B_quadratic,surveillance,pause,1.638,0.000,28.4,68.8,0.000,75.0,pause,labview_demo_csv
ARO-01,994,B_quadratic,surveillance,pause,1.630,0.000,28.3,68.6,0.001,75.0,pause,labview_demo_csv
ARO-01,995,B_quadratic,surveillance,pause,1.575,0.012,28.3,68.7,0.022,75.0,pause,labview_demo_csv
ARO-01,996,B_quadratic,surveillance,pause,1.630,0.000,28.3,69.0,0.000,75.0,pause,labview_demo_csv
ARO-01,997,B_quadratic,surveillance,pause,1.577,0.002,28.2,69.2,0.004,75.0,pause,labview_demo_csv
ARO-01,998,B_quadratic,surveillance,pause,1.583,0.000,28.1,69.4,0.000,75.0,pause,labview_demo_csv
ARO-01,999,B_quadratic,surveillance,pause,1.580,0.000,28.1,69.3,0.000,75.0,pause,labview_demo_csv
ARO-01,1000,B_quadratic,surveillance,pause,1.620,0.000,28.0,69.3,0.000,75.0,pause,labview_demo_csv
ARO-01,1001,B_quadratic,surveillance,pause,1.552,0.000,28.1,69.6,0.000,75.0,pause,labview_demo_csv
ARO-01,1002,B_quadratic,surveillance,pause,1.631,0.001,28.1,69.7,0.001,75.0,pause,labview_demo_csv
ARO-01,1003,B_quadratic,surveillance,pause,1.579,0.007,28.0,69.9,0.013,75.0,pause,labview_demo_csv
ARO-01,1004,B_quadratic,surveillance,pause,1.632,0.002,28.0,69.8,0.004,75.0,pause,labview_demo_csv
ARO-01,1005,B_quadratic,surveillance,pause,1.634,0.015,28.2,69.6,0.027,75.0,pause,labview_demo_csv
ARO-01,1006,B_quadratic,surveillance,pause,1.655,0.000,28.2,69.4,0.000,75.0,pause,labview_demo_csv
ARO-01,1007,B_quadratic,surveillance,pause,1.639,0.000,28.3,69.6,0.000,75.0,pause,labview_demo_csv
ARO-01,1008,B_quadratic,surveillance,pause,1.655,0.000,28.2,69.5,0.000,75.0,pause,labview_demo_csv
ARO-01,1009,B_quadratic,surveillance,pause,1.661,0.000,28.2,69.4,0.000,75.0,pause,labview_demo_csv
ARO-01,1010,B_quadratic,surveillance,pause,1.715,0.000,28.2,69.2,0.000,75.0,pause,labview_demo_csv
ARO-01,1011,B_quadratic,surveillance,pause,1.703,0.007,28.2,69.2,0.012,75.0,pause,labview_demo_csv
ARO-01,1012,B_quadratic,surveillance,ascent,1.668,0.855,28.3,69.2,1.543,90.0,ascent,labview_demo_csv
ARO-01,1013,B_quadratic,surveillance,ascent,1.685,0.862,28.4,69.3,1.555,90.0,ascent,labview_demo_csv
ARO-01,1014,B_quadratic,surveillance,ascent,1.698,0.865,28.5,69.4,1.561,90.0,ascent,labview_demo_csv
ARO-01,1015,B_quadratic,surveillance,ascent,1.730,0.848,28.5,69.4,1.529,90.0,ascent,labview_demo_csv
ARO-01,1016,B_quadratic,surveillance,ascent,1.724,0.849,28.7,69.3,1.532,90.0,ascent,labview_demo_csv
ARO-01,1017,B_quadratic,surveillance,ascent,1.680,0.863,28.8,68.9,1.558,90.0,ascent,labview_demo_csv
ARO-01,1018,B_quadratic,surveillance,ascent,1.707,0.862,28.8,68.6,1.555,90.0,ascent,labview_demo_csv
ARO-01,1019,B_quadratic,surveillance,ascent,1.722,0.858,28.8,68.6,1.548,90.0,ascent,labview_demo_csv
ARO-01,1020,B_quadratic,surveillance,ascent,1.699,0.867,28.8,68.5,1.565,90.0,ascent,labview_demo_csv
ARO-01,1021,B_quadratic,surveillance,ascent,1.722,0.853,28.9,68.4,1.539,90.0,ascent,labview_demo_csv
ARO-01,1022,B_quadratic,surveillance,ascent,1.727,0.862,28.9,68.5,1.556,90.0,ascent,labview_demo_csv
ARO-01,1023,B_quadratic,surveillance,ascent,1.705,0.861,29.0,68.3,1.553,90.0,ascent,labview_demo_csv
ARO-01,1024,B_quadratic,surveillance,descent,1.735,0.344,29.0,68.2,0.620,90.0,descent,labview_demo_csv
ARO-01,1025,B_quadratic,surveillance,descent,1.717,0.344,28.9,68.0,0.621,90.0,descent,labview_demo_csv
ARO-01,1026,B_quadratic,surveillance,descent,1.681,0.340,28.7,67.9,0.614,90.0,descent,labview_demo_csv
ARO-01,1027,B_quadratic,surveillance,descent,1.713,0.349,28.6,67.9,0.629,90.0,descent,labview_demo_csv
ARO-01,1028,B_quadratic,surveillance,descent,1.686,0.347,28.5,67.8,0.626,90.0,descent,labview_demo_csv
ARO-01,1029,B_quadratic,surveillance,descent,1.661,0.365,28.4,67.5,0.658,90.0,descent,labview_demo_csv
ARO-01,1030,B_quadratic,surveillance,descent,1.683,0.341,28.3,67.8,0.615,90.0,descent,labview_demo_csv
ARO-01,1031,B_quadratic,surveillance,descent,1.669,0.356,28.3,68.1,0.642,90.0,descent,labview_demo_csv
ARO-01,1032,B_quadratic,surveillance,descent,1.617,0.347,28.2,68.4,0.627,90.0,descent,labview_demo_csv
ARO-01,1033,B_quadratic,surveillance,descent,1.584,0.353,28.3,68.1,0.638,90.0,descent,labview_demo_csv
ARO-01,1034,B_quadratic,surveillance,descent,1.638,0.346,28.3,68.1,0.624,90.0,descent,labview_demo_csv
ARO-01,1035,B_quadratic,surveillance,descent,1.645,0.351,28.3,67.8,0.632,90.0,descent,labview_demo_csv
ARO-01,1036,B_quadratic,surveillance,pause,1.644,0.002,28.4,68.1,0.003,90.0,pause,labview_demo_csv
ARO-01,1037,B_quadratic,surveillance,pause,1.616,0.000,28.4,67.9,0.000,90.0,pause,labview_demo_csv
ARO-01,1038,B_quadratic,surveillance,pause,1.610,0.004,28.3,67.9,0.006,90.0,pause,labview_demo_csv
ARO-01,1039,B_quadratic,surveillance,pause,1.596,0.007,28.3,68.3,0.012,90.0,pause,labview_demo_csv
ARO-01,1040,B_quadratic,surveillance,pause,1.608,0.000,28.2,68.3,0.000,90.0,pause,labview_demo_csv
ARO-01,1041,B_quadratic,surveillance,pause,1.608,0.007,28.3,68.1,0.012,90.0,pause,labview_demo_csv
ARO-01,1042,B_quadratic,surveillance,pause,1.613,0.000,28.4,68.1,0.000,90.0,pause,labview_demo_csv
ARO-01,1043,B_quadratic,surveillance,pause,1.648,0.012,28.3,68.0,0.022,90.0,pause,labview_demo_csv
ARO-01,1044,B_quadratic,surveillance,pause,1.617,0.000,28.3,67.9,0.000,90.0,pause,labview_demo_csv
ARO-01,1045,B_quadratic,surveillance,pause,1.587,0.000,28.3,67.9,0.000,90.0,pause,labview_demo_csv
ARO-01,1046,B_quadratic,surveillance,pause,1.625,0.000,28.3,68.1,0.001,90.0,pause,labview_demo_csv
ARO-01,1047,B_quadratic,surveillance,pause,1.624,0.001,28.1,68.1,0.001,90.0,pause,labview_demo_csv
ARO-01,1048,B_quadratic,surveillance,pause,1.642,0.004,28.0,68.0,0.007,90.0,pause,labview_demo_csv
ARO-01,1049,B_quadratic,surveillance,pause,1.636,0.000,28.0,68.4,0.000,90.0,pause,labview_demo_csv
ARO-01,1050,B_quadratic,surveillance,pause,1.611,0.003,28.0,68.1,0.005,90.0,pause,labview_demo_csv
ARO-01,1051,B_quadratic,surveillance,pause,1.698,0.006,28.0,68.2,0.011,90.0,pause,labview_demo_csv
ARO-01,1052,B_quadratic,surveillance,pause,1.624,0.000,28.0,68.1,0.000,90.0,pause,labview_demo_csv
ARO-01,1053,B_quadratic,surveillance,pause,1.684,0.009,27.9,68.1,0.017,90.0,pause,labview_demo_csv
ARO-01,1054,B_quadratic,surveillance,pause,1.651,0.000,27.9,68.4,0.000,90.0,pause,labview_demo_csv
ARO-01,1055,B_quadratic,surveillance,pause,1.680,0.000,27.9,68.4,0.000,90.0,pause,labview_demo_csv
ARO-01,1056,B_quadratic,surveillance,ascent,1.702,0.734,27.9,68.4,1.325,60.0,ascent,labview_demo_csv
ARO-01,1057,B_quadratic,surveillance,ascent,1.671,0.729,28.0,68.4,1.316,60.0,ascent,labview_demo_csv
ARO-01,1058,B_quadratic,surveillance,ascent,1.705,0.734,28.2,68.3,1.324,60.0,ascent,labview_demo_csv
ARO-01,1059,B_quadratic,surveillance,ascent,1.731,0.738,28.3,68.2,1.331,60.0,ascent,labview_demo_csv
ARO-01,1060,B_quadratic,surveillance,ascent,1.718,0.737,28.3,68.3,1.330,60.0,ascent,labview_demo_csv
ARO-01,1061,B_quadratic,surveillance,ascent,1.720,0.725,28.3,68.2,1.308,60.0,ascent,labview_demo_csv
ARO-01,1062,B_quadratic,surveillance,ascent,1.743,0.743,28.4,68.3,1.341,60.0,ascent,labview_demo_csv
ARO-01,1063,B_quadratic,surveillance,ascent,1.744,0.725,28.5,68.5,1.308,60.0,ascent,labview_demo_csv
ARO-01,1064,B_quadratic,surveillance,ascent,1.749,0.732,28.7,68.5,1.321,60.0,ascent,labview_demo_csv
ARO-01,1065,B_quadratic,surveillance,ascent,1.698,0.730,28.8,68.4,1.318,60.0,ascent,labview_demo_csv
ARO-01,1066,B_quadratic,surveillance,ascent,1.720,0.737,28.9,68.2,1.330,60.0,ascent,labview_demo_csv
ARO-01,1067,B_quadratic,surveillance,ascent,1.702,0.730,28.8,68.4,1.316,60.0,ascent,labview_demo_csv
ARO-01,1068,B_quadratic,surveillance,descent,1.706,0.354,28.7,68.1,0.639,60.0,descent,labview_demo_csv
ARO-01,1069,B_quadratic,surveillance,descent,1.703,0.346,28.7,68.0,0.625,60.0,descent,labview_demo_csv
ARO-01,1070,B_quadratic,surveillance,descent,1.707,0.348,28.6,67.6,0.629,60.0,descent,labview_demo_csv
ARO-01,1071,B_quadratic,surveillance,descent,1.720,0.351,28.7,67.6,0.633,60.0,descent,labview_demo_csv
ARO-01,1072,B_quadratic,surveillance,descent,1.672,0.343,28.7,68.1,0.620,60.0,descent,labview_demo_csv
ARO-01,1073,B_quadratic,surveillance,descent,1.658,0.340,28.7,68.0,0.613,60.0,descent,labview_demo_csv
ARO-01,1074,B_quadratic,surveillance,descent,1.650,0.351,28.6,67.9,0.633,60.0,descent,labview_demo_csv
ARO-01,1075,B_quadratic,surveillance,descent,1.716,0.339,28.6,67.8,0.612,60.0,descent,labview_demo_csv
ARO-01,1076,B_quadratic,surveillance,descent,1.663,0.347,28.5,67.8,0.627,60.0,descent,labview_demo_csv
ARO-01,1077,B_quadratic,surveillance,descent,1.645,0.343,28.5,67.7,0.620,60.0,descent,labview_demo_csv
ARO-01,1078,B_quadratic,surveillance,descent,1.678,0.341,28.5,67.6,0.615,60.0,descent,labview_demo_csv
ARO-01,1079,B_quadratic,surveillance,descent,1.656,0.341,28.5,67.7,0.616,60.0,descent,labview_demo_csv
ARO-01,1080,B_quadratic,surveillance,pause,1.592,0.000,28.4,67.6,0.000,60.0,pause,labview_demo_csv
ARO-01,1081,B_quadratic,surveillance,pause,1.604,0.000,28.3,67.8,0.000,60.0,pause,labview_demo_csv
ARO-01,1082,B_quadratic,surveillance,pause,1.588,0.007,28.3,67.7,0.012,60.0,pause,labview_demo_csv
ARO-01,1083,B_quadratic,surveillance,pause,1.604,0.000,28.3,67.5,0.000,60.0,pause,labview_demo_csv
ARO-01,1084,B_quadratic,surveillance,pause,1.618,0.000,28.2,67.6,0.000,60.0,pause,labview_demo_csv
ARO-01,1085,B_quadratic,surveillance,pause,1.583,0.008,28.1,67.8,0.014,60.0,pause,labview_demo_csv
ARO-01,1086,B_quadratic,surveillance,pause,1.613,0.000,28.2,67.7,0.000,60.0,pause,labview_demo_csv
ARO-01,1087,B_quadratic,surveillance,pause,1.641,0.004,28.2,67.6,0.008,60.0,pause,labview_demo_csv
ARO-01,1088,B_quadratic,surveillance,pause,1.633,0.000,28.2,67.7,0.000,60.0,pause,labview_demo_csv
ARO-01,1089,B_quadratic,surveillance,pause,1.607,0.000,28.2,67.6,0.000,60.0,pause,labview_demo_csv
ARO-01,1090,B_quadratic,surveillance,pause,1.620,0.004,28.2,67.7,0.006,60.0,pause,labview_demo_csv
ARO-01,1091,B_quadratic,surveillance,pause,1.604,0.000,28.1,67.7,0.000,60.0,pause,labview_demo_csv
ARO-01,1092,B_quadratic,surveillance,pause,1.625,0.000,28.1,68.0,0.000,60.0,pause,labview_demo_csv
ARO-01,1093,B_quadratic,surveillance,pause,1.641,0.017,28.0,67.6,0.031,60.0,pause,labview_demo_csv
ARO-01,1094,B_quadratic,surveillance,pause,1.621,0.004,28.0,67.5,0.008,60.0,pause,labview_demo_csv
ARO-01,1095,B_quadratic,surveillance,pause,1.601,0.000,28.0,67.2,0.000,60.0,pause,labview_demo_csv
ARO-01,1096,B_quadratic,surveillance,pause,1.674,0.010,27.9,67.2,0.018,60.0,pause,labview_demo_csv
ARO-01,1097,B_quadratic,surveillance,pause,1.661,0.002,28.0,67.4,0.003,60.0,pause,labview_demo_csv
ARO-01,1098,B_quadratic,surveillance,pause,1.689,0.004,27.9,67.5,0.008,60.0,pause,labview_demo_csv
ARO-01,1099,B_quadratic,surveillance,pause,1.659,0.000,28.0,67.4,0.000,60.0,pause,labview_demo_csv
ARO-01,1100,B_quadratic,surveillance,ascent,1.680,0.721,28.1,67.1,1.301,60.0,ascent,labview_demo_csv
ARO-01,1101,B_quadratic,surveillance,ascent,1.667,0.727,28.2,67.1,1.312,60.0,ascent,labview_demo_csv
ARO-01,1102,B_quadratic,surveillance,ascent,1.677,0.735,28.2,67.1,1.327,60.0,ascent,labview_demo_csv
ARO-01,1103,B_quadratic,surveillance,ascent,1.707,0.723,28.4,66.9,1.304,60.0,ascent,labview_demo_csv
ARO-01,1104,B_quadratic,surveillance,ascent,1.692,0.708,28.5,66.7,1.278,60.0,ascent,labview_demo_csv
ARO-01,1105,B_quadratic,surveillance,ascent,1.687,0.723,28.5,66.8,1.305,60.0,ascent,labview_demo_csv
ARO-01,1106,B_quadratic,surveillance,ascent,1.718,0.726,28.5,66.7,1.309,60.0,ascent,labview_demo_csv
ARO-01,1107,B_quadratic,surveillance,ascent,1.748,0.728,28.5,66.7,1.313,60.0,ascent,labview_demo_csv
ARO-01,1108,B_quadratic,surveillance,ascent,1.731,0.739,28.6,66.7,1.333,60.0,ascent,labview_demo_csv
ARO-01,1109,B_quadratic,surveillance,ascent,1.723,0.733,28.7,66.7,1.323,60.0,ascent,labview_demo_csv
ARO-01,1110,B_quadratic,surveillance,ascent,1.763,0.728,28.8,66.5,1.313,60.0,ascent,labview_demo_csv
ARO-01,1111,B_quadratic,surveillance,ascent,1.704,0.741,28.8,66.4,1.336,60.0,ascent,labview_demo_csv
ARO-01,1112,B_quadratic,surveillance,descent,1.731,0.357,28.8,66.6,0.644,60.0,descent,labview_demo_csv
ARO-01,1113,B_quadratic,surveillance,descent,1.697,0.354,28.8,66.8,0.639,60.0,descent,labview_demo_csv
ARO-01,1114,B_quadratic,surveillance,descent,1.688,0.341,28.8,66.8,0.616,60.0,descent,labview_demo_csv
ARO-01,1115,B_quadratic,surveillance,descent,1.722,0.346,28.6,66.9,0.624,60.0,descent,labview_demo_csv
ARO-01,1116,B_quadratic,surveillance,descent,1.643,0.346,28.7,67.0,0.624,60.0,descent,labview_demo_csv
ARO-01,1117,B_quadratic,surveillance,descent,1.690,0.363,28.6,67.2,0.656,60.0,descent,labview_demo_csv
ARO-01,1118,B_quadratic,surveillance,descent,1.661,0.356,28.6,67.0,0.642,60.0,descent,labview_demo_csv
ARO-01,1119,B_quadratic,surveillance,descent,1.657,0.353,28.7,66.7,0.638,60.0,descent,labview_demo_csv
ARO-01,1120,B_quadratic,surveillance,descent,1.608,0.360,28.6,66.5,0.650,60.0,descent,labview_demo_csv
ARO-01,1121,B_quadratic,surveillance,descent,1.656,0.359,28.6,66.8,0.647,60.0,descent,labview_demo_csv
ARO-01,1122,B_quadratic,surveillance,descent,1.672,0.345,28.6,67.0,0.622,60.0,descent,labview_demo_csv
ARO-01,1123,B_quadratic,surveillance,descent,1.630,0.370,28.6,66.7,0.668,60.0,descent,labview_demo_csv
ARO-01,1124,B_quadratic,surveillance,pause,1.639,0.007,28.6,66.6,0.012,60.0,pause,labview_demo_csv
ARO-01,1125,B_quadratic,surveillance,pause,1.643,0.000,28.5,66.4,0.000,60.0,pause,labview_demo_csv
ARO-01,1126,B_quadratic,surveillance,pause,1.639,0.000,28.4,66.6,0.000,60.0,pause,labview_demo_csv
ARO-01,1127,B_quadratic,surveillance,pause,1.584,0.001,28.4,66.8,0.001,60.0,pause,labview_demo_csv
ARO-01,1128,B_quadratic,surveillance,pause,1.595,0.000,28.4,66.8,0.000,60.0,pause,labview_demo_csv
ARO-01,1129,B_quadratic,surveillance,pause,1.627,0.000,28.3,67.0,0.001,60.0,pause,labview_demo_csv
ARO-01,1130,B_quadratic,surveillance,pause,1.602,0.000,28.2,67.0,0.000,60.0,pause,labview_demo_csv
ARO-01,1131,B_quadratic,surveillance,pause,1.630,0.003,28.2,66.8,0.005,60.0,pause,labview_demo_csv
ARO-01,1132,B_quadratic,surveillance,pause,1.631,0.003,28.2,66.5,0.006,60.0,pause,labview_demo_csv
ARO-01,1133,B_quadratic,surveillance,pause,1.597,0.000,28.2,66.5,0.000,60.0,pause,labview_demo_csv
ARO-01,1134,B_quadratic,surveillance,pause,1.607,0.000,28.2,66.4,0.000,60.0,pause,labview_demo_csv
ARO-01,1135,B_quadratic,surveillance,pause,1.607,0.000,28.2,66.4,0.000,60.0,pause,labview_demo_csv
ARO-01,1136,B_quadratic,surveillance,pause,1.615,0.003,28.1,66.7,0.006,60.0,pause,labview_demo_csv
ARO-01,1137,B_quadratic,surveillance,pause,1.665,0.000,28.0,67.0,0.000,60.0,pause,labview_demo_csv
ARO-01,1138,B_quadratic,surveillance,pause,1.677,0.002,28.0,66.7,0.004,60.0,pause,labview_demo_csv
ARO-01,1139,B_quadratic,surveillance,pause,1.601,0.000,28.0,66.5,0.000,60.0,pause,labview_demo_csv
ARO-01,1140,B_quadratic,surveillance,pause,1.702,0.000,27.9,66.5,0.000,60.0,pause,labview_demo_csv
ARO-01,1141,B_quadratic,surveillance,pause,1.679,0.005,27.9,66.4,0.008,60.0,pause,labview_demo_csv
ARO-01,1142,B_quadratic,surveillance,pause,1.694,0.000,28.0,66.5,0.000,60.0,pause,labview_demo_csv
ARO-01,1143,B_quadratic,surveillance,pause,1.642,0.000,28.0,66.6,0.000,60.0,pause,labview_demo_csv
ARO-01,1144,B_quadratic,surveillance,ascent,1.748,1.557,28.1,66.8,2.809,255.0,ascent,labview_demo_csv
ARO-01,1145,B_quadratic,surveillance,ascent,1.702,1.549,28.3,66.5,2.796,255.0,ascent,labview_demo_csv
ARO-01,1146,B_quadratic,surveillance,ascent,1.705,1.559,28.5,66.8,2.812,255.0,ascent,labview_demo_csv
ARO-01,1147,B_quadratic,surveillance,ascent,1.702,1.550,28.8,66.8,2.797,255.0,ascent,labview_demo_csv
ARO-01,1148,B_quadratic,surveillance,ascent,1.750,1.558,29.0,66.6,2.812,255.0,ascent,labview_demo_csv
ARO-01,1149,B_quadratic,surveillance,ascent,1.703,1.559,29.0,67.0,2.812,255.0,ascent,labview_demo_csv
ARO-01,1150,B_quadratic,surveillance,ascent,1.725,1.567,29.2,66.9,2.828,255.0,ascent,labview_demo_csv
ARO-01,1151,B_quadratic,surveillance,ascent,1.804,1.536,29.4,66.7,2.771,255.0,ascent,labview_demo_csv
ARO-01,1152,B_quadratic,surveillance,ascent,1.723,1.567,29.5,66.7,2.826,255.0,ascent,labview_demo_csv
ARO-01,1153,B_quadratic,surveillance,ascent,1.759,1.569,29.5,66.5,2.832,255.0,ascent,labview_demo_csv
ARO-01,1154,B_quadratic,surveillance,ascent,1.697,1.569,29.5,66.5,2.832,255.0,ascent,labview_demo_csv
ARO-01,1155,B_quadratic,surveillance,ascent,1.732,1.556,29.5,66.2,2.807,255.0,ascent,labview_demo_csv
ARO-01,1156,B_quadratic,surveillance,descent,1.745,0.357,29.4,66.1,0.645,255.0,descent,labview_demo_csv
ARO-01,1157,B_quadratic,surveillance,descent,1.725,0.351,29.3,65.7,0.634,255.0,descent,labview_demo_csv
ARO-01,1158,B_quadratic,surveillance,descent,1.691,0.357,29.3,65.6,0.644,255.0,descent,labview_demo_csv
ARO-01,1159,B_quadratic,surveillance,descent,1.671,0.345,29.2,65.7,0.622,255.0,descent,labview_demo_csv
ARO-01,1160,B_quadratic,surveillance,descent,1.682,0.338,29.2,66.0,0.610,255.0,descent,labview_demo_csv
ARO-01,1161,B_quadratic,surveillance,descent,1.687,0.351,29.1,66.5,0.634,255.0,descent,labview_demo_csv
ARO-01,1162,B_quadratic,surveillance,descent,1.669,0.356,29.1,66.1,0.643,255.0,descent,labview_demo_csv
ARO-01,1163,B_quadratic,surveillance,descent,1.634,0.342,29.0,66.2,0.617,255.0,descent,labview_demo_csv
ARO-01,1164,B_quadratic,surveillance,descent,1.661,0.351,29.1,66.1,0.634,255.0,descent,labview_demo_csv
ARO-01,1165,B_quadratic,surveillance,descent,1.628,0.342,29.0,66.1,0.617,255.0,descent,labview_demo_csv
ARO-01,1166,B_quadratic,surveillance,descent,1.643,0.353,29.0,65.9,0.637,255.0,descent,labview_demo_csv
ARO-01,1167,B_quadratic,surveillance,descent,1.611,0.355,28.9,65.9,0.640,255.0,descent,labview_demo_csv
ARO-01,1168,B_quadratic,surveillance,pause,1.645,0.000,28.9,66.0,0.000,255.0,pause,labview_demo_csv
ARO-01,1169,B_quadratic,surveillance,pause,1.657,0.000,28.9,65.8,0.000,255.0,pause,labview_demo_csv
ARO-01,1170,B_quadratic,surveillance,pause,1.653,0.002,28.9,66.0,0.003,255.0,pause,labview_demo_csv
ARO-01,1171,B_quadratic,surveillance,pause,1.668,0.008,28.7,66.1,0.015,255.0,pause,labview_demo_csv
ARO-01,1172,B_quadratic,surveillance,pause,1.567,0.000,28.7,66.0,0.000,255.0,pause,labview_demo_csv
ARO-01,1173,B_quadratic,surveillance,pause,1.578,0.002,28.7,65.7,0.003,255.0,pause,labview_demo_csv
ARO-01,1174,B_quadratic,surveillance,pause,1.646,0.000,28.6,65.7,0.000,255.0,pause,labview_demo_csv
ARO-01,1175,B_quadratic,surveillance,pause,1.582,0.000,28.5,65.7,0.000,255.0,pause,labview_demo_csv
ARO-01,1176,B_quadratic,surveillance,pause,1.627,0.000,28.5,65.7,0.000,255.0,pause,labview_demo_csv
ARO-01,1177,B_quadratic,surveillance,pause,1.601,0.000,28.5,65.8,0.000,255.0,pause,labview_demo_csv
ARO-01,1178,B_quadratic,surveillance,pause,1.560,0.002,28.5,66.0,0.003,255.0,pause,labview_demo_csv
ARO-01,1179,B_quadratic,surveillance,pause,1.600,0.010,28.5,66.1,0.018,255.0,pause,labview_demo_csv
ARO-01,1180,B_quadratic,surveillance,pause,1.688,0.000,28.4,65.7,0.000,255.0,pause,labview_demo_csv
ARO-01,1181,B_quadratic,surveillance,pause,1.650,0.000,28.4,65.9,0.000,255.0,pause,labview_demo_csv
ARO-01,1182,B_quadratic,surveillance,pause,1.679,0.004,28.4,65.7,0.008,255.0,pause,labview_demo_csv
ARO-01,1183,B_quadratic,surveillance,pause,1.672,0.000,28.5,65.8,0.000,255.0,pause,labview_demo_csv
ARO-01,1184,B_quadratic,surveillance,pause,1.634,0.013,28.4,65.7,0.023,255.0,pause,labview_demo_csv
ARO-01,1185,B_quadratic,surveillance,pause,1.708,0.000,28.4,65.7,0.000,255.0,pause,labview_demo_csv
ARO-01,1186,B_quadratic,surveillance,pause,1.673,0.000,28.3,65.4,0.000,255.0,pause,labview_demo_csv
ARO-01,1187,B_quadratic,surveillance,pause,1.712,0.010,28.3,65.0,0.018,255.0,pause,labview_demo_csv
ARO-01,1188,B_quadratic,surveillance,ascent,1.690,1.559,28.4,64.9,2.812,255.0,ascent,labview_demo_csv
ARO-01,1189,B_quadratic,surveillance,ascent,1.727,1.565,28.7,64.6,2.824,255.0,ascent,labview_demo_csv
ARO-01,1190,B_quadratic,surveillance,ascent,1.726,1.564,28.8,64.5,2.822,255.0,ascent,labview_demo_csv
ARO-01,1191,B_quadratic,surveillance,ascent,1.758,1.558,29.0,64.4,2.811,255.0,ascent,labview_demo_csv
ARO-01,1192,B_quadratic,surveillance,ascent,1.774,1.569,29.1,64.4,2.831,255.0,ascent,labview_demo_csv
ARO-01,1193,B_quadratic,surveillance,ascent,1.724,1.562,29.2,64.4,2.819,255.0,ascent,labview_demo_csv
ARO-01,1194,B_quadratic,surveillance,ascent,1.697,1.566,29.2,64.4,2.825,255.0,ascent,labview_demo_csv
ARO-01,1195,B_quadratic,surveillance,ascent,1.707,1.558,29.2,64.4,2.810,255.0,ascent,labview_demo_csv
ARO-01,1196,B_quadratic,surveillance,ascent,1.734,1.578,29.3,64.6,2.847,255.0,ascent,labview_demo_csv
ARO-01,1197,B_quadratic,surveillance,ascent,1.714,1.564,29.4,64.6,2.823,255.0,ascent,labview_demo_csv
ARO-01,1198,B_quadratic,surveillance,ascent,1.740,1.560,29.6,64.6,2.814,255.0,ascent,labview_demo_csv
ARO-01,1199,B_quadratic,surveillance,ascent,1.710,1.557,29.7,64.6,2.809,255.0,ascent,labview_demo_csv
ARO-01,1200,B_quadratic,surveillance,descent,1.719,0.354,29.6,64.9,0.640,255.0,descent,labview_demo_csv
ARO-01,1201,B_quadratic,surveillance,descent,1.682,0.347,29.3,64.8,0.626,255.0,descent,labview_demo_csv
ARO-01,1202,B_quadratic,surveillance,descent,1.684,0.350,29.4,64.9,0.631,255.0,descent,labview_demo_csv
ARO-01,1203,B_quadratic,surveillance,descent,1.750,0.343,29.3,64.7,0.619,255.0,descent,labview_demo_csv
ARO-01,1204,B_quadratic,surveillance,descent,1.685,0.352,29.2,64.7,0.634,255.0,descent,labview_demo_csv
ARO-01,1205,B_quadratic,surveillance,descent,1.667,0.354,29.2,64.8,0.639,255.0,descent,labview_demo_csv
ARO-01,1206,B_quadratic,surveillance,descent,1.685,0.351,28.9,64.6,0.633,255.0,descent,labview_demo_csv
ARO-01,1207,B_quadratic,surveillance,descent,1.666,0.347,28.9,64.4,0.626,255.0,descent,labview_demo_csv
ARO-01,1208,B_quadratic,surveillance,descent,1.622,0.353,28.8,64.7,0.637,255.0,descent,labview_demo_csv
ARO-01,1209,B_quadratic,surveillance,descent,1.684,0.349,28.6,64.4,0.630,255.0,descent,labview_demo_csv
ARO-01,1210,B_quadratic,surveillance,descent,1.625,0.343,28.6,64.3,0.619,255.0,descent,labview_demo_csv
ARO-01,1211,B_quadratic,surveillance,descent,1.589,0.356,28.6,64.5,0.642,255.0,descent,labview_demo_csv
ARO-01,1212,B_quadratic,surveillance,pause,1.642,0.001,28.5,64.6,0.002,255.0,pause,labview_demo_csv
ARO-01,1213,B_quadratic,surveillance,pause,1.608,0.000,28.4,64.6,0.000,255.0,pause,labview_demo_csv
ARO-01,1214,B_quadratic,surveillance,pause,1.626,0.007,28.3,64.5,0.012,255.0,pause,labview_demo_csv
ARO-01,1215,B_quadratic,surveillance,pause,1.588,0.000,28.3,64.7,0.000,255.0,pause,labview_demo_csv
ARO-01,1216,B_quadratic,surveillance,pause,1.643,0.000,28.3,64.6,0.000,255.0,pause,labview_demo_csv
ARO-01,1217,B_quadratic,surveillance,pause,1.634,0.000,28.1,64.5,0.000,255.0,pause,labview_demo_csv
ARO-01,1218,B_quadratic,surveillance,pause,1.599,0.002,28.2,64.2,0.004,255.0,pause,labview_demo_csv
ARO-01,1219,B_quadratic,surveillance,pause,1.618,0.000,28.2,64.3,0.000,255.0,pause,labview_demo_csv
ARO-01,1220,B_quadratic,surveillance,pause,1.639,0.005,28.2,64.1,0.008,255.0,pause,labview_demo_csv
ARO-01,1221,B_quadratic,surveillance,pause,1.631,0.000,28.2,64.2,0.000,255.0,pause,labview_demo_csv
ARO-01,1222,B_quadratic,surveillance,pause,1.621,0.000,28.2,64.1,0.000,255.0,pause,labview_demo_csv
ARO-01,1223,B_quadratic,surveillance,pause,1.635,0.010,28.1,64.5,0.018,255.0,pause,labview_demo_csv
ARO-01,1224,B_quadratic,surveillance,pause,1.629,0.001,28.1,64.9,0.001,255.0,pause,labview_demo_csv
ARO-01,1225,B_quadratic,surveillance,pause,1.665,0.000,28.1,64.9,0.000,255.0,pause,labview_demo_csv
ARO-01,1226,B_quadratic,surveillance,pause,1.643,0.000,28.1,65.1,0.000,255.0,pause,labview_demo_csv
ARO-01,1227,B_quadratic,surveillance,pause,1.707,0.000,28.1,65.0,0.000,255.0,pause,labview_demo_csv
ARO-01,1228,B_quadratic,surveillance,pause,1.696,0.013,28.0,65.3,0.024,255.0,pause,labview_demo_csv
ARO-01,1229,B_quadratic,surveillance,pause,1.707,0.000,28.0,65.4,0.000,255.0,pause,labview_demo_csv
ARO-01,1230,B_quadratic,surveillance,pause,1.690,0.005,28.1,65.5,0.009,255.0,pause,labview_demo_csv
ARO-01,1231,B_quadratic,surveillance,pause,1.642,0.005,28.1,65.6,0.009,255.0,pause,labview_demo_csv
ARO-01,1232,B_quadratic,surveillance,ascent,1.708,1.548,28.3,65.6,2.792,255.0,ascent,labview_demo_csv
ARO-01,1233,B_quadratic,surveillance,ascent,1.698,1.563,28.5,65.4,2.821,255.0,ascent,labview_demo_csv
ARO-01,1234,B_quadratic,surveillance,ascent,1.716,1.568,28.7,65.3,2.829,255.0,ascent,labview_demo_csv
ARO-01,1235,B_quadratic,surveillance,ascent,1.712,1.565,28.8,65.2,2.824,255.0,ascent,labview_demo_csv
ARO-01,1236,B_quadratic,surveillance,ascent,1.684,1.572,28.9,65.3,2.836,255.0,ascent,labview_demo_csv
ARO-01,1237,B_quadratic,surveillance,ascent,1.757,1.573,29.0,65.1,2.838,255.0,ascent,labview_demo_csv
ARO-01,1238,B_quadratic,surveillance,ascent,1.696,1.564,29.1,65.1,2.821,255.0,ascent,labview_demo_csv
ARO-01,1239,B_quadratic,surveillance,ascent,1.765,1.561,29.3,64.7,2.816,255.0,ascent,labview_demo_csv
ARO-01,1240,B_quadratic,surveillance,ascent,1.749,1.562,29.5,64.9,2.819,255.0,ascent,labview_demo_csv
ARO-01,1241,B_quadratic,surveillance,ascent,1.729,1.560,29.5,64.7,2.814,255.0,ascent,labview_demo_csv
ARO-01,1242,B_quadratic,surveillance,ascent,1.792,1.561,29.6,64.3,2.816,255.0,ascent,labview_demo_csv
ARO-01,1243,B_quadratic,surveillance,ascent,1.747,1.566,29.7,64.1,2.826,255.0,ascent,labview_demo_csv
ARO-01,1244,B_quadratic,surveillance,descent,1.725,0.352,29.6,64.1,0.635,255.0,descent,labview_demo_csv
ARO-01,1245,B_quadratic,surveillance,descent,1.724,0.348,29.4,64.3,0.627,255.0,descent,labview_demo_csv
ARO-01,1246,B_quadratic,surveillance,descent,1.688,0.358,29.3,64.2,0.646,255.0,descent,labview_demo_csv
ARO-01,1247,B_quadratic,surveillance,descent,1.722,0.346,29.3,64.5,0.624,255.0,descent,labview_demo_csv
ARO-01,1248,B_quadratic,surveillance,descent,1.686,0.351,29.3,64.3,0.633,255.0,descent,labview_demo_csv
ARO-01,1249,B_quadratic,surveillance,descent,1.683,0.347,29.3,64.1,0.626,255.0,descent,labview_demo_csv
ARO-01,1250,B_quadratic,surveillance,descent,1.692,0.355,29.1,63.9,0.641,255.0,descent,labview_demo_csv
ARO-01,1251,B_quadratic,surveillance,descent,1.682,0.332,29.2,64.2,0.599,255.0,descent,labview_demo_csv
ARO-01,1252,B_quadratic,surveillance,descent,1.686,0.350,29.1,64.6,0.631,255.0,descent,labview_demo_csv
ARO-01,1253,B_quadratic,surveillance,descent,1.697,0.343,29.1,64.8,0.618,255.0,descent,labview_demo_csv
ARO-01,1254,B_quadratic,surveillance,descent,1.651,0.353,28.9,64.8,0.638,255.0,descent,labview_demo_csv
ARO-01,1255,B_quadratic,surveillance,descent,1.662,0.349,28.8,64.6,0.629,255.0,descent,labview_demo_csv
ARO-01,1256,B_quadratic,surveillance,pause,1.655,0.000,28.8,64.8,0.000,255.0,pause,labview_demo_csv
ARO-01,1257,B_quadratic,surveillance,pause,1.636,0.006,28.6,64.9,0.010,255.0,pause,labview_demo_csv
ARO-01,1258,B_quadratic,surveillance,pause,1.641,0.000,28.6,65.0,0.001,255.0,pause,labview_demo_csv
ARO-01,1259,B_quadratic,surveillance,pause,1.626,0.005,28.5,64.8,0.009,255.0,pause,labview_demo_csv
ARO-01,1260,B_quadratic,surveillance,pause,1.613,0.010,28.4,65.0,0.017,255.0,pause,labview_demo_csv
ARO-01,1261,B_quadratic,surveillance,pause,1.648,0.005,28.3,64.7,0.009,255.0,pause,labview_demo_csv
ARO-01,1262,B_quadratic,surveillance,pause,1.606,0.002,28.3,64.6,0.003,255.0,pause,labview_demo_csv
ARO-01,1263,B_quadratic,surveillance,pause,1.632,0.007,28.2,64.8,0.012,255.0,pause,labview_demo_csv
ARO-01,1264,B_quadratic,surveillance,pause,1.598,0.000,28.1,64.6,0.000,255.0,pause,labview_demo_csv
ARO-01,1265,B_quadratic,surveillance,pause,1.654,0.000,28.1,64.6,0.000,255.0,pause,labview_demo_csv
ARO-01,1266,B_quadratic,surveillance,pause,1.653,0.006,28.1,64.3,0.012,255.0,pause,labview_demo_csv
ARO-01,1267,B_quadratic,surveillance,pause,1.598,0.000,28.0,64.4,0.001,255.0,pause,labview_demo_csv
ARO-01,1268,B_quadratic,surveillance,pause,1.622,0.000,28.0,64.7,0.000,255.0,pause,labview_demo_csv
ARO-01,1269,B_quadratic,surveillance,pause,1.689,0.000,28.0,64.3,0.000,255.0,pause,labview_demo_csv
ARO-01,1270,B_quadratic,surveillance,pause,1.640,0.011,28.1,64.1,0.020,255.0,pause,labview_demo_csv
ARO-01,1271,B_quadratic,surveillance,pause,1.647,0.000,28.0,64.1,0.000,255.0,pause,labview_demo_csv
ARO-01,1272,B_quadratic,surveillance,pause,1.665,0.002,28.1,63.8,0.003,255.0,pause,labview_demo_csv
ARO-01,1273,B_quadratic,surveillance,pause,1.681,0.010,28.1,63.9,0.017,255.0,pause,labview_demo_csv
ARO-01,1274,B_quadratic,surveillance,pause,1.696,0.000,28.0,64.0,0.000,255.0,pause,labview_demo_csv
ARO-01,1275,B_quadratic,surveillance,pause,1.669,0.000,27.9,64.2,0.000,255.0,pause,labview_demo_csv
ARO-01,1276,B_quadratic,surveillance,ascent,1.721,1.565,28.2,64.2,2.823,255.0,ascent,labview_demo_csv
ARO-01,1277,B_quadratic,surveillance,ascent,1.692,1.568,28.3,64.2,2.828,255.0,ascent,labview_demo_csv
ARO-01,1278,B_quadratic,surveillance,ascent,1.710,1.566,28.5,64.0,2.826,255.0,ascent,labview_demo_csv
ARO-01,1279,B_quadratic,surveillance,ascent,1.767,1.573,28.6,63.5,2.839,255.0,ascent,labview_demo_csv
ARO-01,1280,B_quadratic,surveillance,ascent,1.740,1.566,28.8,63.1,2.826,255.0,ascent,labview_demo_csv
ARO-01,1281,B_quadratic,surveillance,ascent,1.708,1.573,29.0,63.0,2.838,255.0,ascent,labview_demo_csv
ARO-01,1282,B_quadratic,surveillance,ascent,1.743,1.556,29.1,62.8,2.808,255.0,ascent,labview_demo_csv
ARO-01,1283,B_quadratic,surveillance,ascent,1.764,1.565,29.3,62.7,2.824,255.0,ascent,labview_demo_csv
ARO-01,1284,B_quadratic,surveillance,ascent,1.696,1.562,29.3,63.1,2.819,255.0,ascent,labview_demo_csv
ARO-01,1285,B_quadratic,surveillance,ascent,1.733,1.562,29.5,63.1,2.818,255.0,ascent,labview_demo_csv
ARO-01,1286,B_quadratic,surveillance,ascent,1.759,1.557,29.6,63.1,2.809,255.0,ascent,labview_demo_csv
ARO-01,1287,B_quadratic,surveillance,ascent,1.699,1.563,29.7,62.8,2.819,255.0,ascent,labview_demo_csv
ARO-01,1288,B_quadratic,surveillance,descent,1.756,0.348,29.5,62.8,0.628,255.0,descent,labview_demo_csv
ARO-01,1289,B_quadratic,surveillance,descent,1.756,0.350,29.4,62.7,0.632,255.0,descent,labview_demo_csv
ARO-01,1290,B_quadratic,surveillance,descent,1.684,0.346,29.2,62.6,0.625,255.0,descent,labview_demo_csv
ARO-01,1291,B_quadratic,surveillance,descent,1.688,0.358,29.2,62.7,0.645,255.0,descent,labview_demo_csv
ARO-01,1292,B_quadratic,surveillance,descent,1.680,0.358,29.1,63.0,0.646,255.0,descent,labview_demo_csv
ARO-01,1293,B_quadratic,surveillance,descent,1.688,0.356,29.1,63.3,0.643,255.0,descent,labview_demo_csv
ARO-01,1294,B_quadratic,surveillance,descent,1.670,0.345,29.0,63.2,0.622,255.0,descent,labview_demo_csv
ARO-01,1295,B_quadratic,surveillance,descent,1.650,0.343,28.9,63.1,0.619,255.0,descent,labview_demo_csv
ARO-01,1296,B_quadratic,surveillance,descent,1.705,0.347,28.9,63.2,0.626,255.0,descent,labview_demo_csv
ARO-01,1297,B_quadratic,surveillance,descent,1.664,0.352,28.9,63.1,0.635,255.0,descent,labview_demo_csv
ARO-01,1298,B_quadratic,surveillance,descent,1.636,0.345,28.8,63.4,0.623,255.0,descent,labview_demo_csv
ARO-01,1299,B_quadratic,surveillance,descent,1.609,0.337,28.8,63.2,0.608,255.0,descent,labview_demo_csv
ARO-01,1300,B_quadratic,surveillance,pause,1.647,0.000,28.7,63.1,0.000,255.0,pause,labview_demo_csv
ARO-01,1301,B_quadratic,surveillance,pause,1.657,0.004,28.8,63.3,0.007,255.0,pause,labview_demo_csv
ARO-01,1302,B_quadratic,surveillance,pause,1.619,0.010,28.7,63.0,0.018,255.0,pause,labview_demo_csv
ARO-01,1303,B_quadratic,surveillance,pause,1.597,0.000,28.6,63.3,0.000,255.0,pause,labview_demo_csv
ARO-01,1304,B_quadratic,surveillance,pause,1.605,0.000,28.4,63.2,0.000,255.0,pause,labview_demo_csv
ARO-01,1305,B_quadratic,surveillance,pause,1.625,0.006,28.4,63.2,0.010,255.0,pause,labview_demo_csv
ARO-01,1306,B_quadratic,surveillance,pause,1.625,0.000,28.2,63.3,0.000,255.0,pause,labview_demo_csv
ARO-01,1307,B_quadratic,surveillance,pause,1.612,0.005,28.1,63.2,0.009,255.0,pause,labview_demo_csv
ARO-01,1308,B_quadratic,surveillance,pause,1.652,0.000,28.0,63.3,0.000,255.0,pause,labview_demo_csv
ARO-01,1309,B_quadratic,surveillance,pause,1.603,0.002,28.0,63.5,0.004,255.0,pause,labview_demo_csv
ARO-01,1310,B_quadratic,surveillance,pause,1.628,0.003,27.9,63.5,0.006,255.0,pause,labview_demo_csv
ARO-01,1311,B_quadratic,surveillance,pause,1.609,0.006,27.9,63.4,0.010,255.0,pause,labview_demo_csv
ARO-01,1312,B_quadratic,surveillance,pause,1.687,0.000,27.8,63.7,0.000,255.0,pause,labview_demo_csv
ARO-01,1313,B_quadratic,surveillance,pause,1.659,0.000,27.8,64.0,0.000,255.0,pause,labview_demo_csv
ARO-01,1314,B_quadratic,surveillance,pause,1.628,0.001,27.7,63.4,0.002,255.0,pause,labview_demo_csv
ARO-01,1315,B_quadratic,surveillance,pause,1.670,0.000,27.8,63.5,0.000,255.0,pause,labview_demo_csv
ARO-01,1316,B_quadratic,surveillance,pause,1.691,0.000,27.7,63.3,0.000,255.0,pause,labview_demo_csv
ARO-01,1317,B_quadratic,surveillance,pause,1.665,0.000,27.8,63.4,0.000,255.0,pause,labview_demo_csv
ARO-01,1318,B_quadratic,surveillance,pause,1.704,0.009,27.8,63.3,0.017,255.0,pause,labview_demo_csv
ARO-01,1319,B_quadratic,surveillance,pause,1.693,0.000,27.8,63.4,0.000,255.0,pause,labview_demo_csv
ARO-01,1320,B_quadratic,surveillance,ascent,1.693,1.431,28.0,63.0,2.582,225.0,ascent,labview_demo_csv
ARO-01,1321,B_quadratic,surveillance,ascent,1.700,1.439,28.2,63.0,2.596,225.0,ascent,labview_demo_csv
ARO-01,1322,B_quadratic,surveillance,ascent,1.759,1.434,28.4,63.0,2.587,225.0,ascent,labview_demo_csv
ARO-01,1323,B_quadratic,surveillance,ascent,1.726,1.450,28.5,62.7,2.616,225.0,ascent,labview_demo_csv
ARO-01,1324,B_quadratic,surveillance,ascent,1.713,1.438,28.6,62.5,2.594,225.0,ascent,labview_demo_csv
ARO-01,1325,B_quadratic,surveillance,ascent,1.746,1.444,28.8,62.4,2.606,225.0,ascent,labview_demo_csv
ARO-01,1326,B_quadratic,surveillance,ascent,1.724,1.439,29.0,62.6,2.596,225.0,ascent,labview_demo_csv
ARO-01,1327,B_quadratic,surveillance,ascent,1.765,1.440,29.1,62.5,2.597,225.0,ascent,labview_demo_csv
ARO-01,1328,B_quadratic,surveillance,ascent,1.733,1.430,29.1,62.4,2.579,225.0,ascent,labview_demo_csv
ARO-01,1329,B_quadratic,surveillance,ascent,1.746,1.432,29.2,62.3,2.583,225.0,ascent,labview_demo_csv
ARO-01,1330,B_quadratic,surveillance,ascent,1.692,1.435,29.3,62.3,2.590,225.0,ascent,labview_demo_csv
ARO-01,1331,B_quadratic,surveillance,ascent,1.732,1.437,29.5,62.3,2.593,225.0,ascent,labview_demo_csv
ARO-01,1332,B_quadratic,surveillance,descent,1.747,0.354,29.4,62.4,0.639,225.0,descent,labview_demo_csv
ARO-01,1333,B_quadratic,surveillance,descent,1.680,0.347,29.2,62.5,0.625,225.0,descent,labview_demo_csv
ARO-01,1334,B_quadratic,surveillance,descent,1.670,0.348,29.2,62.6,0.628,225.0,descent,labview_demo_csv
ARO-01,1335,B_quadratic,surveillance,descent,1.735,0.341,29.1,62.5,0.616,225.0,descent,labview_demo_csv
ARO-01,1336,B_quadratic,surveillance,descent,1.684,0.327,29.0,62.7,0.590,225.0,descent,labview_demo_csv
ARO-01,1337,B_quadratic,surveillance,descent,1.723,0.374,28.9,62.6,0.675,225.0,descent,labview_demo_csv
ARO-01,1338,B_quadratic,surveillance,descent,1.667,0.354,28.9,62.3,0.639,225.0,descent,labview_demo_csv
ARO-01,1339,B_quadratic,surveillance,descent,1.693,0.349,28.7,62.2,0.629,225.0,descent,labview_demo_csv
ARO-01,1340,B_quadratic,surveillance,descent,1.650,0.347,28.6,62.3,0.625,225.0,descent,labview_demo_csv
ARO-01,1341,B_quadratic,surveillance,descent,1.633,0.347,28.6,62.2,0.626,225.0,descent,labview_demo_csv
ARO-01,1342,B_quadratic,surveillance,descent,1.659,0.351,28.8,62.4,0.633,225.0,descent,labview_demo_csv
ARO-01,1343,B_quadratic,surveillance,descent,1.670,0.351,28.8,62.2,0.632,225.0,descent,labview_demo_csv
ARO-01,1344,B_quadratic,surveillance,pause,1.639,0.000,28.7,61.8,0.000,225.0,pause,labview_demo_csv
ARO-01,1345,B_quadratic,surveillance,pause,1.636,0.007,28.6,62.2,0.012,225.0,pause,labview_demo_csv
ARO-01,1346,B_quadratic,surveillance,pause,1.638,0.000,28.5,62.1,0.000,225.0,pause,labview_demo_csv
ARO-01,1347,B_quadratic,surveillance,pause,1.607,0.014,28.3,62.1,0.026,225.0,pause,labview_demo_csv
ARO-01,1348,B_quadratic,surveillance,pause,1.632,0.000,28.2,62.0,0.001,225.0,pause,labview_demo_csv
ARO-01,1349,B_quadratic,surveillance,pause,1.628,0.016,28.1,62.0,0.029,225.0,pause,labview_demo_csv
ARO-01,1350,B_quadratic,surveillance,pause,1.618,0.000,28.0,61.8,0.000,225.0,pause,labview_demo_csv
ARO-01,1351,B_quadratic,surveillance,pause,1.613,0.001,27.9,61.7,0.003,225.0,pause,labview_demo_csv
ARO-01,1352,B_quadratic,surveillance,pause,1.643,0.013,27.9,61.9,0.023,225.0,pause,labview_demo_csv
ARO-01,1353,B_quadratic,surveillance,pause,1.623,0.000,27.9,62.2,0.000,225.0,pause,labview_demo_csv
ARO-01,1354,B_quadratic,surveillance,pause,1.599,0.006,27.9,62.3,0.011,225.0,pause,labview_demo_csv
ARO-01,1355,B_quadratic,surveillance,pause,1.611,0.000,27.8,62.8,0.000,225.0,pause,labview_demo_csv
ARO-01,1356,B_quadratic,surveillance,pause,1.653,0.001,27.8,62.9,0.001,225.0,pause,labview_demo_csv
ARO-01,1357,B_quadratic,surveillance,pause,1.695,0.000,27.8,63.0,0.000,225.0,pause,labview_demo_csv
ARO-01,1358,B_quadratic,surveillance,pause,1.677,0.003,27.7,63.0,0.005,225.0,pause,labview_demo_csv
ARO-01,1359,B_quadratic,surveillance,pause,1.635,0.003,27.7,63.1,0.005,225.0,pause,labview_demo_csv
ARO-01,1360,B_quadratic,surveillance,pause,1.671,0.002,27.8,63.1,0.004,225.0,pause,labview_demo_csv
ARO-01,1361,B_quadratic,surveillance,pause,1.654,0.000,27.8,63.3,0.000,225.0,pause,labview_demo_csv
ARO-01,1362,B_quadratic,surveillance,pause,1.667,0.002,27.8,63.4,0.004,225.0,pause,labview_demo_csv
ARO-01,1363,B_quadratic,surveillance,pause,1.731,0.000,27.7,63.4,0.000,225.0,pause,labview_demo_csv
ARO-01,1364,B_quadratic,surveillance,ascent,1.679,1.498,27.9,63.0,2.703,240.0,ascent,labview_demo_csv
ARO-01,1365,B_quadratic,surveillance,ascent,1.744,1.514,28.1,63.0,2.731,240.0,ascent,labview_demo_csv
ARO-01,1366,B_quadratic,surveillance,ascent,1.719,1.497,28.4,62.9,2.701,240.0,ascent,labview_demo_csv
ARO-01,1367,B_quadratic,surveillance,ascent,1.696,1.491,28.6,62.7,2.690,240.0,ascent,labview_demo_csv
ARO-01,1368,B_quadratic,surveillance,ascent,1.744,1.491,28.7,62.6,2.691,240.0,ascent,labview_demo_csv
ARO-01,1369,B_quadratic,surveillance,ascent,1.749,1.505,28.8,62.2,2.715,240.0,ascent,labview_demo_csv
ARO-01,1370,B_quadratic,surveillance,ascent,1.742,1.497,28.9,62.1,2.702,240.0,ascent,labview_demo_csv
ARO-01,1371,B_quadratic,surveillance,ascent,1.756,1.498,29.0,62.2,2.704,240.0,ascent,labview_demo_csv
ARO-01,1372,B_quadratic,surveillance,ascent,1.725,1.508,29.1,62.2,2.721,240.0,ascent,labview_demo_csv
ARO-01,1373,B_quadratic,surveillance,ascent,1.738,1.498,29.2,62.1,2.702,240.0,ascent,labview_demo_csv
ARO-01,1374,B_quadratic,surveillance,ascent,1.748,1.507,29.2,62.1,2.719,240.0,ascent,labview_demo_csv
ARO-01,1375,B_quadratic,surveillance,ascent,1.757,1.491,29.3,62.0,2.690,240.0,ascent,labview_demo_csv
ARO-01,1376,B_quadratic,surveillance,descent,1.743,0.354,29.2,62.2,0.639,240.0,descent,labview_demo_csv
ARO-01,1377,B_quadratic,surveillance,descent,1.778,0.355,29.2,62.3,0.640,240.0,descent,labview_demo_csv
ARO-01,1378,B_quadratic,surveillance,descent,1.729,0.358,29.1,62.5,0.645,240.0,descent,labview_demo_csv
ARO-01,1379,B_quadratic,surveillance,descent,1.735,0.353,29.0,62.5,0.637,240.0,descent,labview_demo_csv
ARO-01,1380,B_quadratic,surveillance,descent,1.720,0.346,28.9,62.5,0.625,240.0,descent,labview_demo_csv
ARO-01,1381,B_quadratic,surveillance,descent,1.688,0.344,28.9,62.7,0.621,240.0,descent,labview_demo_csv
ARO-01,1382,B_quadratic,surveillance,descent,1.709,0.339,28.8,62.8,0.611,240.0,descent,labview_demo_csv
ARO-01,1383,B_quadratic,surveillance,descent,1.717,0.357,28.9,62.6,0.645,240.0,descent,labview_demo_csv
ARO-01,1384,B_quadratic,surveillance,descent,1.656,0.342,28.8,62.8,0.616,240.0,descent,labview_demo_csv
ARO-01,1385,B_quadratic,surveillance,descent,1.656,0.335,28.8,62.9,0.605,240.0,descent,labview_demo_csv
ARO-01,1386,B_quadratic,surveillance,descent,1.656,0.349,28.6,63.0,0.629,240.0,descent,labview_demo_csv
ARO-01,1387,B_quadratic,surveillance,descent,1.675,0.350,28.6,63.3,0.632,240.0,descent,labview_demo_csv
ARO-01,1388,B_quadratic,surveillance,pause,1.624,0.016,28.5,63.2,0.028,240.0,pause,labview_demo_csv
ARO-01,1389,B_quadratic,surveillance,pause,1.657,0.022,28.4,62.9,0.040,240.0,pause,labview_demo_csv
ARO-01,1390,B_quadratic,surveillance,pause,1.643,0.000,28.4,62.6,0.000,240.0,pause,labview_demo_csv
ARO-01,1391,B_quadratic,surveillance,pause,1.645,0.007,28.4,62.7,0.013,240.0,pause,labview_demo_csv
ARO-01,1392,B_quadratic,surveillance,pause,1.603,0.000,28.3,62.9,0.000,240.0,pause,labview_demo_csv
ARO-01,1393,B_quadratic,surveillance,pause,1.715,0.002,28.3,62.9,0.003,240.0,pause,labview_demo_csv
ARO-01,1394,B_quadratic,surveillance,pause,1.648,0.004,28.2,62.7,0.008,240.0,pause,labview_demo_csv
ARO-01,1395,B_quadratic,surveillance,pause,1.622,0.008,28.2,62.9,0.015,240.0,pause,labview_demo_csv
ARO-01,1396,B_quadratic,surveillance,pause,1.674,0.006,28.1,62.7,0.011,240.0,pause,labview_demo_csv
ARO-01,1397,B_quadratic,surveillance,pause,1.633,0.011,27.9,62.8,0.019,240.0,pause,labview_demo_csv
ARO-01,1398,B_quadratic,surveillance,pause,1.633,0.000,27.9,62.5,0.000,240.0,pause,labview_demo_csv
ARO-01,1399,B_quadratic,surveillance,pause,1.622,0.000,27.9,62.8,0.000,240.0,pause,labview_demo_csv
ARO-01,1400,B_quadratic,surveillance,pause,1.634,0.000,27.9,62.6,0.000,240.0,pause,labview_demo_csv
ARO-01,1401,B_quadratic,surveillance,pause,1.644,0.006,27.9,62.7,0.011,240.0,pause,labview_demo_csv
ARO-01,1402,B_quadratic,surveillance,pause,1.666,0.000,27.8,62.8,0.000,240.0,pause,labview_demo_csv
ARO-01,1403,B_quadratic,surveillance,pause,1.642,0.000,27.8,62.7,0.000,240.0,pause,labview_demo_csv
ARO-01,1404,B_quadratic,surveillance,pause,1.708,0.000,27.7,62.4,0.000,240.0,pause,labview_demo_csv
ARO-01,1405,B_quadratic,surveillance,pause,1.638,0.000,27.6,62.1,0.000,240.0,pause,labview_demo_csv
ARO-01,1406,B_quadratic,surveillance,pause,1.676,0.000,27.7,62.0,0.001,240.0,pause,labview_demo_csv
ARO-01,1407,B_quadratic,surveillance,pause,1.711,0.000,27.6,62.1,0.000,240.0,pause,labview_demo_csv
ARO-01,1408,B_quadratic,surveillance,ascent,1.714,1.106,27.6,62.1,1.996,150.0,ascent,labview_demo_csv
ARO-01,1409,B_quadratic,surveillance,ascent,1.672,1.128,27.7,62.0,2.035,150.0,ascent,labview_demo_csv
ARO-01,1410,B_quadratic,surveillance,ascent,1.693,1.115,27.9,61.9,2.012,150.0,ascent,labview_demo_csv
ARO-01,1411,B_quadratic,surveillance,ascent,1.784,1.126,28.1,61.9,2.032,150.0,ascent,labview_demo_csv
ARO-01,1412,B_quadratic,surveillance,ascent,1.798,1.129,28.2,61.9,2.037,150.0,ascent,labview_demo_csv
ARO-01,1413,B_quadratic,surveillance,ascent,1.752,1.124,28.3,61.9,2.028,150.0,ascent,labview_demo_csv
ARO-01,1414,B_quadratic,surveillance,ascent,1.743,1.122,28.3,61.9,2.025,150.0,ascent,labview_demo_csv
ARO-01,1415,B_quadratic,surveillance,ascent,1.734,1.128,28.3,62.0,2.036,150.0,ascent,labview_demo_csv
ARO-01,1416,B_quadratic,surveillance,ascent,1.748,1.126,28.5,61.9,2.031,150.0,ascent,labview_demo_csv
ARO-01,1417,B_quadratic,surveillance,ascent,1.718,1.125,28.5,62.0,2.030,150.0,ascent,labview_demo_csv
ARO-01,1418,B_quadratic,surveillance,ascent,1.705,1.113,28.4,62.0,2.009,150.0,ascent,labview_demo_csv
ARO-01,1419,B_quadratic,surveillance,ascent,1.733,1.111,28.4,61.9,2.005,150.0,ascent,labview_demo_csv
ARO-01,1420,B_quadratic,surveillance,descent,1.721,0.355,28.4,61.8,0.641,150.0,descent,labview_demo_csv
ARO-01,1421,B_quadratic,surveillance,descent,1.744,0.346,28.3,61.7,0.624,150.0,descent,labview_demo_csv
ARO-01,1422,B_quadratic,surveillance,descent,1.786,0.346,28.3,61.6,0.624,150.0,descent,labview_demo_csv
ARO-01,1423,B_quadratic,surveillance,descent,1.712,0.345,28.3,61.8,0.623,150.0,descent,labview_demo_csv
ARO-01,1424,B_quadratic,surveillance,descent,1.682,0.361,28.3,61.9,0.651,150.0,descent,labview_demo_csv
ARO-01,1425,B_quadratic,surveillance,descent,1.698,0.360,28.2,61.9,0.649,150.0,descent,labview_demo_csv
ARO-01,1426,B_quadratic,surveillance,descent,1.729,0.353,28.1,61.5,0.637,150.0,descent,labview_demo_csv
ARO-01,1427,B_quadratic,surveillance,descent,1.705,0.355,28.1,61.4,0.640,150.0,descent,labview_demo_csv
ARO-01,1428,B_quadratic,surveillance,descent,1.678,0.351,28.2,61.3,0.634,150.0,descent,labview_demo_csv
ARO-01,1429,B_quadratic,surveillance,descent,1.648,0.366,28.2,61.7,0.661,150.0,descent,labview_demo_csv
ARO-01,1430,B_quadratic,surveillance,descent,1.650,0.341,28.2,61.6,0.616,150.0,descent,labview_demo_csv
ARO-01,1431,B_quadratic,surveillance,descent,1.612,0.366,28.2,61.0,0.660,150.0,descent,labview_demo_csv
ARO-01,1432,B_quadratic,surveillance,pause,1.607,0.000,28.1,60.6,0.000,150.0,pause,labview_demo_csv
ARO-01,1433,B_quadratic,surveillance,pause,1.650,0.000,28.0,60.7,0.000,150.0,pause,labview_demo_csv
ARO-01,1434,B_quadratic,surveillance,pause,1.624,0.000,28.0,60.9,0.000,150.0,pause,labview_demo_csv
ARO-01,1435,B_quadratic,surveillance,pause,1.654,0.001,27.9,61.1,0.002,150.0,pause,labview_demo_csv
ARO-01,1436,B_quadratic,surveillance,pause,1.657,0.003,27.9,60.9,0.006,150.0,pause,labview_demo_csv
ARO-01,1437,B_quadratic,surveillance,pause,1.638,0.001,27.9,60.7,0.002,150.0,pause,labview_demo_csv
ARO-01,1438,B_quadratic,surveillance,pause,1.611,0.020,27.8,60.9,0.036,150.0,pause,labview_demo_csv
ARO-01,1439,B_quadratic,surveillance,pause,1.612,0.000,27.8,61.1,0.000,150.0,pause,labview_demo_csv
ARO-01,1440,B_quadratic,surveillance,pause,1.655,0.000,27.7,61.2,0.000,150.0,pause,labview_demo_csv
ARO-01,1441,B_quadratic,surveillance,pause,1.637,0.007,27.6,61.4,0.012,150.0,pause,labview_demo_csv
ARO-01,1442,B_quadratic,surveillance,pause,1.634,0.000,27.7,61.3,0.000,150.0,pause,labview_demo_csv
ARO-01,1443,B_quadratic,surveillance,pause,1.659,0.000,27.7,61.5,0.000,150.0,pause,labview_demo_csv
ARO-01,1444,B_quadratic,surveillance,pause,1.628,0.010,27.5,61.7,0.018,150.0,pause,labview_demo_csv
ARO-01,1445,B_quadratic,surveillance,pause,1.652,0.000,27.5,62.2,0.000,150.0,pause,labview_demo_csv
ARO-01,1446,B_quadratic,surveillance,pause,1.664,0.000,27.5,62.1,0.000,150.0,pause,labview_demo_csv
ARO-01,1447,B_quadratic,surveillance,pause,1.678,0.000,27.4,61.9,0.000,150.0,pause,labview_demo_csv
ARO-01,1448,B_quadratic,surveillance,pause,1.709,0.004,27.3,61.7,0.007,150.0,pause,labview_demo_csv
ARO-01,1449,B_quadratic,surveillance,pause,1.739,0.004,27.3,61.9,0.008,150.0,pause,labview_demo_csv
ARO-01,1450,B_quadratic,surveillance,pause,1.682,0.003,27.2,61.8,0.005,150.0,pause,labview_demo_csv
ARO-01,1451,B_quadratic,surveillance,pause,1.692,0.000,27.2,61.6,0.000,150.0,pause,labview_demo_csv
ARO-01,1452,B_quadratic,surveillance,ascent,1.753,1.500,27.4,61.4,2.707,240.0,ascent,labview_demo_csv
ARO-01,1453,B_quadratic,surveillance,ascent,1.707,1.500,27.6,61.6,2.707,240.0,ascent,labview_demo_csv
ARO-01,1454,B_quadratic,surveillance,ascent,1.727,1.502,27.8,61.3,2.711,240.0,ascent,labview_demo_csv
ARO-01,1455,B_quadratic,surveillance,ascent,1.731,1.514,27.9,61.3,2.731,240.0,ascent,labview_demo_csv
ARO-01,1456,B_quadratic,surveillance,ascent,1.750,1.498,27.9,60.7,2.703,240.0,ascent,labview_demo_csv
ARO-01,1457,B_quadratic,surveillance,ascent,1.723,1.507,28.1,60.6,2.718,240.0,ascent,labview_demo_csv
ARO-01,1458,B_quadratic,surveillance,ascent,1.783,1.503,28.2,60.7,2.712,240.0,ascent,labview_demo_csv
ARO-01,1459,B_quadratic,surveillance,ascent,1.726,1.501,28.4,60.7,2.708,240.0,ascent,labview_demo_csv
ARO-01,1460,B_quadratic,surveillance,ascent,1.700,1.491,28.5,60.6,2.691,240.0,ascent,labview_demo_csv
ARO-01,1461,B_quadratic,surveillance,ascent,1.740,1.502,28.6,60.8,2.710,240.0,ascent,labview_demo_csv
ARO-01,1462,B_quadratic,surveillance,ascent,1.711,1.505,28.7,60.8,2.715,240.0,ascent,labview_demo_csv
ARO-01,1463,B_quadratic,surveillance,ascent,1.789,1.498,28.8,60.6,2.702,240.0,ascent,labview_demo_csv
ARO-01,1464,B_quadratic,surveillance,descent,1.714,0.348,28.7,60.6,0.627,240.0,descent,labview_demo_csv
ARO-01,1465,B_quadratic,surveillance,descent,1.743,0.353,28.6,60.9,0.636,240.0,descent,labview_demo_csv
ARO-01,1466,B_quadratic,surveillance,descent,1.757,0.336,28.5,61.0,0.605,240.0,descent,labview_demo_csv
ARO-01,1467,B_quadratic,surveillance,descent,1.718,0.336,28.5,60.8,0.606,240.0,descent,labview_demo_csv
ARO-01,1468,B_quadratic,surveillance,descent,1.652,0.343,28.4,60.6,0.619,240.0,descent,labview_demo_csv
ARO-01,1469,B_quadratic,surveillance,descent,1.659,0.346,28.3,60.8,0.624,240.0,descent,labview_demo_csv
ARO-01,1470,B_quadratic,surveillance,descent,1.704,0.353,28.3,60.8,0.637,240.0,descent,labview_demo_csv
ARO-01,1471,B_quadratic,surveillance,descent,1.673,0.349,28.0,61.0,0.629,240.0,descent,labview_demo_csv
ARO-01,1472,B_quadratic,surveillance,descent,1.668,0.330,28.0,61.1,0.596,240.0,descent,labview_demo_csv
ARO-01,1473,B_quadratic,surveillance,descent,1.657,0.350,28.1,61.3,0.631,240.0,descent,labview_demo_csv
ARO-01,1474,B_quadratic,surveillance,descent,1.642,0.348,28.1,61.7,0.627,240.0,descent,labview_demo_csv
ARO-01,1475,B_quadratic,surveillance,descent,1.674,0.339,28.0,61.7,0.611,240.0,descent,labview_demo_csv
ARO-01,1476,B_quadratic,surveillance,pause,1.651,0.000,28.0,61.7,0.000,240.0,pause,labview_demo_csv
ARO-01,1477,B_quadratic,surveillance,pause,1.615,0.000,27.8,61.7,0.000,240.0,pause,labview_demo_csv
ARO-01,1478,B_quadratic,surveillance,pause,1.644,0.006,27.7,61.7,0.011,240.0,pause,labview_demo_csv
ARO-01,1479,B_quadratic,surveillance,pause,1.658,0.007,27.6,61.5,0.013,240.0,pause,labview_demo_csv
ARO-01,1480,B_quadratic,surveillance,pause,1.627,0.000,27.6,61.7,0.000,240.0,pause,labview_demo_csv
ARO-01,1481,B_quadratic,surveillance,pause,1.663,0.000,27.5,62.0,0.000,240.0,pause,labview_demo_csv
ARO-01,1482,B_quadratic,surveillance,pause,1.598,0.002,27.5,61.9,0.004,240.0,pause,labview_demo_csv
ARO-01,1483,B_quadratic,surveillance,pause,1.595,0.005,27.3,61.8,0.010,240.0,pause,labview_demo_csv
ARO-01,1484,B_quadratic,surveillance,pause,1.632,0.005,27.3,61.7,0.008,240.0,pause,labview_demo_csv
ARO-01,1485,B_quadratic,surveillance,pause,1.584,0.000,27.4,61.5,0.000,240.0,pause,labview_demo_csv
ARO-01,1486,B_quadratic,surveillance,pause,1.649,0.000,27.4,61.7,0.000,240.0,pause,labview_demo_csv
ARO-01,1487,B_quadratic,surveillance,pause,1.678,0.011,27.4,61.6,0.020,240.0,pause,labview_demo_csv
ARO-01,1488,B_quadratic,surveillance,pause,1.653,0.000,27.4,61.4,0.000,240.0,pause,labview_demo_csv
ARO-01,1489,B_quadratic,surveillance,pause,1.669,0.000,27.3,61.3,0.000,240.0,pause,labview_demo_csv
ARO-01,1490,B_quadratic,surveillance,pause,1.710,0.000,27.3,61.4,0.000,240.0,pause,labview_demo_csv
ARO-01,1491,B_quadratic,surveillance,pause,1.698,0.000,27.3,61.1,0.000,240.0,pause,labview_demo_csv
ARO-01,1492,B_quadratic,surveillance,pause,1.672,0.003,27.1,61.4,0.005,240.0,pause,labview_demo_csv
ARO-01,1493,B_quadratic,surveillance,pause,1.718,0.000,27.2,61.1,0.000,240.0,pause,labview_demo_csv
ARO-01,1494,B_quadratic,surveillance,pause,1.696,0.007,27.2,61.1,0.012,240.0,pause,labview_demo_csv
ARO-01,1495,B_quadratic,surveillance,pause,1.690,0.000,27.1,61.1,0.000,240.0,pause,labview_demo_csv
ARO-01,1496,B_quadratic,surveillance,ascent,1.739,1.510,27.3,60.4,2.724,240.0,ascent,labview_demo_csv
ARO-01,1497,B_quadratic,surveillance,ascent,1.674,1.504,27.4,60.5,2.713,240.0,ascent,labview_demo_csv
ARO-01,1498,B_quadratic,surveillance,ascent,1.751,1.506,27.6,60.2,2.717,240.0,ascent,labview_demo_csv
ARO-01,1499,B_quadratic,surveillance,ascent,1.768,1.505,27.7,60.1,2.716,240.0,ascent,labview_demo_csv
ARO-01,1500,B_quadratic,surveillance,ascent,1.710,1.506,27.8,59.7,2.716,240.0,ascent,labview_demo_csv
ARO-01,1501,B_quadratic,surveillance,ascent,1.740,1.511,27.9,59.3,2.727,240.0,ascent,labview_demo_csv
ARO-01,1502,B_quadratic,surveillance,ascent,1.749,1.514,28.0,59.4,2.731,240.0,ascent,labview_demo_csv
ARO-01,1503,B_quadratic,surveillance,ascent,1.774,1.511,28.1,59.8,2.726,240.0,ascent,labview_demo_csv
ARO-01,1504,B_quadratic,surveillance,ascent,1.761,1.517,28.3,59.5,2.737,240.0,ascent,labview_demo_csv
ARO-01,1505,B_quadratic,surveillance,ascent,1.754,1.509,28.3,59.4,2.723,240.0,ascent,labview_demo_csv
ARO-01,1506,B_quadratic,surveillance,ascent,1.784,1.501,28.4,59.1,2.709,240.0,ascent,labview_demo_csv
ARO-01,1507,B_quadratic,surveillance,ascent,1.742,1.496,28.4,59.1,2.699,240.0,ascent,labview_demo_csv
ARO-01,1508,B_quadratic,surveillance,descent,1.742,0.341,28.2,59.1,0.615,240.0,descent,labview_demo_csv
ARO-01,1509,B_quadratic,surveillance,descent,1.734,0.349,28.2,58.7,0.629,240.0,descent,labview_demo_csv
ARO-01,1510,B_quadratic,surveillance,descent,1.720,0.353,28.0,58.9,0.636,240.0,descent,labview_demo_csv
ARO-01,1511,B_quadratic,surveillance,descent,1.725,0.348,28.0,59.2,0.628,240.0,descent,labview_demo_csv
ARO-01,1512,B_quadratic,surveillance,descent,1.662,0.353,28.0,59.5,0.637,240.0,descent,labview_demo_csv
ARO-01,1513,B_quadratic,surveillance,descent,1.730,0.347,27.9,59.3,0.626,240.0,descent,labview_demo_csv
ARO-01,1514,B_quadratic,surveillance,descent,1.700,0.340,27.8,59.3,0.614,240.0,descent,labview_demo_csv
ARO-01,1515,B_quadratic,surveillance,descent,1.684,0.346,27.8,59.4,0.624,240.0,descent,labview_demo_csv
ARO-01,1516,B_quadratic,surveillance,descent,1.668,0.344,27.7,59.2,0.620,240.0,descent,labview_demo_csv
ARO-01,1517,B_quadratic,surveillance,descent,1.682,0.349,27.7,59.2,0.630,240.0,descent,labview_demo_csv
ARO-01,1518,B_quadratic,surveillance,descent,1.699,0.341,27.6,59.1,0.615,240.0,descent,labview_demo_csv
ARO-01,1519,B_quadratic,surveillance,descent,1.641,0.345,27.4,59.5,0.622,240.0,descent,labview_demo_csv
ARO-01,1520,B_quadratic,surveillance,pause,1.656,0.000,27.3,59.7,0.000,240.0,pause,labview_demo_csv
ARO-01,1521,B_quadratic,surveillance,pause,1.656,0.000,27.2,59.4,0.000,240.0,pause,labview_demo_csv
ARO-01,1522,B_quadratic,surveillance,pause,1.651,0.003,27.2,59.5,0.006,240.0,pause,labview_demo_csv
ARO-01,1523,B_quadratic,surveillance,pause,1.617,0.000,27.1,59.5,0.000,240.0,pause,labview_demo_csv
ARO-01,1524,B_quadratic,surveillance,pause,1.639,0.008,27.1,59.6,0.015,240.0,pause,labview_demo_csv
ARO-01,1525,B_quadratic,surveillance,pause,1.625,0.000,27.2,59.8,0.000,240.0,pause,labview_demo_csv
ARO-01,1526,B_quadratic,surveillance,pause,1.619,0.000,27.0,59.8,0.000,240.0,pause,labview_demo_csv
ARO-01,1527,B_quadratic,surveillance,pause,1.623,0.000,26.9,60.3,0.000,240.0,pause,labview_demo_csv
ARO-01,1528,B_quadratic,surveillance,pause,1.672,0.003,26.9,60.3,0.006,240.0,pause,labview_demo_csv
ARO-01,1529,B_quadratic,surveillance,pause,1.628,0.003,26.9,60.5,0.006,240.0,pause,labview_demo_csv
ARO-01,1530,B_quadratic,surveillance,pause,1.627,0.000,26.8,60.1,0.000,240.0,pause,labview_demo_csv
ARO-01,1531,B_quadratic,surveillance,pause,1.621,0.000,26.8,60.1,0.000,240.0,pause,labview_demo_csv
ARO-01,1532,B_quadratic,surveillance,pause,1.647,0.000,26.7,60.2,0.000,240.0,pause,labview_demo_csv
ARO-01,1533,B_quadratic,surveillance,pause,1.688,0.012,26.7,60.2,0.022,240.0,pause,labview_demo_csv
ARO-01,1534,B_quadratic,surveillance,pause,1.656,0.000,26.6,60.2,0.000,240.0,pause,labview_demo_csv
ARO-01,1535,B_quadratic,surveillance,pause,1.679,0.000,26.5,60.1,0.000,240.0,pause,labview_demo_csv
ARO-01,1536,B_quadratic,surveillance,pause,1.669,0.000,26.5,60.3,0.000,240.0,pause,labview_demo_csv
ARO-01,1537,B_quadratic,surveillance,pause,1.659,0.000,26.6,60.3,0.000,240.0,pause,labview_demo_csv
ARO-01,1538,B_quadratic,surveillance,pause,1.673,0.000,26.7,59.9,0.000,240.0,pause,labview_demo_csv
ARO-01,1539,B_quadratic,surveillance,pause,1.700,0.011,26.7,60.0,0.020,240.0,pause,labview_demo_csv
ARO-01,1540,B_quadratic,surveillance,ascent,1.729,1.500,26.9,59.6,2.706,240.0,ascent,labview_demo_csv
ARO-01,1541,B_quadratic,surveillance,ascent,1.710,1.510,27.2,59.2,2.724,240.0,ascent,labview_demo_csv
ARO-01,1542,B_quadratic,surveillance,ascent,1.701,1.496,27.3,59.3,2.699,240.0,ascent,labview_demo_csv
ARO-01,1543,B_quadratic,surveillance,ascent,1.778,1.512,27.5,59.3,2.727,240.0,ascent,labview_demo_csv
ARO-01,1544,B_quadratic,surveillance,ascent,1.754,1.507,27.6,59.1,2.718,240.0,ascent,labview_demo_csv
ARO-01,1545,B_quadratic,surveillance,ascent,1.760,1.482,27.6,59.2,2.675,240.0,ascent,labview_demo_csv
ARO-01,1546,B_quadratic,surveillance,ascent,1.775,1.507,27.8,59.2,2.720,240.0,ascent,labview_demo_csv
ARO-01,1547,B_quadratic,surveillance,ascent,1.789,1.504,27.9,59.1,2.714,240.0,ascent,labview_demo_csv
ARO-01,1548,B_quadratic,surveillance,ascent,1.711,1.503,28.1,59.2,2.712,240.0,ascent,labview_demo_csv
ARO-01,1549,B_quadratic,surveillance,ascent,1.775,1.503,28.3,59.3,2.712,240.0,ascent,labview_demo_csv
ARO-01,1550,B_quadratic,surveillance,ascent,1.729,1.515,28.4,59.1,2.733,240.0,ascent,labview_demo_csv
ARO-01,1551,B_quadratic,surveillance,ascent,1.707,1.513,28.5,59.3,2.731,240.0,ascent,labview_demo_csv
ARO-01,1552,B_quadratic,surveillance,descent,1.745,0.346,28.3,59.1,0.625,240.0,descent,labview_demo_csv
ARO-01,1553,B_quadratic,surveillance,descent,1.708,0.351,28.2,59.1,0.634,240.0,descent,labview_demo_csv
ARO-01,1554,B_quadratic,surveillance,descent,1.706,0.339,28.1,59.5,0.612,240.0,descent,labview_demo_csv
ARO-01,1555,B_quadratic,surveillance,descent,1.679,0.349,28.0,59.1,0.630,240.0,descent,labview_demo_csv
ARO-01,1556,B_quadratic,surveillance,descent,1.730,0.351,28.0,59.2,0.633,240.0,descent,labview_demo_csv
ARO-01,1557,B_quadratic,surveillance,descent,1.738,0.337,28.0,59.3,0.609,240.0,descent,labview_demo_csv
ARO-01,1558,B_quadratic,surveillance,descent,1.689,0.349,27.8,59.3,0.629,240.0,descent,labview_demo_csv
ARO-01,1559,B_quadratic,surveillance,descent,1.713,0.350,27.8,59.2,0.632,240.0,descent,labview_demo_csv
ARO-01,1560,B_quadratic,surveillance,descent,1.688,0.343,27.7,59.5,0.619,240.0,descent,labview_demo_csv
ARO-01,1561,B_quadratic,surveillance,descent,1.673,0.352,27.6,59.1,0.634,240.0,descent,labview_demo_csv
ARO-01,1562,B_quadratic,surveillance,descent,1.687,0.366,27.6,59.0,0.660,240.0,descent,labview_demo_csv
ARO-01,1563,B_quadratic,surveillance,descent,1.685,0.342,27.5,58.7,0.617,240.0,descent,labview_demo_csv
ARO-01,1564,B_quadratic,surveillance,pause,1.627,0.000,27.4,59.0,0.000,240.0,pause,labview_demo_csv
ARO-01,1565,B_quadratic,surveillance,pause,1.653,0.019,27.5,58.9,0.035,240.0,pause,labview_demo_csv
ARO-01,1566,B_quadratic,surveillance,pause,1.700,0.000,27.4,58.8,0.000,240.0,pause,labview_demo_csv
ARO-01,1567,B_quadratic,surveillance,pause,1.630,0.003,27.3,58.9,0.005,240.0,pause,labview_demo_csv
ARO-01,1568,B_quadratic,surveillance,pause,1.607,0.004,27.2,58.9,0.007,240.0,pause,labview_demo_csv
ARO-01,1569,B_quadratic,surveillance,pause,1.659,0.012,27.1,58.9,0.021,240.0,pause,labview_demo_csv
ARO-01,1570,B_quadratic,surveillance,pause,1.628,0.006,26.9,59.2,0.011,240.0,pause,labview_demo_csv
ARO-01,1571,B_quadratic,surveillance,pause,1.648,0.004,26.9,59.3,0.007,240.0,pause,labview_demo_csv
ARO-01,1572,B_quadratic,surveillance,pause,1.661,0.000,26.8,59.3,0.000,240.0,pause,labview_demo_csv
ARO-01,1573,B_quadratic,surveillance,pause,1.606,0.000,26.7,59.2,0.000,240.0,pause,labview_demo_csv
ARO-01,1574,B_quadratic,surveillance,pause,1.663,0.000,26.8,59.3,0.000,240.0,pause,labview_demo_csv
ARO-01,1575,B_quadratic,surveillance,pause,1.687,0.000,26.8,59.4,0.000,240.0,pause,labview_demo_csv
ARO-01,1576,B_quadratic,surveillance,pause,1.621,0.000,26.7,59.3,0.000,240.0,pause,labview_demo_csv
ARO-01,1577,B_quadratic,surveillance,pause,1.656,0.000,26.8,59.3,0.000,240.0,pause,labview_demo_csv
ARO-01,1578,B_quadratic,surveillance,pause,1.668,0.003,26.8,59.5,0.005,240.0,pause,labview_demo_csv
ARO-01,1579,B_quadratic,surveillance,pause,1.704,0.000,26.8,59.6,0.000,240.0,pause,labview_demo_csv
ARO-01,1580,B_quadratic,surveillance,pause,1.710,0.000,26.8,59.4,0.000,240.0,pause,labview_demo_csv
ARO-01,1581,B_quadratic,surveillance,pause,1.704,0.002,26.7,59.3,0.003,240.0,pause,labview_demo_csv
ARO-01,1582,B_quadratic,surveillance,pause,1.723,0.000,26.6,59.4,0.001,240.0,pause,labview_demo_csv
ARO-01,1583,B_quadratic,surveillance,pause,1.713,0.001,26.5,59.2,0.003,240.0,pause,labview_demo_csv
ARO-01,1584,B_quadratic,surveillance,ascent,1.781,1.390,26.8,59.3,2.509,210.0,ascent,labview_demo_csv
ARO-01,1585,B_quadratic,surveillance,ascent,1.738,1.388,26.9,58.8,2.505,210.0,ascent,labview_demo_csv
ARO-01,1586,B_quadratic,surveillance,ascent,1.715,1.383,27.1,58.9,2.496,210.0,ascent,labview_demo_csv
ARO-01,1587,B_quadratic,surveillance,ascent,1.731,1.392,27.2,59.1,2.512,210.0,ascent,labview_demo_csv
ARO-01,1588,B_quadratic,surveillance,ascent,1.771,1.373,27.3,59.1,2.478,210.0,ascent,labview_demo_csv
ARO-01,1589,B_quadratic,surveillance,ascent,1.718,1.385,27.4,59.1,2.498,210.0,ascent,labview_demo_csv
ARO-01,1590,B_quadratic,surveillance,ascent,1.752,1.380,27.6,59.0,2.489,210.0,ascent,labview_demo_csv
ARO-01,1591,B_quadratic,surveillance,ascent,1.766,1.374,27.6,58.8,2.479,210.0,ascent,labview_demo_csv
ARO-01,1592,B_quadratic,surveillance,ascent,1.775,1.387,27.8,58.4,2.502,210.0,ascent,labview_demo_csv
ARO-01,1593,B_quadratic,surveillance,ascent,1.769,1.375,27.8,58.4,2.481,210.0,ascent,labview_demo_csv
ARO-01,1594,B_quadratic,surveillance,ascent,1.750,1.377,27.8,58.4,2.484,210.0,ascent,labview_demo_csv
ARO-01,1595,B_quadratic,surveillance,ascent,1.740,1.387,27.8,58.5,2.503,210.0,ascent,labview_demo_csv
ARO-01,1596,B_quadratic,surveillance,descent,1.707,0.344,27.7,58.2,0.620,210.0,descent,labview_demo_csv
ARO-01,1597,B_quadratic,surveillance,descent,1.744,0.359,27.5,58.6,0.648,210.0,descent,labview_demo_csv
ARO-01,1598,B_quadratic,surveillance,descent,1.724,0.348,27.5,58.6,0.628,210.0,descent,labview_demo_csv
ARO-01,1599,B_quadratic,surveillance,descent,1.743,0.352,27.4,58.7,0.635,210.0,descent,labview_demo_csv
ARO-01,1600,B_quadratic,surveillance,descent,1.724,0.347,27.3,58.5,0.626,210.0,descent,labview_demo_csv
ARO-01,1601,B_quadratic,surveillance,descent,1.736,0.350,27.4,58.5,0.631,210.0,descent,labview_demo_csv
ARO-01,1602,B_quadratic,surveillance,descent,1.701,0.356,27.3,58.7,0.642,210.0,descent,labview_demo_csv
ARO-01,1603,B_quadratic,surveillance,descent,1.685,0.355,27.3,58.3,0.640,210.0,descent,labview_demo_csv
ARO-01,1604,B_quadratic,surveillance,descent,1.685,0.342,27.3,58.6,0.617,210.0,descent,labview_demo_csv
ARO-01,1605,B_quadratic,surveillance,descent,1.683,0.332,27.2,58.5,0.598,210.0,descent,labview_demo_csv
ARO-01,1606,B_quadratic,surveillance,descent,1.652,0.345,27.1,58.6,0.622,210.0,descent,labview_demo_csv
ARO-01,1607,B_quadratic,surveillance,descent,1.691,0.353,27.1,58.8,0.638,210.0,descent,labview_demo_csv
ARO-01,1608,B_quadratic,surveillance,pause,1.694,0.012,27.0,58.8,0.022,210.0,pause,labview_demo_csv
ARO-01,1609,B_quadratic,surveillance,pause,1.651,0.010,26.9,58.9,0.017,210.0,pause,labview_demo_csv
ARO-01,1610,B_quadratic,surveillance,pause,1.635,0.000,26.8,59.0,0.000,210.0,pause,labview_demo_csv
ARO-01,1611,B_quadratic,surveillance,pause,1.691,0.000,26.8,58.7,0.000,210.0,pause,labview_demo_csv
ARO-01,1612,B_quadratic,surveillance,pause,1.629,0.000,26.8,59.3,0.000,210.0,pause,labview_demo_csv
ARO-01,1613,B_quadratic,surveillance,pause,1.643,0.013,26.8,59.7,0.023,210.0,pause,labview_demo_csv
ARO-01,1614,B_quadratic,surveillance,pause,1.671,0.000,26.8,59.7,0.000,210.0,pause,labview_demo_csv
ARO-01,1615,B_quadratic,surveillance,pause,1.711,0.000,26.8,59.8,0.000,210.0,pause,labview_demo_csv
ARO-01,1616,B_quadratic,surveillance,pause,1.641,0.003,26.7,59.8,0.006,210.0,pause,labview_demo_csv
ARO-01,1617,B_quadratic,surveillance,pause,1.659,0.000,26.6,59.8,0.000,210.0,pause,labview_demo_csv
ARO-01,1618,B_quadratic,surveillance,pause,1.690,0.000,26.6,59.7,0.000,210.0,pause,labview_demo_csv
ARO-01,1619,B_quadratic,surveillance,pause,1.641,0.000,26.8,59.5,0.000,210.0,pause,labview_demo_csv
ARO-01,1620,B_quadratic,surveillance,pause,1.642,0.011,26.8,59.7,0.020,210.0,pause,labview_demo_csv
ARO-01,1621,B_quadratic,surveillance,pause,1.654,0.002,26.8,59.3,0.004,210.0,pause,labview_demo_csv
ARO-01,1622,B_quadratic,surveillance,pause,1.671,0.000,26.8,59.4,0.000,210.0,pause,labview_demo_csv
ARO-01,1623,B_quadratic,surveillance,pause,1.733,0.001,26.7,59.4,0.001,210.0,pause,labview_demo_csv
ARO-01,1624,B_quadratic,surveillance,pause,1.723,0.002,26.6,59.5,0.004,210.0,pause,labview_demo_csv
ARO-01,1625,B_quadratic,surveillance,pause,1.703,0.004,26.5,59.8,0.008,210.0,pause,labview_demo_csv
ARO-01,1626,B_quadratic,surveillance,pause,1.658,0.000,26.6,59.6,0.000,210.0,pause,labview_demo_csv
ARO-01,1627,B_quadratic,surveillance,pause,1.733,0.000,26.5,59.6,0.000,210.0,pause,labview_demo_csv
ARO-01,1628,B_quadratic,surveillance,ascent,1.740,1.373,26.6,59.7,2.477,210.0,ascent,labview_demo_csv
ARO-01,1629,B_quadratic,surveillance,ascent,1.754,1.387,26.7,59.6,2.502,210.0,ascent,labview_demo_csv
ARO-01,1630,B_quadratic,surveillance,ascent,1.737,1.378,26.7,59.4,2.486,210.0,ascent,labview_demo_csv
ARO-01,1631,B_quadratic,surveillance,ascent,1.717,1.375,26.8,58.8,2.481,210.0,ascent,labview_demo_csv
ARO-01,1632,B_quadratic,surveillance,ascent,1.749,1.370,27.0,58.8,2.471,210.0,ascent,labview_demo_csv
ARO-01,1633,B_quadratic,surveillance,ascent,1.782,1.392,27.0,59.1,2.512,210.0,ascent,labview_demo_csv
ARO-01,1634,B_quadratic,surveillance,ascent,1.741,1.378,27.1,59.2,2.486,210.0,ascent,labview_demo_csv
ARO-01,1635,B_quadratic,surveillance,ascent,1.749,1.372,27.3,58.9,2.475,210.0,ascent,labview_demo_csv
ARO-01,1636,B_quadratic,surveillance,ascent,1.761,1.373,27.3,58.9,2.476,210.0,ascent,labview_demo_csv
ARO-01,1637,B_quadratic,surveillance,ascent,1.739,1.383,27.3,58.6,2.495,210.0,ascent,labview_demo_csv
ARO-01,1638,B_quadratic,surveillance,ascent,1.764,1.393,27.2,58.5,2.513,210.0,ascent,labview_demo_csv
ARO-01,1639,B_quadratic,surveillance,ascent,1.750,1.382,27.2,58.6,2.493,210.0,ascent,labview_demo_csv
ARO-01,1640,B_quadratic,surveillance,descent,1.791,0.345,27.2,58.4,0.623,210.0,descent,labview_demo_csv
ARO-01,1641,B_quadratic,surveillance,descent,1.724,0.352,27.2,58.2,0.636,210.0,descent,labview_demo_csv
ARO-01,1642,B_quadratic,surveillance,descent,1.750,0.351,27.2,58.2,0.633,210.0,descent,labview_demo_csv
ARO-01,1643,B_quadratic,surveillance,descent,1.708,0.346,27.2,58.2,0.625,210.0,descent,labview_demo_csv
ARO-01,1644,B_quadratic,surveillance,descent,1.728,0.361,27.1,58.3,0.651,210.0,descent,labview_demo_csv
ARO-01,1645,B_quadratic,surveillance,descent,1.681,0.343,27.1,58.1,0.619,210.0,descent,labview_demo_csv
ARO-01,1646,B_quadratic,surveillance,descent,1.676,0.354,27.0,57.7,0.639,210.0,descent,labview_demo_csv
ARO-01,1647,B_quadratic,surveillance,descent,1.659,0.344,27.0,57.8,0.620,210.0,descent,labview_demo_csv
ARO-01,1648,B_quadratic,surveillance,descent,1.735,0.355,26.9,57.7,0.641,210.0,descent,labview_demo_csv
ARO-01,1649,B_quadratic,surveillance,descent,1.688,0.359,26.9,57.9,0.647,210.0,descent,labview_demo_csv
ARO-01,1650,B_quadratic,surveillance,descent,1.634,0.358,26.9,57.9,0.646,210.0,descent,labview_demo_csv
ARO-01,1651,B_quadratic,surveillance,descent,1.655,0.351,26.8,58.0,0.632,210.0,descent,labview_demo_csv
ARO-01,1652,B_quadratic,surveillance,pause,1.639,0.010,26.7,58.1,0.018,210.0,pause,labview_demo_csv
ARO-01,1653,B_quadratic,surveillance,pause,1.660,0.008,26.6,58.3,0.015,210.0,pause,labview_demo_csv
ARO-01,1654,B_quadratic,surveillance,pause,1.631,0.004,26.5,58.4,0.007,210.0,pause,labview_demo_csv
ARO-01,1655,B_quadratic,surveillance,pause,1.627,0.005,26.4,58.5,0.008,210.0,pause,labview_demo_csv
ARO-01,1656,B_quadratic,surveillance,pause,1.628,0.000,26.4,58.5,0.000,210.0,pause,labview_demo_csv
ARO-01,1657,B_quadratic,surveillance,pause,1.663,0.000,26.3,58.1,0.000,210.0,pause,labview_demo_csv
ARO-01,1658,B_quadratic,surveillance,pause,1.618,0.013,26.3,58.2,0.023,210.0,pause,labview_demo_csv
ARO-01,1659,B_quadratic,surveillance,pause,1.651,0.010,26.2,58.2,0.018,210.0,pause,labview_demo_csv
ARO-01,1660,B_quadratic,surveillance,pause,1.608,0.000,26.3,58.4,0.000,210.0,pause,labview_demo_csv
ARO-01,1661,B_quadratic,surveillance,pause,1.631,0.000,26.2,58.4,0.000,210.0,pause,labview_demo_csv
ARO-01,1662,B_quadratic,surveillance,pause,1.630,0.000,26.1,58.5,0.000,210.0,pause,labview_demo_csv
ARO-01,1663,B_quadratic,surveillance,pause,1.643,0.000,26.2,58.4,0.000,210.0,pause,labview_demo_csv
ARO-01,1664,B_quadratic,surveillance,pause,1.642,0.000,26.2,58.2,0.000,210.0,pause,labview_demo_csv
ARO-01,1665,B_quadratic,surveillance,pause,1.694,0.000,26.3,58.1,0.000,210.0,pause,labview_demo_csv
ARO-01,1666,B_quadratic,surveillance,pause,1.707,0.000,26.3,58.1,0.000,210.0,pause,labview_demo_csv
ARO-01,1667,B_quadratic,surveillance,pause,1.731,0.003,26.3,58.2,0.006,210.0,pause,labview_demo_csv
ARO-01,1668,B_quadratic,surveillance,pause,1.715,0.002,26.2,58.3,0.004,210.0,pause,labview_demo_csv
ARO-01,1669,B_quadratic,surveillance,pause,1.700,0.008,26.1,58.5,0.015,210.0,pause,labview_demo_csv
ARO-01,1670,B_quadratic,surveillance,pause,1.719,0.007,26.1,58.8,0.013,210.0,pause,labview_demo_csv
ARO-01,1671,B_quadratic,surveillance,pause,1.773,0.007,26.0,58.7,0.012,210.0,pause,labview_demo_csv
ARO-01,1672,B_quadratic,surveillance,ascent,1.746,1.252,26.1,58.8,2.259,180.0,ascent,labview_demo_csv
ARO-01,1673,B_quadratic,surveillance,ascent,1.750,1.230,26.3,58.4,2.219,180.0,ascent,labview_demo_csv
ARO-01,1674,B_quadratic,surveillance,ascent,1.716,1.255,26.5,58.0,2.265,180.0,ascent,labview_demo_csv
ARO-01,1675,B_quadratic,surveillance,ascent,1.729,1.261,26.6,58.0,2.275,180.0,ascent,labview_demo_csv
ARO-01,1676,B_quadratic,surveillance,ascent,1.744,1.267,26.8,57.8,2.285,180.0,ascent,labview_demo_csv
ARO-01,1677,B_quadratic,surveillance,ascent,1.756,1.267,26.8,57.5,2.286,180.0,ascent,labview_demo_csv
ARO-01,1678,B_quadratic,surveillance,ascent,1.786,1.262,26.9,57.5,2.277,180.0,ascent,labview_demo_csv
ARO-01,1679,B_quadratic,surveillance,ascent,1.779,1.258,26.9,57.7,2.269,180.0,ascent,labview_demo_csv
ARO-01,1680,B_quadratic,surveillance,ascent,1.724,1.251,26.8,57.6,2.257,180.0,ascent,labview_demo_csv
ARO-01,1681,B_quadratic,surveillance,ascent,1.787,1.258,26.9,57.4,2.270,180.0,ascent,labview_demo_csv
ARO-01,1682,B_quadratic,surveillance,ascent,1.830,1.260,27.0,57.4,2.273,180.0,ascent,labview_demo_csv
ARO-01,1683,B_quadratic,surveillance,ascent,1.734,1.258,27.0,57.4,2.271,180.0,ascent,labview_demo_csv
ARO-01,1684,B_quadratic,surveillance,descent,1.797,0.349,26.9,57.6,0.629,180.0,descent,labview_demo_csv
ARO-01,1685,B_quadratic,surveillance,descent,1.794,0.350,26.7,57.6,0.632,180.0,descent,labview_demo_csv
ARO-01,1686,B_quadratic,surveillance,descent,1.765,0.355,26.8,57.4,0.641,180.0,descent,labview_demo_csv
ARO-01,1687,B_quadratic,surveillance,descent,1.727,0.359,26.7,57.0,0.647,180.0,descent,labview_demo_csv
ARO-01,1688,B_quadratic,surveillance,descent,1.745,0.338,26.7,56.9,0.610,180.0,descent,labview_demo_csv
ARO-01,1689,B_quadratic,surveillance,descent,1.731,0.356,26.5,57.1,0.643,180.0,descent,labview_demo_csv
ARO-01,1690,B_quadratic,surveillance,descent,1.723,0.343,26.6,57.3,0.619,180.0,descent,labview_demo_csv
ARO-01,1691,B_quadratic,surveillance,descent,1.731,0.356,26.8,57.2,0.642,180.0,descent,labview_demo_csv
ARO-01,1692,B_quadratic,surveillance,descent,1.646,0.355,26.8,57.3,0.640,180.0,descent,labview_demo_csv
ARO-01,1693,B_quadratic,surveillance,descent,1.661,0.359,26.8,57.1,0.647,180.0,descent,labview_demo_csv
ARO-01,1694,B_quadratic,surveillance,descent,1.701,0.347,26.8,56.8,0.627,180.0,descent,labview_demo_csv
ARO-01,1695,B_quadratic,surveillance,descent,1.663,0.347,26.7,57.0,0.626,180.0,descent,labview_demo_csv
ARO-01,1696,B_quadratic,surveillance,pause,1.643,0.008,26.6,57.0,0.015,180.0,pause,labview_demo_csv
ARO-01,1697,B_quadratic,surveillance,pause,1.698,0.000,26.4,56.8,0.000,180.0,pause,labview_demo_csv
ARO-01,1698,B_quadratic,surveillance,pause,1.649,0.002,26.3,56.9,0.004,180.0,pause,labview_demo_csv
ARO-01,1699,B_quadratic,surveillance,pause,1.603,0.000,26.2,56.9,0.000,180.0,pause,labview_demo_csv
ARO-01,1700,B_quadratic,surveillance,pause,1.679,0.002,26.1,57.2,0.004,180.0,pause,labview_demo_csv
ARO-01,1701,B_quadratic,surveillance,pause,1.645,0.000,26.1,57.1,0.000,180.0,pause,labview_demo_csv
ARO-01,1702,B_quadratic,surveillance,pause,1.696,0.000,26.1,57.4,0.000,180.0,pause,labview_demo_csv
ARO-01,1703,B_quadratic,surveillance,pause,1.649,0.000,26.0,57.3,0.000,180.0,pause,labview_demo_csv
ARO-01,1704,B_quadratic,surveillance,pause,1.652,0.000,26.0,56.9,0.000,180.0,pause,labview_demo_csv
ARO-01,1705,B_quadratic,surveillance,pause,1.667,0.000,26.0,57.0,0.000,180.0,pause,labview_demo_csv
ARO-01,1706,B_quadratic,surveillance,pause,1.703,0.001,25.9,57.0,0.002,180.0,pause,labview_demo_csv
ARO-01,1707,B_quadratic,surveillance,pause,1.653,0.010,25.9,56.9,0.019,180.0,pause,labview_demo_csv
ARO-01,1708,B_quadratic,surveillance,pause,1.709,0.000,25.9,56.8,0.000,180.0,pause,labview_demo_csv
ARO-01,1709,B_quadratic,surveillance,pause,1.700,0.005,25.9,56.8,0.008,180.0,pause,labview_demo_csv
ARO-01,1710,B_quadratic,surveillance,pause,1.687,0.000,25.9,56.7,0.000,180.0,pause,labview_demo_csv
ARO-01,1711,B_quadratic,surveillance,pause,1.718,0.005,25.8,56.8,0.009,180.0,pause,labview_demo_csv
ARO-01,1712,B_quadratic,surveillance,pause,1.712,0.000,25.8,57.0,0.000,180.0,pause,labview_demo_csv
ARO-01,1713,B_quadratic,surveillance,pause,1.691,0.000,25.7,57.0,0.000,180.0,pause,labview_demo_csv
ARO-01,1714,B_quadratic,surveillance,pause,1.698,0.007,25.5,56.6,0.013,180.0,pause,labview_demo_csv
ARO-01,1715,B_quadratic,surveillance,pause,1.673,0.000,25.5,56.5,0.000,180.0,pause,labview_demo_csv
ARO-01,1716,B_quadratic,surveillance,ascent,1.766,1.260,25.6,56.5,2.273,180.0,ascent,labview_demo_csv
ARO-01,1717,B_quadratic,surveillance,ascent,1.740,1.264,25.7,56.4,2.280,180.0,ascent,labview_demo_csv
ARO-01,1718,B_quadratic,surveillance,ascent,1.755,1.253,25.8,56.6,2.261,180.0,ascent,labview_demo_csv
ARO-01,1719,B_quadratic,surveillance,ascent,1.752,1.258,26.0,56.5,2.270,180.0,ascent,labview_demo_csv
ARO-01,1720,B_quadratic,surveillance,ascent,1.779,1.251,26.1,56.5,2.257,180.0,ascent,labview_demo_csv
ARO-01,1721,B_quadratic,surveillance,ascent,1.791,1.253,26.2,56.6,2.260,180.0,ascent,labview_demo_csv
ARO-01,1722,B_quadratic,surveillance,ascent,1.806,1.263,26.2,56.7,2.279,180.0,ascent,labview_demo_csv
ARO-01,1723,B_quadratic,surveillance,ascent,1.791,1.253,26.3,57.0,2.261,180.0,ascent,labview_demo_csv
ARO-01,1724,B_quadratic,surveillance,ascent,1.771,1.265,26.4,57.0,2.282,180.0,ascent,labview_demo_csv
ARO-01,1725,B_quadratic,surveillance,ascent,1.772,1.249,26.4,57.0,2.253,180.0,ascent,labview_demo_csv
ARO-01,1726,B_quadratic,surveillance,ascent,1.802,1.245,26.5,56.8,2.246,180.0,ascent,labview_demo_csv
ARO-01,1727,B_quadratic,surveillance,ascent,1.793,1.262,26.6,56.5,2.277,180.0,ascent,labview_demo_csv
ARO-01,1728,B_quadratic,surveillance,descent,1.794,0.357,26.6,56.7,0.645,180.0,descent,labview_demo_csv
ARO-01,1729,B_quadratic,surveillance,descent,1.736,0.345,26.6,56.7,0.622,180.0,descent,labview_demo_csv
ARO-01,1730,B_quadratic,surveillance,descent,1.759,0.361,26.5,56.8,0.651,180.0,descent,labview_demo_csv
ARO-01,1731,B_quadratic,surveillance,descent,1.749,0.354,26.6,56.8,0.638,180.0,descent,labview_demo_csv
ARO-01,1732,B_quadratic,surveillance,descent,1.711,0.351,26.5,56.7,0.633,180.0,descent,labview_demo_csv
ARO-01,1733,B_quadratic,surveillance,descent,1.757,0.366,26.3,56.6,0.661,180.0,descent,labview_demo_csv
ARO-01,1734,B_quadratic,surveillance,descent,1.708,0.359,26.3,56.5,0.647,180.0,descent,labview_demo_csv
ARO-01,1735,B_quadratic,surveillance,descent,1.712,0.361,26.1,56.5,0.651,180.0,descent,labview_demo_csv
ARO-01,1736,B_quadratic,surveillance,descent,1.716,0.349,26.1,56.2,0.630,180.0,descent,labview_demo_csv
ARO-01,1737,B_quadratic,surveillance,descent,1.686,0.347,26.1,56.3,0.626,180.0,descent,labview_demo_csv
ARO-01,1738,B_quadratic,surveillance,descent,1.668,0.343,26.1,56.3,0.618,180.0,descent,labview_demo_csv
ARO-01,1739,B_quadratic,surveillance,descent,1.681,0.351,26.0,56.3,0.633,180.0,descent,labview_demo_csv
ARO-01,1740,B_quadratic,surveillance,pause,1.708,0.018,25.9,56.4,0.032,180.0,pause,labview_demo_csv
ARO-01,1741,B_quadratic,surveillance,pause,1.703,0.005,25.9,56.8,0.010,180.0,pause,labview_demo_csv
ARO-01,1742,B_quadratic,surveillance,pause,1.652,0.000,25.9,56.9,0.000,180.0,pause,labview_demo_csv
ARO-01,1743,B_quadratic,surveillance,pause,1.636,0.000,25.9,57.0,0.000,180.0,pause,labview_demo_csv
ARO-01,1744,B_quadratic,surveillance,pause,1.642,0.005,26.0,56.9,0.008,180.0,pause,labview_demo_csv
ARO-01,1745,B_quadratic,surveillance,pause,1.659,0.005,25.9,56.9,0.010,180.0,pause,labview_demo_csv
ARO-01,1746,B_quadratic,surveillance,pause,1.652,0.000,25.9,56.9,0.000,180.0,pause,labview_demo_csv
ARO-01,1747,B_quadratic,surveillance,pause,1.683,0.000,25.8,56.9,0.000,180.0,pause,labview_demo_csv
ARO-01,1748,B_quadratic,surveillance,pause,1.616,0.000,25.9,57.0,0.000,180.0,pause,labview_demo_csv
ARO-01,1749,B_quadratic,surveillance,pause,1.655,0.000,25.8,56.8,0.000,180.0,pause,labview_demo_csv
ARO-01,1750,B_quadratic,surveillance,pause,1.688,0.007,25.7,57.0,0.012,180.0,pause,labview_demo_csv
ARO-01,1751,B_quadratic,surveillance,pause,1.671,0.000,25.7,57.2,0.000,180.0,pause,labview_demo_csv
ARO-01,1752,B_quadratic,surveillance,pause,1.694,0.003,25.8,57.1,0.005,180.0,pause,labview_demo_csv
ARO-01,1753,B_quadratic,surveillance,pause,1.682,0.000,25.8,56.7,0.000,180.0,pause,labview_demo_csv
ARO-01,1754,B_quadratic,surveillance,pause,1.667,0.000,25.7,56.8,0.000,180.0,pause,labview_demo_csv
ARO-01,1755,B_quadratic,surveillance,pause,1.691,0.005,25.7,57.1,0.010,180.0,pause,labview_demo_csv
ARO-01,1756,B_quadratic,surveillance,pause,1.709,0.015,25.7,57.5,0.026,180.0,pause,labview_demo_csv
ARO-01,1757,B_quadratic,surveillance,pause,1.733,0.000,25.6,57.5,0.000,180.0,pause,labview_demo_csv
ARO-01,1758,B_quadratic,surveillance,pause,1.748,0.010,25.6,57.2,0.018,180.0,pause,labview_demo_csv
ARO-01,1759,B_quadratic,surveillance,pause,1.735,0.015,25.6,57.4,0.028,180.0,pause,labview_demo_csv
ARO-01,1760,B_quadratic,surveillance,ascent,1.692,1.070,25.8,57.2,1.931,135.0,ascent,labview_demo_csv
ARO-01,1761,B_quadratic,surveillance,ascent,1.745,1.077,25.9,57.4,1.943,135.0,ascent,labview_demo_csv
ARO-01,1762,B_quadratic,surveillance,ascent,1.773,1.063,26.0,57.3,1.918,135.0,ascent,labview_demo_csv
ARO-01,1763,B_quadratic,surveillance,ascent,1.755,1.069,26.1,57.1,1.928,135.0,ascent,labview_demo_csv
ARO-01,1764,B_quadratic,surveillance,ascent,1.767,1.066,26.2,57.2,1.924,135.0,ascent,labview_demo_csv
ARO-01,1765,B_quadratic,surveillance,ascent,1.742,1.062,26.2,57.2,1.917,135.0,ascent,labview_demo_csv
ARO-01,1766,B_quadratic,surveillance,ascent,1.746,1.073,26.2,57.0,1.936,135.0,ascent,labview_demo_csv
ARO-01,1767,B_quadratic,surveillance,ascent,1.748,1.069,26.3,57.2,1.928,135.0,ascent,labview_demo_csv
ARO-01,1768,B_quadratic,surveillance,ascent,1.800,1.058,26.3,57.4,1.909,135.0,ascent,labview_demo_csv
ARO-01,1769,B_quadratic,surveillance,ascent,1.703,1.073,26.4,57.4,1.937,135.0,ascent,labview_demo_csv
ARO-01,1770,B_quadratic,surveillance,ascent,1.775,1.066,26.4,57.0,1.923,135.0,ascent,labview_demo_csv
ARO-01,1771,B_quadratic,surveillance,ascent,1.730,1.060,26.5,57.2,1.913,135.0,ascent,labview_demo_csv
ARO-01,1772,B_quadratic,surveillance,descent,1.729,0.340,26.4,57.7,0.614,135.0,descent,labview_demo_csv
ARO-01,1773,B_quadratic,surveillance,descent,1.756,0.352,26.3,57.6,0.635,135.0,descent,labview_demo_csv
ARO-01,1774,B_quadratic,surveillance,descent,1.750,0.349,26.3,57.5,0.630,135.0,descent,labview_demo_csv
ARO-01,1775,B_quadratic,surveillance,descent,1.758,0.355,26.2,57.5,0.640,135.0,descent,labview_demo_csv
ARO-01,1776,B_quadratic,surveillance,descent,1.777,0.354,26.1,57.2,0.639,135.0,descent,labview_demo_csv
ARO-01,1777,B_quadratic,surveillance,descent,1.759,0.355,26.1,57.1,0.640,135.0,descent,labview_demo_csv
ARO-01,1778,B_quadratic,surveillance,descent,1.700,0.364,26.1,56.9,0.656,135.0,descent,labview_demo_csv
ARO-01,1779,B_quadratic,surveillance,descent,1.761,0.348,26.2,56.9,0.627,135.0,descent,labview_demo_csv
ARO-01,1780,B_quadratic,surveillance,descent,1.672,0.345,26.1,56.6,0.623,135.0,descent,labview_demo_csv
ARO-01,1781,B_quadratic,surveillance,descent,1.695,0.358,26.0,56.4,0.646,135.0,descent,labview_demo_csv
ARO-01,1782,B_quadratic,surveillance,descent,1.670,0.354,26.0,56.2,0.639,135.0,descent,labview_demo_csv
ARO-01,1783,B_quadratic,surveillance,descent,1.701,0.357,25.9,56.3,0.643,135.0,descent,labview_demo_csv
ARO-01,1784,B_quadratic,surveillance,pause,1.685,0.012,25.9,56.5,0.021,135.0,pause,labview_demo_csv
ARO-01,1785,B_quadratic,surveillance,pause,1.664,0.000,25.8,56.6,0.000,135.0,pause,labview_demo_csv
ARO-01,1786,B_quadratic,surveillance,pause,1.633,0.010,25.8,56.7,0.018,135.0,pause,labview_demo_csv
ARO-01,1787,B_quadratic,surveillance,pause,1.602,0.000,25.7,56.6,0.000,135.0,pause,labview_demo_csv
ARO-01,1788,B_quadratic,surveillance,pause,1.666,0.000,25.7,56.6,0.000,135.0,pause,labview_demo_csv
ARO-01,1789,B_quadratic,surveillance,pause,1.659,0.000,25.6,56.3,0.000,135.0,pause,labview_demo_csv
ARO-01,1790,B_quadratic,surveillance,pause,1.641,0.003,25.4,56.4,0.006,135.0,pause,labview_demo_csv
ARO-01,1791,B_quadratic,surveillance,pause,1.618,0.007,25.3,56.5,0.013,135.0,pause,labview_demo_csv
ARO-01,1792,B_quadratic,surveillance,pause,1.676,0.009,25.3,56.5,0.017,135.0,pause,labview_demo_csv
ARO-01,1793,B_quadratic,surveillance,pause,1.669,0.000,25.4,56.5,0.000,135.0,pause,labview_demo_csv
ARO-01,1794,B_quadratic,surveillance,pause,1.706,0.000,25.3,56.3,0.000,135.0,pause,labview_demo_csv
ARO-01,1795,B_quadratic,surveillance,pause,1.692,0.013,25.3,56.4,0.023,135.0,pause,labview_demo_csv
ARO-01,1796,B_quadratic,surveillance,pause,1.686,0.000,25.3,56.5,0.000,135.0,pause,labview_demo_csv
ARO-01,1797,B_quadratic,surveillance,pause,1.668,0.004,25.2,56.4,0.008,135.0,pause,labview_demo_csv
ARO-01,1798,B_quadratic,surveillance,pause,1.663,0.009,25.2,56.3,0.016,135.0,pause,labview_demo_csv
ARO-01,1799,B_quadratic,surveillance,pause,1.711,0.000,25.1,56.3,0.000,135.0,pause,labview_demo_csv
ARO-01,1800,B_quadratic,surveillance,pause,1.682,0.000,25.1,56.4,0.000,135.0,pause,labview_demo_csv
ARO-01,1801,B_quadratic,surveillance,pause,1.716,0.000,25.2,56.5,0.000,135.0,pause,labview_demo_csv
ARO-01,1802,B_quadratic,surveillance,pause,1.703,0.000,25.2,56.4,0.000,135.0,pause,labview_demo_csv
ARO-01,1803,B_quadratic,surveillance,pause,1.738,0.000,25.1,56.5,0.000,135.0,pause,labview_demo_csv
ARO-01,1804,B_quadratic,surveillance,ascent,1.760,1.386,25.3,56.4,2.501,210.0,ascent,labview_demo_csv
ARO-01,1805,B_quadratic,surveillance,ascent,1.738,1.377,25.4,56.2,2.484,210.0,ascent,labview_demo_csv
ARO-01,1806,B_quadratic,surveillance,ascent,1.744,1.377,25.5,56.3,2.484,210.0,ascent,labview_demo_csv
ARO-01,1807,B_quadratic,surveillance,ascent,1.753,1.380,25.7,56.2,2.489,210.0,ascent,labview_demo_csv
ARO-01,1808,B_quadratic,surveillance,ascent,1.759,1.382,25.8,56.5,2.494,210.0,ascent,labview_demo_csv
ARO-01,1809,B_quadratic,surveillance,ascent,1.772,1.382,25.8,56.8,2.494,210.0,ascent,labview_demo_csv
ARO-01,1810,B_quadratic,surveillance,ascent,1.764,1.382,26.0,56.7,2.493,210.0,ascent,labview_demo_csv
ARO-01,1811,B_quadratic,surveillance,ascent,1.785,1.373,25.9,56.7,2.478,210.0,ascent,labview_demo_csv
ARO-01,1812,B_quadratic,surveillance,ascent,1.751,1.391,26.0,56.7,2.509,210.0,ascent,labview_demo_csv
ARO-01,1813,B_quadratic,surveillance,ascent,1.789,1.383,26.2,56.3,2.496,210.0,ascent,labview_demo_csv
ARO-01,1814,B_quadratic,surveillance,ascent,1.777,1.368,26.2,56.0,2.468,210.0,ascent,labview_demo_csv
ARO-01,1815,B_quadratic,surveillance,ascent,1.776,1.380,26.1,56.0,2.489,210.0,ascent,labview_demo_csv
ARO-01,1816,B_quadratic,surveillance,descent,1.723,0.355,26.0,56.1,0.641,210.0,descent,labview_demo_csv
ARO-01,1817,B_quadratic,surveillance,descent,1.759,0.350,26.0,56.2,0.632,210.0,descent,labview_demo_csv
ARO-01,1818,B_quadratic,surveillance,descent,1.751,0.346,25.9,56.3,0.624,210.0,descent,labview_demo_csv
ARO-01,1819,B_quadratic,surveillance,descent,1.735,0.356,25.8,56.3,0.642,210.0,descent,labview_demo_csv
ARO-01,1820,B_quadratic,surveillance,descent,1.759,0.349,25.8,56.4,0.629,210.0,descent,labview_demo_csv
ARO-01,1821,B_quadratic,surveillance,descent,1.717,0.353,25.7,56.5,0.637,210.0,descent,labview_demo_csv
ARO-01,1822,B_quadratic,surveillance,descent,1.736,0.350,25.7,56.4,0.631,210.0,descent,labview_demo_csv
ARO-01,1823,B_quadratic,surveillance,descent,1.671,0.341,25.6,56.5,0.616,210.0,descent,labview_demo_csv
ARO-01,1824,B_quadratic,surveillance,descent,1.714,0.343,25.6,56.6,0.619,210.0,descent,labview_demo_csv
ARO-01,1825,B_quadratic,surveillance,descent,1.692,0.337,25.5,56.4,0.607,210.0,descent,labview_demo_csv
ARO-01,1826,B_quadratic,surveillance,descent,1.679,0.349,25.5,56.4,0.630,210.0,descent,labview_demo_csv
ARO-01,1827,B_quadratic,surveillance,descent,1.713,0.353,25.4,56.2,0.638,210.0,descent,labview_demo_csv
ARO-01,1828,B_quadratic,surveillance,pause,1.693,0.000,25.5,56.1,0.000,210.0,pause,labview_demo_csv
ARO-01,1829,B_quadratic,surveillance,pause,1.647,0.000,25.4,56.3,0.000,210.0,pause,labview_demo_csv
ARO-01,1830,B_quadratic,surveillance,pause,1.703,0.000,25.3,56.4,0.000,210.0,pause,labview_demo_csv
ARO-01,1831,B_quadratic,surveillance,pause,1.663,0.000,25.1,56.4,0.000,210.0,pause,labview_demo_csv
ARO-01,1832,B_quadratic,surveillance,pause,1.619,0.003,25.1,56.4,0.005,210.0,pause,labview_demo_csv
ARO-01,1833,B_quadratic,surveillance,pause,1.694,0.000,25.0,56.2,0.000,210.0,pause,labview_demo_csv
ARO-01,1834,B_quadratic,surveillance,pause,1.659,0.000,25.0,56.0,0.000,210.0,pause,labview_demo_csv
ARO-01,1835,B_quadratic,surveillance,pause,1.669,0.000,24.8,56.1,0.000,210.0,pause,labview_demo_csv
ARO-01,1836,B_quadratic,surveillance,pause,1.631,0.000,24.8,56.1,0.000,210.0,pause,labview_demo_csv
ARO-01,1837,B_quadratic,surveillance,pause,1.652,0.007,24.8,56.2,0.012,210.0,pause,labview_demo_csv
ARO-01,1838,B_quadratic,surveillance,pause,1.684,0.000,24.8,56.6,0.000,210.0,pause,labview_demo_csv
ARO-01,1839,B_quadratic,surveillance,pause,1.690,0.000,24.8,56.4,0.000,210.0,pause,labview_demo_csv
ARO-01,1840,B_quadratic,surveillance,pause,1.683,0.000,24.8,56.5,0.000,210.0,pause,labview_demo_csv
ARO-01,1841,B_quadratic,surveillance,pause,1.717,0.000,24.7,56.6,0.000,210.0,pause,labview_demo_csv
ARO-01,1842,B_quadratic,surveillance,pause,1.701,0.000,24.8,56.6,0.000,210.0,pause,labview_demo_csv
ARO-01,1843,B_quadratic,surveillance,pause,1.719,0.000,24.8,56.5,0.000,210.0,pause,labview_demo_csv
ARO-01,1844,B_quadratic,surveillance,pause,1.717,0.000,24.8,56.6,0.000,210.0,pause,labview_demo_csv
ARO-01,1845,B_quadratic,surveillance,pause,1.739,0.001,24.7,56.8,0.001,210.0,pause,labview_demo_csv
ARO-01,1846,B_quadratic,surveillance,pause,1.769,0.000,24.7,57.0,0.000,210.0,pause,labview_demo_csv
ARO-01,1847,B_quadratic,surveillance,pause,1.693,0.002,24.7,57.2,0.003,210.0,pause,labview_demo_csv
ARO-01,1848,B_quadratic,surveillance,ascent,1.790,1.395,24.8,56.8,2.518,210.0,ascent,labview_demo_csv
ARO-01,1849,B_quadratic,surveillance,ascent,1.804,1.385,25.0,56.8,2.499,210.0,ascent,labview_demo_csv
ARO-01,1850,B_quadratic,surveillance,ascent,1.764,1.404,25.1,56.4,2.533,210.0,ascent,labview_demo_csv
ARO-01,1851,B_quadratic,surveillance,ascent,1.774,1.397,25.4,56.3,2.520,210.0,ascent,labview_demo_csv
ARO-01,1852,B_quadratic,surveillance,ascent,1.761,1.390,25.5,56.1,2.507,210.0,ascent,labview_demo_csv
ARO-01,1853,B_quadratic,surveillance,ascent,1.814,1.387,25.5,55.9,2.502,210.0,ascent,labview_demo_csv
ARO-01,1854,B_quadratic,surveillance,ascent,1.759,1.389,25.7,56.0,2.506,210.0,ascent,labview_demo_csv
ARO-01,1855,B_quadratic,surveillance,ascent,1.810,1.370,25.7,56.0,2.471,210.0,ascent,labview_demo_csv
ARO-01,1856,B_quadratic,surveillance,ascent,1.778,1.387,25.9,56.2,2.503,210.0,ascent,labview_demo_csv
ARO-01,1857,B_quadratic,surveillance,ascent,1.823,1.382,25.8,56.1,2.493,210.0,ascent,labview_demo_csv
ARO-01,1858,B_quadratic,surveillance,ascent,1.795,1.383,25.8,56.2,2.495,210.0,ascent,labview_demo_csv
ARO-01,1859,B_quadratic,surveillance,ascent,1.735,1.387,25.8,56.3,2.503,210.0,ascent,labview_demo_csv
ARO-01,1860,B_quadratic,surveillance,descent,1.769,0.348,25.9,56.7,0.628,210.0,descent,labview_demo_csv
ARO-01,1861,B_quadratic,surveillance,descent,1.765,0.360,25.8,56.2,0.649,210.0,descent,labview_demo_csv
ARO-01,1862,B_quadratic,surveillance,descent,1.748,0.343,25.6,56.5,0.619,210.0,descent,labview_demo_csv
ARO-01,1863,B_quadratic,surveillance,descent,1.763,0.357,25.5,56.5,0.644,210.0,descent,labview_demo_csv
ARO-01,1864,B_quadratic,surveillance,descent,1.736,0.360,25.4,56.6,0.650,210.0,descent,labview_demo_csv
ARO-01,1865,B_quadratic,surveillance,descent,1.722,0.348,25.4,56.3,0.628,210.0,descent,labview_demo_csv
ARO-01,1866,B_quadratic,surveillance,descent,1.731,0.355,25.4,56.2,0.640,210.0,descent,labview_demo_csv
ARO-01,1867,B_quadratic,surveillance,descent,1.740,0.352,25.3,56.1,0.635,210.0,descent,labview_demo_csv
ARO-01,1868,B_quadratic,surveillance,descent,1.714,0.349,25.2,56.5,0.630,210.0,descent,labview_demo_csv
ARO-01,1869,B_quadratic,surveillance,descent,1.752,0.332,25.2,56.6,0.600,210.0,descent,labview_demo_csv
ARO-01,1870,B_quadratic,surveillance,descent,1.670,0.350,25.2,56.5,0.631,210.0,descent,labview_demo_csv
ARO-01,1871,B_quadratic,surveillance,descent,1.673,0.354,25.2,56.2,0.640,210.0,descent,labview_demo_csv
ARO-01,1872,B_quadratic,surveillance,pause,1.710,0.005,25.1,56.3,0.010,210.0,pause,labview_demo_csv
ARO-01,1873,B_quadratic,surveillance,pause,1.649,0.000,25.1,56.8,0.000,210.0,pause,labview_demo_csv
ARO-01,1874,B_quadratic,surveillance,pause,1.688,0.000,25.0,56.7,0.000,210.0,pause,labview_demo_csv
ARO-01,1875,B_quadratic,surveillance,pause,1.697,0.000,24.8,56.7,0.000,210.0,pause,labview_demo_csv
ARO-01,1876,B_quadratic,surveillance,pause,1.669,0.003,24.7,56.3,0.006,210.0,pause,labview_demo_csv
ARO-01,1877,B_quadratic,surveillance,pause,1.705,0.000,24.7,56.2,0.000,210.0,pause,labview_demo_csv
ARO-01,1878,B_quadratic,surveillance,pause,1.622,0.007,24.6,56.2,0.012,210.0,pause,labview_demo_csv
ARO-01,1879,B_quadratic,surveillance,pause,1.649,0.000,24.5,56.4,0.000,210.0,pause,labview_demo_csv
ARO-01,1880,B_quadratic,surveillance,pause,1.659,0.000,24.4,56.3,0.000,210.0,pause,labview_demo_csv
ARO-01,1881,B_quadratic,surveillance,pause,1.663,0.003,24.5,56.2,0.006,210.0,pause,labview_demo_csv
ARO-01,1882,B_quadratic,surveillance,pause,1.669,0.000,24.4,55.8,0.000,210.0,pause,labview_demo_csv
ARO-01,1883,B_quadratic,surveillance,pause,1.669,0.007,24.4,55.8,0.012,210.0,pause,labview_demo_csv
ARO-01,1884,B_quadratic,surveillance,pause,1.721,0.000,24.3,55.8,0.000,210.0,pause,labview_demo_csv
ARO-01,1885,B_quadratic,surveillance,pause,1.705,0.000,24.3,55.9,0.000,210.0,pause,labview_demo_csv
ARO-01,1886,B_quadratic,surveillance,pause,1.711,0.011,24.2,55.7,0.019,210.0,pause,labview_demo_csv
ARO-01,1887,B_quadratic,surveillance,pause,1.735,0.000,24.2,55.8,0.000,210.0,pause,labview_demo_csv
ARO-01,1888,B_quadratic,surveillance,pause,1.763,0.000,24.2,56.0,0.000,210.0,pause,labview_demo_csv
ARO-01,1889,B_quadratic,surveillance,pause,1.737,0.000,24.3,56.2,0.000,210.0,pause,labview_demo_csv
ARO-01,1890,B_quadratic,surveillance,pause,1.712,0.000,24.2,56.2,0.000,210.0,pause,labview_demo_csv
ARO-01,1891,B_quadratic,surveillance,pause,1.790,0.008,24.2,56.1,0.014,210.0,pause,labview_demo_csv
ARO-01,1892,B_quadratic,surveillance,ascent,1.786,1.396,24.4,56.3,2.518,210.0,ascent,labview_demo_csv
ARO-01,1893,B_quadratic,surveillance,ascent,1.764,1.393,24.5,56.2,2.513,210.0,ascent,labview_demo_csv
ARO-01,1894,B_quadratic,surveillance,ascent,1.715,1.384,24.6,56.1,2.496,210.0,ascent,labview_demo_csv
ARO-01,1895,B_quadratic,surveillance,ascent,1.786,1.397,24.6,56.0,2.521,210.0,ascent,labview_demo_csv
ARO-01,1896,B_quadratic,surveillance,ascent,1.769,1.385,24.7,55.7,2.499,210.0,ascent,labview_demo_csv
ARO-01,1897,B_quadratic,surveillance,ascent,1.778,1.385,24.8,55.7,2.499,210.0,ascent,labview_demo_csv
ARO-01,1898,B_quadratic,surveillance,ascent,1.844,1.387,24.9,55.7,2.503,210.0,ascent,labview_demo_csv
ARO-01,1899,B_quadratic,surveillance,ascent,1.788,1.389,25.1,55.4,2.505,210.0,ascent,labview_demo_csv
ARO-01,1900,B_quadratic,surveillance,ascent,1.813,1.405,25.2,55.6,2.535,210.0,ascent,labview_demo_csv
ARO-01,1901,B_quadratic,surveillance,ascent,1.749,1.381,25.4,55.6,2.492,210.0,ascent,labview_demo_csv
ARO-01,1902,B_quadratic,surveillance,ascent,1.762,1.390,25.4,55.4,2.508,210.0,ascent,labview_demo_csv
ARO-01,1903,B_quadratic,surveillance,ascent,1.770,1.394,25.4,55.4,2.516,210.0,ascent,labview_demo_csv
ARO-01,1904,B_quadratic,surveillance,descent,1.790,0.355,25.4,55.4,0.641,210.0,descent,labview_demo_csv
ARO-01,1905,B_quadratic,surveillance,descent,1.772,0.355,25.4,55.7,0.641,210.0,descent,labview_demo_csv
ARO-01,1906,B_quadratic,surveillance,descent,1.800,0.348,25.4,55.8,0.628,210.0,descent,labview_demo_csv
ARO-01,1907,B_quadratic,surveillance,descent,1.781,0.339,25.1,55.8,0.612,210.0,descent,labview_demo_csv
ARO-01,1908,B_quadratic,surveillance,descent,1.704,0.347,25.1,55.7,0.626,210.0,descent,labview_demo_csv
ARO-01,1909,B_quadratic,surveillance,descent,1.753,0.350,25.0,55.9,0.631,210.0,descent,labview_demo_csv
ARO-01,1910,B_quadratic,surveillance,descent,1.771,0.337,25.0,55.8,0.608,210.0,descent,labview_demo_csv
ARO-01,1911,B_quadratic,surveillance,descent,1.763,0.356,24.9,55.3,0.642,210.0,descent,labview_demo_csv
ARO-01,1912,B_quadratic,surveillance,descent,1.707,0.349,25.0,55.4,0.629,210.0,descent,labview_demo_csv
ARO-01,1913,B_quadratic,surveillance,descent,1.717,0.341,24.9,55.2,0.616,210.0,descent,labview_demo_csv
ARO-01,1914,B_quadratic,surveillance,descent,1.696,0.350,25.0,55.3,0.631,210.0,descent,labview_demo_csv
ARO-01,1915,B_quadratic,surveillance,descent,1.706,0.354,24.9,55.4,0.639,210.0,descent,labview_demo_csv
ARO-01,1916,B_quadratic,surveillance,pause,1.693,0.004,24.8,55.4,0.007,210.0,pause,labview_demo_csv
ARO-01,1917,B_quadratic,surveillance,pause,1.706,0.000,24.7,55.8,0.000,210.0,pause,labview_demo_csv
ARO-01,1918,B_quadratic,surveillance,pause,1.674,0.008,24.6,55.7,0.015,210.0,pause,labview_demo_csv
ARO-01,1919,B_quadratic,surveillance,pause,1.713,0.000,24.7,55.8,0.000,210.0,pause,labview_demo_csv
ARO-01,1920,B_quadratic,surveillance,pause,1.694,0.000,24.6,55.7,0.000,210.0,pause,labview_demo_csv
ARO-01,1921,B_quadratic,surveillance,pause,1.647,0.000,24.5,55.8,0.000,210.0,pause,labview_demo_csv
ARO-01,1922,B_quadratic,surveillance,pause,1.633,0.020,24.5,55.5,0.035,210.0,pause,labview_demo_csv
ARO-01,1923,B_quadratic,surveillance,pause,1.721,0.003,24.4,55.5,0.005,210.0,pause,labview_demo_csv
ARO-01,1924,B_quadratic,surveillance,pause,1.667,0.000,24.2,55.6,0.000,210.0,pause,labview_demo_csv
ARO-01,1925,B_quadratic,surveillance,pause,1.702,0.022,24.2,55.6,0.040,210.0,pause,labview_demo_csv
ARO-01,1926,B_quadratic,surveillance,pause,1.710,0.004,24.1,55.5,0.008,210.0,pause,labview_demo_csv
ARO-01,1927,B_quadratic,surveillance,pause,1.686,0.000,24.1,55.6,0.000,210.0,pause,labview_demo_csv
ARO-01,1928,B_quadratic,surveillance,pause,1.719,0.003,24.0,55.5,0.005,210.0,pause,labview_demo_csv
ARO-01,1929,B_quadratic,surveillance,pause,1.671,0.000,24.0,55.9,0.000,210.0,pause,labview_demo_csv
ARO-01,1930,B_quadratic,surveillance,pause,1.717,0.000,23.9,56.0,0.000,210.0,pause,labview_demo_csv
ARO-01,1931,B_quadratic,surveillance,pause,1.723,0.000,23.9,55.9,0.000,210.0,pause,labview_demo_csv
ARO-01,1932,B_quadratic,surveillance,pause,1.780,0.010,23.7,55.9,0.019,210.0,pause,labview_demo_csv
ARO-01,1933,B_quadratic,surveillance,pause,1.740,0.000,23.8,55.8,0.000,210.0,pause,labview_demo_csv
ARO-01,1934,B_quadratic,surveillance,pause,1.736,0.000,23.8,56.0,0.000,210.0,pause,labview_demo_csv
ARO-01,1935,B_quadratic,surveillance,pause,1.772,0.000,23.7,55.9,0.000,210.0,pause,labview_demo_csv
ARO-01,1936,B_quadratic,surveillance,ascent,1.796,0.682,23.8,56.2,1.230,45.0,ascent,labview_demo_csv
ARO-01,1937,B_quadratic,surveillance,ascent,1.768,0.703,23.9,56.0,1.268,45.0,ascent,labview_demo_csv
ARO-01,1938,B_quadratic,surveillance,ascent,1.789,0.681,23.9,56.1,1.229,45.0,ascent,labview_demo_csv
ARO-01,1939,B_quadratic,surveillance,ascent,1.794,0.683,24.0,56.0,1.232,45.0,ascent,labview_demo_csv
ARO-01,1940,B_quadratic,surveillance,ascent,1.729,0.706,24.1,56.2,1.273,45.0,ascent,labview_demo_csv
ARO-01,1941,B_quadratic,surveillance,ascent,1.826,0.695,24.3,56.0,1.253,45.0,ascent,labview_demo_csv
ARO-01,1942,B_quadratic,surveillance,ascent,1.765,0.688,24.3,55.7,1.241,45.0,ascent,labview_demo_csv
ARO-01,1943,B_quadratic,surveillance,ascent,1.798,0.686,24.3,55.8,1.238,45.0,ascent,labview_demo_csv
ARO-01,1944,B_quadratic,surveillance,ascent,1.822,0.688,24.3,55.6,1.242,45.0,ascent,labview_demo_csv
ARO-01,1945,B_quadratic,surveillance,ascent,1.784,0.688,24.3,55.5,1.240,45.0,ascent,labview_demo_csv
ARO-01,1946,B_quadratic,surveillance,ascent,1.748,0.674,24.4,55.6,1.216,45.0,ascent,labview_demo_csv
ARO-01,1947,B_quadratic,surveillance,ascent,1.766,0.678,24.4,55.6,1.224,45.0,ascent,labview_demo_csv
ARO-01,1948,B_quadratic,surveillance,descent,1.803,0.360,24.3,55.8,0.649,45.0,descent,labview_demo_csv
ARO-01,1949,B_quadratic,surveillance,descent,1.773,0.353,24.4,55.5,0.637,45.0,descent,labview_demo_csv
ARO-01,1950,B_quadratic,surveillance,descent,1.792,0.354,24.3,55.3,0.639,45.0,descent,labview_demo_csv
ARO-01,1951,B_quadratic,surveillance,descent,1.750,0.335,24.2,55.2,0.604,45.0,descent,labview_demo_csv
ARO-01,1952,B_quadratic,surveillance,descent,1.694,0.350,24.2,55.1,0.632,45.0,descent,labview_demo_csv
ARO-01,1953,B_quadratic,surveillance,descent,1.725,0.338,24.2,55.0,0.610,45.0,descent,labview_demo_csv
ARO-01,1954,B_quadratic,surveillance,descent,1.779,0.353,24.2,55.0,0.637,45.0,descent,labview_demo_csv
ARO-01,1955,B_quadratic,surveillance,descent,1.755,0.354,24.3,55.2,0.639,45.0,descent,labview_demo_csv
ARO-01,1956,B_quadratic,surveillance,descent,1.733,0.343,24.2,55.4,0.619,45.0,descent,labview_demo_csv
ARO-01,1957,B_quadratic,surveillance,descent,1.727,0.352,24.3,55.6,0.635,45.0,descent,labview_demo_csv
ARO-01,1958,B_quadratic,surveillance,descent,1.704,0.346,24.2,55.5,0.625,45.0,descent,labview_demo_csv
ARO-01,1959,B_quadratic,surveillance,descent,1.738,0.354,24.2,55.4,0.638,45.0,descent,labview_demo_csv
ARO-01,1960,B_quadratic,surveillance,pause,1.685,0.015,24.0,55.6,0.027,45.0,pause,labview_demo_csv
ARO-01,1961,B_quadratic,surveillance,pause,1.708,0.008,24.0,55.6,0.015,45.0,pause,labview_demo_csv
ARO-01,1962,B_quadratic,surveillance,pause,1.687,0.002,24.0,55.6,0.004,45.0,pause,labview_demo_csv
ARO-01,1963,B_quadratic,surveillance,pause,1.681,0.000,24.0,55.7,0.000,45.0,pause,labview_demo_csv
ARO-01,1964,B_quadratic,surveillance,pause,1.665,0.011,23.9,55.6,0.019,45.0,pause,labview_demo_csv
ARO-01,1965,B_quadratic,surveillance,pause,1.717,0.003,23.8,55.8,0.006,45.0,pause,labview_demo_csv
ARO-01,1966,B_quadratic,surveillance,pause,1.669,0.006,23.7,55.8,0.010,45.0,pause,labview_demo_csv
ARO-01,1967,B_quadratic,surveillance,pause,1.661,0.000,23.6,55.6,0.000,45.0,pause,labview_demo_csv
ARO-01,1968,B_quadratic,surveillance,pause,1.695,0.000,23.5,55.8,0.000,45.0,pause,labview_demo_csv
ARO-01,1969,B_quadratic,surveillance,pause,1.638,0.000,23.6,55.5,0.000,45.0,pause,labview_demo_csv
ARO-01,1970,B_quadratic,surveillance,pause,1.687,0.015,23.5,55.7,0.028,45.0,pause,labview_demo_csv
ARO-01,1971,B_quadratic,surveillance,pause,1.689,0.002,23.5,55.9,0.003,45.0,pause,labview_demo_csv
ARO-01,1972,B_quadratic,surveillance,pause,1.686,0.012,23.5,56.1,0.022,45.0,pause,labview_demo_csv
ARO-01,1973,B_quadratic,surveillance,pause,1.658,0.000,23.4,56.0,0.000,45.0,pause,labview_demo_csv
ARO-01,1974,B_quadratic,surveillance,pause,1.714,0.011,23.4,55.9,0.019,45.0,pause,labview_demo_csv
ARO-01,1975,B_quadratic,surveillance,pause,1.683,0.000,23.5,55.8,0.000,45.0,pause,labview_demo_csv
ARO-01,1976,B_quadratic,surveillance,pause,1.714,0.000,23.4,55.9,0.000,45.0,pause,labview_demo_csv
ARO-01,1977,B_quadratic,surveillance,pause,1.716,0.002,23.5,55.7,0.003,45.0,pause,labview_demo_csv
ARO-01,1978,B_quadratic,surveillance,pause,1.754,0.000,23.5,55.6,0.000,45.0,pause,labview_demo_csv
ARO-01,1979,B_quadratic,surveillance,pause,1.780,0.000,23.4,55.2,0.000,45.0,pause,labview_demo_csv
ARO-01,1980,B_quadratic,surveillance,ascent,1.732,1.463,23.6,55.2,2.639,225.0,ascent,labview_demo_csv
ARO-01,1981,B_quadratic,surveillance,ascent,1.771,1.450,23.8,55.0,2.616,225.0,ascent,labview_demo_csv
ARO-01,1982,B_quadratic,surveillance,ascent,1.776,1.462,24.1,55.0,2.637,225.0,ascent,labview_demo_csv
ARO-01,1983,B_quadratic,surveillance,ascent,1.787,1.444,24.2,55.1,2.605,225.0,ascent,labview_demo_csv
ARO-01,1984,B_quadratic,surveillance,ascent,1.774,1.464,24.5,55.5,2.642,225.0,ascent,labview_demo_csv
ARO-01,1985,B_quadratic,surveillance,ascent,1.803,1.470,24.5,55.6,2.653,225.0,ascent,labview_demo_csv
ARO-01,1986,B_quadratic,surveillance,ascent,1.837,1.451,24.5,55.1,2.618,225.0,ascent,labview_demo_csv
ARO-01,1987,B_quadratic,surveillance,ascent,1.761,1.448,24.7,55.0,2.613,225.0,ascent,labview_demo_csv
ARO-01,1988,B_quadratic,surveillance,ascent,1.798,1.440,24.7,55.1,2.598,225.0,ascent,labview_demo_csv
ARO-01,1989,B_quadratic,surveillance,ascent,1.767,1.438,24.8,55.2,2.595,225.0,ascent,labview_demo_csv
ARO-01,1990,B_quadratic,surveillance,ascent,1.769,1.464,24.8,55.0,2.641,225.0,ascent,labview_demo_csv
ARO-01,1991,B_quadratic,surveillance,ascent,1.721,1.458,24.9,55.1,2.630,225.0,ascent,labview_demo_csv
ARO-01,1992,B_quadratic,surveillance,descent,1.807,0.350,24.8,55.2,0.631,225.0,descent,labview_demo_csv
ARO-01,1993,B_quadratic,surveillance,descent,1.770,0.346,24.8,55.1,0.624,225.0,descent,labview_demo_csv
ARO-01,1994,B_quadratic,surveillance,descent,1.789,0.355,24.6,55.3,0.640,225.0,descent,labview_demo_csv
ARO-01,1995,B_quadratic,surveillance,descent,1.798,0.346,24.5,55.4,0.625,225.0,descent,labview_demo_csv
ARO-01,1996,B_quadratic,surveillance,descent,1.779,0.338,24.5,55.0,0.611,225.0,descent,labview_demo_csv
ARO-01,1997,B_quadratic,surveillance,descent,1.777,0.358,24.4,55.0,0.646,225.0,descent,labview_demo_csv
ARO-01,1998,B_quadratic,surveillance,descent,1.744,0.365,24.3,55.3,0.658,225.0,descent,labview_demo_csv
ARO-01,1999,B_quadratic,surveillance,descent,1.750,0.348,24.2,55.2,0.629,225.0,descent,labview_demo_csv
ARO-01,2000,B_quadratic,surveillance,descent,1.767,0.347,24.2,55.0,0.627,225.0,descent,labview_demo_csv
ARO-01,2001,B_quadratic,surveillance,descent,1.721,0.356,24.1,55.0,0.643,225.0,descent,labview_demo_csv
ARO-01,2002,B_quadratic,surveillance,descent,1.758,0.348,24.0,55.0,0.628,225.0,descent,labview_demo_csv
ARO-01,2003,B_quadratic,surveillance,descent,1.722,0.351,24.0,55.0,0.634,225.0,descent,labview_demo_csv
ARO-01,2004,B_quadratic,surveillance,pause,1.682,0.002,23.8,55.0,0.003,225.0,pause,labview_demo_csv
ARO-01,2005,B_quadratic,surveillance,pause,1.683,0.005,23.8,55.0,0.009,225.0,pause,labview_demo_csv
ARO-01,2006,B_quadratic,surveillance,pause,1.636,0.002,23.7,55.0,0.004,225.0,pause,labview_demo_csv
ARO-01,2007,B_quadratic,surveillance,pause,1.631,0.007,23.6,55.1,0.012,225.0,pause,labview_demo_csv
ARO-01,2008,B_quadratic,surveillance,pause,1.696,0.000,23.5,55.1,0.000,225.0,pause,labview_demo_csv
ARO-01,2009,B_quadratic,surveillance,pause,1.685,0.000,23.5,55.0,0.000,225.0,pause,labview_demo_csv
ARO-01,2010,B_quadratic,surveillance,pause,1.660,0.010,23.4,55.0,0.019,225.0,pause,labview_demo_csv
ARO-01,2011,B_quadratic,surveillance,pause,1.720,0.000,23.4,55.0,0.000,225.0,pause,labview_demo_csv
ARO-01,2012,B_quadratic,surveillance,pause,1.674,0.006,23.3,55.0,0.011,225.0,pause,labview_demo_csv
ARO-01,2013,B_quadratic,surveillance,pause,1.696,0.000,23.3,55.0,0.000,225.0,pause,labview_demo_csv
ARO-01,2014,B_quadratic,surveillance,pause,1.675,0.002,23.2,55.0,0.003,225.0,pause,labview_demo_csv
ARO-01,2015,B_quadratic,surveillance,pause,1.687,0.002,23.2,55.0,0.004,225.0,pause,labview_demo_csv
ARO-01,2016,B_quadratic,surveillance,pause,1.754,0.000,23.2,55.0,0.000,225.0,pause,labview_demo_csv
ARO-01,2017,B_quadratic,surveillance,pause,1.719,0.007,23.0,55.1,0.012,225.0,pause,labview_demo_csv
ARO-01,2018,B_quadratic,surveillance,pause,1.739,0.007,22.9,55.3,0.012,225.0,pause,labview_demo_csv
ARO-01,2019,B_quadratic,surveillance,pause,1.760,0.007,22.9,55.4,0.013,225.0,pause,labview_demo_csv
ARO-01,2020,B_quadratic,surveillance,pause,1.748,0.000,22.9,55.3,0.000,225.0,pause,labview_demo_csv
ARO-01,2021,B_quadratic,surveillance,pause,1.699,0.000,23.0,55.3,0.000,225.0,pause,labview_demo_csv
ARO-01,2022,B_quadratic,surveillance,pause,1.768,0.007,23.0,55.2,0.013,225.0,pause,labview_demo_csv
ARO-01,2023,B_quadratic,surveillance,pause,1.739,0.000,23.0,55.2,0.000,225.0,pause,labview_demo_csv
ARO-01,2024,B_quadratic,surveillance,ascent,1.795,1.462,23.2,55.1,2.638,225.0,ascent,labview_demo_csv
ARO-01,2025,B_quadratic,surveillance,ascent,1.735,1.435,23.3,55.1,2.590,225.0,ascent,labview_demo_csv
ARO-01,2026,B_quadratic,surveillance,ascent,1.802,1.463,23.2,55.7,2.640,225.0,ascent,labview_demo_csv
ARO-01,2027,B_quadratic,surveillance,ascent,1.767,1.453,23.4,55.7,2.621,225.0,ascent,labview_demo_csv
ARO-01,2028,B_quadratic,surveillance,ascent,1.741,1.451,23.5,55.6,2.618,225.0,ascent,labview_demo_csv
ARO-01,2029,B_quadratic,surveillance,ascent,1.771,1.452,23.6,55.3,2.620,225.0,ascent,labview_demo_csv
ARO-01,2030,B_quadratic,surveillance,ascent,1.797,1.452,23.8,55.1,2.620,225.0,ascent,labview_demo_csv
ARO-01,2031,B_quadratic,surveillance,ascent,1.765,1.459,23.9,55.0,2.633,225.0,ascent,labview_demo_csv
ARO-01,2032,B_quadratic,surveillance,ascent,1.789,1.453,24.0,55.0,2.621,225.0,ascent,labview_demo_csv
ARO-01,2033,B_quadratic,surveillance,ascent,1.800,1.463,24.1,55.0,2.640,225.0,ascent,labview_demo_csv
ARO-01,2034,B_quadratic,surveillance,ascent,1.779,1.445,24.2,55.1,2.607,225.0,ascent,labview_demo_csv
ARO-01,2035,B_quadratic,surveillance,ascent,1.782,1.455,24.3,55.2,2.625,225.0,ascent,labview_demo_csv
ARO-01,2036,B_quadratic,surveillance,descent,1.786,0.355,24.3,55.2,0.640,225.0,descent,labview_demo_csv
ARO-01,2037,B_quadratic,surveillance,descent,1.792,0.350,24.3,55.0,0.632,225.0,descent,labview_demo_csv
ARO-01,2038,B_quadratic,surveillance,descent,1.809,0.347,24.3,55.2,0.627,225.0,descent,labview_demo_csv
ARO-01,2039,B_quadratic,surveillance,descent,1.824,0.344,24.3,55.2,0.620,225.0,descent,labview_demo_csv
ARO-01,2040,B_quadratic,surveillance,descent,1.760,0.339,24.2,55.1,0.611,225.0,descent,labview_demo_csv
ARO-01,2041,B_quadratic,surveillance,descent,1.758,0.354,24.1,55.0,0.639,225.0,descent,labview_demo_csv
ARO-01,2042,B_quadratic,surveillance,descent,1.771,0.356,24.0,55.0,0.643,225.0,descent,labview_demo_csv
ARO-01,2043,B_quadratic,surveillance,descent,1.710,0.349,23.9,55.0,0.630,225.0,descent,labview_demo_csv
ARO-01,2044,B_quadratic,surveillance,descent,1.717,0.347,23.7,55.1,0.627,225.0,descent,labview_demo_csv
ARO-01,2045,B_quadratic,surveillance,descent,1.666,0.342,23.7,55.2,0.617,225.0,descent,labview_demo_csv
ARO-01,2046,B_quadratic,surveillance,descent,1.699,0.346,23.6,55.0,0.624,225.0,descent,labview_demo_csv
ARO-01,2047,B_quadratic,surveillance,descent,1.674,0.348,23.5,55.0,0.628,225.0,descent,labview_demo_csv
ARO-01,2048,B_quadratic,surveillance,pause,1.740,0.007,23.4,55.3,0.013,225.0,pause,labview_demo_csv
ARO-01,2049,B_quadratic,surveillance,pause,1.740,0.000,23.3,55.5,0.000,225.0,pause,labview_demo_csv
ARO-01,2050,B_quadratic,surveillance,pause,1.682,0.000,23.2,55.5,0.000,225.0,pause,labview_demo_csv
ARO-01,2051,B_quadratic,surveillance,pause,1.716,0.014,23.1,55.4,0.025,225.0,pause,labview_demo_csv
ARO-01,2052,B_quadratic,surveillance,pause,1.665,0.002,23.2,55.7,0.003,225.0,pause,labview_demo_csv
ARO-01,2053,B_quadratic,surveillance,pause,1.744,0.003,23.2,55.6,0.006,225.0,pause,labview_demo_csv
ARO-01,2054,B_quadratic,surveillance,pause,1.675,0.000,23.0,55.4,0.000,225.0,pause,labview_demo_csv
ARO-01,2055,B_quadratic,surveillance,pause,1.698,0.006,22.9,55.3,0.010,225.0,pause,labview_demo_csv
ARO-01,2056,B_quadratic,surveillance,pause,1.698,0.000,22.9,55.3,0.000,225.0,pause,labview_demo_csv
ARO-01,2057,B_quadratic,surveillance,pause,1.675,0.000,22.9,55.1,0.000,225.0,pause,labview_demo_csv
ARO-01,2058,B_quadratic,surveillance,pause,1.664,0.002,22.9,55.0,0.004,225.0,pause,labview_demo_csv
ARO-01,2059,B_quadratic,surveillance,pause,1.690,0.000,22.9,55.0,0.000,225.0,pause,labview_demo_csv
ARO-01,2060,B_quadratic,surveillance,pause,1.696,0.000,22.8,55.0,0.000,225.0,pause,labview_demo_csv
ARO-01,2061,B_quadratic,surveillance,pause,1.697,0.009,22.7,55.2,0.017,225.0,pause,labview_demo_csv
ARO-01,2062,B_quadratic,surveillance,pause,1.699,0.000,22.6,55.3,0.000,225.0,pause,labview_demo_csv
ARO-01,2063,B_quadratic,surveillance,pause,1.754,0.000,22.5,55.7,0.000,225.0,pause,labview_demo_csv
ARO-01,2064,B_quadratic,surveillance,pause,1.734,0.000,22.6,55.6,0.000,225.0,pause,labview_demo_csv
ARO-01,2065,B_quadratic,surveillance,pause,1.740,0.000,22.5,55.9,0.000,225.0,pause,labview_demo_csv
ARO-01,2066,B_quadratic,surveillance,pause,1.726,0.006,22.5,55.9,0.011,225.0,pause,labview_demo_csv
ARO-01,2067,B_quadratic,surveillance,pause,1.785,0.008,22.6,55.9,0.015,225.0,pause,labview_demo_csv
ARO-01,2068,B_quadratic,surveillance,ascent,1.752,1.277,22.8,55.9,2.304,180.0,ascent,labview_demo_csv
ARO-01,2069,B_quadratic,surveillance,ascent,1.725,1.257,23.0,56.0,2.268,180.0,ascent,labview_demo_csv
ARO-01,2070,B_quadratic,surveillance,ascent,1.750,1.260,23.1,55.9,2.274,180.0,ascent,labview_demo_csv
ARO-01,2071,B_quadratic,surveillance,ascent,1.794,1.270,23.2,55.8,2.291,180.0,ascent,labview_demo_csv
ARO-01,2072,B_quadratic,surveillance,ascent,1.813,1.257,23.2,56.2,2.267,180.0,ascent,labview_demo_csv
ARO-01,2073,B_quadratic,surveillance,ascent,1.750,1.256,23.4,56.1,2.266,180.0,ascent,labview_demo_csv
ARO-01,2074,B_quadratic,surveillance,ascent,1.796,1.264,23.4,56.0,2.281,180.0,ascent,labview_demo_csv
ARO-01,2075,B_quadratic,surveillance,ascent,1.785,1.277,23.5,55.9,2.303,180.0,ascent,labview_demo_csv
ARO-01,2076,B_quadratic,surveillance,ascent,1.816,1.262,23.6,55.9,2.278,180.0,ascent,labview_demo_csv
ARO-01,2077,B_quadratic,surveillance,ascent,1.804,1.260,23.7,55.8,2.274,180.0,ascent,labview_demo_csv
ARO-01,2078,B_quadratic,surveillance,ascent,1.756,1.259,23.8,55.4,2.271,180.0,ascent,labview_demo_csv
ARO-01,2079,B_quadratic,surveillance,ascent,1.828,1.263,23.8,55.4,2.279,180.0,ascent,labview_demo_csv
ARO-01,2080,B_quadratic,surveillance,descent,1.774,0.345,23.9,55.2,0.622,180.0,descent,labview_demo_csv
ARO-01,2081,B_quadratic,surveillance,descent,1.780,0.359,23.9,55.0,0.647,180.0,descent,labview_demo_csv
ARO-01,2082,B_quadratic,surveillance,descent,1.749,0.361,23.8,55.0,0.652,180.0,descent,labview_demo_csv
ARO-01,2083,B_quadratic,surveillance,descent,1.780,0.344,23.8,55.1,0.620,180.0,descent,labview_demo_csv
ARO-01,2084,B_quadratic,surveillance,descent,1.741,0.349,23.8,55.1,0.629,180.0,descent,labview_demo_csv
ARO-01,2085,B_quadratic,surveillance,descent,1.790,0.353,23.7,55.0,0.637,180.0,descent,labview_demo_csv
ARO-01,2086,B_quadratic,surveillance,descent,1.749,0.351,23.6,55.0,0.633,180.0,descent,labview_demo_csv
ARO-01,2087,B_quadratic,surveillance,descent,1.747,0.343,23.5,55.3,0.619,180.0,descent,labview_demo_csv
ARO-01,2088,B_quadratic,surveillance,descent,1.729,0.344,23.5,55.2,0.621,180.0,descent,labview_demo_csv
ARO-01,2089,B_quadratic,surveillance,descent,1.731,0.346,23.4,55.2,0.625,180.0,descent,labview_demo_csv
ARO-01,2090,B_quadratic,surveillance,descent,1.691,0.359,23.4,55.3,0.647,180.0,descent,labview_demo_csv
ARO-01,2091,B_quadratic,surveillance,descent,1.731,0.355,23.3,55.3,0.641,180.0,descent,labview_demo_csv
ARO-01,2092,B_quadratic,surveillance,pause,1.651,0.000,23.4,55.2,0.000,180.0,pause,labview_demo_csv
ARO-01,2093,B_quadratic,surveillance,pause,1.719,0.006,23.2,55.2,0.012,180.0,pause,labview_demo_csv
ARO-01,2094,B_quadratic,surveillance,pause,1.725,0.009,23.1,55.0,0.016,180.0,pause,labview_demo_csv
ARO-01,2095,B_quadratic,surveillance,pause,1.650,0.000,23.1,55.0,0.000,180.0,pause,labview_demo_csv
ARO-01,2096,B_quadratic,surveillance,pause,1.677,0.013,23.0,55.1,0.023,180.0,pause,labview_demo_csv
ARO-01,2097,B_quadratic,surveillance,pause,1.691,0.011,23.0,55.2,0.021,180.0,pause,labview_demo_csv
ARO-01,2098,B_quadratic,surveillance,pause,1.702,0.000,23.0,55.2,0.000,180.0,pause,labview_demo_csv
ARO-01,2099,B_quadratic,surveillance,pause,1.699,0.000,22.9,55.3,0.000,180.0,pause,labview_demo_csv
ARO-01,2100,B_quadratic,surveillance,pause,1.675,0.000,22.8,55.4,0.000,180.0,pause,labview_demo_csv
ARO-01,2101,B_quadratic,surveillance,pause,1.735,0.000,22.7,55.2,0.000,180.0,pause,labview_demo_csv
ARO-01,2102,B_quadratic,surveillance,pause,1.707,0.000,22.7,55.4,0.000,180.0,pause,labview_demo_csv
ARO-01,2103,B_quadratic,surveillance,pause,1.695,0.000,22.7,55.2,0.000,180.0,pause,labview_demo_csv
ARO-01,2104,B_quadratic,surveillance,pause,1.723,0.002,22.6,55.2,0.004,180.0,pause,labview_demo_csv
ARO-01,2105,B_quadratic,surveillance,pause,1.733,0.002,22.6,55.2,0.003,180.0,pause,labview_demo_csv
ARO-01,2106,B_quadratic,surveillance,pause,1.708,0.005,22.5,55.2,0.009,180.0,pause,labview_demo_csv
ARO-01,2107,B_quadratic,surveillance,pause,1.734,0.005,22.4,55.2,0.010,180.0,pause,labview_demo_csv
ARO-01,2108,B_quadratic,surveillance,pause,1.748,0.000,22.4,55.3,0.000,180.0,pause,labview_demo_csv
ARO-01,2109,B_quadratic,surveillance,pause,1.739,0.011,22.4,55.7,0.020,180.0,pause,labview_demo_csv
ARO-01,2110,B_quadratic,surveillance,pause,1.762,0.000,22.3,55.5,0.000,180.0,pause,labview_demo_csv
ARO-01,2111,B_quadratic,surveillance,pause,1.791,0.000,22.2,55.3,0.000,180.0,pause,labview_demo_csv
ARO-01,2112,B_quadratic,surveillance,ascent,1.809,1.011,22.3,55.4,1.825,120.0,ascent,labview_demo_csv
ARO-01,2113,B_quadratic,surveillance,ascent,1.750,1.006,22.4,55.3,1.815,120.0,ascent,labview_demo_csv
ARO-01,2114,B_quadratic,surveillance,ascent,1.829,1.003,22.5,55.0,1.809,120.0,ascent,labview_demo_csv
ARO-01,2115,B_quadratic,surveillance,ascent,1.785,1.007,22.6,55.2,1.817,120.0,ascent,labview_demo_csv
ARO-01,2116,B_quadratic,surveillance,ascent,1.809,1.015,22.6,55.0,1.831,120.0,ascent,labview_demo_csv
ARO-01,2117,B_quadratic,surveillance,ascent,1.824,1.031,22.7,55.0,1.860,120.0,ascent,labview_demo_csv
ARO-01,2118,B_quadratic,surveillance,ascent,1.836,1.015,22.9,55.2,1.830,120.0,ascent,labview_demo_csv
ARO-01,2119,B_quadratic,surveillance,ascent,1.794,1.007,22.8,55.3,1.817,120.0,ascent,labview_demo_csv
ARO-01,2120,B_quadratic,surveillance,ascent,1.807,1.007,22.9,55.4,1.818,120.0,ascent,labview_demo_csv
ARO-01,2121,B_quadratic,surveillance,ascent,1.753,1.008,23.0,55.0,1.818,120.0,ascent,labview_demo_csv
ARO-01,2122,B_quadratic,surveillance,ascent,1.797,1.005,23.0,55.2,1.814,120.0,ascent,labview_demo_csv
ARO-01,2123,B_quadratic,surveillance,ascent,1.822,1.018,22.9,55.2,1.836,120.0,ascent,labview_demo_csv
ARO-01,2124,B_quadratic,surveillance,descent,1.784,0.363,22.9,55.3,0.655,120.0,descent,labview_demo_csv
ARO-01,2125,B_quadratic,surveillance,descent,1.788,0.356,22.9,55.3,0.643,120.0,descent,labview_demo_csv
ARO-01,2126,B_quadratic,surveillance,descent,1.784,0.355,22.9,55.1,0.640,120.0,descent,labview_demo_csv
ARO-01,2127,B_quadratic,surveillance,descent,1.773,0.341,22.9,55.1,0.615,120.0,descent,labview_demo_csv
ARO-01,2128,B_quadratic,surveillance,descent,1.770,0.340,22.8,55.3,0.614,120.0,descent,labview_demo_csv
ARO-01,2129,B_quadratic,surveillance,descent,1.766,0.350,22.6,55.2,0.632,120.0,descent,labview_demo_csv
ARO-01,2130,B_quadratic,surveillance,descent,1.759,0.367,22.5,55.1,0.663,120.0,descent,labview_demo_csv
ARO-01,2131,B_quadratic,surveillance,descent,1.727,0.349,22.6,55.0,0.630,120.0,descent,labview_demo_csv
ARO-01,2132,B_quadratic,surveillance,descent,1.752,0.350,22.5,55.2,0.631,120.0,descent,labview_demo_csv
ARO-01,2133,B_quadratic,surveillance,descent,1.766,0.347,22.6,55.2,0.626,120.0,descent,labview_demo_csv
ARO-01,2134,B_quadratic,surveillance,descent,1.762,0.360,22.7,55.3,0.650,120.0,descent,labview_demo_csv
ARO-01,2135,B_quadratic,surveillance,descent,1.714,0.355,22.7,55.4,0.641,120.0,descent,labview_demo_csv
ARO-01,2136,B_quadratic,surveillance,pause,1.658,0.000,22.6,55.8,0.000,120.0,pause,labview_demo_csv
ARO-01,2137,B_quadratic,surveillance,pause,1.690,0.004,22.6,56.0,0.008,120.0,pause,labview_demo_csv
ARO-01,2138,B_quadratic,surveillance,pause,1.770,0.000,22.5,55.9,0.000,120.0,pause,labview_demo_csv
ARO-01,2139,B_quadratic,surveillance,pause,1.728,0.000,22.4,56.0,0.000,120.0,pause,labview_demo_csv
ARO-01,2140,B_quadratic,surveillance,pause,1.697,0.011,22.5,55.6,0.020,120.0,pause,labview_demo_csv
ARO-01,2141,B_quadratic,surveillance,pause,1.672,0.000,22.3,55.2,0.000,120.0,pause,labview_demo_csv
ARO-01,2142,B_quadratic,surveillance,pause,1.728,0.000,22.2,55.1,0.000,120.0,pause,labview_demo_csv
ARO-01,2143,B_quadratic,surveillance,pause,1.702,0.000,22.2,55.3,0.000,120.0,pause,labview_demo_csv
ARO-01,2144,B_quadratic,surveillance,pause,1.677,0.005,22.1,55.4,0.009,120.0,pause,labview_demo_csv
ARO-01,2145,B_quadratic,surveillance,pause,1.706,0.000,22.0,55.4,0.000,120.0,pause,labview_demo_csv
ARO-01,2146,B_quadratic,surveillance,pause,1.717,0.000,22.0,55.6,0.000,120.0,pause,labview_demo_csv
ARO-01,2147,B_quadratic,surveillance,pause,1.705,0.004,21.9,55.7,0.008,120.0,pause,labview_demo_csv
ARO-01,2148,B_quadratic,surveillance,pause,1.686,0.010,21.9,55.5,0.019,120.0,pause,labview_demo_csv
ARO-01,2149,B_quadratic,surveillance,pause,1.746,0.005,21.8,55.6,0.009,120.0,pause,labview_demo_csv
ARO-01,2150,B_quadratic,surveillance,pause,1.756,0.000,21.8,55.7,0.000,120.0,pause,labview_demo_csv
ARO-01,2151,B_quadratic,surveillance,pause,1.741,0.003,21.8,55.7,0.006,120.0,pause,labview_demo_csv
ARO-01,2152,B_quadratic,surveillance,pause,1.753,0.014,21.8,55.6,0.026,120.0,pause,labview_demo_csv
ARO-01,2153,B_quadratic,surveillance,pause,1.737,0.001,21.8,55.5,0.001,120.0,pause,labview_demo_csv
ARO-01,2154,B_quadratic,surveillance,pause,1.763,0.000,21.8,55.2,0.000,120.0,pause,labview_demo_csv
ARO-01,2155,B_quadratic,surveillance,pause,1.727,0.006,21.8,55.3,0.011,120.0,pause,labview_demo_csv
ARO-01,2156,B_quadratic,surveillance,ascent,1.726,1.587,22.0,55.1,2.863,255.0,ascent,labview_demo_csv
ARO-01,2157,B_quadratic,surveillance,ascent,1.793,1.580,22.1,55.1,2.851,255.0,ascent,labview_demo_csv
ARO-01,2158,B_quadratic,surveillance,ascent,1.795,1.585,22.3,55.1,2.859,255.0,ascent,labview_demo_csv
ARO-01,2159,B_quadratic,surveillance,ascent,1.836,1.599,22.5,55.1,2.884,255.0,ascent,labview_demo_csv
ARO-01,2160,B_quadratic,surveillance,ascent,1.826,1.587,22.5,55.2,2.863,255.0,ascent,labview_demo_csv
ARO-01,2161,B_quadratic,surveillance,ascent,1.870,1.582,22.6,55.0,2.855,255.0,ascent,labview_demo_csv
ARO-01,2162,B_quadratic,surveillance,ascent,1.756,1.583,22.5,55.0,2.855,255.0,ascent,labview_demo_csv
ARO-01,2163,B_quadratic,surveillance,ascent,1.882,1.589,22.7,55.1,2.867,255.0,ascent,labview_demo_csv
ARO-01,2164,B_quadratic,surveillance,ascent,1.837,1.583,22.8,55.1,2.855,255.0,ascent,labview_demo_csv
ARO-01,2165,B_quadratic,surveillance,ascent,1.818,1.590,22.8,55.1,2.869,255.0,ascent,labview_demo_csv
ARO-01,2166,B_quadratic,surveillance,ascent,1.837,1.590,23.0,55.0,2.868,255.0,ascent,labview_demo_csv
ARO-01,2167,B_quadratic,surveillance,ascent,1.792,1.582,23.1,55.0,2.854,255.0,ascent,labview_demo_csv
ARO-01,2168,B_quadratic,surveillance,descent,1.803,0.343,23.0,55.4,0.618,255.0,descent,labview_demo_csv
ARO-01,2169,B_quadratic,surveillance,descent,1.752,0.354,23.0,55.0,0.639,255.0,descent,labview_demo_csv
ARO-01,2170,B_quadratic,surveillance,descent,1.776,0.351,22.9,55.2,0.633,255.0,descent,labview_demo_csv
ARO-01,2171,B_quadratic,surveillance,descent,1.714,0.356,22.9,55.1,0.642,255.0,descent,labview_demo_csv
ARO-01,2172,B_quadratic,surveillance,descent,1.796,0.339,22.8,55.2,0.612,255.0,descent,labview_demo_csv
ARO-01,2173,B_quadratic,surveillance,descent,1.801,0.359,22.7,55.3,0.648,255.0,descent,labview_demo_csv
ARO-01,2174,B_quadratic,surveillance,descent,1.768,0.330,22.6,55.2,0.595,255.0,descent,labview_demo_csv
ARO-01,2175,B_quadratic,surveillance,descent,1.800,0.362,22.6,55.1,0.653,255.0,descent,labview_demo_csv
ARO-01,2176,B_quadratic,surveillance,descent,1.733,0.341,22.4,55.1,0.615,255.0,descent,labview_demo_csv
ARO-01,2177,B_quadratic,surveillance,descent,1.746,0.350,22.4,55.0,0.632,255.0,descent,labview_demo_csv
ARO-01,2178,B_quadratic,surveillance,descent,1.681,0.352,22.3,55.1,0.636,255.0,descent,labview_demo_csv
ARO-01,2179,B_quadratic,surveillance,descent,1.734,0.347,22.3,55.0,0.626,255.0,descent,labview_demo_csv
ARO-01,2180,B_quadratic,surveillance,pause,1.716,0.000,22.3,55.3,0.000,255.0,pause,labview_demo_csv
ARO-01,2181,B_quadratic,surveillance,pause,1.747,0.000,22.2,55.1,0.000,255.0,pause,labview_demo_csv
ARO-01,2182,B_quadratic,surveillance,pause,1.716,0.000,22.0,55.0,0.000,255.0,pause,labview_demo_csv
ARO-01,2183,B_quadratic,surveillance,pause,1.709,0.000,22.0,55.3,0.000,255.0,pause,labview_demo_csv
ARO-01,2184,B_quadratic,surveillance,pause,1.725,0.009,22.0,55.5,0.016,255.0,pause,labview_demo_csv
ARO-01,2185,B_quadratic,surveillance,pause,1.672,0.000,21.9,55.5,0.000,255.0,pause,labview_demo_csv
ARO-01,2186,B_quadratic,surveillance,pause,1.683,0.000,21.8,55.4,0.000,255.0,pause,labview_demo_csv
ARO-01,2187,B_quadratic,surveillance,pause,1.710,0.003,21.8,55.4,0.005,255.0,pause,labview_demo_csv
ARO-01,2188,B_quadratic,surveillance,pause,1.678,0.004,21.7,55.2,0.007,255.0,pause,labview_demo_csv
ARO-01,2189,B_quadratic,surveillance,pause,1.729,0.006,21.7,55.1,0.011,255.0,pause,labview_demo_csv
ARO-01,2190,B_quadratic,surveillance,pause,1.682,0.000,21.7,55.0,0.000,255.0,pause,labview_demo_csv
ARO-01,2191,B_quadratic,surveillance,pause,1.721,0.002,21.6,55.0,0.004,255.0,pause,labview_demo_csv
ARO-01,2192,B_quadratic,surveillance,pause,1.736,0.002,21.5,55.1,0.004,255.0,pause,labview_demo_csv
ARO-01,2193,B_quadratic,surveillance,pause,1.720,0.008,21.5,55.0,0.014,255.0,pause,labview_demo_csv
ARO-01,2194,B_quadratic,surveillance,pause,1.727,0.000,21.4,55.4,0.000,255.0,pause,labview_demo_csv
ARO-01,2195,B_quadratic,surveillance,pause,1.757,0.000,21.3,55.7,0.000,255.0,pause,labview_demo_csv
ARO-01,2196,B_quadratic,surveillance,pause,1.728,0.000,21.3,55.7,0.000,255.0,pause,labview_demo_csv
ARO-01,2197,B_quadratic,surveillance,pause,1.698,0.009,21.3,55.6,0.016,255.0,pause,labview_demo_csv
ARO-01,2198,B_quadratic,surveillance,pause,1.743,0.000,21.2,55.4,0.000,255.0,pause,labview_demo_csv
ARO-01,2199,B_quadratic,surveillance,pause,1.786,0.000,21.2,55.5,0.000,255.0,pause,labview_demo_csv
ARO-01,2200,B_quadratic,surveillance,ascent,1.800,0.886,21.2,55.7,1.599,90.0,ascent,labview_demo_csv
ARO-01,2201,B_quadratic,surveillance,ascent,1.812,0.884,21.3,55.7,1.595,90.0,ascent,labview_demo_csv
ARO-01,2202,B_quadratic,surveillance,ascent,1.805,0.887,21.4,55.6,1.601,90.0,ascent,labview_demo_csv
ARO-01,2203,B_quadratic,surveillance,ascent,1.867,0.892,21.5,55.6,1.610,90.0,ascent,labview_demo_csv
ARO-01,2204,B_quadratic,surveillance,ascent,1.808,0.885,21.7,55.6,1.597,90.0,ascent,labview_demo_csv
ARO-01,2205,B_quadratic,surveillance,ascent,1.819,0.890,21.7,56.0,1.606,90.0,ascent,labview_demo_csv
ARO-01,2206,B_quadratic,surveillance,ascent,1.749,0.887,21.7,55.9,1.601,90.0,ascent,labview_demo_csv
ARO-01,2207,B_quadratic,surveillance,ascent,1.836,0.882,21.8,56.0,1.591,90.0,ascent,labview_demo_csv
ARO-01,2208,B_quadratic,surveillance,ascent,1.870,0.879,21.8,55.9,1.586,90.0,ascent,labview_demo_csv
ARO-01,2209,B_quadratic,surveillance,ascent,1.813,0.887,21.8,55.7,1.601,90.0,ascent,labview_demo_csv
ARO-01,2210,B_quadratic,surveillance,ascent,1.811,0.889,21.9,55.8,1.603,90.0,ascent,labview_demo_csv
ARO-01,2211,B_quadratic,surveillance,ascent,1.831,0.897,22.0,55.7,1.618,90.0,ascent,labview_demo_csv
ARO-01,2212,B_quadratic,surveillance,descent,1.848,0.352,22.0,55.9,0.636,90.0,descent,labview_demo_csv
ARO-01,2213,B_quadratic,surveillance,descent,1.801,0.359,22.0,55.8,0.648,90.0,descent,labview_demo_csv
ARO-01,2214,B_quadratic,surveillance,descent,1.790,0.337,22.0,55.8,0.608,90.0,descent,labview_demo_csv
ARO-01,2215,B_quadratic,surveillance,descent,1.826,0.347,21.9,55.7,0.627,90.0,descent,labview_demo_csv
ARO-01,2216,B_quadratic,surveillance,descent,1.742,0.347,21.9,56.3,0.627,90.0,descent,labview_demo_csv
ARO-01,2217,B_quadratic,surveillance,descent,1.732,0.335,21.7,55.9,0.605,90.0,descent,labview_demo_csv
ARO-01,2218,B_quadratic,surveillance,descent,1.768,0.351,21.7,55.7,0.633,90.0,descent,labview_demo_csv
ARO-01,2219,B_quadratic,surveillance,descent,1.722,0.359,21.7,55.5,0.648,90.0,descent,labview_demo_csv
ARO-01,2220,B_quadratic,surveillance,descent,1.753,0.346,21.7,55.5,0.624,90.0,descent,labview_demo_csv
ARO-01,2221,B_quadratic,surveillance,descent,1.729,0.344,21.7,55.6,0.620,90.0,descent,labview_demo_csv
ARO-01,2222,B_quadratic,surveillance,descent,1.751,0.329,21.8,55.5,0.593,90.0,descent,labview_demo_csv
ARO-01,2223,B_quadratic,surveillance,descent,1.746,0.334,21.9,55.3,0.603,90.0,descent,labview_demo_csv
ARO-01,2224,B_quadratic,surveillance,pause,1.721,0.000,21.8,55.5,0.000,90.0,pause,labview_demo_csv
ARO-01,2225,B_quadratic,surveillance,pause,1.687,0.000,21.6,55.5,0.000,90.0,pause,labview_demo_csv
ARO-01,2226,B_quadratic,surveillance,pause,1.693,0.000,21.6,55.6,0.000,90.0,pause,labview_demo_csv
ARO-01,2227,B_quadratic,surveillance,pause,1.722,0.000,21.6,55.5,0.000,90.0,pause,labview_demo_csv
ARO-01,2228,B_quadratic,surveillance,pause,1.702,0.003,21.5,55.2,0.005,90.0,pause,labview_demo_csv
ARO-01,2229,B_quadratic,surveillance,pause,1.697,0.000,21.5,55.3,0.000,90.0,pause,labview_demo_csv
ARO-01,2230,B_quadratic,surveillance,pause,1.681,0.000,21.5,55.6,0.000,90.0,pause,labview_demo_csv
ARO-01,2231,B_quadratic,surveillance,pause,1.683,0.000,21.3,55.6,0.000,90.0,pause,labview_demo_csv
ARO-01,2232,B_quadratic,surveillance,pause,1.695,0.002,21.3,55.7,0.003,90.0,pause,labview_demo_csv
ARO-01,2233,B_quadratic,surveillance,pause,1.703,0.007,21.2,55.7,0.013,90.0,pause,labview_demo_csv
ARO-01,2234,B_quadratic,surveillance,pause,1.724,0.006,21.1,55.5,0.011,90.0,pause,labview_demo_csv
ARO-01,2235,B_quadratic,surveillance,pause,1.708,0.000,21.0,55.6,0.000,90.0,pause,labview_demo_csv
ARO-01,2236,B_quadratic,surveillance,pause,1.722,0.004,21.0,55.8,0.007,90.0,pause,labview_demo_csv
ARO-01,2237,B_quadratic,surveillance,pause,1.731,0.013,21.1,55.8,0.023,90.0,pause,labview_demo_csv
ARO-01,2238,B_quadratic,surveillance,pause,1.672,0.005,21.0,55.9,0.009,90.0,pause,labview_demo_csv
ARO-01,2239,B_quadratic,surveillance,pause,1.757,0.013,21.0,55.9,0.023,90.0,pause,labview_demo_csv
ARO-01,2240,B_quadratic,surveillance,pause,1.772,0.002,20.9,55.9,0.003,90.0,pause,labview_demo_csv
ARO-01,2241,B_quadratic,surveillance,pause,1.747,0.006,20.9,55.9,0.010,90.0,pause,labview_demo_csv
ARO-01,2242,B_quadratic,surveillance,pause,1.766,0.004,21.0,55.9,0.007,90.0,pause,labview_demo_csv
ARO-01,2243,B_quadratic,surveillance,pause,1.815,0.000,20.9,56.0,0.000,90.0,pause,labview_demo_csv
ARO-01,2244,B_quadratic,surveillance,ascent,1.782,0.896,20.9,55.8,1.617,90.0,ascent,labview_demo_csv
ARO-01,2245,B_quadratic,surveillance,ascent,1.794,0.896,21.1,55.6,1.617,90.0,ascent,labview_demo_csv
ARO-01,2246,B_quadratic,surveillance,ascent,1.775,0.893,21.2,55.5,1.611,90.0,ascent,labview_demo_csv
ARO-01,2247,B_quadratic,surveillance,ascent,1.777,0.887,21.3,55.7,1.600,90.0,ascent,labview_demo_csv
ARO-01,2248,B_quadratic,surveillance,ascent,1.777,0.894,21.4,55.4,1.613,90.0,ascent,labview_demo_csv
ARO-01,2249,B_quadratic,surveillance,ascent,1.826,0.904,21.5,55.2,1.632,90.0,ascent,labview_demo_csv
ARO-01,2250,B_quadratic,surveillance,ascent,1.867,0.883,21.5,55.1,1.593,90.0,ascent,labview_demo_csv
ARO-01,2251,B_quadratic,surveillance,ascent,1.744,0.885,21.7,55.0,1.596,90.0,ascent,labview_demo_csv
ARO-01,2252,B_quadratic,surveillance,ascent,1.795,0.881,21.7,55.0,1.590,90.0,ascent,labview_demo_csv
ARO-01,2253,B_quadratic,surveillance,ascent,1.806,0.888,21.6,55.0,1.603,90.0,ascent,labview_demo_csv
ARO-01,2254,B_quadratic,surveillance,ascent,1.810,0.884,21.7,55.1,1.596,90.0,ascent,labview_demo_csv
ARO-01,2255,B_quadratic,surveillance,ascent,1.756,0.881,21.7,55.2,1.589,90.0,ascent,labview_demo_csv
ARO-01,2256,B_quadratic,surveillance,descent,1.835,0.348,21.6,55.1,0.628,90.0,descent,labview_demo_csv
ARO-01,2257,B_quadratic,surveillance,descent,1.808,0.322,21.5,55.2,0.581,90.0,descent,labview_demo_csv
ARO-01,2258,B_quadratic,surveillance,descent,1.776,0.354,21.5,55.2,0.638,90.0,descent,labview_demo_csv
ARO-01,2259,B_quadratic,surveillance,descent,1.781,0.357,21.4,55.3,0.645,90.0,descent,labview_demo_csv
ARO-01,2260,B_quadratic,surveillance,descent,1.811,0.354,21.4,55.5,0.639,90.0,descent,labview_demo_csv
ARO-01,2261,B_quadratic,surveillance,descent,1.744,0.345,21.3,55.1,0.623,90.0,descent,labview_demo_csv
ARO-01,2262,B_quadratic,surveillance,descent,1.763,0.353,21.4,55.3,0.637,90.0,descent,labview_demo_csv
ARO-01,2263,B_quadratic,surveillance,descent,1.764,0.351,21.4,55.2,0.634,90.0,descent,labview_demo_csv
ARO-01,2264,B_quadratic,surveillance,descent,1.717,0.350,21.2,55.1,0.631,90.0,descent,labview_demo_csv
ARO-01,2265,B_quadratic,surveillance,descent,1.744,0.336,21.2,55.0,0.607,90.0,descent,labview_demo_csv
ARO-01,2266,B_quadratic,surveillance,descent,1.781,0.353,21.1,55.0,0.637,90.0,descent,labview_demo_csv
ARO-01,2267,B_quadratic,surveillance,descent,1.681,0.361,21.0,55.3,0.652,90.0,descent,labview_demo_csv
ARO-01,2268,B_quadratic,surveillance,pause,1.737,0.000,20.9,55.0,0.000,90.0,pause,labview_demo_csv
ARO-01,2269,B_quadratic,surveillance,pause,1.756,0.000,20.9,55.0,0.000,90.0,pause,labview_demo_csv
ARO-01,2270,B_quadratic,surveillance,pause,1.752,0.000,20.8,55.4,0.000,90.0,pause,labview_demo_csv
ARO-01,2271,B_quadratic,surveillance,pause,1.690,0.010,20.9,55.4,0.017,90.0,pause,labview_demo_csv
ARO-01,2272,B_quadratic,surveillance,pause,1.710,0.002,20.9,55.0,0.003,90.0,pause,labview_demo_csv
ARO-01,2273,B_quadratic,surveillance,pause,1.702,0.000,20.8,55.1,0.000,90.0,pause,labview_demo_csv
ARO-01,2274,B_quadratic,surveillance,pause,1.696,0.000,20.7,55.0,0.000,90.0,pause,labview_demo_csv
ARO-01,2275,B_quadratic,surveillance,pause,1.692,0.000,20.8,55.2,0.000,90.0,pause,labview_demo_csv
ARO-01,2276,B_quadratic,surveillance,pause,1.737,0.000,20.7,55.4,0.000,90.0,pause,labview_demo_csv
ARO-01,2277,B_quadratic,surveillance,pause,1.728,0.000,20.7,55.4,0.000,90.0,pause,labview_demo_csv
ARO-01,2278,B_quadratic,surveillance,pause,1.707,0.000,20.7,55.6,0.000,90.0,pause,labview_demo_csv
ARO-01,2279,B_quadratic,surveillance,pause,1.753,0.000,20.7,55.4,0.000,90.0,pause,labview_demo_csv
ARO-01,2280,B_quadratic,surveillance,pause,1.751,0.004,20.7,55.4,0.006,90.0,pause,labview_demo_csv
ARO-01,2281,B_quadratic,surveillance,pause,1.743,0.013,20.7,55.5,0.023,90.0,pause,labview_demo_csv
ARO-01,2282,B_quadratic,surveillance,pause,1.728,0.000,20.7,55.5,0.000,90.0,pause,labview_demo_csv
ARO-01,2283,B_quadratic,surveillance,pause,1.681,0.000,20.6,55.2,0.000,90.0,pause,labview_demo_csv
ARO-01,2284,B_quadratic,surveillance,pause,1.800,0.004,20.5,55.3,0.008,90.0,pause,labview_demo_csv
ARO-01,2285,B_quadratic,surveillance,pause,1.737,0.007,20.5,55.1,0.012,90.0,pause,labview_demo_csv
ARO-01,2286,B_quadratic,surveillance,pause,1.790,0.000,20.5,55.2,0.000,90.0,pause,labview_demo_csv
ARO-01,2287,B_quadratic,surveillance,pause,1.801,0.022,20.5,55.1,0.039,90.0,pause,labview_demo_csv
ARO-01,2288,B_quadratic,surveillance,ascent,1.792,1.275,20.7,55.2,2.301,180.0,ascent,labview_demo_csv
ARO-01,2289,B_quadratic,surveillance,ascent,1.815,1.273,20.9,55.0,2.297,180.0,ascent,labview_demo_csv
ARO-01,2290,B_quadratic,surveillance,ascent,1.824,1.273,21.0,55.0,2.297,180.0,ascent,labview_demo_csv
ARO-01,2291,B_quadratic,surveillance,ascent,1.821,1.261,21.1,55.2,2.276,180.0,ascent,labview_demo_csv
ARO-01,2292,B_quadratic,surveillance,ascent,1.797,1.280,21.2,55.2,2.310,180.0,ascent,labview_demo_csv
ARO-01,2293,B_quadratic,surveillance,ascent,1.882,1.267,21.2,55.0,2.286,180.0,ascent,labview_demo_csv
ARO-01,2294,B_quadratic,surveillance,ascent,1.817,1.274,21.2,55.1,2.299,180.0,ascent,labview_demo_csv
ARO-01,2295,B_quadratic,surveillance,ascent,1.828,1.282,21.4,55.1,2.314,180.0,ascent,labview_demo_csv
ARO-01,2296,B_quadratic,surveillance,ascent,1.844,1.272,21.4,55.0,2.295,180.0,ascent,labview_demo_csv
ARO-01,2297,B_quadratic,surveillance,ascent,1.823,1.260,21.4,55.2,2.272,180.0,ascent,labview_demo_csv
ARO-01,2298,B_quadratic,surveillance,ascent,1.822,1.274,21.5,55.2,2.298,180.0,ascent,labview_demo_csv
ARO-01,2299,B_quadratic,surveillance,ascent,1.810,1.271,21.5,55.3,2.293,180.0,ascent,labview_demo_csv
ARO-01,2300,B_quadratic,surveillance,descent,1.842,0.360,21.4,55.1,0.649,180.0,descent,labview_demo_csv
ARO-01,2301,B_quadratic,surveillance,descent,1.786,0.353,21.5,55.0,0.637,180.0,descent,labview_demo_csv
ARO-01,2302,B_quadratic,surveillance,descent,1.824,0.350,21.5,55.0,0.631,180.0,descent,labview_demo_csv
ARO-01,2303,B_quadratic,surveillance,descent,1.796,0.353,21.4,55.0,0.638,180.0,descent,labview_demo_csv
ARO-01,2304,B_quadratic,surveillance,descent,1.807,0.353,21.3,55.0,0.636,180.0,descent,labview_demo_csv
ARO-01,2305,B_quadratic,surveillance,descent,1.796,0.340,21.3,55.2,0.614,180.0,descent,labview_demo_csv
ARO-01,2306,B_quadratic,surveillance,descent,1.792,0.356,21.2,55.3,0.642,180.0,descent,labview_demo_csv
ARO-01,2307,B_quadratic,surveillance,descent,1.738,0.361,21.0,55.4,0.652,180.0,descent,labview_demo_csv
ARO-01,2308,B_quadratic,surveillance,descent,1.753,0.356,20.9,55.5,0.642,180.0,descent,labview_demo_csv
ARO-01,2309,B_quadratic,surveillance,descent,1.706,0.363,20.8,55.4,0.655,180.0,descent,labview_demo_csv
ARO-01,2310,B_quadratic,surveillance,descent,1.774,0.360,20.8,55.4,0.650,180.0,descent,labview_demo_csv
ARO-01,2311,B_quadratic,surveillance,descent,1.754,0.350,20.7,55.5,0.632,180.0,descent,labview_demo_csv
ARO-01,2312,B_quadratic,surveillance,pause,1.733,0.000,20.6,55.2,0.000,180.0,pause,labview_demo_csv
ARO-01,2313,B_quadratic,surveillance,pause,1.756,0.002,20.5,55.3,0.004,180.0,pause,labview_demo_csv
ARO-01,2314,B_quadratic,surveillance,pause,1.728,0.006,20.5,55.4,0.010,180.0,pause,labview_demo_csv
ARO-01,2315,B_quadratic,surveillance,pause,1.701,0.000,20.6,55.3,0.000,180.0,pause,labview_demo_csv
ARO-01,2316,B_quadratic,surveillance,pause,1.684,0.000,20.4,55.1,0.000,180.0,pause,labview_demo_csv
ARO-01,2317,B_quadratic,surveillance,pause,1.731,0.000,20.4,55.1,0.000,180.0,pause,labview_demo_csv
ARO-01,2318,B_quadratic,surveillance,pause,1.713,0.000,20.3,55.2,0.000,180.0,pause,labview_demo_csv
ARO-01,2319,B_quadratic,surveillance,pause,1.724,0.000,20.3,55.1,0.000,180.0,pause,labview_demo_csv
ARO-01,2320,B_quadratic,surveillance,pause,1.717,0.001,20.2,55.0,0.003,180.0,pause,labview_demo_csv
ARO-01,2321,B_quadratic,surveillance,pause,1.721,0.008,20.3,55.4,0.015,180.0,pause,labview_demo_csv
ARO-01,2322,B_quadratic,surveillance,pause,1.732,0.009,20.2,55.3,0.016,180.0,pause,labview_demo_csv
ARO-01,2323,B_quadratic,surveillance,pause,1.734,0.008,20.2,55.1,0.015,180.0,pause,labview_demo_csv
ARO-01,2324,B_quadratic,surveillance,pause,1.759,0.000,20.2,55.2,0.000,180.0,pause,labview_demo_csv
ARO-01,2325,B_quadratic,surveillance,pause,1.714,0.001,20.2,55.3,0.002,180.0,pause,labview_demo_csv
ARO-01,2326,B_quadratic,surveillance,pause,1.749,0.009,20.1,55.0,0.016,180.0,pause,labview_demo_csv
ARO-01,2327,B_quadratic,surveillance,pause,1.709,0.010,20.1,55.1,0.018,180.0,pause,labview_demo_csv
ARO-01,2328,B_quadratic,surveillance,pause,1.756,0.002,20.2,55.1,0.003,180.0,pause,labview_demo_csv
ARO-01,2329,B_quadratic,surveillance,pause,1.759,0.000,20.2,55.2,0.000,180.0,pause,labview_demo_csv
ARO-01,2330,B_quadratic,surveillance,pause,1.741,0.005,20.2,55.2,0.010,180.0,pause,labview_demo_csv
ARO-01,2331,B_quadratic,surveillance,pause,1.787,0.000,20.1,55.2,0.000,180.0,pause,labview_demo_csv
ARO-01,2332,B_quadratic,surveillance,ascent,1.810,1.216,20.3,55.5,2.194,165.0,ascent,labview_demo_csv
ARO-01,2333,B_quadratic,surveillance,ascent,1.785,1.212,20.3,55.0,2.186,165.0,ascent,labview_demo_csv
ARO-01,2334,B_quadratic,surveillance,ascent,1.810,1.206,20.4,55.1,2.177,165.0,ascent,labview_demo_csv
ARO-01,2335,B_quadratic,surveillance,ascent,1.796,1.197,20.6,55.0,2.160,165.0,ascent,labview_demo_csv
ARO-01,2336,B_quadratic,surveillance,ascent,1.798,1.205,20.7,55.2,2.175,165.0,ascent,labview_demo_csv
ARO-01,2337,B_quadratic,surveillance,ascent,1.832,1.204,20.7,55.0,2.172,165.0,ascent,labview_demo_csv
ARO-01,2338,B_quadratic,surveillance,ascent,1.859,1.221,20.8,55.0,2.202,165.0,ascent,labview_demo_csv
ARO-01,2339,B_quadratic,surveillance,ascent,1.817,1.213,20.8,55.0,2.188,165.0,ascent,labview_demo_csv
ARO-01,2340,B_quadratic,surveillance,ascent,1.825,1.209,20.8,55.0,2.181,165.0,ascent,labview_demo_csv
ARO-01,2341,B_quadratic,surveillance,ascent,1.807,1.206,20.8,55.1,2.176,165.0,ascent,labview_demo_csv
ARO-01,2342,B_quadratic,surveillance,ascent,1.874,1.203,20.9,55.0,2.170,165.0,ascent,labview_demo_csv
ARO-01,2343,B_quadratic,surveillance,ascent,1.889,1.203,20.9,55.0,2.171,165.0,ascent,labview_demo_csv
ARO-01,2344,B_quadratic,surveillance,descent,1.813,0.352,20.9,55.3,0.635,165.0,descent,labview_demo_csv
ARO-01,2345,B_quadratic,surveillance,descent,1.838,0.344,20.8,55.2,0.620,165.0,descent,labview_demo_csv
ARO-01,2346,B_quadratic,surveillance,descent,1.818,0.348,20.7,55.3,0.627,165.0,descent,labview_demo_csv
ARO-01,2347,B_quadratic,surveillance,descent,1.794,0.359,20.7,55.4,0.649,165.0,descent,labview_demo_csv
ARO-01,2348,B_quadratic,surveillance,descent,1.805,0.353,20.7,55.4,0.637,165.0,descent,labview_demo_csv
ARO-01,2349,B_quadratic,surveillance,descent,1.819,0.349,20.6,55.3,0.630,165.0,descent,labview_demo_csv
ARO-01,2350,B_quadratic,surveillance,descent,1.803,0.357,20.6,55.4,0.644,165.0,descent,labview_demo_csv
ARO-01,2351,B_quadratic,surveillance,descent,1.789,0.344,20.5,55.5,0.620,165.0,descent,labview_demo_csv
ARO-01,2352,B_quadratic,surveillance,descent,1.770,0.348,20.3,55.8,0.629,165.0,descent,labview_demo_csv
ARO-01,2353,B_quadratic,surveillance,descent,1.772,0.352,20.3,55.8,0.635,165.0,descent,labview_demo_csv
ARO-01,2354,B_quadratic,surveillance,descent,1.728,0.343,20.3,55.8,0.619,165.0,descent,labview_demo_csv
ARO-01,2355,B_quadratic,surveillance,descent,1.754,0.350,20.4,56.0,0.632,165.0,descent,labview_demo_csv
ARO-01,2356,B_quadratic,surveillance,pause,1.726,0.000,20.3,55.9,0.000,165.0,pause,labview_demo_csv
ARO-01,2357,B_quadratic,surveillance,pause,1.702,0.009,20.2,56.0,0.016,165.0,pause,labview_demo_csv
ARO-01,2358,B_quadratic,surveillance,pause,1.772,0.003,20.1,55.7,0.005,165.0,pause,labview_demo_csv
ARO-01,2359,B_quadratic,surveillance,pause,1.736,0.002,20.0,55.5,0.004,165.0,pause,labview_demo_csv
ARO-01,2360,B_quadratic,surveillance,pause,1.721,0.000,20.0,55.8,0.000,165.0,pause,labview_demo_csv
ARO-01,2361,B_quadratic,surveillance,pause,1.688,0.000,20.0,55.6,0.000,165.0,pause,labview_demo_csv
ARO-01,2362,B_quadratic,surveillance,pause,1.752,0.005,20.0,55.7,0.010,165.0,pause,labview_demo_csv
ARO-01,2363,B_quadratic,surveillance,pause,1.738,0.000,19.9,55.5,0.000,165.0,pause,labview_demo_csv
ARO-01,2364,B_quadratic,surveillance,pause,1.731,0.020,19.9,55.4,0.037,165.0,pause,labview_demo_csv
ARO-01,2365,B_quadratic,surveillance,pause,1.722,0.000,19.8,55.6,0.000,165.0,pause,labview_demo_csv
ARO-01,2366,B_quadratic,surveillance,pause,1.731,0.015,19.7,55.6,0.028,165.0,pause,labview_demo_csv
ARO-01,2367,B_quadratic,surveillance,pause,1.740,0.011,19.7,55.7,0.020,165.0,pause,labview_demo_csv
ARO-01,2368,B_quadratic,surveillance,pause,1.742,0.000,19.7,55.6,0.000,165.0,pause,labview_demo_csv
ARO-01,2369,B_quadratic,surveillance,pause,1.727,0.002,19.6,55.5,0.004,165.0,pause,labview_demo_csv
ARO-01,2370,B_quadratic,surveillance,pause,1.747,0.000,19.6,55.7,0.000,165.0,pause,labview_demo_csv
ARO-01,2371,B_quadratic,surveillance,pause,1.746,0.003,19.5,55.9,0.005,165.0,pause,labview_demo_csv
ARO-01,2372,B_quadratic,surveillance,pause,1.729,0.000,19.5,55.7,0.000,165.0,pause,labview_demo_csv
ARO-01,2373,B_quadratic,surveillance,pause,1.815,0.000,19.5,55.6,0.000,165.0,pause,labview_demo_csv
ARO-01,2374,B_quadratic,surveillance,pause,1.802,0.000,19.5,55.6,0.000,165.0,pause,labview_demo_csv
ARO-01,2375,B_quadratic,surveillance,pause,1.807,0.010,19.5,55.4,0.018,165.0,pause,labview_demo_csv
ARO-01,2376,B_quadratic,surveillance,ascent,1.819,1.148,19.7,55.2,2.072,150.0,ascent,labview_demo_csv
ARO-01,2377,B_quadratic,surveillance,ascent,1.829,1.152,19.7,55.1,2.079,150.0,ascent,labview_demo_csv
ARO-01,2378,B_quadratic,surveillance,ascent,1.780,1.167,19.9,55.0,2.105,150.0,ascent,labview_demo_csv
ARO-01,2379,B_quadratic,surveillance,ascent,1.814,1.154,19.9,55.2,2.081,150.0,ascent,labview_demo_csv
ARO-01,2380,B_quadratic,surveillance,ascent,1.825,1.153,20.1,55.4,2.081,150.0,ascent,labview_demo_csv
ARO-01,2381,B_quadratic,surveillance,ascent,1.786,1.143,20.2,55.6,2.063,150.0,ascent,labview_demo_csv
ARO-01,2382,B_quadratic,surveillance,ascent,1.819,1.136,20.3,55.6,2.049,150.0,ascent,labview_demo_csv
ARO-01,2383,B_quadratic,surveillance,ascent,1.843,1.165,20.4,55.8,2.102,150.0,ascent,labview_demo_csv
ARO-01,2384,B_quadratic,surveillance,ascent,1.837,1.142,20.4,55.7,2.060,150.0,ascent,labview_demo_csv
ARO-01,2385,B_quadratic,surveillance,ascent,1.840,1.145,20.4,55.8,2.066,150.0,ascent,labview_demo_csv
ARO-01,2386,B_quadratic,surveillance,ascent,1.887,1.151,20.5,55.9,2.076,150.0,ascent,labview_demo_csv
ARO-01,2387,B_quadratic,surveillance,ascent,1.834,1.155,20.6,55.8,2.084,150.0,ascent,labview_demo_csv
ARO-01,2388,B_quadratic,surveillance,descent,1.872,0.360,20.5,55.5,0.650,150.0,descent,labview_demo_csv
ARO-01,2389,B_quadratic,surveillance,descent,1.814,0.359,20.6,55.4,0.648,150.0,descent,labview_demo_csv
ARO-01,2390,B_quadratic,surveillance,descent,1.852,0.358,20.4,55.5,0.645,150.0,descent,labview_demo_csv
ARO-01,2391,B_quadratic,surveillance,descent,1.817,0.350,20.3,55.4,0.631,150.0,descent,labview_demo_csv
ARO-01,2392,B_quadratic,surveillance,descent,1.778,0.347,20.2,55.6,0.626,150.0,descent,labview_demo_csv
ARO-01,2393,B_quadratic,surveillance,descent,1.757,0.363,20.1,55.5,0.655,150.0,descent,labview_demo_csv
ARO-01,2394,B_quadratic,surveillance,descent,1.807,0.336,20.1,55.4,0.606,150.0,descent,labview_demo_csv
ARO-01,2395,B_quadratic,surveillance,descent,1.757,0.351,20.0,55.4,0.633,150.0,descent,labview_demo_csv
ARO-01,2396,B_quadratic,surveillance,descent,1.790,0.348,20.0,55.3,0.628,150.0,descent,labview_demo_csv
ARO-01,2397,B_quadratic,surveillance,descent,1.803,0.355,20.0,55.2,0.641,150.0,descent,labview_demo_csv
ARO-01,2398,B_quadratic,surveillance,descent,1.747,0.339,19.9,55.2,0.611,150.0,descent,labview_demo_csv
ARO-01,2399,B_quadratic,surveillance,descent,1.765,0.346,19.7,55.3,0.624,150.0,descent,labview_demo_csv
ARO-01,2400,B_quadratic,surveillance,pause,1.754,0.000,19.8,55.4,0.000,150.0,pause,labview_demo_csv
ARO-01,2401,B_quadratic,surveillance,pause,1.742,0.004,19.8,55.2,0.006,150.0,pause,labview_demo_csv
ARO-01,2402,B_quadratic,surveillance,pause,1.718,0.000,19.6,55.0,0.000,150.0,pause,labview_demo_csv
ARO-01,2403,B_quadratic,surveillance,pause,1.721,0.002,19.6,55.0,0.003,150.0,pause,labview_demo_csv
ARO-01,2404,B_quadratic,surveillance,pause,1.699,0.000,19.6,55.0,0.000,150.0,pause,labview_demo_csv
ARO-01,2405,B_quadratic,surveillance,pause,1.714,0.002,19.5,55.6,0.003,150.0,pause,labview_demo_csv
ARO-01,2406,B_quadratic,surveillance,pause,1.745,0.008,19.5,55.4,0.014,150.0,pause,labview_demo_csv
ARO-01,2407,B_quadratic,surveillance,pause,1.676,0.000,19.5,55.5,0.000,150.0,pause,labview_demo_csv
ARO-01,2408,B_quadratic,surveillance,pause,1.724,0.000,19.4,55.3,0.000,150.0,pause,labview_demo_csv
ARO-01,2409,B_quadratic,surveillance,pause,1.705,0.000,19.5,55.6,0.000,150.0,pause,labview_demo_csv
ARO-01,2410,B_quadratic,surveillance,pause,1.724,0.000,19.4,55.4,0.000,150.0,pause,labview_demo_csv
ARO-01,2411,B_quadratic,surveillance,pause,1.723,0.013,19.3,55.3,0.023,150.0,pause,labview_demo_csv
ARO-01,2412,B_quadratic,surveillance,pause,1.754,0.004,19.3,55.2,0.007,150.0,pause,labview_demo_csv
ARO-01,2413,B_quadratic,surveillance,pause,1.768,0.000,19.4,55.3,0.000,150.0,pause,labview_demo_csv
ARO-01,2414,B_quadratic,surveillance,pause,1.801,0.000,19.3,55.5,0.000,150.0,pause,labview_demo_csv
ARO-01,2415,B_quadratic,surveillance,pause,1.789,0.002,19.3,55.4,0.004,150.0,pause,labview_demo_csv
ARO-01,2416,B_quadratic,surveillance,pause,1.761,0.000,19.3,55.3,0.000,150.0,pause,labview_demo_csv
ARO-01,2417,B_quadratic,surveillance,pause,1.793,0.001,19.3,55.6,0.002,150.0,pause,labview_demo_csv
ARO-01,2418,B_quadratic,surveillance,pause,1.830,0.001,19.2,55.5,0.001,150.0,pause,labview_demo_csv
ARO-01,2419,B_quadratic,surveillance,pause,1.808,0.000,19.3,55.6,0.000,150.0,pause,labview_demo_csv
ARO-01,2420,B_quadratic,surveillance,ascent,1.830,1.145,19.3,55.8,2.066,150.0,ascent,labview_demo_csv
ARO-01,2421,B_quadratic,surveillance,ascent,1.832,1.136,19.4,55.8,2.049,150.0,ascent,labview_demo_csv
ARO-01,2422,B_quadratic,surveillance,ascent,1.846,1.155,19.5,55.7,2.083,150.0,ascent,labview_demo_csv
ARO-01,2423,B_quadratic,surveillance,ascent,1.801,1.143,19.5,55.8,2.062,150.0,ascent,labview_demo_csv
ARO-01,2424,B_quadratic,surveillance,ascent,1.850,1.147,19.6,55.6,2.069,150.0,ascent,labview_demo_csv
ARO-01,2425,B_quadratic,surveillance,ascent,1.843,1.154,19.6,55.6,2.082,150.0,ascent,labview_demo_csv
ARO-01,2426,B_quadratic,surveillance,ascent,1.902,1.153,19.6,55.5,2.081,150.0,ascent,labview_demo_csv
ARO-01,2427,B_quadratic,surveillance,ascent,1.860,1.151,19.7,55.3,2.077,150.0,ascent,labview_demo_csv
ARO-01,2428,B_quadratic,surveillance,ascent,1.859,1.135,19.8,55.5,2.048,150.0,ascent,labview_demo_csv
ARO-01,2429,B_quadratic,surveillance,ascent,1.792,1.140,20.0,55.6,2.057,150.0,ascent,labview_demo_csv
ARO-01,2430,B_quadratic,surveillance,ascent,1.849,1.130,20.0,55.5,2.039,150.0,ascent,labview_demo_csv
ARO-01,2431,B_quadratic,surveillance,ascent,1.807,1.147,20.0,55.3,2.070,150.0,ascent,labview_demo_csv
ARO-01,2432,B_quadratic,surveillance,descent,1.800,0.347,19.9,55.2,0.626,150.0,descent,labview_demo_csv
ARO-01,2433,B_quadratic,surveillance,descent,1.820,0.351,19.9,55.3,0.634,150.0,descent,labview_demo_csv
ARO-01,2434,B_quadratic,surveillance,descent,1.863,0.351,19.8,55.3,0.634,150.0,descent,labview_demo_csv
ARO-01,2435,B_quadratic,surveillance,descent,1.833,0.348,19.8,55.0,0.627,150.0,descent,labview_demo_csv
ARO-01,2436,B_quadratic,surveillance,descent,1.795,0.351,19.8,55.0,0.633,150.0,descent,labview_demo_csv
ARO-01,2437,B_quadratic,surveillance,descent,1.848,0.335,19.8,55.0,0.604,150.0,descent,labview_demo_csv
ARO-01,2438,B_quadratic,surveillance,descent,1.799,0.350,19.7,55.0,0.631,150.0,descent,labview_demo_csv
ARO-01,2439,B_quadratic,surveillance,descent,1.810,0.342,19.7,55.0,0.618,150.0,descent,labview_demo_csv
ARO-01,2440,B_quadratic,surveillance,descent,1.793,0.356,19.7,55.3,0.643,150.0,descent,labview_demo_csv
ARO-01,2441,B_quadratic,surveillance,descent,1.760,0.345,19.6,55.3,0.623,150.0,descent,labview_demo_csv
ARO-01,2442,B_quadratic,surveillance,descent,1.802,0.352,19.5,55.4,0.635,150.0,descent,labview_demo_csv
ARO-01,2443,B_quadratic,surveillance,descent,1.741,0.351,19.6,55.4,0.633,150.0,descent,labview_demo_csv
ARO-01,2444,B_quadratic,surveillance,pause,1.749,0.002,19.5,55.5,0.003,150.0,pause,labview_demo_csv
ARO-01,2445,B_quadratic,surveillance,pause,1.706,0.001,19.5,55.4,0.003,150.0,pause,labview_demo_csv
ARO-01,2446,B_quadratic,surveillance,pause,1.676,0.000,19.4,55.2,0.000,150.0,pause,labview_demo_csv
ARO-01,2447,B_quadratic,surveillance,pause,1.748,0.002,19.4,55.0,0.003,150.0,pause,labview_demo_csv
ARO-01,2448,B_quadratic,surveillance,pause,1.773,0.000,19.4,55.0,0.000,150.0,pause,labview_demo_csv
ARO-01,2449,B_quadratic,surveillance,pause,1.742,0.000,19.4,55.0,0.000,150.0,pause,labview_demo_csv
ARO-01,2450,B_quadratic,surveillance,pause,1.751,0.006,19.4,55.2,0.011,150.0,pause,labview_demo_csv
ARO-01,2451,B_quadratic,surveillance,pause,1.740,0.009,19.4,55.3,0.016,150.0,pause,labview_demo_csv
ARO-01,2452,B_quadratic,surveillance,pause,1.780,0.000,19.3,55.4,0.000,150.0,pause,labview_demo_csv
ARO-01,2453,B_quadratic,surveillance,pause,1.725,0.003,19.2,55.7,0.006,150.0,pause,labview_demo_csv
ARO-01,2454,B_quadratic,surveillance,pause,1.773,0.000,19.1,55.6,0.001,150.0,pause,labview_demo_csv
ARO-01,2455,B_quadratic,surveillance,pause,1.724,0.000,19.1,55.5,0.000,150.0,pause,labview_demo_csv
ARO-01,2456,B_quadratic,surveillance,pause,1.724,0.020,19.1,55.4,0.036,150.0,pause,labview_demo_csv
ARO-01,2457,B_quadratic,surveillance,pause,1.769,0.000,19.1,55.4,0.000,150.0,pause,labview_demo_csv
ARO-01,2458,B_quadratic,surveillance,pause,1.815,0.004,19.0,55.7,0.007,150.0,pause,labview_demo_csv
ARO-01,2459,B_quadratic,surveillance,pause,1.772,0.002,18.8,55.8,0.004,150.0,pause,labview_demo_csv
ARO-01,2460,B_quadratic,surveillance,pause,1.771,0.000,18.8,55.5,0.000,150.0,pause,labview_demo_csv
ARO-01,2461,B_quadratic,surveillance,pause,1.803,0.000,18.7,55.7,0.000,150.0,pause,labview_demo_csv
ARO-01,2462,B_quadratic,surveillance,pause,1.779,0.014,18.7,55.7,0.026,150.0,pause,labview_demo_csv
ARO-01,2463,B_quadratic,surveillance,pause,1.799,0.000,18.6,55.7,0.000,150.0,pause,labview_demo_csv
ARO-01,2464,B_quadratic,surveillance,ascent,1.844,1.400,18.8,55.3,2.527,210.0,ascent,labview_demo_csv
ARO-01,2465,B_quadratic,surveillance,ascent,1.889,1.408,19.1,55.3,2.540,210.0,ascent,labview_demo_csv
ARO-01,2466,B_quadratic,surveillance,ascent,1.868,1.409,19.1,55.5,2.542,210.0,ascent,labview_demo_csv
ARO-01,2467,B_quadratic,surveillance,ascent,1.842,1.414,19.2,55.6,2.551,210.0,ascent,labview_demo_csv
ARO-01,2468,B_quadratic,surveillance,ascent,1.874,1.414,19.3,55.5,2.551,210.0,ascent,labview_demo_csv
ARO-01,2469,B_quadratic,surveillance,ascent,1.873,1.413,19.4,55.3,2.550,210.0,ascent,labview_demo_csv
ARO-01,2470,B_quadratic,surveillance,ascent,1.901,1.396,19.5,55.4,2.519,210.0,ascent,labview_demo_csv
ARO-01,2471,B_quadratic,surveillance,ascent,1.853,1.413,19.6,55.0,2.550,210.0,ascent,labview_demo_csv
ARO-01,2472,B_quadratic,surveillance,ascent,1.849,1.403,19.8,55.0,2.532,210.0,ascent,labview_demo_csv
ARO-01,2473,B_quadratic,surveillance,ascent,1.860,1.406,19.9,55.1,2.536,210.0,ascent,labview_demo_csv
ARO-01,2474,B_quadratic,surveillance,ascent,1.871,1.404,19.8,55.0,2.534,210.0,ascent,labview_demo_csv
ARO-01,2475,B_quadratic,surveillance,ascent,1.844,1.410,19.8,55.2,2.544,210.0,ascent,labview_demo_csv
ARO-01,2476,B_quadratic,surveillance,descent,1.831,0.348,19.8,55.1,0.628,210.0,descent,labview_demo_csv
ARO-01,2477,B_quadratic,surveillance,descent,1.786,0.346,19.8,55.0,0.625,210.0,descent,labview_demo_csv
ARO-01,2478,B_quadratic,surveillance,descent,1.836,0.344,19.7,55.2,0.621,210.0,descent,labview_demo_csv
ARO-01,2479,B_quadratic,surveillance,descent,1.806,0.354,19.7,55.1,0.638,210.0,descent,labview_demo_csv
ARO-01,2480,B_quadratic,surveillance,descent,1.810,0.347,19.6,55.3,0.625,210.0,descent,labview_demo_csv
ARO-01,2481,B_quadratic,surveillance,descent,1.796,0.358,19.6,55.5,0.646,210.0,descent,labview_demo_csv
ARO-01,2482,B_quadratic,surveillance,descent,1.769,0.355,19.5,55.8,0.640,210.0,descent,labview_demo_csv
ARO-01,2483,B_quadratic,surveillance,descent,1.818,0.359,19.5,55.7,0.647,210.0,descent,labview_demo_csv
ARO-01,2484,B_quadratic,surveillance,descent,1.809,0.351,19.4,55.3,0.633,210.0,descent,labview_demo_csv
ARO-01,2485,B_quadratic,surveillance,descent,1.779,0.364,19.4,55.5,0.657,210.0,descent,labview_demo_csv
ARO-01,2486,B_quadratic,surveillance,descent,1.829,0.344,19.4,55.7,0.620,210.0,descent,labview_demo_csv
ARO-01,2487,B_quadratic,surveillance,descent,1.761,0.349,19.3,55.8,0.629,210.0,descent,labview_demo_csv
ARO-01,2488,B_quadratic,surveillance,pause,1.776,0.001,19.2,55.6,0.002,210.0,pause,labview_demo_csv
ARO-01,2489,B_quadratic,surveillance,pause,1.740,0.000,19.1,55.2,0.000,210.0,pause,labview_demo_csv
ARO-01,2490,B_quadratic,surveillance,pause,1.717,0.011,19.0,55.6,0.019,210.0,pause,labview_demo_csv
ARO-01,2491,B_quadratic,surveillance,pause,1.781,0.000,18.9,55.7,0.000,210.0,pause,labview_demo_csv
ARO-01,2492,B_quadratic,surveillance,pause,1.699,0.000,18.9,55.5,0.000,210.0,pause,labview_demo_csv
ARO-01,2493,B_quadratic,surveillance,pause,1.715,0.011,18.9,55.3,0.021,210.0,pause,labview_demo_csv
ARO-01,2494,B_quadratic,surveillance,pause,1.716,0.017,18.8,55.9,0.030,210.0,pause,labview_demo_csv
ARO-01,2495,B_quadratic,surveillance,pause,1.730,0.000,18.7,55.6,0.000,210.0,pause,labview_demo_csv
ARO-01,2496,B_quadratic,surveillance,pause,1.804,0.000,18.5,55.8,0.000,210.0,pause,labview_demo_csv
ARO-01,2497,B_quadratic,surveillance,pause,1.799,0.001,18.5,56.1,0.002,210.0,pause,labview_demo_csv
ARO-01,2498,B_quadratic,surveillance,pause,1.842,0.000,18.4,55.9,0.000,210.0,pause,labview_demo_csv
ARO-01,2499,B_quadratic,surveillance,pause,1.749,0.000,18.4,56.1,0.000,210.0,pause,labview_demo_csv
ARO-01,2500,B_quadratic,surveillance,pause,1.797,0.000,18.4,56.0,0.000,210.0,pause,labview_demo_csv
ARO-01,2501,B_quadratic,surveillance,pause,1.803,0.000,18.4,55.8,0.000,210.0,pause,labview_demo_csv
ARO-01,2502,B_quadratic,surveillance,pause,1.776,0.000,18.4,55.8,0.000,210.0,pause,labview_demo_csv
ARO-01,2503,B_quadratic,surveillance,pause,1.812,0.000,18.3,55.8,0.000,210.0,pause,labview_demo_csv
ARO-01,2504,B_quadratic,surveillance,pause,1.786,0.000,18.4,55.6,0.000,210.0,pause,labview_demo_csv
ARO-01,2505,B_quadratic,surveillance,pause,1.791,0.008,18.3,56.0,0.014,210.0,pause,labview_demo_csv
ARO-01,2506,B_quadratic,surveillance,pause,1.840,0.000,18.3,56.1,0.000,210.0,pause,labview_demo_csv
ARO-01,2507,B_quadratic,surveillance,pause,1.788,0.008,18.3,56.4,0.014,210.0,pause,labview_demo_csv
ARO-01,2508,B_quadratic,surveillance,ascent,1.854,0.901,18.3,56.4,1.626,90.0,ascent,labview_demo_csv
ARO-01,2509,B_quadratic,surveillance,ascent,1.825,0.892,18.6,56.1,1.610,90.0,ascent,labview_demo_csv
ARO-01,2510,B_quadratic,surveillance,ascent,1.838,0.899,18.7,55.7,1.622,90.0,ascent,labview_demo_csv
ARO-01,2511,B_quadratic,surveillance,ascent,1.842,0.895,18.8,55.8,1.616,90.0,ascent,labview_demo_csv
ARO-01,2512,B_quadratic,surveillance,ascent,1.848,0.894,18.9,55.8,1.613,90.0,ascent,labview_demo_csv
ARO-01,2513,B_quadratic,surveillance,ascent,1.830,0.885,18.9,55.7,1.597,90.0,ascent,labview_demo_csv
ARO-01,2514,B_quadratic,surveillance,ascent,1.865,0.892,19.0,55.7,1.610,90.0,ascent,labview_demo_csv
ARO-01,2515,B_quadratic,surveillance,ascent,1.915,0.885,19.1,55.5,1.596,90.0,ascent,labview_demo_csv
ARO-01,2516,B_quadratic,surveillance,ascent,1.849,0.904,19.2,55.5,1.631,90.0,ascent,labview_demo_csv
ARO-01,2517,B_quadratic,surveillance,ascent,1.871,0.897,19.2,55.5,1.618,90.0,ascent,labview_demo_csv
ARO-01,2518,B_quadratic,surveillance,ascent,1.877,0.900,19.2,55.2,1.623,90.0,ascent,labview_demo_csv
ARO-01,2519,B_quadratic,surveillance,ascent,1.807,0.900,19.3,55.1,1.625,90.0,ascent,labview_demo_csv
ARO-01,2520,B_quadratic,surveillance,descent,1.825,0.340,19.2,55.4,0.614,90.0,descent,labview_demo_csv
ARO-01,2521,B_quadratic,surveillance,descent,1.785,0.339,19.4,55.3,0.611,90.0,descent,labview_demo_csv
ARO-01,2522,B_quadratic,surveillance,descent,1.795,0.326,19.2,55.2,0.588,90.0,descent,labview_demo_csv
ARO-01,2523,B_quadratic,surveillance,descent,1.823,0.346,19.2,55.0,0.625,90.0,descent,labview_demo_csv
ARO-01,2524,B_quadratic,surveillance,descent,1.794,0.341,19.1,55.1,0.616,90.0,descent,labview_demo_csv
ARO-01,2525,B_quadratic,surveillance,descent,1.844,0.353,19.1,55.0,0.638,90.0,descent,labview_demo_csv
ARO-01,2526,B_quadratic,surveillance,descent,1.732,0.356,19.1,55.3,0.643,90.0,descent,labview_demo_csv
ARO-01,2527,B_quadratic,surveillance,descent,1.787,0.361,18.9,55.5,0.652,90.0,descent,labview_demo_csv
ARO-01,2528,B_quadratic,surveillance,descent,1.792,0.347,18.8,55.5,0.627,90.0,descent,labview_demo_csv
ARO-01,2529,B_quadratic,surveillance,descent,1.801,0.344,18.8,55.8,0.621,90.0,descent,labview_demo_csv
ARO-01,2530,B_quadratic,surveillance,descent,1.819,0.352,18.9,55.8,0.635,90.0,descent,labview_demo_csv
ARO-01,2531,B_quadratic,surveillance,descent,1.821,0.351,18.8,55.6,0.632,90.0,descent,labview_demo_csv
ARO-01,2532,B_quadratic,surveillance,pause,1.728,0.000,18.7,55.7,0.000,90.0,pause,labview_demo_csv
ARO-01,2533,B_quadratic,surveillance,pause,1.768,0.000,18.7,55.9,0.000,90.0,pause,labview_demo_csv
ARO-01,2534,B_quadratic,surveillance,pause,1.735,0.004,18.6,56.2,0.007,90.0,pause,labview_demo_csv
ARO-01,2535,B_quadratic,surveillance,pause,1.767,0.004,18.6,55.9,0.007,90.0,pause,labview_demo_csv
ARO-01,2536,B_quadratic,surveillance,pause,1.743,0.000,18.6,55.7,0.000,90.0,pause,labview_demo_csv
ARO-01,2537,B_quadratic,surveillance,pause,1.742,0.005,18.6,55.8,0.008,90.0,pause,labview_demo_csv
ARO-01,2538,B_quadratic,surveillance,pause,1.735,0.000,18.5,55.9,0.000,90.0,pause,labview_demo_csv
ARO-01,2539,B_quadratic,surveillance,pause,1.723,0.000,18.4,56.1,0.000,90.0,pause,labview_demo_csv
ARO-01,2540,B_quadratic,surveillance,pause,1.723,0.003,18.3,56.1,0.006,90.0,pause,labview_demo_csv
ARO-01,2541,B_quadratic,surveillance,pause,1.737,0.000,18.4,55.9,0.000,90.0,pause,labview_demo_csv
ARO-01,2542,B_quadratic,surveillance,pause,1.733,0.009,18.4,55.8,0.016,90.0,pause,labview_demo_csv
ARO-01,2543,B_quadratic,surveillance,pause,1.717,0.001,18.3,55.5,0.001,90.0,pause,labview_demo_csv
ARO-01,2544,B_quadratic,surveillance,pause,1.738,0.000,18.2,55.6,0.000,90.0,pause,labview_demo_csv
ARO-01,2545,B_quadratic,surveillance,pause,1.774,0.010,18.1,55.5,0.018,90.0,pause,labview_demo_csv
ARO-01,2546,B_quadratic,surveillance,pause,1.795,0.000,18.1,55.4,0.000,90.0,pause,labview_demo_csv
ARO-01,2547,B_quadratic,surveillance,pause,1.769,0.001,18.0,55.5,0.001,90.0,pause,labview_demo_csv
ARO-01,2548,B_quadratic,surveillance,pause,1.793,0.000,17.9,55.6,0.000,90.0,pause,labview_demo_csv
ARO-01,2549,B_quadratic,surveillance,pause,1.832,0.000,17.9,55.2,0.000,90.0,pause,labview_demo_csv
ARO-01,2550,B_quadratic,surveillance,pause,1.831,0.018,17.9,55.1,0.032,90.0,pause,labview_demo_csv
ARO-01,2551,B_quadratic,surveillance,pause,1.832,0.000,17.9,55.1,0.000,90.0,pause,labview_demo_csv
ARO-01,2552,B_quadratic,surveillance,ascent,1.844,0.897,18.0,55.4,1.618,90.0,ascent,labview_demo_csv
ARO-01,2553,B_quadratic,surveillance,ascent,1.854,0.900,18.1,55.3,1.624,90.0,ascent,labview_demo_csv
ARO-01,2554,B_quadratic,surveillance,ascent,1.836,0.896,18.2,55.5,1.617,90.0,ascent,labview_demo_csv
ARO-01,2555,B_quadratic,surveillance,ascent,1.870,0.907,18.3,55.5,1.637,90.0,ascent,labview_demo_csv
ARO-01,2556,B_quadratic,surveillance,ascent,1.850,0.898,18.4,55.3,1.620,90.0,ascent,labview_demo_csv
ARO-01,2557,B_quadratic,surveillance,ascent,1.889,0.902,18.5,55.2,1.628,90.0,ascent,labview_demo_csv
ARO-01,2558,B_quadratic,surveillance,ascent,1.928,0.896,18.4,55.3,1.616,90.0,ascent,labview_demo_csv
ARO-01,2559,B_quadratic,surveillance,ascent,1.884,0.905,18.6,55.2,1.633,90.0,ascent,labview_demo_csv
ARO-01,2560,B_quadratic,surveillance,ascent,1.856,0.903,18.7,55.1,1.629,90.0,ascent,labview_demo_csv
ARO-01,2561,B_quadratic,surveillance,ascent,1.869,0.903,18.7,55.4,1.629,90.0,ascent,labview_demo_csv
ARO-01,2562,B_quadratic,surveillance,ascent,1.849,0.913,18.7,55.3,1.647,90.0,ascent,labview_demo_csv
ARO-01,2563,B_quadratic,surveillance,ascent,1.863,0.904,18.7,55.5,1.630,90.0,ascent,labview_demo_csv
ARO-01,2564,B_quadratic,surveillance,descent,1.810,0.349,18.7,55.7,0.630,90.0,descent,labview_demo_csv
ARO-01,2565,B_quadratic,surveillance,descent,1.841,0.352,18.7,55.9,0.634,90.0,descent,labview_demo_csv
ARO-01,2566,B_quadratic,surveillance,descent,1.837,0.345,18.6,55.8,0.623,90.0,descent,labview_demo_csv
ARO-01,2567,B_quadratic,surveillance,descent,1.785,0.337,18.5,55.7,0.608,90.0,descent,labview_demo_csv
ARO-01,2568,B_quadratic,surveillance,descent,1.796,0.337,18.5,55.9,0.608,90.0,descent,labview_demo_csv
ARO-01,2569,B_quadratic,surveillance,descent,1.822,0.341,18.5,56.1,0.616,90.0,descent,labview_demo_csv
ARO-01,2570,B_quadratic,surveillance,descent,1.837,0.357,18.5,56.3,0.645,90.0,descent,labview_demo_csv
ARO-01,2571,B_quadratic,surveillance,descent,1.781,0.349,18.4,56.3,0.630,90.0,descent,labview_demo_csv
ARO-01,2572,B_quadratic,surveillance,descent,1.764,0.341,18.5,56.4,0.615,90.0,descent,labview_demo_csv
ARO-01,2573,B_quadratic,surveillance,descent,1.759,0.342,18.4,56.6,0.617,90.0,descent,labview_demo_csv
ARO-01,2574,B_quadratic,surveillance,descent,1.763,0.332,18.5,56.3,0.598,90.0,descent,labview_demo_csv
ARO-01,2575,B_quadratic,surveillance,descent,1.741,0.358,18.3,56.3,0.646,90.0,descent,labview_demo_csv
ARO-01,2576,B_quadratic,surveillance,pause,1.743,0.000,18.3,56.5,0.000,90.0,pause,labview_demo_csv
ARO-01,2577,B_quadratic,surveillance,pause,1.744,0.016,18.2,56.3,0.028,90.0,pause,labview_demo_csv
ARO-01,2578,B_quadratic,surveillance,pause,1.759,0.000,18.1,56.4,0.000,90.0,pause,labview_demo_csv
ARO-01,2579,B_quadratic,surveillance,pause,1.738,0.011,18.0,56.6,0.019,90.0,pause,labview_demo_csv
ARO-01,2580,B_quadratic,surveillance,pause,1.786,0.011,18.0,56.3,0.020,90.0,pause,labview_demo_csv
ARO-01,2581,B_quadratic,surveillance,pause,1.722,0.000,18.0,56.4,0.000,90.0,pause,labview_demo_csv
ARO-01,2582,B_quadratic,surveillance,pause,1.796,0.003,17.9,56.5,0.006,90.0,pause,labview_demo_csv
ARO-01,2583,B_quadratic,surveillance,pause,1.782,0.000,17.8,56.7,0.000,90.0,pause,labview_demo_csv
ARO-01,2584,B_quadratic,surveillance,pause,1.759,0.000,17.8,56.8,0.000,90.0,pause,labview_demo_csv
ARO-01,2585,B_quadratic,surveillance,pause,1.790,0.002,17.8,56.9,0.004,90.0,pause,labview_demo_csv
ARO-01,2586,B_quadratic,surveillance,pause,1.811,0.003,17.7,56.8,0.005,90.0,pause,labview_demo_csv
ARO-01,2587,B_quadratic,surveillance,pause,1.808,0.015,17.6,56.7,0.028,90.0,pause,labview_demo_csv
ARO-01,2588,B_quadratic,surveillance,pause,1.754,0.000,17.7,56.8,0.000,90.0,pause,labview_demo_csv
ARO-01,2589,B_quadratic,surveillance,pause,1.754,0.001,17.6,57.0,0.002,90.0,pause,labview_demo_csv
ARO-01,2590,B_quadratic,surveillance,pause,1.789,0.002,17.6,57.2,0.004,90.0,pause,labview_demo_csv
ARO-01,2591,B_quadratic,surveillance,pause,1.789,0.014,17.5,57.4,0.026,90.0,pause,labview_demo_csv
ARO-01,2592,B_quadratic,surveillance,pause,1.818,0.000,17.4,57.5,0.000,90.0,pause,labview_demo_csv
ARO-01,2593,B_quadratic,surveillance,pause,1.805,0.000,17.5,57.5,0.000,90.0,pause,labview_demo_csv
ARO-01,2594,B_quadratic,surveillance,pause,1.787,0.000,17.4,57.4,0.001,90.0,pause,labview_demo_csv
ARO-01,2595,B_quadratic,surveillance,pause,1.834,0.006,17.5,57.4,0.011,90.0,pause,labview_demo_csv
ARO-01,2596,B_quadratic,surveillance,ascent,1.829,1.346,17.6,56.9,2.428,195.0,ascent,labview_demo_csv
ARO-01,2597,B_quadratic,surveillance,ascent,1.863,1.341,17.8,56.5,2.420,195.0,ascent,labview_demo_csv
ARO-01,2598,B_quadratic,surveillance,ascent,1.842,1.349,17.9,56.4,2.433,195.0,ascent,labview_demo_csv
ARO-01,2599,B_quadratic,surveillance,ascent,1.850,1.347,18.0,56.1,2.430,195.0,ascent,labview_demo_csv
ARO-01,2600,B_quadratic,surveillance,ascent,1.854,1.350,18.0,55.9,2.435,195.0,ascent,labview_demo_csv
ARO-01,2601,B_quadratic,surveillance,ascent,1.816,1.354,18.2,55.7,2.443,195.0,ascent,labview_demo_csv
ARO-01,2602,B_quadratic,surveillance,ascent,1.843,1.347,18.2,55.7,2.430,195.0,ascent,labview_demo_csv
ARO-01,2603,B_quadratic,surveillance,ascent,1.861,1.357,18.3,55.8,2.448,195.0,ascent,labview_demo_csv
ARO-01,2604,B_quadratic,surveillance,ascent,1.896,1.348,18.4,55.9,2.433,195.0,ascent,labview_demo_csv
ARO-01,2605,B_quadratic,surveillance,ascent,1.835,1.344,18.3,56.3,2.426,195.0,ascent,labview_demo_csv
ARO-01,2606,B_quadratic,surveillance,ascent,1.797,1.344,18.4,55.9,2.426,195.0,ascent,labview_demo_csv
ARO-01,2607,B_quadratic,surveillance,ascent,1.872,1.338,18.6,56.0,2.413,195.0,ascent,labview_demo_csv
ARO-01,2608,B_quadratic,surveillance,descent,1.867,0.342,18.5,56.1,0.617,195.0,descent,labview_demo_csv
ARO-01,2609,B_quadratic,surveillance,descent,1.882,0.357,18.5,56.3,0.643,195.0,descent,labview_demo_csv
ARO-01,2610,B_quadratic,surveillance,descent,1.909,0.355,18.5,56.3,0.640,195.0,descent,labview_demo_csv
ARO-01,2611,B_quadratic,surveillance,descent,1.868,0.338,18.3,56.3,0.610,195.0,descent,labview_demo_csv
ARO-01,2612,B_quadratic,surveillance,descent,1.821,0.350,18.2,56.3,0.632,195.0,descent,labview_demo_csv
ARO-01,2613,B_quadratic,surveillance,descent,1.771,0.349,18.2,56.4,0.630,195.0,descent,labview_demo_csv
ARO-01,2614,B_quadratic,surveillance,descent,1.782,0.338,18.2,56.5,0.609,195.0,descent,labview_demo_csv
ARO-01,2615,B_quadratic,surveillance,descent,1.794,0.342,18.0,56.6,0.617,195.0,descent,labview_demo_csv
ARO-01,2616,B_quadratic,surveillance,descent,1.827,0.351,17.9,56.6,0.633,195.0,descent,labview_demo_csv
ARO-01,2617,B_quadratic,surveillance,descent,1.746,0.349,17.9,56.5,0.630,195.0,descent,labview_demo_csv
ARO-01,2618,B_quadratic,surveillance,descent,1.788,0.353,18.0,56.6,0.638,195.0,descent,labview_demo_csv
ARO-01,2619,B_quadratic,surveillance,descent,1.787,0.354,18.0,56.5,0.638,195.0,descent,labview_demo_csv
ARO-01,2620,B_quadratic,surveillance,pause,1.748,0.007,17.8,56.4,0.012,195.0,pause,labview_demo_csv
ARO-01,2621,B_quadratic,surveillance,pause,1.804,0.010,17.8,56.5,0.018,195.0,pause,labview_demo_csv
ARO-01,2622,B_quadratic,surveillance,pause,1.817,0.018,17.7,56.2,0.033,195.0,pause,labview_demo_csv
ARO-01,2623,B_quadratic,surveillance,pause,1.778,0.000,17.7,56.1,0.000,195.0,pause,labview_demo_csv
ARO-01,2624,B_quadratic,surveillance,pause,1.771,0.003,17.6,55.9,0.006,195.0,pause,labview_demo_csv
ARO-01,2625,B_quadratic,surveillance,pause,1.744,0.007,17.5,55.9,0.013,195.0,pause,labview_demo_csv
ARO-01,2626,B_quadratic,surveillance,pause,1.774,0.002,17.4,55.4,0.003,195.0,pause,labview_demo_csv
ARO-01,2627,B_quadratic,surveillance,pause,1.746,0.004,17.4,55.3,0.007,195.0,pause,labview_demo_csv
ARO-01,2628,B_quadratic,surveillance,pause,1.771,0.000,17.2,55.6,0.000,195.0,pause,labview_demo_csv
ARO-01,2629,B_quadratic,surveillance,pause,1.761,0.012,17.2,55.8,0.021,195.0,pause,labview_demo_csv
ARO-01,2630,B_quadratic,surveillance,pause,1.767,0.000,17.1,55.8,0.000,195.0,pause,labview_demo_csv
ARO-01,2631,B_quadratic,surveillance,pause,1.785,0.010,17.1,55.8,0.018,195.0,pause,labview_demo_csv
ARO-01,2632,B_quadratic,surveillance,pause,1.778,0.005,17.1,56.3,0.009,195.0,pause,labview_demo_csv
ARO-01,2633,B_quadratic,surveillance,pause,1.803,0.000,17.0,56.6,0.000,195.0,pause,labview_demo_csv
ARO-01,2634,B_quadratic,surveillance,pause,1.778,0.009,17.0,56.6,0.016,195.0,pause,labview_demo_csv
ARO-01,2635,B_quadratic,surveillance,pause,1.793,0.000,17.0,56.7,0.000,195.0,pause,labview_demo_csv
ARO-01,2636,B_quadratic,surveillance,pause,1.803,0.000,16.9,56.7,0.000,195.0,pause,labview_demo_csv
ARO-01,2637,B_quadratic,surveillance,pause,1.841,0.000,16.9,56.6,0.000,195.0,pause,labview_demo_csv
ARO-01,2638,B_quadratic,surveillance,pause,1.816,0.012,16.8,56.4,0.022,195.0,pause,labview_demo_csv
ARO-01,2639,B_quadratic,surveillance,pause,1.836,0.000,16.9,56.6,0.000,195.0,pause,labview_demo_csv
ARO-01,2640,B_quadratic,surveillance,ascent,1.826,1.358,17.1,56.7,2.450,195.0,ascent,labview_demo_csv
ARO-01,2641,B_quadratic,surveillance,ascent,1.849,1.351,17.3,56.6,2.438,195.0,ascent,labview_demo_csv
ARO-01,2642,B_quadratic,surveillance,ascent,1.829,1.351,17.4,56.6,2.438,195.0,ascent,labview_demo_csv
ARO-01,2643,B_quadratic,surveillance,ascent,1.841,1.349,17.4,56.7,2.434,195.0,ascent,labview_demo_csv
ARO-01,2644,B_quadratic,surveillance,ascent,1.841,1.347,17.6,56.5,2.430,195.0,ascent,labview_demo_csv
ARO-01,2645,B_quadratic,surveillance,ascent,1.888,1.358,17.7,56.6,2.450,195.0,ascent,labview_demo_csv
ARO-01,2646,B_quadratic,surveillance,ascent,1.856,1.345,17.8,56.7,2.426,195.0,ascent,labview_demo_csv
ARO-01,2647,B_quadratic,surveillance,ascent,1.890,1.338,17.9,56.7,2.414,195.0,ascent,labview_demo_csv
ARO-01,2648,B_quadratic,surveillance,ascent,1.850,1.358,18.1,57.0,2.449,195.0,ascent,labview_demo_csv
ARO-01,2649,B_quadratic,surveillance,ascent,1.835,1.357,18.1,57.0,2.448,195.0,ascent,labview_demo_csv
ARO-01,2650,B_quadratic,surveillance,ascent,1.832,1.337,18.2,56.9,2.413,195.0,ascent,labview_demo_csv
ARO-01,2651,B_quadratic,surveillance,ascent,1.914,1.336,18.3,56.8,2.411,195.0,ascent,labview_demo_csv
ARO-01,2652,B_quadratic,surveillance,descent,1.877,0.347,18.2,56.8,0.626,195.0,descent,labview_demo_csv
ARO-01,2653,B_quadratic,surveillance,descent,1.825,0.364,18.1,56.8,0.657,195.0,descent,labview_demo_csv
ARO-01,2654,B_quadratic,surveillance,descent,1.891,0.348,18.0,56.7,0.629,195.0,descent,labview_demo_csv
ARO-01,2655,B_quadratic,surveillance,descent,1.843,0.362,18.0,56.8,0.653,195.0,descent,labview_demo_csv
ARO-01,2656,B_quadratic,surveillance,descent,1.833,0.348,17.9,56.6,0.628,195.0,descent,labview_demo_csv
ARO-01,2657,B_quadratic,surveillance,descent,1.809,0.344,17.9,56.9,0.620,195.0,descent,labview_demo_csv
ARO-01,2658,B_quadratic,surveillance,descent,1.793,0.344,17.9,57.0,0.621,195.0,descent,labview_demo_csv
ARO-01,2659,B_quadratic,surveillance,descent,1.784,0.341,17.8,57.0,0.615,195.0,descent,labview_demo_csv
ARO-01,2660,B_quadratic,surveillance,descent,1.794,0.352,17.8,56.9,0.635,195.0,descent,labview_demo_csv
ARO-01,2661,B_quadratic,surveillance,descent,1.810,0.339,17.7,57.2,0.611,195.0,descent,labview_demo_csv
ARO-01,2662,B_quadratic,surveillance,descent,1.839,0.347,17.6,57.0,0.627,195.0,descent,labview_demo_csv
ARO-01,2663,B_quadratic,surveillance,descent,1.815,0.344,17.7,56.8,0.621,195.0,descent,labview_demo_csv
ARO-01,2664,B_quadratic,surveillance,pause,1.842,0.011,17.6,56.7,0.019,195.0,pause,labview_demo_csv
ARO-01,2665,B_quadratic,surveillance,pause,1.772,0.011,17.5,56.9,0.020,195.0,pause,labview_demo_csv
ARO-01,2666,B_quadratic,surveillance,pause,1.771,0.005,17.4,56.9,0.008,195.0,pause,labview_demo_csv
ARO-01,2667,B_quadratic,surveillance,pause,1.777,0.000,17.4,57.0,0.000,195.0,pause,labview_demo_csv
ARO-01,2668,B_quadratic,surveillance,pause,1.733,0.000,17.3,56.8,0.000,195.0,pause,labview_demo_csv
ARO-01,2669,B_quadratic,surveillance,pause,1.749,0.006,17.2,56.8,0.011,195.0,pause,labview_demo_csv
ARO-01,2670,B_quadratic,surveillance,pause,1.768,0.000,17.3,57.1,0.000,195.0,pause,labview_demo_csv
ARO-01,2671,B_quadratic,surveillance,pause,1.790,0.014,17.2,57.2,0.026,195.0,pause,labview_demo_csv
ARO-01,2672,B_quadratic,surveillance,pause,1.795,0.000,17.2,57.3,0.000,195.0,pause,labview_demo_csv
ARO-01,2673,B_quadratic,surveillance,pause,1.768,0.011,17.1,57.4,0.019,195.0,pause,labview_demo_csv
ARO-01,2674,B_quadratic,surveillance,pause,1.762,0.006,17.0,57.0,0.011,195.0,pause,labview_demo_csv
ARO-01,2675,B_quadratic,surveillance,pause,1.742,0.008,16.9,57.0,0.015,195.0,pause,labview_demo_csv
ARO-01,2676,B_quadratic,surveillance,pause,1.797,0.000,16.9,57.2,0.000,195.0,pause,labview_demo_csv
ARO-01,2677,B_quadratic,surveillance,pause,1.816,0.000,16.9,57.4,0.000,195.0,pause,labview_demo_csv
ARO-01,2678,B_quadratic,surveillance,pause,1.795,0.006,16.8,57.5,0.010,195.0,pause,labview_demo_csv
ARO-01,2679,B_quadratic,surveillance,pause,1.826,0.000,16.8,57.3,0.000,195.0,pause,labview_demo_csv
ARO-01,2680,B_quadratic,surveillance,pause,1.778,0.006,16.9,57.7,0.010,195.0,pause,labview_demo_csv
ARO-01,2681,B_quadratic,surveillance,pause,1.815,0.000,16.7,57.5,0.000,195.0,pause,labview_demo_csv
ARO-01,2682,B_quadratic,surveillance,pause,1.848,0.000,16.6,57.4,0.000,195.0,pause,labview_demo_csv
ARO-01,2683,B_quadratic,surveillance,pause,1.901,0.000,16.5,57.3,0.000,195.0,pause,labview_demo_csv
ARO-01,2684,B_quadratic,surveillance,ascent,1.881,1.222,16.7,57.4,2.204,165.0,ascent,labview_demo_csv
ARO-01,2685,B_quadratic,surveillance,ascent,1.918,1.222,16.8,57.3,2.204,165.0,ascent,labview_demo_csv
ARO-01,2686,B_quadratic,surveillance,ascent,1.867,1.214,16.9,57.4,2.191,165.0,ascent,labview_demo_csv
ARO-01,2687,B_quadratic,surveillance,ascent,1.817,1.214,17.0,57.4,2.190,165.0,ascent,labview_demo_csv
ARO-01,2688,B_quadratic,surveillance,ascent,1.919,1.213,17.1,57.5,2.188,165.0,ascent,labview_demo_csv
ARO-01,2689,B_quadratic,surveillance,ascent,1.928,1.215,17.3,57.6,2.191,165.0,ascent,labview_demo_csv
ARO-01,2690,B_quadratic,surveillance,ascent,1.909,1.228,17.4,57.3,2.215,165.0,ascent,labview_demo_csv
ARO-01,2691,B_quadratic,surveillance,ascent,1.855,1.216,17.4,57.0,2.193,165.0,ascent,labview_demo_csv
ARO-01,2692,B_quadratic,surveillance,ascent,1.884,1.218,17.5,56.7,2.197,165.0,ascent,labview_demo_csv
ARO-01,2693,B_quadratic,surveillance,ascent,1.882,1.216,17.7,56.8,2.193,165.0,ascent,labview_demo_csv
ARO-01,2694,B_quadratic,surveillance,ascent,1.942,1.225,17.8,56.8,2.210,165.0,ascent,labview_demo_csv
ARO-01,2695,B_quadratic,surveillance,ascent,1.883,1.218,17.8,56.6,2.197,165.0,ascent,labview_demo_csv
ARO-01,2696,B_quadratic,surveillance,descent,1.883,0.352,17.7,56.9,0.636,165.0,descent,labview_demo_csv
ARO-01,2697,B_quadratic,surveillance,descent,1.831,0.347,17.7,56.9,0.626,165.0,descent,labview_demo_csv
ARO-01,2698,B_quadratic,surveillance,descent,1.889,0.357,17.6,56.9,0.644,165.0,descent,labview_demo_csv
ARO-01,2699,B_quadratic,surveillance,descent,1.877,0.361,17.6,57.1,0.652,165.0,descent,labview_demo_csv
ARO-01,2700,B_quadratic,surveillance,descent,1.861,0.343,17.6,57.1,0.619,165.0,descent,labview_demo_csv
ARO-01,2701,B_quadratic,surveillance,descent,1.855,0.353,17.6,57.4,0.637,165.0,descent,labview_demo_csv
ARO-01,2702,B_quadratic,surveillance,descent,1.843,0.339,17.6,57.6,0.611,165.0,descent,labview_demo_csv
ARO-01,2703,B_quadratic,surveillance,descent,1.815,0.350,17.5,57.7,0.632,165.0,descent,labview_demo_csv
ARO-01,2704,B_quadratic,surveillance,descent,1.801,0.343,17.5,57.9,0.619,165.0,descent,labview_demo_csv
ARO-01,2705,B_quadratic,surveillance,descent,1.822,0.344,17.5,58.3,0.621,165.0,descent,labview_demo_csv
ARO-01,2706,B_quadratic,surveillance,descent,1.809,0.345,17.5,58.2,0.622,165.0,descent,labview_demo_csv
ARO-01,2707,B_quadratic,surveillance,descent,1.806,0.347,17.4,57.8,0.626,165.0,descent,labview_demo_csv
ARO-01,2708,B_quadratic,surveillance,pause,1.761,0.000,17.2,58.1,0.000,165.0,pause,labview_demo_csv
ARO-01,2709,B_quadratic,surveillance,pause,1.774,0.002,17.2,58.0,0.003,165.0,pause,labview_demo_csv
ARO-01,2710,B_quadratic,surveillance,pause,1.795,0.001,17.1,58.0,0.001,165.0,pause,labview_demo_csv
ARO-01,2711,B_quadratic,surveillance,pause,1.751,0.000,17.1,58.1,0.000,165.0,pause,labview_demo_csv
ARO-01,2712,B_quadratic,surveillance,pause,1.765,0.000,17.0,58.2,0.000,165.0,pause,labview_demo_csv
ARO-01,2713,B_quadratic,surveillance,pause,1.775,0.000,17.0,58.3,0.000,165.0,pause,labview_demo_csv
ARO-01,2714,B_quadratic,surveillance,pause,1.737,0.000,16.9,58.7,0.000,165.0,pause,labview_demo_csv
ARO-01,2715,B_quadratic,surveillance,pause,1.789,0.003,16.9,58.7,0.006,165.0,pause,labview_demo_csv
ARO-01,2716,B_quadratic,surveillance,pause,1.745,0.002,16.8,58.4,0.004,165.0,pause,labview_demo_csv
ARO-01,2717,B_quadratic,surveillance,pause,1.798,0.000,16.8,58.5,0.000,165.0,pause,labview_demo_csv
ARO-01,2718,B_quadratic,surveillance,pause,1.774,0.000,16.8,58.5,0.000,165.0,pause,labview_demo_csv
ARO-01,2719,B_quadratic,surveillance,pause,1.757,0.000,16.8,58.5,0.000,165.0,pause,labview_demo_csv
ARO-01,2720,B_quadratic,surveillance,pause,1.775,0.000,16.8,58.1,0.000,165.0,pause,labview_demo_csv
ARO-01,2721,B_quadratic,surveillance,pause,1.795,0.000,16.8,57.8,0.000,165.0,pause,labview_demo_csv
ARO-01,2722,B_quadratic,surveillance,pause,1.801,0.004,16.8,58.0,0.007,165.0,pause,labview_demo_csv
ARO-01,2723,B_quadratic,surveillance,pause,1.757,0.001,16.7,58.1,0.002,165.0,pause,labview_demo_csv
ARO-01,2724,B_quadratic,surveillance,pause,1.807,0.011,16.7,58.3,0.020,165.0,pause,labview_demo_csv
ARO-01,2725,B_quadratic,surveillance,pause,1.793,0.000,16.6,58.4,0.000,165.0,pause,labview_demo_csv
ARO-01,2726,B_quadratic,surveillance,pause,1.852,0.015,16.5,58.4,0.027,165.0,pause,labview_demo_csv
ARO-01,2727,B_quadratic,surveillance,pause,1.831,0.000,16.4,58.5,0.000,165.0,pause,labview_demo_csv
ARO-01,2728,B_quadratic,surveillance,ascent,1.848,1.225,16.6,58.5,2.210,165.0,ascent,labview_demo_csv
ARO-01,2729,B_quadratic,surveillance,ascent,1.877,1.217,16.7,58.5,2.197,165.0,ascent,labview_demo_csv
ARO-01,2730,B_quadratic,surveillance,ascent,1.897,1.234,16.8,58.3,2.226,165.0,ascent,labview_demo_csv
ARO-01,2731,B_quadratic,surveillance,ascent,1.905,1.229,16.9,58.3,2.217,165.0,ascent,labview_demo_csv
ARO-01,2732,B_quadratic,surveillance,ascent,1.881,1.209,17.0,58.3,2.181,165.0,ascent,labview_demo_csv
ARO-01,2733,B_quadratic,surveillance,ascent,1.840,1.212,17.2,58.0,2.187,165.0,ascent,labview_demo_csv
ARO-01,2734,B_quadratic,surveillance,ascent,1.852,1.229,17.3,58.0,2.217,165.0,ascent,labview_demo_csv
ARO-01,2735,B_quadratic,surveillance,ascent,1.895,1.235,17.3,57.6,2.228,165.0,ascent,labview_demo_csv
ARO-01,2736,B_quadratic,surveillance,ascent,1.906,1.232,17.4,57.4,2.223,165.0,ascent,labview_demo_csv
ARO-01,2737,B_quadratic,surveillance,ascent,1.867,1.221,17.4,57.4,2.202,165.0,ascent,labview_demo_csv
ARO-01,2738,B_quadratic,surveillance,ascent,1.838,1.225,17.5,57.3,2.210,165.0,ascent,labview_demo_csv
ARO-01,2739,B_quadratic,surveillance,ascent,1.841,1.242,17.6,57.1,2.240,165.0,ascent,labview_demo_csv
ARO-01,2740,B_quadratic,surveillance,descent,1.874,0.360,17.4,57.1,0.650,165.0,descent,labview_demo_csv
ARO-01,2741,B_quadratic,surveillance,descent,1.861,0.349,17.3,57.1,0.630,165.0,descent,labview_demo_csv
ARO-01,2742,B_quadratic,surveillance,descent,1.854,0.356,17.2,57.1,0.642,165.0,descent,labview_demo_csv
ARO-01,2743,B_quadratic,surveillance,descent,1.856,0.348,17.2,57.2,0.627,165.0,descent,labview_demo_csv
ARO-01,2744,B_quadratic,surveillance,descent,1.851,0.350,17.1,57.6,0.631,165.0,descent,labview_demo_csv
ARO-01,2745,B_quadratic,surveillance,descent,1.822,0.347,17.0,57.7,0.625,165.0,descent,labview_demo_csv
ARO-01,2746,B_quadratic,surveillance,descent,1.823,0.348,17.0,58.1,0.627,165.0,descent,labview_demo_csv
ARO-01,2747,B_quadratic,surveillance,descent,1.861,0.352,16.9,57.8,0.635,165.0,descent,labview_demo_csv
ARO-01,2748,B_quadratic,surveillance,descent,1.822,0.342,16.9,57.7,0.618,165.0,descent,labview_demo_csv
ARO-01,2749,B_quadratic,surveillance,descent,1.813,0.340,16.8,57.9,0.614,165.0,descent,labview_demo_csv
ARO-01,2750,B_quadratic,surveillance,descent,1.786,0.352,16.8,57.8,0.635,165.0,descent,labview_demo_csv
ARO-01,2751,B_quadratic,surveillance,descent,1.789,0.345,16.8,57.9,0.623,165.0,descent,labview_demo_csv
ARO-01,2752,B_quadratic,surveillance,pause,1.757,0.000,16.8,58.1,0.000,165.0,pause,labview_demo_csv
ARO-01,2753,B_quadratic,surveillance,pause,1.780,0.003,16.7,57.9,0.006,165.0,pause,labview_demo_csv
ARO-01,2754,B_quadratic,surveillance,pause,1.818,0.000,16.6,58.0,0.000,165.0,pause,labview_demo_csv
ARO-01,2755,B_quadratic,surveillance,pause,1.802,0.006,16.5,57.9,0.010,165.0,pause,labview_demo_csv
ARO-01,2756,B_quadratic,surveillance,pause,1.794,0.000,16.5,57.8,0.000,165.0,pause,labview_demo_csv
ARO-01,2757,B_quadratic,surveillance,pause,1.689,0.000,16.4,58.1,0.000,165.0,pause,labview_demo_csv
ARO-01,2758,B_quadratic,surveillance,pause,1.814,0.000,16.4,58.3,0.000,165.0,pause,labview_demo_csv
ARO-01,2759,B_quadratic,surveillance,pause,1.784,0.001,16.3,58.7,0.002,165.0,pause,labview_demo_csv
ARO-01,2760,B_quadratic,surveillance,pause,1.697,0.002,16.4,58.6,0.004,165.0,pause,labview_demo_csv
ARO-01,2761,B_quadratic,surveillance,pause,1.792,0.000,16.4,58.6,0.000,165.0,pause,labview_demo_csv
ARO-01,2762,B_quadratic,surveillance,pause,1.745,0.001,16.3,58.3,0.002,165.0,pause,labview_demo_csv
ARO-01,2763,B_quadratic,surveillance,pause,1.760,0.000,16.2,58.4,0.000,165.0,pause,labview_demo_csv
ARO-01,2764,B_quadratic,surveillance,pause,1.822,0.001,16.2,58.3,0.002,165.0,pause,labview_demo_csv
ARO-01,2765,B_quadratic,surveillance,pause,1.795,0.004,16.2,58.2,0.007,165.0,pause,labview_demo_csv
ARO-01,2766,B_quadratic,surveillance,pause,1.811,0.014,16.2,58.0,0.026,165.0,pause,labview_demo_csv
ARO-01,2767,B_quadratic,surveillance,pause,1.807,0.000,16.1,58.0,0.000,165.0,pause,labview_demo_csv
ARO-01,2768,B_quadratic,surveillance,pause,1.835,0.000,16.1,58.1,0.000,165.0,pause,labview_demo_csv
ARO-01,2769,B_quadratic,surveillance,pause,1.815,0.000,16.2,58.2,0.000,165.0,pause,labview_demo_csv
ARO-01,2770,B_quadratic,surveillance,pause,1.847,0.000,16.1,58.2,0.000,165.0,pause,labview_demo_csv
ARO-01,2771,B_quadratic,surveillance,pause,1.822,0.000,16.1,58.3,0.000,165.0,pause,labview_demo_csv
ARO-01,2772,B_quadratic,surveillance,ascent,1.831,1.661,16.3,58.3,2.997,270.0,ascent,labview_demo_csv
ARO-01,2773,B_quadratic,surveillance,ascent,1.926,1.678,16.4,58.3,3.027,270.0,ascent,labview_demo_csv
ARO-01,2774,B_quadratic,surveillance,ascent,1.906,1.673,16.5,58.1,3.018,270.0,ascent,labview_demo_csv
ARO-01,2775,B_quadratic,surveillance,ascent,1.888,1.674,16.8,58.0,3.020,270.0,ascent,labview_demo_csv
ARO-01,2776,B_quadratic,surveillance,ascent,1.896,1.661,16.9,58.0,2.997,270.0,ascent,labview_demo_csv
ARO-01,2777,B_quadratic,surveillance,ascent,1.917,1.676,16.9,57.7,3.024,270.0,ascent,labview_demo_csv
ARO-01,2778,B_quadratic,surveillance,ascent,1.842,1.680,17.1,57.6,3.032,270.0,ascent,labview_demo_csv
ARO-01,2779,B_quadratic,surveillance,ascent,1.882,1.672,17.2,57.3,3.016,270.0,ascent,labview_demo_csv
ARO-01,2780,B_quadratic,surveillance,ascent,1.912,1.665,17.3,57.3,3.004,270.0,ascent,labview_demo_csv
ARO-01,2781,B_quadratic,surveillance,ascent,1.822,1.676,17.4,57.1,3.025,270.0,ascent,labview_demo_csv
ARO-01,2782,B_quadratic,surveillance,ascent,1.851,1.670,17.6,57.1,3.014,270.0,ascent,labview_demo_csv
ARO-01,2783,B_quadratic,surveillance,ascent,1.906,1.659,17.8,57.2,2.994,270.0,ascent,labview_demo_csv
ARO-01,2784,B_quadratic,surveillance,descent,1.841,0.356,17.7,57.4,0.642,270.0,descent,labview_demo_csv
ARO-01,2785,B_quadratic,surveillance,descent,1.858,0.360,17.5,57.6,0.649,270.0,descent,labview_demo_csv
ARO-01,2786,B_quadratic,surveillance,descent,1.902,0.362,17.4,57.5,0.652,270.0,descent,labview_demo_csv
ARO-01,2787,B_quadratic,surveillance,descent,1.819,0.353,17.3,57.8,0.637,270.0,descent,labview_demo_csv
ARO-01,2788,B_quadratic,surveillance,descent,1.871,0.354,17.2,57.9,0.638,270.0,descent,labview_demo_csv
ARO-01,2789,B_quadratic,surveillance,descent,1.884,0.344,17.0,58.0,0.621,270.0,descent,labview_demo_csv
ARO-01,2790,B_quadratic,surveillance,descent,1.792,0.350,16.9,58.3,0.632,270.0,descent,labview_demo_csv
ARO-01,2791,B_quadratic,surveillance,descent,1.856,0.346,16.9,58.5,0.624,270.0,descent,labview_demo_csv
ARO-01,2792,B_quadratic,surveillance,descent,1.825,0.354,16.8,58.5,0.639,270.0,descent,labview_demo_csv
ARO-01,2793,B_quadratic,surveillance,descent,1.790,0.357,16.8,58.4,0.644,270.0,descent,labview_demo_csv
ARO-01,2794,B_quadratic,surveillance,descent,1.772,0.348,16.7,58.7,0.628,270.0,descent,labview_demo_csv
ARO-01,2795,B_quadratic,surveillance,descent,1.785,0.348,16.7,58.6,0.628,270.0,descent,labview_demo_csv
ARO-01,2796,B_quadratic,surveillance,pause,1.759,0.000,16.6,58.8,0.000,270.0,pause,labview_demo_csv
ARO-01,2797,B_quadratic,surveillance,pause,1.759,0.006,16.5,58.9,0.011,270.0,pause,labview_demo_csv
ARO-01,2798,B_quadratic,surveillance,pause,1.807,0.000,16.5,58.7,0.000,270.0,pause,labview_demo_csv
ARO-01,2799,B_quadratic,surveillance,pause,1.787,0.000,16.5,58.7,0.000,270.0,pause,labview_demo_csv
ARO-01,2800,B_quadratic,surveillance,pause,1.761,0.000,16.4,58.8,0.000,270.0,pause,labview_demo_csv
ARO-01,2801,B_quadratic,surveillance,pause,1.759,0.010,16.4,58.6,0.018,270.0,pause,labview_demo_csv
ARO-01,2802,B_quadratic,surveillance,pause,1.779,0.000,16.3,58.6,0.000,270.0,pause,labview_demo_csv
ARO-01,2803,B_quadratic,surveillance,pause,1.795,0.001,16.3,58.9,0.001,270.0,pause,labview_demo_csv
ARO-01,2804,B_quadratic,surveillance,pause,1.767,0.000,16.3,59.1,0.000,270.0,pause,labview_demo_csv
ARO-01,2805,B_quadratic,surveillance,pause,1.767,0.000,16.4,59.2,0.000,270.0,pause,labview_demo_csv
ARO-01,2806,B_quadratic,surveillance,pause,1.746,0.006,16.4,59.0,0.010,270.0,pause,labview_demo_csv
ARO-01,2807,B_quadratic,surveillance,pause,1.799,0.000,16.2,58.7,0.000,270.0,pause,labview_demo_csv
ARO-01,2808,B_quadratic,surveillance,pause,1.800,0.000,16.3,58.7,0.000,270.0,pause,labview_demo_csv
ARO-01,2809,B_quadratic,surveillance,pause,1.806,0.000,16.3,58.6,0.000,270.0,pause,labview_demo_csv
ARO-01,2810,B_quadratic,surveillance,pause,1.813,0.000,16.2,58.5,0.000,270.0,pause,labview_demo_csv
ARO-01,2811,B_quadratic,surveillance,pause,1.803,0.014,16.2,58.9,0.025,270.0,pause,labview_demo_csv
ARO-01,2812,B_quadratic,surveillance,pause,1.902,0.009,16.1,59.1,0.017,270.0,pause,labview_demo_csv
ARO-01,2813,B_quadratic,surveillance,pause,1.797,0.000,16.2,58.9,0.000,270.0,pause,labview_demo_csv
ARO-01,2814,B_quadratic,surveillance,pause,1.868,0.004,16.2,59.1,0.008,270.0,pause,labview_demo_csv
ARO-01,2815,B_quadratic,surveillance,pause,1.827,0.001,16.2,59.3,0.001,270.0,pause,labview_demo_csv
ARO-01,2816,B_quadratic,surveillance,ascent,1.882,1.687,16.5,59.3,3.043,270.0,ascent,labview_demo_csv
ARO-01,2817,B_quadratic,surveillance,ascent,1.885,1.666,16.7,59.3,3.006,270.0,ascent,labview_demo_csv
ARO-01,2818,B_quadratic,surveillance,ascent,1.867,1.669,16.9,59.2,3.011,270.0,ascent,labview_demo_csv
ARO-01,2819,B_quadratic,surveillance,ascent,1.861,1.684,16.9,59.2,3.038,270.0,ascent,labview_demo_csv
ARO-01,2820,B_quadratic,surveillance,ascent,1.870,1.665,17.0,58.5,3.004,270.0,ascent,labview_demo_csv
ARO-01,2821,B_quadratic,surveillance,ascent,1.924,1.674,17.1,58.7,3.020,270.0,ascent,labview_demo_csv
ARO-01,2822,B_quadratic,surveillance,ascent,1.926,1.670,17.2,58.8,3.013,270.0,ascent,labview_demo_csv
ARO-01,2823,B_quadratic,surveillance,ascent,1.934,1.673,17.2,59.0,3.019,270.0,ascent,labview_demo_csv
ARO-01,2824,B_quadratic,surveillance,ascent,1.898,1.664,17.4,59.1,3.002,270.0,ascent,labview_demo_csv
ARO-01,2825,B_quadratic,surveillance,ascent,1.901,1.675,17.5,58.8,3.021,270.0,ascent,labview_demo_csv
ARO-01,2826,B_quadratic,surveillance,ascent,1.896,1.670,17.6,58.5,3.012,270.0,ascent,labview_demo_csv
ARO-01,2827,B_quadratic,surveillance,ascent,1.924,1.687,17.6,58.7,3.043,270.0,ascent,labview_demo_csv
ARO-01,2828,B_quadratic,surveillance,descent,1.871,0.352,17.5,58.8,0.635,270.0,descent,labview_demo_csv
ARO-01,2829,B_quadratic,surveillance,descent,1.905,0.348,17.4,58.6,0.627,270.0,descent,labview_demo_csv
ARO-01,2830,B_quadratic,surveillance,descent,1.817,0.343,17.3,59.0,0.619,270.0,descent,labview_demo_csv
ARO-01,2831,B_quadratic,surveillance,descent,1.885,0.348,17.2,59.1,0.628,270.0,descent,labview_demo_csv
ARO-01,2832,B_quadratic,surveillance,descent,1.896,0.356,17.1,59.3,0.642,270.0,descent,labview_demo_csv
ARO-01,2833,B_quadratic,surveillance,descent,1.859,0.340,16.9,59.4,0.613,270.0,descent,labview_demo_csv
ARO-01,2834,B_quadratic,surveillance,descent,1.866,0.351,16.9,59.3,0.633,270.0,descent,labview_demo_csv
ARO-01,2835,B_quadratic,surveillance,descent,1.853,0.346,16.8,59.0,0.623,270.0,descent,labview_demo_csv
ARO-01,2836,B_quadratic,surveillance,descent,1.850,0.347,16.7,58.9,0.627,270.0,descent,labview_demo_csv
ARO-01,2837,B_quadratic,surveillance,descent,1.822,0.368,16.7,59.0,0.664,270.0,descent,labview_demo_csv
ARO-01,2838,B_quadratic,surveillance,descent,1.800,0.347,16.6,59.1,0.627,270.0,descent,labview_demo_csv
ARO-01,2839,B_quadratic,surveillance,descent,1.789,0.352,16.5,59.0,0.635,270.0,descent,labview_demo_csv
ARO-01,2840,B_quadratic,surveillance,pause,1.794,0.001,16.4,59.1,0.001,270.0,pause,labview_demo_csv
ARO-01,2841,B_quadratic,surveillance,pause,1.778,0.000,16.3,58.9,0.000,270.0,pause,labview_demo_csv
ARO-01,2842,B_quadratic,surveillance,pause,1.797,0.000,16.3,59.1,0.000,270.0,pause,labview_demo_csv
ARO-01,2843,B_quadratic,surveillance,pause,1.723,0.000,16.1,58.9,0.000,270.0,pause,labview_demo_csv
ARO-01,2844,B_quadratic,surveillance,pause,1.768,0.012,15.9,59.3,0.022,270.0,pause,labview_demo_csv
ARO-01,2845,B_quadratic,surveillance,pause,1.763,0.000,16.0,59.3,0.000,270.0,pause,labview_demo_csv
ARO-01,2846,B_quadratic,surveillance,pause,1.786,0.002,15.9,59.5,0.004,270.0,pause,labview_demo_csv
ARO-01,2847,B_quadratic,surveillance,pause,1.792,0.000,15.7,59.6,0.000,270.0,pause,labview_demo_csv
ARO-01,2848,B_quadratic,surveillance,pause,1.819,0.019,15.7,59.3,0.033,270.0,pause,labview_demo_csv
ARO-01,2849,B_quadratic,surveillance,pause,1.764,0.007,15.6,59.3,0.013,270.0,pause,labview_demo_csv
ARO-01,2850,B_quadratic,surveillance,pause,1.804,0.000,15.5,59.3,0.000,270.0,pause,labview_demo_csv
ARO-01,2851,B_quadratic,surveillance,pause,1.783,0.000,15.5,59.2,0.000,270.0,pause,labview_demo_csv
ARO-01,2852,B_quadratic,surveillance,pause,1.753,0.002,15.4,59.0,0.003,270.0,pause,labview_demo_csv
ARO-01,2853,B_quadratic,surveillance,pause,1.808,0.007,15.5,58.8,0.012,270.0,pause,labview_demo_csv
ARO-01,2854,B_quadratic,surveillance,pause,1.846,0.001,15.5,59.1,0.003,270.0,pause,labview_demo_csv
ARO-01,2855,B_quadratic,surveillance,pause,1.900,0.006,15.4,59.4,0.011,270.0,pause,labview_demo_csv
ARO-01,2856,B_quadratic,surveillance,pause,1.833,0.004,15.4,59.3,0.007,270.0,pause,labview_demo_csv
ARO-01,2857,B_quadratic,surveillance,pause,1.802,0.005,15.4,59.3,0.008,270.0,pause,labview_demo_csv
ARO-01,2858,B_quadratic,surveillance,pause,1.855,0.007,15.2,59.1,0.013,270.0,pause,labview_demo_csv
ARO-01,2859,B_quadratic,surveillance,pause,1.851,0.015,15.2,59.4,0.027,270.0,pause,labview_demo_csv
ARO-01,2860,B_quadratic,surveillance,ascent,1.898,1.420,15.4,59.4,2.561,210.0,ascent,labview_demo_csv
ARO-01,2861,B_quadratic,surveillance,ascent,1.900,1.429,15.6,59.4,2.578,210.0,ascent,labview_demo_csv
ARO-01,2862,B_quadratic,surveillance,ascent,1.882,1.406,15.7,59.2,2.537,210.0,ascent,labview_demo_csv
ARO-01,2863,B_quadratic,surveillance,ascent,1.878,1.418,16.0,59.3,2.559,210.0,ascent,labview_demo_csv
ARO-01,2864,B_quadratic,surveillance,ascent,1.868,1.425,16.2,58.9,2.570,210.0,ascent,labview_demo_csv
ARO-01,2865,B_quadratic,surveillance,ascent,1.922,1.425,16.4,59.1,2.571,210.0,ascent,labview_demo_csv
ARO-01,2866,B_quadratic,surveillance,ascent,1.918,1.409,16.5,58.6,2.542,210.0,ascent,labview_demo_csv
ARO-01,2867,B_quadratic,surveillance,ascent,1.887,1.427,16.5,58.8,2.575,210.0,ascent,labview_demo_csv
ARO-01,2868,B_quadratic,surveillance,ascent,1.908,1.421,16.6,58.9,2.563,210.0,ascent,labview_demo_csv
ARO-01,2869,B_quadratic,surveillance,ascent,1.874,1.428,16.7,58.7,2.576,210.0,ascent,labview_demo_csv
ARO-01,2870,B_quadratic,surveillance,ascent,1.886,1.419,16.8,58.3,2.559,210.0,ascent,labview_demo_csv
ARO-01,2871,B_quadratic,surveillance,ascent,1.870,1.431,16.8,58.3,2.582,210.0,ascent,labview_demo_csv
ARO-01,2872,B_quadratic,surveillance,descent,1.914,0.354,16.8,58.5,0.638,210.0,descent,labview_demo_csv
ARO-01,2873,B_quadratic,surveillance,descent,1.886,0.352,16.8,58.8,0.635,210.0,descent,labview_demo_csv
ARO-01,2874,B_quadratic,surveillance,descent,1.906,0.364,16.8,58.8,0.656,210.0,descent,labview_demo_csv
ARO-01,2875,B_quadratic,surveillance,descent,1.891,0.351,16.8,58.8,0.634,210.0,descent,labview_demo_csv
ARO-01,2876,B_quadratic,surveillance,descent,1.844,0.361,16.8,59.0,0.652,210.0,descent,labview_demo_csv
ARO-01,2877,B_quadratic,surveillance,descent,1.855,0.354,16.7,59.1,0.638,210.0,descent,labview_demo_csv
ARO-01,2878,B_quadratic,surveillance,descent,1.811,0.360,16.7,59.2,0.649,210.0,descent,labview_demo_csv
ARO-01,2879,B_quadratic,surveillance,descent,1.850,0.345,16.6,59.0,0.623,210.0,descent,labview_demo_csv
ARO-01,2880,B_quadratic,surveillance,descent,1.886,0.364,16.5,59.1,0.657,210.0,descent,labview_demo_csv
ARO-01,2881,B_quadratic,surveillance,descent,1.825,0.346,16.4,59.6,0.623,210.0,descent,labview_demo_csv
ARO-01,2882,B_quadratic,surveillance,descent,1.793,0.350,16.5,59.6,0.631,210.0,descent,labview_demo_csv
ARO-01,2883,B_quadratic,surveillance,descent,1.823,0.351,16.3,59.6,0.633,210.0,descent,labview_demo_csv
ARO-01,2884,B_quadratic,surveillance,pause,1.802,0.000,16.3,59.7,0.000,210.0,pause,labview_demo_csv
ARO-01,2885,B_quadratic,surveillance,pause,1.833,0.000,16.3,59.9,0.000,210.0,pause,labview_demo_csv
ARO-01,2886,B_quadratic,surveillance,pause,1.805,0.000,16.3,59.9,0.000,210.0,pause,labview_demo_csv
ARO-01,2887,B_quadratic,surveillance,pause,1.833,0.002,16.1,59.7,0.003,210.0,pause,labview_demo_csv
ARO-01,2888,B_quadratic,surveillance,pause,1.786,0.001,16.1,59.7,0.002,210.0,pause,labview_demo_csv
ARO-01,2889,B_quadratic,surveillance,pause,1.784,0.002,16.1,59.6,0.003,210.0,pause,labview_demo_csv
ARO-01,2890,B_quadratic,surveillance,pause,1.791,0.009,16.0,59.9,0.016,210.0,pause,labview_demo_csv
ARO-01,2891,B_quadratic,surveillance,pause,1.799,0.010,16.0,60.2,0.018,210.0,pause,labview_demo_csv
ARO-01,2892,B_quadratic,surveillance,pause,1.829,0.000,16.0,60.1,0.000,210.0,pause,labview_demo_csv
ARO-01,2893,B_quadratic,surveillance,pause,1.825,0.004,16.0,60.4,0.008,210.0,pause,labview_demo_csv
ARO-01,2894,B_quadratic,surveillance,pause,1.779,0.000,16.0,60.3,0.000,210.0,pause,labview_demo_csv
ARO-01,2895,B_quadratic,surveillance,pause,1.810,0.005,15.9,60.4,0.009,210.0,pause,labview_demo_csv
ARO-01,2896,B_quadratic,surveillance,pause,1.782,0.006,15.8,60.4,0.010,210.0,pause,labview_demo_csv
ARO-01,2897,B_quadratic,surveillance,pause,1.826,0.008,15.8,60.3,0.015,210.0,pause,labview_demo_csv
ARO-01,2898,B_quadratic,surveillance,pause,1.848,0.000,15.7,60.1,0.000,210.0,pause,labview_demo_csv
ARO-01,2899,B_quadratic,surveillance,pause,1.848,0.002,15.7,60.2,0.003,210.0,pause,labview_demo_csv
ARO-01,2900,B_quadratic,surveillance,pause,1.851,0.000,15.7,60.2,0.000,210.0,pause,labview_demo_csv
ARO-01,2901,B_quadratic,surveillance,pause,1.885,0.000,15.5,60.4,0.000,210.0,pause,labview_demo_csv
ARO-01,2902,B_quadratic,surveillance,pause,1.862,0.000,15.4,60.5,0.000,210.0,pause,labview_demo_csv
ARO-01,2903,B_quadratic,surveillance,pause,1.896,0.000,15.2,60.4,0.000,210.0,pause,labview_demo_csv
ARO-01,2904,B_quadratic,surveillance,ascent,1.868,1.166,15.2,60.4,2.105,150.0,ascent,labview_demo_csv
ARO-01,2905,B_quadratic,surveillance,ascent,1.880,1.165,15.3,60.3,2.101,150.0,ascent,labview_demo_csv
ARO-01,2906,B_quadratic,surveillance,ascent,1.926,1.175,15.4,59.9,2.120,150.0,ascent,labview_demo_csv
ARO-01,2907,B_quadratic,surveillance,ascent,1.938,1.166,15.5,60.0,2.104,150.0,ascent,labview_demo_csv
ARO-01,2908,B_quadratic,surveillance,ascent,1.880,1.168,15.6,59.8,2.106,150.0,ascent,labview_demo_csv
ARO-01,2909,B_quadratic,surveillance,ascent,1.889,1.161,15.8,59.8,2.094,150.0,ascent,labview_demo_csv
ARO-01,2910,B_quadratic,surveillance,ascent,1.895,1.174,15.8,59.8,2.118,150.0,ascent,labview_demo_csv
ARO-01,2911,B_quadratic,surveillance,ascent,1.856,1.167,15.9,59.5,2.106,150.0,ascent,labview_demo_csv
ARO-01,2912,B_quadratic,surveillance,ascent,1.874,1.159,16.0,59.5,2.092,150.0,ascent,labview_demo_csv
ARO-01,2913,B_quadratic,surveillance,ascent,1.870,1.159,16.1,59.7,2.091,150.0,ascent,labview_demo_csv
ARO-01,2914,B_quadratic,surveillance,ascent,1.911,1.177,16.2,59.6,2.124,150.0,ascent,labview_demo_csv
ARO-01,2915,B_quadratic,surveillance,ascent,1.849,1.182,16.1,59.9,2.133,150.0,ascent,labview_demo_csv
ARO-01,2916,B_quadratic,surveillance,descent,1.907,0.344,16.0,60.1,0.621,150.0,descent,labview_demo_csv
ARO-01,2917,B_quadratic,surveillance,descent,1.867,0.345,15.8,60.6,0.622,150.0,descent,labview_demo_csv
ARO-01,2918,B_quadratic,surveillance,descent,1.913,0.353,15.9,60.4,0.636,150.0,descent,labview_demo_csv
ARO-01,2919,B_quadratic,surveillance,descent,1.885,0.347,15.9,60.2,0.626,150.0,descent,labview_demo_csv
ARO-01,2920,B_quadratic,surveillance,descent,1.923,0.349,15.9,60.2,0.630,150.0,descent,labview_demo_csv
ARO-01,2921,B_quadratic,surveillance,descent,1.863,0.347,16.0,60.2,0.626,150.0,descent,labview_demo_csv
ARO-01,2922,B_quadratic,surveillance,descent,1.888,0.359,16.0,60.4,0.647,150.0,descent,labview_demo_csv
ARO-01,2923,B_quadratic,surveillance,descent,1.860,0.341,16.1,60.2,0.615,150.0,descent,labview_demo_csv
ARO-01,2924,B_quadratic,surveillance,descent,1.838,0.355,16.1,59.9,0.640,150.0,descent,labview_demo_csv
ARO-01,2925,B_quadratic,surveillance,descent,1.832,0.346,16.0,59.7,0.624,150.0,descent,labview_demo_csv
ARO-01,2926,B_quadratic,surveillance,descent,1.868,0.354,15.9,59.7,0.639,150.0,descent,labview_demo_csv
ARO-01,2927,B_quadratic,surveillance,descent,1.805,0.341,15.9,59.9,0.616,150.0,descent,labview_demo_csv
ARO-01,2928,B_quadratic,surveillance,pause,1.802,0.000,15.9,60.0,0.000,150.0,pause,labview_demo_csv
ARO-01,2929,B_quadratic,surveillance,pause,1.841,0.006,15.7,59.8,0.011,150.0,pause,labview_demo_csv
ARO-01,2930,B_quadratic,surveillance,pause,1.864,0.003,15.6,59.7,0.005,150.0,pause,labview_demo_csv
ARO-01,2931,B_quadratic,surveillance,pause,1.791,0.008,15.6,59.9,0.014,150.0,pause,labview_demo_csv
ARO-01,2932,B_quadratic,surveillance,pause,1.791,0.007,15.5,60.1,0.014,150.0,pause,labview_demo_csv
ARO-01,2933,B_quadratic,surveillance,pause,1.810,0.000,15.4,60.5,0.000,150.0,pause,labview_demo_csv
ARO-01,2934,B_quadratic,surveillance,pause,1.805,0.000,15.3,60.3,0.000,150.0,pause,labview_demo_csv
ARO-01,2935,B_quadratic,surveillance,pause,1.839,0.003,15.3,60.3,0.006,150.0,pause,labview_demo_csv
ARO-01,2936,B_quadratic,surveillance,pause,1.784,0.000,15.2,60.4,0.000,150.0,pause,labview_demo_csv
ARO-01,2937,B_quadratic,surveillance,pause,1.790,0.020,15.3,60.5,0.037,150.0,pause,labview_demo_csv
ARO-01,2938,B_quadratic,surveillance,pause,1.832,0.004,15.2,60.5,0.008,150.0,pause,labview_demo_csv
ARO-01,2939,B_quadratic,surveillance,pause,1.829,0.000,15.2,60.5,0.000,150.0,pause,labview_demo_csv
ARO-01,2940,B_quadratic,surveillance,pause,1.846,0.000,15.1,60.4,0.000,150.0,pause,labview_demo_csv
ARO-01,2941,B_quadratic,surveillance,pause,1.842,0.001,15.1,60.7,0.002,150.0,pause,labview_demo_csv
ARO-01,2942,B_quadratic,surveillance,pause,1.810,0.000,15.0,60.7,0.000,150.0,pause,labview_demo_csv
ARO-01,2943,B_quadratic,surveillance,pause,1.832,0.000,14.9,60.9,0.000,150.0,pause,labview_demo_csv
ARO-01,2944,B_quadratic,surveillance,pause,1.843,0.000,14.9,61.2,0.000,150.0,pause,labview_demo_csv
ARO-01,2945,B_quadratic,surveillance,pause,1.817,0.000,15.0,60.9,0.001,150.0,pause,labview_demo_csv
ARO-01,2946,B_quadratic,surveillance,pause,1.883,0.014,15.0,61.2,0.025,150.0,pause,labview_demo_csv
ARO-01,2947,B_quadratic,surveillance,pause,1.886,0.000,15.0,60.9,0.000,150.0,pause,labview_demo_csv
ARO-01,2948,B_quadratic,surveillance,ascent,1.888,1.164,15.1,60.8,2.100,150.0,ascent,labview_demo_csv
ARO-01,2949,B_quadratic,surveillance,ascent,1.822,1.168,15.3,60.7,2.107,150.0,ascent,labview_demo_csv
ARO-01,2950,B_quadratic,surveillance,ascent,1.873,1.175,15.4,60.4,2.121,150.0,ascent,labview_demo_csv
ARO-01,2951,B_quadratic,surveillance,ascent,1.910,1.174,15.5,60.1,2.117,150.0,ascent,labview_demo_csv
ARO-01,2952,B_quadratic,surveillance,ascent,1.849,1.168,15.5,60.0,2.108,150.0,ascent,labview_demo_csv
ARO-01,2953,B_quadratic,surveillance,ascent,1.895,1.167,15.6,60.0,2.106,150.0,ascent,labview_demo_csv
ARO-01,2954,B_quadratic,surveillance,ascent,1.885,1.168,15.7,60.0,2.108,150.0,ascent,labview_demo_csv
ARO-01,2955,B_quadratic,surveillance,ascent,1.927,1.165,15.9,60.0,2.102,150.0,ascent,labview_demo_csv
ARO-01,2956,B_quadratic,surveillance,ascent,1.921,1.160,15.9,59.9,2.093,150.0,ascent,labview_demo_csv
ARO-01,2957,B_quadratic,surveillance,ascent,1.886,1.178,16.0,60.0,2.126,150.0,ascent,labview_demo_csv
ARO-01,2958,B_quadratic,surveillance,ascent,1.880,1.176,16.1,60.0,2.122,150.0,ascent,labview_demo_csv
ARO-01,2959,B_quadratic,surveillance,ascent,1.907,1.176,16.0,59.9,2.122,150.0,ascent,labview_demo_csv
ARO-01,2960,B_quadratic,surveillance,descent,1.875,0.339,16.0,60.0,0.612,150.0,descent,labview_demo_csv
ARO-01,2961,B_quadratic,surveillance,descent,1.877,0.345,15.8,60.2,0.623,150.0,descent,labview_demo_csv
ARO-01,2962,B_quadratic,surveillance,descent,1.902,0.357,15.8,60.0,0.645,150.0,descent,labview_demo_csv
ARO-01,2963,B_quadratic,surveillance,descent,1.914,0.335,15.8,60.2,0.604,150.0,descent,labview_demo_csv
ARO-01,2964,B_quadratic,surveillance,descent,1.862,0.345,15.7,60.5,0.623,150.0,descent,labview_demo_csv
ARO-01,2965,B_quadratic,surveillance,descent,1.878,0.358,15.7,60.4,0.646,150.0,descent,labview_demo_csv
ARO-01,2966,B_quadratic,surveillance,descent,1.841,0.347,15.8,60.5,0.626,150.0,descent,labview_demo_csv
ARO-01,2967,B_quadratic,surveillance,descent,1.832,0.351,15.7,60.3,0.634,150.0,descent,labview_demo_csv
ARO-01,2968,B_quadratic,surveillance,descent,1.831,0.351,15.6,60.3,0.632,150.0,descent,labview_demo_csv
ARO-01,2969,B_quadratic,surveillance,descent,1.803,0.343,15.5,60.0,0.618,150.0,descent,labview_demo_csv
ARO-01,2970,B_quadratic,surveillance,descent,1.860,0.354,15.6,60.2,0.639,150.0,descent,labview_demo_csv
ARO-01,2971,B_quadratic,surveillance,descent,1.813,0.337,15.6,60.3,0.608,150.0,descent,labview_demo_csv
ARO-01,2972,B_quadratic,surveillance,pause,1.875,0.000,15.6,60.5,0.000,150.0,pause,labview_demo_csv
ARO-01,2973,B_quadratic,surveillance,pause,1.786,0.000,15.5,60.5,0.000,150.0,pause,labview_demo_csv
ARO-01,2974,B_quadratic,surveillance,pause,1.784,0.005,15.4,60.8,0.010,150.0,pause,labview_demo_csv
ARO-01,2975,B_quadratic,surveillance,pause,1.817,0.000,15.4,60.9,0.000,150.0,pause,labview_demo_csv
ARO-01,2976,B_quadratic,surveillance,pause,1.825,0.002,15.2,61.0,0.004,150.0,pause,labview_demo_csv
ARO-01,2977,B_quadratic,surveillance,pause,1.835,0.000,15.2,61.3,0.000,150.0,pause,labview_demo_csv
ARO-01,2978,B_quadratic,surveillance,pause,1.808,0.003,15.2,60.9,0.005,150.0,pause,labview_demo_csv
ARO-01,2979,B_quadratic,surveillance,pause,1.758,0.000,15.2,61.2,0.000,150.0,pause,labview_demo_csv
ARO-01,2980,B_quadratic,surveillance,pause,1.817,0.000,15.0,61.5,0.000,150.0,pause,labview_demo_csv
ARO-01,2981,B_quadratic,surveillance,pause,1.754,0.000,15.0,61.3,0.000,150.0,pause,labview_demo_csv
ARO-01,2982,B_quadratic,surveillance,pause,1.810,0.007,15.0,61.7,0.012,150.0,pause,labview_demo_csv
ARO-01,2983,B_quadratic,surveillance,pause,1.836,0.000,15.0,61.7,0.000,150.0,pause,labview_demo_csv
ARO-01,2984,B_quadratic,surveillance,pause,1.869,0.002,15.0,62.1,0.003,150.0,pause,labview_demo_csv
ARO-01,2985,B_quadratic,surveillance,pause,1.853,0.000,15.0,62.2,0.000,150.0,pause,labview_demo_csv
ARO-01,2986,B_quadratic,surveillance,pause,1.830,0.015,14.9,62.2,0.026,150.0,pause,labview_demo_csv
ARO-01,2987,B_quadratic,surveillance,pause,1.816,0.000,14.9,62.3,0.000,150.0,pause,labview_demo_csv
ARO-01,2988,B_quadratic,surveillance,pause,1.856,0.000,14.8,62.1,0.000,150.0,pause,labview_demo_csv
ARO-01,2989,B_quadratic,surveillance,pause,1.882,0.000,14.8,61.9,0.000,150.0,pause,labview_demo_csv
ARO-01,2990,B_quadratic,surveillance,pause,1.848,0.003,14.7,62.3,0.005,150.0,pause,labview_demo_csv
ARO-01,2991,B_quadratic,surveillance,pause,1.920,0.001,14.8,62.4,0.002,150.0,pause,labview_demo_csv
ARO-01,2992,B_quadratic,surveillance,ascent,1.941,1.166,14.9,62.0,2.103,150.0,ascent,labview_demo_csv
ARO-01,2993,B_quadratic,surveillance,ascent,1.894,1.169,15.2,61.6,2.109,150.0,ascent,labview_demo_csv
ARO-01,2994,B_quadratic,surveillance,ascent,1.873,1.170,15.4,61.8,2.110,150.0,ascent,labview_demo_csv
ARO-01,2995,B_quadratic,surveillance,ascent,1.939,1.173,15.4,61.2,2.117,150.0,ascent,labview_demo_csv
ARO-01,2996,B_quadratic,surveillance,ascent,1.899,1.174,15.5,61.5,2.119,150.0,ascent,labview_demo_csv
ARO-01,2997,B_quadratic,surveillance,ascent,1.929,1.164,15.6,61.5,2.101,150.0,ascent,labview_demo_csv
ARO-01,2998,B_quadratic,surveillance,ascent,1.923,1.174,15.6,61.5,2.118,150.0,ascent,labview_demo_csv
ARO-01,2999,B_quadratic,surveillance,ascent,1.905,1.179,15.6,61.4,2.127,150.0,ascent,labview_demo_csv
ARO-01,3000,B_quadratic,surveillance,ascent,1.982,1.161,15.7,61.5,2.095,150.0,ascent,labview_demo_csv
ARO-01,3001,B_quadratic,surveillance,ascent,1.920,1.174,15.7,61.3,2.118,150.0,ascent,labview_demo_csv
ARO-01,3002,B_quadratic,surveillance,ascent,1.906,1.173,15.7,61.5,2.116,150.0,ascent,labview_demo_csv
ARO-01,3003,B_quadratic,surveillance,ascent,1.960,1.168,15.8,61.6,2.108,150.0,ascent,labview_demo_csv
ARO-01,3004,B_quadratic,surveillance,descent,1.881,0.353,15.6,61.8,0.636,150.0,descent,labview_demo_csv
ARO-01,3005,B_quadratic,surveillance,descent,1.904,0.360,15.7,61.4,0.649,150.0,descent,labview_demo_csv
ARO-01,3006,B_quadratic,surveillance,descent,1.918,0.362,15.6,61.3,0.653,150.0,descent,labview_demo_csv
ARO-01,3007,B_quadratic,surveillance,descent,1.899,0.352,15.5,61.4,0.636,150.0,descent,labview_demo_csv
ARO-01,3008,B_quadratic,surveillance,descent,1.962,0.357,15.5,60.9,0.644,150.0,descent,labview_demo_csv
ARO-01,3009,B_quadratic,surveillance,descent,1.873,0.351,15.6,60.9,0.633,150.0,descent,labview_demo_csv
ARO-01,3010,B_quadratic,surveillance,descent,1.882,0.348,15.5,61.1,0.628,150.0,descent,labview_demo_csv
ARO-01,3011,B_quadratic,surveillance,descent,1.816,0.345,15.4,61.4,0.622,150.0,descent,labview_demo_csv
ARO-01,3012,B_quadratic,surveillance,descent,1.840,0.353,15.3,61.5,0.636,150.0,descent,labview_demo_csv
ARO-01,3013,B_quadratic,surveillance,descent,1.855,0.345,15.4,61.6,0.622,150.0,descent,labview_demo_csv
ARO-01,3014,B_quadratic,surveillance,descent,1.863,0.352,15.3,61.6,0.635,150.0,descent,labview_demo_csv
ARO-01,3015,B_quadratic,surveillance,descent,1.835,0.347,15.3,62.0,0.626,150.0,descent,labview_demo_csv
ARO-01,3016,B_quadratic,surveillance,pause,1.838,0.009,15.2,62.0,0.016,150.0,pause,labview_demo_csv
ARO-01,3017,B_quadratic,surveillance,pause,1.821,0.022,15.2,62.1,0.040,150.0,pause,labview_demo_csv
ARO-01,3018,B_quadratic,surveillance,pause,1.861,0.000,15.1,62.0,0.000,150.0,pause,labview_demo_csv
ARO-01,3019,B_quadratic,surveillance,pause,1.819,0.004,15.0,61.9,0.008,150.0,pause,labview_demo_csv
ARO-01,3020,B_quadratic,surveillance,pause,1.793,0.000,15.1,62.1,0.000,150.0,pause,labview_demo_csv
ARO-01,3021,B_quadratic,surveillance,pause,1.830,0.004,15.1,62.3,0.007,150.0,pause,labview_demo_csv
ARO-01,3022,B_quadratic,surveillance,pause,1.770,0.007,14.9,62.4,0.013,150.0,pause,labview_demo_csv
ARO-01,3023,B_quadratic,surveillance,pause,1.823,0.000,15.0,62.2,0.000,150.0,pause,labview_demo_csv
ARO-01,3024,B_quadratic,surveillance,pause,1.799,0.001,15.1,62.1,0.002,150.0,pause,labview_demo_csv
ARO-01,3025,B_quadratic,surveillance,pause,1.842,0.009,15.0,62.1,0.016,150.0,pause,labview_demo_csv
ARO-01,3026,B_quadratic,surveillance,pause,1.832,0.004,15.0,62.3,0.007,150.0,pause,labview_demo_csv
ARO-01,3027,B_quadratic,surveillance,pause,1.853,0.000,14.9,62.1,0.000,150.0,pause,labview_demo_csv
ARO-01,3028,B_quadratic,surveillance,pause,1.769,0.004,14.9,62.1,0.007,150.0,pause,labview_demo_csv
ARO-01,3029,B_quadratic,surveillance,pause,1.856,0.000,14.9,62.1,0.000,150.0,pause,labview_demo_csv
ARO-01,3030,B_quadratic,surveillance,pause,1.841,0.001,15.0,62.3,0.001,150.0,pause,labview_demo_csv
ARO-01,3031,B_quadratic,surveillance,pause,1.864,0.000,15.0,62.1,0.000,150.0,pause,labview_demo_csv
ARO-01,3032,B_quadratic,surveillance,pause,1.836,0.000,15.0,62.3,0.000,150.0,pause,labview_demo_csv
ARO-01,3033,B_quadratic,surveillance,pause,1.856,0.008,14.9,62.2,0.015,150.0,pause,labview_demo_csv
ARO-01,3034,B_quadratic,surveillance,pause,1.843,0.000,14.9,62.3,0.001,150.0,pause,labview_demo_csv
ARO-01,3035,B_quadratic,surveillance,pause,1.868,0.001,14.8,62.2,0.001,150.0,pause,labview_demo_csv
ARO-01,3036,B_quadratic,surveillance,ascent,1.923,1.168,14.9,62.2,2.107,150.0,ascent,labview_demo_csv
ARO-01,3037,B_quadratic,surveillance,ascent,1.910,1.167,14.9,62.1,2.105,150.0,ascent,labview_demo_csv
ARO-01,3038,B_quadratic,surveillance,ascent,1.956,1.171,15.1,62.2,2.113,150.0,ascent,labview_demo_csv
ARO-01,3039,B_quadratic,surveillance,ascent,1.931,1.175,15.3,62.0,2.121,150.0,ascent,labview_demo_csv
ARO-01,3040,B_quadratic,surveillance,ascent,1.916,1.170,15.4,62.0,2.111,150.0,ascent,labview_demo_csv
ARO-01,3041,B_quadratic,surveillance,ascent,1.941,1.194,15.4,62.1,2.153,150.0,ascent,labview_demo_csv
ARO-01,3042,B_quadratic,surveillance,ascent,1.918,1.161,15.5,61.9,2.094,150.0,ascent,labview_demo_csv
ARO-01,3043,B_quadratic,surveillance,ascent,1.929,1.160,15.5,61.8,2.092,150.0,ascent,labview_demo_csv
ARO-01,3044,B_quadratic,surveillance,ascent,1.937,1.179,15.5,61.9,2.128,150.0,ascent,labview_demo_csv
ARO-01,3045,B_quadratic,surveillance,ascent,1.956,1.176,15.5,61.6,2.121,150.0,ascent,labview_demo_csv
ARO-01,3046,B_quadratic,surveillance,ascent,1.911,1.165,15.7,61.7,2.102,150.0,ascent,labview_demo_csv
ARO-01,3047,B_quadratic,surveillance,ascent,1.917,1.177,15.7,62.1,2.124,150.0,ascent,labview_demo_csv
ARO-01,3048,B_quadratic,surveillance,descent,1.867,0.341,15.6,62.2,0.615,150.0,descent,labview_demo_csv
ARO-01,3049,B_quadratic,surveillance,descent,1.928,0.346,15.6,62.2,0.624,150.0,descent,labview_demo_csv
ARO-01,3050,B_quadratic,surveillance,descent,1.941,0.356,15.5,62.1,0.642,150.0,descent,labview_demo_csv
ARO-01,3051,B_quadratic,surveillance,descent,1.882,0.360,15.5,61.8,0.650,150.0,descent,labview_demo_csv
ARO-01,3052,B_quadratic,surveillance,descent,1.957,0.343,15.3,61.6,0.620,150.0,descent,labview_demo_csv
ARO-01,3053,B_quadratic,surveillance,descent,1.888,0.349,15.3,61.5,0.630,150.0,descent,labview_demo_csv
ARO-01,3054,B_quadratic,surveillance,descent,1.863,0.353,15.3,61.5,0.636,150.0,descent,labview_demo_csv
ARO-01,3055,B_quadratic,surveillance,descent,1.872,0.362,15.4,61.6,0.652,150.0,descent,labview_demo_csv
ARO-01,3056,B_quadratic,surveillance,descent,1.892,0.358,15.4,61.8,0.646,150.0,descent,labview_demo_csv
ARO-01,3057,B_quadratic,surveillance,descent,1.894,0.357,15.4,62.0,0.645,150.0,descent,labview_demo_csv
ARO-01,3058,B_quadratic,surveillance,descent,1.885,0.356,15.5,62.0,0.643,150.0,descent,labview_demo_csv
ARO-01,3059,B_quadratic,surveillance,descent,1.817,0.348,15.4,62.4,0.628,150.0,descent,labview_demo_csv
ARO-01,3060,B_quadratic,surveillance,pause,1.878,0.000,15.2,62.7,0.000,150.0,pause,labview_demo_csv
ARO-01,3061,B_quadratic,surveillance,pause,1.838,0.001,15.2,62.6,0.002,150.0,pause,labview_demo_csv
ARO-01,3062,B_quadratic,surveillance,pause,1.821,0.000,15.1,62.7,0.000,150.0,pause,labview_demo_csv
ARO-01,3063,B_quadratic,surveillance,pause,1.825,0.007,15.1,62.9,0.013,150.0,pause,labview_demo_csv
ARO-01,3064,B_quadratic,surveillance,pause,1.828,0.007,15.0,63.1,0.013,150.0,pause,labview_demo_csv
ARO-01,3065,B_quadratic,surveillance,pause,1.832,0.000,14.9,63.0,0.000,150.0,pause,labview_demo_csv
ARO-01,3066,B_quadratic,surveillance,pause,1.808,0.013,14.9,63.0,0.023,150.0,pause,labview_demo_csv
ARO-01,3067,B_quadratic,surveillance,pause,1.818,0.004,14.9,62.9,0.008,150.0,pause,labview_demo_csv
ARO-01,3068,B_quadratic,surveillance,pause,1.847,0.004,14.8,62.9,0.007,150.0,pause,labview_demo_csv
ARO-01,3069,B_quadratic,surveillance,pause,1.869,0.000,14.8,62.9,0.000,150.0,pause,labview_demo_csv
ARO-01,3070,B_quadratic,surveillance,pause,1.810,0.000,14.7,62.9,0.000,150.0,pause,labview_demo_csv
ARO-01,3071,B_quadratic,surveillance,pause,1.853,0.000,14.7,62.9,0.000,150.0,pause,labview_demo_csv
ARO-01,3072,B_quadratic,surveillance,pause,1.870,0.005,14.6,63.0,0.009,150.0,pause,labview_demo_csv
ARO-01,3073,B_quadratic,surveillance,pause,1.861,0.008,14.7,63.1,0.015,150.0,pause,labview_demo_csv
ARO-01,3074,B_quadratic,surveillance,pause,1.832,0.000,14.8,63.2,0.000,150.0,pause,labview_demo_csv
ARO-01,3075,B_quadratic,surveillance,pause,1.861,0.000,14.8,63.2,0.000,150.0,pause,labview_demo_csv
ARO-01,3076,B_quadratic,surveillance,pause,1.896,0.000,14.8,63.0,0.000,150.0,pause,labview_demo_csv
ARO-01,3077,B_quadratic,surveillance,pause,1.889,0.009,14.9,63.1,0.017,150.0,pause,labview_demo_csv
ARO-01,3078,B_quadratic,surveillance,pause,1.896,0.000,14.8,63.3,0.000,150.0,pause,labview_demo_csv
ARO-01,3079,B_quadratic,surveillance,pause,1.939,0.000,14.7,63.6,0.000,150.0,pause,labview_demo_csv
ARO-01,3080,B_quadratic,surveillance,ascent,1.986,1.431,14.9,63.3,2.581,210.0,ascent,labview_demo_csv
ARO-01,3081,B_quadratic,surveillance,ascent,1.895,1.437,15.0,63.1,2.593,210.0,ascent,labview_demo_csv
ARO-01,3082,B_quadratic,surveillance,ascent,1.966,1.428,15.2,63.0,2.576,210.0,ascent,labview_demo_csv
ARO-01,3083,B_quadratic,surveillance,ascent,1.943,1.431,15.3,62.7,2.581,210.0,ascent,labview_demo_csv
ARO-01,3084,B_quadratic,surveillance,ascent,1.939,1.430,15.3,62.9,2.580,210.0,ascent,labview_demo_csv
ARO-01,3085,B_quadratic,surveillance,ascent,1.866,1.444,15.5,63.0,2.606,210.0,ascent,labview_demo_csv
ARO-01,3086,B_quadratic,surveillance,ascent,1.966,1.433,15.6,62.8,2.585,210.0,ascent,labview_demo_csv
ARO-01,3087,B_quadratic,surveillance,ascent,1.960,1.413,15.7,62.8,2.550,210.0,ascent,labview_demo_csv
ARO-01,3088,B_quadratic,surveillance,ascent,1.925,1.429,15.7,62.7,2.578,210.0,ascent,labview_demo_csv
ARO-01,3089,B_quadratic,surveillance,ascent,1.901,1.429,15.9,62.6,2.578,210.0,ascent,labview_demo_csv
ARO-01,3090,B_quadratic,surveillance,ascent,1.908,1.433,15.8,62.6,2.585,210.0,ascent,labview_demo_csv
ARO-01,3091,B_quadratic,surveillance,ascent,1.905,1.433,15.9,62.7,2.586,210.0,ascent,labview_demo_csv
ARO-01,3092,B_quadratic,surveillance,descent,1.934,0.341,15.6,62.9,0.615,210.0,descent,labview_demo_csv
ARO-01,3093,B_quadratic,surveillance,descent,1.906,0.365,15.6,63.0,0.658,210.0,descent,labview_demo_csv
ARO-01,3094,B_quadratic,surveillance,descent,1.967,0.342,15.4,62.7,0.616,210.0,descent,labview_demo_csv
ARO-01,3095,B_quadratic,surveillance,descent,1.937,0.334,15.4,62.8,0.602,210.0,descent,labview_demo_csv
ARO-01,3096,B_quadratic,surveillance,descent,1.894,0.346,15.5,62.8,0.624,210.0,descent,labview_demo_csv
ARO-01,3097,B_quadratic,surveillance,descent,1.853,0.351,15.3,62.7,0.634,210.0,descent,labview_demo_csv
ARO-01,3098,B_quadratic,surveillance,descent,1.905,0.354,15.3,63.1,0.638,210.0,descent,labview_demo_csv
ARO-01,3099,B_quadratic,surveillance,descent,1.844,0.351,15.2,62.9,0.633,210.0,descent,labview_demo_csv
ARO-01,3100,B_quadratic,surveillance,descent,1.861,0.340,15.2,63.0,0.613,210.0,descent,labview_demo_csv
ARO-01,3101,B_quadratic,surveillance,descent,1.862,0.351,15.3,62.9,0.634,210.0,descent,labview_demo_csv
ARO-01,3102,B_quadratic,surveillance,descent,1.863,0.348,15.3,62.9,0.629,210.0,descent,labview_demo_csv
ARO-01,3103,B_quadratic,surveillance,descent,1.776,0.349,15.2,63.0,0.630,210.0,descent,labview_demo_csv
ARO-01,3104,B_quadratic,surveillance,pause,1.822,0.000,15.2,63.0,0.000,210.0,pause,labview_demo_csv
ARO-01,3105,B_quadratic,surveillance,pause,1.848,0.000,15.1,63.4,0.000,210.0,pause,labview_demo_csv
ARO-01,3106,B_quadratic,surveillance,pause,1.877,0.008,15.0,63.5,0.015,210.0,pause,labview_demo_csv
ARO-01,3107,B_quadratic,surveillance,pause,1.811,0.007,14.9,63.4,0.012,210.0,pause,labview_demo_csv
ARO-01,3108,B_quadratic,surveillance,pause,1.802,0.000,14.9,63.4,0.000,210.0,pause,labview_demo_csv
ARO-01,3109,B_quadratic,surveillance,pause,1.865,0.014,14.9,63.4,0.025,210.0,pause,labview_demo_csv
ARO-01,3110,B_quadratic,surveillance,pause,1.836,0.015,14.7,63.5,0.027,210.0,pause,labview_demo_csv
ARO-01,3111,B_quadratic,surveillance,pause,1.788,0.001,14.8,63.5,0.002,210.0,pause,labview_demo_csv
ARO-01,3112,B_quadratic,surveillance,pause,1.839,0.000,14.7,63.6,0.000,210.0,pause,labview_demo_csv
ARO-01,3113,B_quadratic,surveillance,pause,1.832,0.000,14.6,63.8,0.000,210.0,pause,labview_demo_csv
ARO-01,3114,B_quadratic,surveillance,pause,1.848,0.006,14.6,64.0,0.011,210.0,pause,labview_demo_csv
ARO-01,3115,B_quadratic,surveillance,pause,1.786,0.000,14.7,64.3,0.000,210.0,pause,labview_demo_csv
ARO-01,3116,B_quadratic,surveillance,pause,1.843,0.005,14.7,64.2,0.009,210.0,pause,labview_demo_csv
ARO-01,3117,B_quadratic,surveillance,pause,1.808,0.004,14.5,64.6,0.006,210.0,pause,labview_demo_csv
ARO-01,3118,B_quadratic,surveillance,pause,1.864,0.000,14.3,64.3,0.000,210.0,pause,labview_demo_csv
ARO-01,3119,B_quadratic,surveillance,pause,1.887,0.000,14.2,64.3,0.000,210.0,pause,labview_demo_csv
ARO-01,3120,B_quadratic,surveillance,pause,1.876,0.001,14.1,64.4,0.002,210.0,pause,labview_demo_csv
ARO-01,3121,B_quadratic,surveillance,pause,1.853,0.000,14.1,65.0,0.000,210.0,pause,labview_demo_csv
ARO-01,3122,B_quadratic,surveillance,pause,1.916,0.000,14.2,64.9,0.000,210.0,pause,labview_demo_csv
ARO-01,3123,B_quadratic,surveillance,pause,1.884,0.000,14.4,64.9,0.000,210.0,pause,labview_demo_csv
ARO-01,3124,B_quadratic,surveillance,ascent,1.912,1.497,14.5,64.7,2.702,225.0,ascent,labview_demo_csv
ARO-01,3125,B_quadratic,surveillance,ascent,1.952,1.499,14.6,64.7,2.705,225.0,ascent,labview_demo_csv
ARO-01,3126,B_quadratic,surveillance,ascent,1.955,1.496,14.7,64.7,2.698,225.0,ascent,labview_demo_csv
ARO-01,3127,B_quadratic,surveillance,ascent,1.932,1.504,14.9,64.5,2.714,225.0,ascent,labview_demo_csv
ARO-01,3128,B_quadratic,surveillance,ascent,1.957,1.493,15.0,64.5,2.694,225.0,ascent,labview_demo_csv
ARO-01,3129,B_quadratic,surveillance,ascent,1.958,1.504,15.1,64.0,2.713,225.0,ascent,labview_demo_csv
ARO-01,3130,B_quadratic,surveillance,ascent,1.914,1.510,15.2,63.9,2.723,225.0,ascent,labview_demo_csv
ARO-01,3131,B_quadratic,surveillance,ascent,1.981,1.506,15.3,63.9,2.716,225.0,ascent,labview_demo_csv
ARO-01,3132,B_quadratic,surveillance,ascent,1.961,1.506,15.4,63.9,2.717,225.0,ascent,labview_demo_csv
ARO-01,3133,B_quadratic,surveillance,ascent,1.966,1.508,15.5,63.7,2.720,225.0,ascent,labview_demo_csv
ARO-01,3134,B_quadratic,surveillance,ascent,1.936,1.499,15.5,63.4,2.705,225.0,ascent,labview_demo_csv
ARO-01,3135,B_quadratic,surveillance,ascent,1.931,1.507,15.5,63.6,2.720,225.0,ascent,labview_demo_csv
ARO-01,3136,B_quadratic,surveillance,descent,1.928,0.348,15.6,63.9,0.628,225.0,descent,labview_demo_csv
ARO-01,3137,B_quadratic,surveillance,descent,1.921,0.354,15.5,63.9,0.639,225.0,descent,labview_demo_csv
ARO-01,3138,B_quadratic,surveillance,descent,1.941,0.340,15.5,64.2,0.613,225.0,descent,labview_demo_csv
ARO-01,3139,B_quadratic,surveillance,descent,1.942,0.342,15.4,64.5,0.617,225.0,descent,labview_demo_csv
ARO-01,3140,B_quadratic,surveillance,descent,1.876,0.348,15.4,64.3,0.627,225.0,descent,labview_demo_csv
ARO-01,3141,B_quadratic,surveillance,descent,1.862,0.349,15.4,64.1,0.629,225.0,descent,labview_demo_csv
ARO-01,3142,B_quadratic,surveillance,descent,1.891,0.347,15.4,64.1,0.626,225.0,descent,labview_demo_csv
ARO-01,3143,B_quadratic,surveillance,descent,1.858,0.357,15.3,64.2,0.644,225.0,descent,labview_demo_csv
ARO-01,3144,B_quadratic,surveillance,descent,1.857,0.350,15.3,64.0,0.632,225.0,descent,labview_demo_csv
ARO-01,3145,B_quadratic,surveillance,descent,1.895,0.351,15.3,63.9,0.633,225.0,descent,labview_demo_csv
ARO-01,3146,B_quadratic,surveillance,descent,1.880,0.341,15.3,64.1,0.615,225.0,descent,labview_demo_csv
ARO-01,3147,B_quadratic,surveillance,descent,1.869,0.347,15.4,64.1,0.626,225.0,descent,labview_demo_csv
ARO-01,3148,B_quadratic,surveillance,pause,1.825,0.000,15.3,64.2,0.000,225.0,pause,labview_demo_csv
ARO-01,3149,B_quadratic,surveillance,pause,1.843,0.000,15.3,64.4,0.000,225.0,pause,labview_demo_csv
ARO-01,3150,B_quadratic,surveillance,pause,1.854,0.000,15.2,64.3,0.000,225.0,pause,labview_demo_csv
ARO-01,3151,B_quadratic,surveillance,pause,1.827,0.011,15.1,64.6,0.020,225.0,pause,labview_demo_csv
ARO-01,3152,B_quadratic,surveillance,pause,1.809,0.010,14.9,64.4,0.018,225.0,pause,labview_demo_csv
ARO-01,3153,B_quadratic,surveillance,pause,1.811,0.000,14.8,64.6,0.000,225.0,pause,labview_demo_csv
ARO-01,3154,B_quadratic,surveillance,pause,1.805,0.003,14.8,64.8,0.005,225.0,pause,labview_demo_csv
ARO-01,3155,B_quadratic,surveillance,pause,1.818,0.000,14.7,64.9,0.000,225.0,pause,labview_demo_csv
ARO-01,3156,B_quadratic,surveillance,pause,1.807,0.000,14.7,64.8,0.000,225.0,pause,labview_demo_csv
ARO-01,3157,B_quadratic,surveillance,pause,1.774,0.005,14.6,65.0,0.009,225.0,pause,labview_demo_csv
ARO-01,3158,B_quadratic,surveillance,pause,1.846,0.000,14.5,64.8,0.000,225.0,pause,labview_demo_csv
ARO-01,3159,B_quadratic,surveillance,pause,1.830,0.015,14.5,64.7,0.026,225.0,pause,labview_demo_csv
ARO-01,3160,B_quadratic,surveillance,pause,1.843,0.003,14.4,64.9,0.005,225.0,pause,labview_demo_csv
ARO-01,3161,B_quadratic,surveillance,pause,1.807,0.007,14.5,65.2,0.012,225.0,pause,labview_demo_csv
ARO-01,3162,B_quadratic,surveillance,pause,1.875,0.000,14.4,65.2,0.001,225.0,pause,labview_demo_csv
ARO-01,3163,B_quadratic,surveillance,pause,1.909,0.003,14.5,65.5,0.005,225.0,pause,labview_demo_csv
ARO-01,3164,B_quadratic,surveillance,pause,1.869,0.004,14.5,65.7,0.007,225.0,pause,labview_demo_csv
ARO-01,3165,B_quadratic,surveillance,pause,1.896,0.000,14.5,65.5,0.000,225.0,pause,labview_demo_csv
ARO-01,3166,B_quadratic,surveillance,pause,1.881,0.000,14.6,65.7,0.000,225.0,pause,labview_demo_csv
ARO-01,3167,B_quadratic,surveillance,pause,1.875,0.000,14.6,65.9,0.000,225.0,pause,labview_demo_csv
ARO-01,3168,B_quadratic,surveillance,ascent,1.921,0.856,14.5,65.7,1.545,75.0,ascent,labview_demo_csv
ARO-01,3169,B_quadratic,surveillance,ascent,1.909,0.857,14.6,65.9,1.546,75.0,ascent,labview_demo_csv
ARO-01,3170,B_quadratic,surveillance,ascent,1.909,0.854,14.6,65.7,1.541,75.0,ascent,labview_demo_csv
ARO-01,3171,B_quadratic,surveillance,ascent,1.972,0.854,14.7,65.7,1.540,75.0,ascent,labview_demo_csv
ARO-01,3172,B_quadratic,surveillance,ascent,1.946,0.860,14.7,65.7,1.552,75.0,ascent,labview_demo_csv
ARO-01,3173,B_quadratic,surveillance,ascent,1.934,0.873,14.9,65.4,1.574,75.0,ascent,labview_demo_csv
ARO-01,3174,B_quadratic,surveillance,ascent,1.904,0.851,14.9,65.3,1.535,75.0,ascent,labview_demo_csv
ARO-01,3175,B_quadratic,surveillance,ascent,1.997,0.855,14.9,64.9,1.542,75.0,ascent,labview_demo_csv
ARO-01,3176,B_quadratic,surveillance,ascent,1.942,0.875,14.8,64.7,1.578,75.0,ascent,labview_demo_csv
ARO-01,3177,B_quadratic,surveillance,ascent,1.913,0.859,14.9,64.5,1.550,75.0,ascent,labview_demo_csv
ARO-01,3178,B_quadratic,surveillance,ascent,1.926,0.847,14.9,64.8,1.529,75.0,ascent,labview_demo_csv
ARO-01,3179,B_quadratic,surveillance,ascent,1.957,0.859,14.9,65.0,1.550,75.0,ascent,labview_demo_csv
ARO-01,3180,B_quadratic,surveillance,descent,1.956,0.334,15.0,64.9,0.603,75.0,descent,labview_demo_csv
ARO-01,3181,B_quadratic,surveillance,descent,1.948,0.357,15.0,65.2,0.644,75.0,descent,labview_demo_csv
ARO-01,3182,B_quadratic,surveillance,descent,1.903,0.348,15.0,65.0,0.628,75.0,descent,labview_demo_csv
ARO-01,3183,B_quadratic,surveillance,descent,1.925,0.350,14.9,65.2,0.632,75.0,descent,labview_demo_csv
ARO-01,3184,B_quadratic,surveillance,descent,1.896,0.338,15.0,65.1,0.609,75.0,descent,labview_demo_csv
ARO-01,3185,B_quadratic,surveillance,descent,1.962,0.344,15.0,65.4,0.620,75.0,descent,labview_demo_csv
ARO-01,3186,B_quadratic,surveillance,descent,1.959,0.356,14.9,65.3,0.643,75.0,descent,labview_demo_csv
ARO-01,3187,B_quadratic,surveillance,descent,1.912,0.365,14.8,65.3,0.658,75.0,descent,labview_demo_csv
ARO-01,3188,B_quadratic,surveillance,descent,1.910,0.350,14.8,64.9,0.632,75.0,descent,labview_demo_csv
ARO-01,3189,B_quadratic,surveillance,descent,1.892,0.348,14.8,65.0,0.629,75.0,descent,labview_demo_csv
ARO-01,3190,B_quadratic,surveillance,descent,1.844,0.345,14.7,65.2,0.623,75.0,descent,labview_demo_csv
ARO-01,3191,B_quadratic,surveillance,descent,1.858,0.358,14.6,65.3,0.646,75.0,descent,labview_demo_csv
ARO-01,3192,B_quadratic,surveillance,pause,1.861,0.000,14.7,65.2,0.000,75.0,pause,labview_demo_csv
ARO-01,3193,B_quadratic,surveillance,pause,1.884,0.003,14.6,65.5,0.006,75.0,pause,labview_demo_csv
ARO-01,3194,B_quadratic,surveillance,pause,1.848,0.000,14.6,65.6,0.000,75.0,pause,labview_demo_csv
ARO-01,3195,B_quadratic,surveillance,pause,1.842,0.000,14.6,65.4,0.000,75.0,pause,labview_demo_csv
ARO-01,3196,B_quadratic,surveillance,pause,1.842,0.008,14.5,65.5,0.014,75.0,pause,labview_demo_csv
ARO-01,3197,B_quadratic,surveillance,pause,1.806,0.000,14.5,65.4,0.000,75.0,pause,labview_demo_csv
ARO-01,3198,B_quadratic,surveillance,pause,1.829,0.000,14.3,65.4,0.000,75.0,pause,labview_demo_csv
ARO-01,3199,B_quadratic,surveillance,pause,1.807,0.000,14.3,65.4,0.000,75.0,pause,labview_demo_csv
ARO-01,3200,B_quadratic,surveillance,pause,1.851,0.004,14.3,65.3,0.007,75.0,pause,labview_demo_csv
ARO-01,3201,B_quadratic,surveillance,pause,1.864,0.000,14.3,65.5,0.000,75.0,pause,labview_demo_csv
ARO-01,3202,B_quadratic,surveillance,pause,1.861,0.007,14.4,65.5,0.012,75.0,pause,labview_demo_csv
ARO-01,3203,B_quadratic,surveillance,pause,1.813,0.003,14.3,65.5,0.005,75.0,pause,labview_demo_csv
ARO-01,3204,B_quadratic,surveillance,pause,1.877,0.001,14.3,65.2,0.002,75.0,pause,labview_demo_csv
ARO-01,3205,B_quadratic,surveillance,pause,1.878,0.000,14.3,65.2,0.001,75.0,pause,labview_demo_csv
ARO-01,3206,B_quadratic,surveillance,pause,1.843,0.000,14.3,65.3,0.000,75.0,pause,labview_demo_csv
ARO-01,3207,B_quadratic,surveillance,pause,1.816,0.001,14.3,65.3,0.002,75.0,pause,labview_demo_csv
ARO-01,3208,B_quadratic,surveillance,pause,1.919,0.000,14.2,65.2,0.000,75.0,pause,labview_demo_csv
ARO-01,3209,B_quadratic,surveillance,pause,1.901,0.000,14.3,65.3,0.000,75.0,pause,labview_demo_csv
ARO-01,3210,B_quadratic,surveillance,pause,1.917,0.000,14.3,65.4,0.000,75.0,pause,labview_demo_csv
ARO-01,3211,B_quadratic,surveillance,pause,1.953,0.001,14.3,65.5,0.002,75.0,pause,labview_demo_csv
ARO-01,3212,B_quadratic,surveillance,ascent,1.904,1.316,14.4,65.2,2.374,180.0,ascent,labview_demo_csv
ARO-01,3213,B_quadratic,surveillance,ascent,1.938,1.310,14.5,65.0,2.364,180.0,ascent,labview_demo_csv
ARO-01,3214,B_quadratic,surveillance,ascent,1.970,1.309,14.6,65.2,2.361,180.0,ascent,labview_demo_csv
ARO-01,3215,B_quadratic,surveillance,ascent,1.925,1.310,14.7,65.5,2.363,180.0,ascent,labview_demo_csv
ARO-01,3216,B_quadratic,surveillance,ascent,1.979,1.301,14.8,65.5,2.347,180.0,ascent,labview_demo_csv
ARO-01,3217,B_quadratic,surveillance,ascent,1.947,1.321,14.9,65.3,2.383,180.0,ascent,labview_demo_csv
ARO-01,3218,B_quadratic,surveillance,ascent,1.977,1.315,15.1,65.5,2.373,180.0,ascent,labview_demo_csv
ARO-01,3219,B_quadratic,surveillance,ascent,2.008,1.313,15.2,65.3,2.369,180.0,ascent,labview_demo_csv
ARO-01,3220,B_quadratic,surveillance,ascent,1.941,1.308,15.2,65.1,2.360,180.0,ascent,labview_demo_csv
ARO-01,3221,B_quadratic,surveillance,ascent,1.969,1.299,15.3,65.5,2.344,180.0,ascent,labview_demo_csv
ARO-01,3222,B_quadratic,surveillance,ascent,1.940,1.313,15.4,65.4,2.369,180.0,ascent,labview_demo_csv
ARO-01,3223,B_quadratic,surveillance,ascent,1.902,1.317,15.5,65.7,2.376,180.0,ascent,labview_demo_csv
ARO-01,3224,B_quadratic,surveillance,descent,1.966,0.345,15.5,65.7,0.622,180.0,descent,labview_demo_csv
ARO-01,3225,B_quadratic,surveillance,descent,1.973,0.354,15.4,65.7,0.640,180.0,descent,labview_demo_csv
ARO-01,3226,B_quadratic,surveillance,descent,1.932,0.365,15.3,65.9,0.658,180.0,descent,labview_demo_csv
ARO-01,3227,B_quadratic,surveillance,descent,1.892,0.361,15.2,65.7,0.651,180.0,descent,labview_demo_csv
ARO-01,3228,B_quadratic,surveillance,descent,1.901,0.366,15.1,65.9,0.661,180.0,descent,labview_demo_csv
ARO-01,3229,B_quadratic,surveillance,descent,1.907,0.346,15.1,65.9,0.624,180.0,descent,labview_demo_csv
ARO-01,3230,B_quadratic,surveillance,descent,1.934,0.353,15.1,65.8,0.637,180.0,descent,labview_demo_csv
ARO-01,3231,B_quadratic,surveillance,descent,1.901,0.349,15.1,65.5,0.629,180.0,descent,labview_demo_csv
ARO-01,3232,B_quadratic,surveillance,descent,1.910,0.348,15.1,65.3,0.628,180.0,descent,labview_demo_csv
ARO-01,3233,B_quadratic,surveillance,descent,1.863,0.352,15.2,65.2,0.634,180.0,descent,labview_demo_csv
ARO-01,3234,B_quadratic,surveillance,descent,1.867,0.349,15.2,65.2,0.630,180.0,descent,labview_demo_csv
ARO-01,3235,B_quadratic,surveillance,descent,1.868,0.353,15.2,65.6,0.637,180.0,descent,labview_demo_csv
ARO-01,3236,B_quadratic,surveillance,pause,1.843,0.000,15.1,66.0,0.000,180.0,pause,labview_demo_csv
ARO-01,3237,B_quadratic,surveillance,pause,1.861,0.000,15.0,66.1,0.000,180.0,pause,labview_demo_csv
ARO-01,3238,B_quadratic,surveillance,pause,1.844,0.000,14.8,66.1,0.000,180.0,pause,labview_demo_csv
ARO-01,3239,B_quadratic,surveillance,pause,1.886,0.000,14.7,66.1,0.000,180.0,pause,labview_demo_csv
ARO-01,3240,B_quadratic,surveillance,pause,1.863,0.012,14.7,66.3,0.022,180.0,pause,labview_demo_csv
ARO-01,3241,B_quadratic,surveillance,pause,1.850,0.000,14.7,66.3,0.000,180.0,pause,labview_demo_csv
ARO-01,3242,B_quadratic,surveillance,pause,1.829,0.004,14.6,66.3,0.007,180.0,pause,labview_demo_csv
ARO-01,3243,B_quadratic,surveillance,pause,1.800,0.000,14.6,66.2,0.000,180.0,pause,labview_demo_csv
ARO-01,3244,B_quadratic,surveillance,pause,1.838,0.008,14.6,66.5,0.015,180.0,pause,labview_demo_csv
ARO-01,3245,B_quadratic,surveillance,pause,1.859,0.007,14.5,66.4,0.012,180.0,pause,labview_demo_csv
ARO-01,3246,B_quadratic,surveillance,pause,1.859,0.000,14.4,66.3,0.000,180.0,pause,labview_demo_csv
ARO-01,3247,B_quadratic,surveillance,pause,1.857,0.000,14.4,66.1,0.000,180.0,pause,labview_demo_csv
ARO-01,3248,B_quadratic,surveillance,pause,1.894,0.004,14.3,66.2,0.006,180.0,pause,labview_demo_csv
ARO-01,3249,B_quadratic,surveillance,pause,1.926,0.000,14.3,66.0,0.000,180.0,pause,labview_demo_csv
ARO-01,3250,B_quadratic,surveillance,pause,1.877,0.000,14.2,66.2,0.000,180.0,pause,labview_demo_csv
ARO-01,3251,B_quadratic,surveillance,pause,1.876,0.005,14.1,66.4,0.009,180.0,pause,labview_demo_csv
ARO-01,3252,B_quadratic,surveillance,pause,1.845,0.000,14.1,66.4,0.001,180.0,pause,labview_demo_csv
ARO-01,3253,B_quadratic,surveillance,pause,1.908,0.000,14.0,66.3,0.000,180.0,pause,labview_demo_csv
ARO-01,3254,B_quadratic,surveillance,pause,1.905,0.000,14.1,66.6,0.000,180.0,pause,labview_demo_csv
ARO-01,3255,B_quadratic,surveillance,pause,1.968,0.009,14.1,66.9,0.016,180.0,pause,labview_demo_csv
ARO-01,3256,B_quadratic,surveillance,ascent,1.950,1.318,14.3,66.9,2.379,180.0,ascent,labview_demo_csv
ARO-01,3257,B_quadratic,surveillance,ascent,1.946,1.315,14.6,66.7,2.373,180.0,ascent,labview_demo_csv
ARO-01,3258,B_quadratic,surveillance,ascent,1.934,1.309,14.8,66.9,2.362,180.0,ascent,labview_demo_csv
ARO-01,3259,B_quadratic,surveillance,ascent,1.967,1.310,14.9,66.5,2.363,180.0,ascent,labview_demo_csv
ARO-01,3260,B_quadratic,surveillance,ascent,1.951,1.305,14.9,66.2,2.354,180.0,ascent,labview_demo_csv
ARO-01,3261,B_quadratic,surveillance,ascent,1.940,1.301,15.0,65.6,2.347,180.0,ascent,labview_demo_csv
ARO-01,3262,B_quadratic,surveillance,ascent,2.008,1.313,15.1,65.9,2.370,180.0,ascent,labview_demo_csv
ARO-01,3263,B_quadratic,surveillance,ascent,1.920,1.312,15.3,65.5,2.367,180.0,ascent,labview_demo_csv
ARO-01,3264,B_quadratic,surveillance,ascent,1.935,1.315,15.5,65.4,2.372,180.0,ascent,labview_demo_csv
ARO-01,3265,B_quadratic,surveillance,ascent,2.013,1.308,15.5,65.5,2.359,180.0,ascent,labview_demo_csv
ARO-01,3266,B_quadratic,surveillance,ascent,1.909,1.300,15.5,65.5,2.346,180.0,ascent,labview_demo_csv
ARO-01,3267,B_quadratic,surveillance,ascent,1.980,1.311,15.6,65.3,2.365,180.0,ascent,labview_demo_csv
ARO-01,3268,B_quadratic,surveillance,descent,1.969,0.358,15.7,65.7,0.645,180.0,descent,labview_demo_csv
ARO-01,3269,B_quadratic,surveillance,descent,1.947,0.349,15.5,65.6,0.630,180.0,descent,labview_demo_csv
ARO-01,3270,B_quadratic,surveillance,descent,1.962,0.345,15.4,65.4,0.623,180.0,descent,labview_demo_csv
ARO-01,3271,B_quadratic,surveillance,descent,1.908,0.343,15.2,65.1,0.619,180.0,descent,labview_demo_csv
ARO-01,3272,B_quadratic,surveillance,descent,1.930,0.343,15.2,65.4,0.619,180.0,descent,labview_demo_csv
ARO-01,3273,B_quadratic,surveillance,descent,1.876,0.354,15.1,65.3,0.638,180.0,descent,labview_demo_csv
ARO-01,3274,B_quadratic,surveillance,descent,1.883,0.337,15.2,65.3,0.607,180.0,descent,labview_demo_csv
ARO-01,3275,B_quadratic,surveillance,descent,1.904,0.357,15.2,65.4,0.645,180.0,descent,labview_demo_csv
ARO-01,3276,B_quadratic,surveillance,descent,1.908,0.355,15.2,65.5,0.640,180.0,descent,labview_demo_csv
ARO-01,3277,B_quadratic,surveillance,descent,1.854,0.355,15.2,65.7,0.641,180.0,descent,labview_demo_csv
ARO-01,3278,B_quadratic,surveillance,descent,1.914,0.345,15.1,65.8,0.622,180.0,descent,labview_demo_csv
ARO-01,3279,B_quadratic,surveillance,descent,1.860,0.339,15.0,66.0,0.611,180.0,descent,labview_demo_csv
ARO-01,3280,B_quadratic,surveillance,pause,1.892,0.009,14.8,65.9,0.017,180.0,pause,labview_demo_csv
ARO-01,3281,B_quadratic,surveillance,pause,1.868,0.009,14.8,66.1,0.016,180.0,pause,labview_demo_csv
ARO-01,3282,B_quadratic,surveillance,pause,1.893,0.000,14.8,66.0,0.000,180.0,pause,labview_demo_csv
ARO-01,3283,B_quadratic,surveillance,pause,1.833,0.000,14.7,66.2,0.000,180.0,pause,labview_demo_csv
ARO-01,3284,B_quadratic,surveillance,pause,1.879,0.004,14.7,66.2,0.007,180.0,pause,labview_demo_csv
ARO-01,3285,B_quadratic,surveillance,pause,1.834,0.000,14.6,65.9,0.000,180.0,pause,labview_demo_csv
ARO-01,3286,B_quadratic,surveillance,pause,1.866,0.008,14.5,66.2,0.014,180.0,pause,labview_demo_csv
ARO-01,3287,B_quadratic,surveillance,pause,1.812,0.000,14.5,66.4,0.000,180.0,pause,labview_demo_csv
ARO-01,3288,B_quadratic,surveillance,pause,1.874,0.000,14.5,66.3,0.000,180.0,pause,labview_demo_csv
ARO-01,3289,B_quadratic,surveillance,pause,1.861,0.000,14.5,66.0,0.000,180.0,pause,labview_demo_csv
ARO-01,3290,B_quadratic,surveillance,pause,1.875,0.003,14.6,66.5,0.006,180.0,pause,labview_demo_csv
ARO-01,3291,B_quadratic,surveillance,pause,1.866,0.000,14.5,66.5,0.000,180.0,pause,labview_demo_csv
ARO-01,3292,B_quadratic,surveillance,pause,1.895,0.000,14.5,66.5,0.000,180.0,pause,labview_demo_csv
ARO-01,3293,B_quadratic,surveillance,pause,1.876,0.000,14.5,66.6,0.000,180.0,pause,labview_demo_csv
ARO-01,3294,B_quadratic,surveillance,pause,1.882,0.000,14.6,66.9,0.000,180.0,pause,labview_demo_csv
ARO-01,3295,B_quadratic,surveillance,pause,1.872,0.000,14.5,66.9,0.000,180.0,pause,labview_demo_csv
ARO-01,3296,B_quadratic,surveillance,pause,1.902,0.004,14.5,67.0,0.007,180.0,pause,labview_demo_csv
ARO-01,3297,B_quadratic,surveillance,pause,1.935,0.002,14.4,66.8,0.003,180.0,pause,labview_demo_csv
ARO-01,3298,B_quadratic,surveillance,pause,1.914,0.000,14.4,66.8,0.000,180.0,pause,labview_demo_csv
ARO-01,3299,B_quadratic,surveillance,pause,1.927,0.000,14.4,66.9,0.000,180.0,pause,labview_demo_csv
ARO-01,3300,B_quadratic,surveillance,ascent,1.988,1.310,14.5,66.9,2.363,180.0,ascent,labview_demo_csv
ARO-01,3301,B_quadratic,surveillance,ascent,1.949,1.313,14.6,66.8,2.368,180.0,ascent,labview_demo_csv
ARO-01,3302,B_quadratic,surveillance,ascent,1.952,1.307,14.8,66.6,2.359,180.0,ascent,labview_demo_csv
ARO-01,3303,B_quadratic,surveillance,ascent,1.996,1.314,14.9,66.8,2.371,180.0,ascent,labview_demo_csv
ARO-01,3304,B_quadratic,surveillance,ascent,1.970,1.309,15.0,67.0,2.361,180.0,ascent,labview_demo_csv
ARO-01,3305,B_quadratic,surveillance,ascent,1.929,1.304,15.2,67.0,2.352,180.0,ascent,labview_demo_csv
ARO-01,3306,B_quadratic,surveillance,ascent,1.960,1.317,15.3,66.8,2.375,180.0,ascent,labview_demo_csv
ARO-01,3307,B_quadratic,surveillance,ascent,1.974,1.317,15.4,66.9,2.376,180.0,ascent,labview_demo_csv
ARO-01,3308,B_quadratic,surveillance,ascent,1.996,1.305,15.5,66.7,2.355,180.0,ascent,labview_demo_csv
ARO-01,3309,B_quadratic,surveillance,ascent,2.001,1.304,15.6,66.7,2.352,180.0,ascent,labview_demo_csv
ARO-01,3310,B_quadratic,surveillance,ascent,1.983,1.310,15.7,66.5,2.364,180.0,ascent,labview_demo_csv
ARO-01,3311,B_quadratic,surveillance,ascent,1.985,1.301,15.7,66.9,2.347,180.0,ascent,labview_demo_csv
ARO-01,3312,B_quadratic,surveillance,descent,1.973,0.332,15.6,66.9,0.598,180.0,descent,labview_demo_csv
ARO-01,3313,B_quadratic,surveillance,descent,1.928,0.357,15.5,67.2,0.645,180.0,descent,labview_demo_csv
ARO-01,3314,B_quadratic,surveillance,descent,1.952,0.347,15.4,67.1,0.626,180.0,descent,labview_demo_csv
ARO-01,3315,B_quadratic,surveillance,descent,1.928,0.339,15.3,66.8,0.612,180.0,descent,labview_demo_csv
ARO-01,3316,B_quadratic,surveillance,descent,1.943,0.356,15.2,67.1,0.642,180.0,descent,labview_demo_csv
ARO-01,3317,B_quadratic,surveillance,descent,1.927,0.357,15.2,66.9,0.644,180.0,descent,labview_demo_csv
ARO-01,3318,B_quadratic,surveillance,descent,1.893,0.363,15.1,67.0,0.655,180.0,descent,labview_demo_csv
ARO-01,3319,B_quadratic,surveillance,descent,1.858,0.351,15.0,66.9,0.633,180.0,descent,labview_demo_csv
ARO-01,3320,B_quadratic,surveillance,descent,1.869,0.346,15.0,66.8,0.624,180.0,descent,labview_demo_csv
ARO-01,3321,B_quadratic,surveillance,descent,1.933,0.344,15.0,66.9,0.621,180.0,descent,labview_demo_csv
ARO-01,3322,B_quadratic,surveillance,descent,1.882,0.348,14.9,66.6,0.628,180.0,descent,labview_demo_csv
ARO-01,3323,B_quadratic,surveillance,descent,1.855,0.357,14.9,67.1,0.644,180.0,descent,labview_demo_csv
ARO-01,3324,B_quadratic,surveillance,pause,1.894,0.000,14.9,67.6,0.000,180.0,pause,labview_demo_csv
ARO-01,3325,B_quadratic,surveillance,pause,1.893,0.002,14.8,67.5,0.004,180.0,pause,labview_demo_csv
ARO-01,3326,B_quadratic,surveillance,pause,1.841,0.000,14.7,67.8,0.000,180.0,pause,labview_demo_csv
ARO-01,3327,B_quadratic,surveillance,pause,1.813,0.003,14.7,67.7,0.006,180.0,pause,labview_demo_csv
ARO-01,3328,B_quadratic,surveillance,pause,1.819,0.000,14.6,67.7,0.000,180.0,pause,labview_demo_csv
ARO-01,3329,B_quadratic,surveillance,pause,1.866,0.000,14.6,67.9,0.000,180.0,pause,labview_demo_csv
ARO-01,3330,B_quadratic,surveillance,pause,1.879,0.000,14.5,67.7,0.000,180.0,pause,labview_demo_csv
ARO-01,3331,B_quadratic,surveillance,pause,1.910,0.000,14.5,67.6,0.000,180.0,pause,labview_demo_csv
ARO-01,3332,B_quadratic,surveillance,pause,1.891,0.000,14.5,67.6,0.000,180.0,pause,labview_demo_csv
ARO-01,3333,B_quadratic,surveillance,pause,1.885,0.000,14.5,67.6,0.000,180.0,pause,labview_demo_csv
ARO-01,3334,B_quadratic,surveillance,pause,1.896,0.000,14.4,67.7,0.000,180.0,pause,labview_demo_csv
ARO-01,3335,B_quadratic,surveillance,pause,1.857,0.002,14.3,67.8,0.004,180.0,pause,labview_demo_csv
ARO-01,3336,B_quadratic,surveillance,pause,1.867,0.000,14.2,67.8,0.000,180.0,pause,labview_demo_csv
ARO-01,3337,B_quadratic,surveillance,pause,1.971,0.000,14.1,67.7,0.000,180.0,pause,labview_demo_csv
ARO-01,3338,B_quadratic,surveillance,pause,1.918,0.006,14.1,67.8,0.011,180.0,pause,labview_demo_csv
ARO-01,3339,B_quadratic,surveillance,pause,1.941,0.009,14.1,67.8,0.016,180.0,pause,labview_demo_csv
ARO-01,3340,B_quadratic,surveillance,pause,1.922,0.003,14.1,67.8,0.006,180.0,pause,labview_demo_csv
ARO-01,3341,B_quadratic,surveillance,pause,1.952,0.010,14.0,67.9,0.019,180.0,pause,labview_demo_csv
ARO-01,3342,B_quadratic,surveillance,pause,1.925,0.000,14.2,68.2,0.000,180.0,pause,labview_demo_csv
ARO-01,3343,B_quadratic,surveillance,pause,1.918,0.000,14.2,68.4,0.000,180.0,pause,labview_demo_csv
ARO-01,3344,B_quadratic,surveillance,ascent,1.920,1.306,14.4,68.2,2.356,180.0,ascent,labview_demo_csv
ARO-01,3345,B_quadratic,surveillance,ascent,1.963,1.316,14.4,67.9,2.374,180.0,ascent,labview_demo_csv
ARO-01,3346,B_quadratic,surveillance,ascent,2.031,1.325,14.5,68.0,2.391,180.0,ascent,labview_demo_csv
ARO-01,3347,B_quadratic,surveillance,ascent,1.972,1.320,14.6,67.8,2.382,180.0,ascent,labview_demo_csv
ARO-01,3348,B_quadratic,surveillance,ascent,1.966,1.330,14.7,67.8,2.399,180.0,ascent,labview_demo_csv
ARO-01,3349,B_quadratic,surveillance,ascent,1.990,1.311,14.7,67.5,2.366,180.0,ascent,labview_demo_csv
ARO-01,3350,B_quadratic,surveillance,ascent,1.969,1.321,14.9,67.4,2.384,180.0,ascent,labview_demo_csv
ARO-01,3351,B_quadratic,surveillance,ascent,2.005,1.302,15.1,67.2,2.350,180.0,ascent,labview_demo_csv
ARO-01,3352,B_quadratic,surveillance,ascent,2.040,1.318,15.1,67.3,2.378,180.0,ascent,labview_demo_csv
ARO-01,3353,B_quadratic,surveillance,ascent,2.032,1.326,15.3,67.0,2.392,180.0,ascent,labview_demo_csv
ARO-01,3354,B_quadratic,surveillance,ascent,1.986,1.329,15.4,67.3,2.398,180.0,ascent,labview_demo_csv
ARO-01,3355,B_quadratic,surveillance,ascent,1.999,1.302,15.4,67.3,2.349,180.0,ascent,labview_demo_csv
ARO-01,3356,B_quadratic,surveillance,descent,1.970,0.343,15.3,67.4,0.618,180.0,descent,labview_demo_csv
ARO-01,3357,B_quadratic,surveillance,descent,1.975,0.352,15.3,67.2,0.635,180.0,descent,labview_demo_csv
ARO-01,3358,B_quadratic,surveillance,descent,1.985,0.354,15.2,67.5,0.638,180.0,descent,labview_demo_csv
ARO-01,3359,B_quadratic,surveillance,descent,1.998,0.348,15.2,67.4,0.628,180.0,descent,labview_demo_csv
ARO-01,3360,B_quadratic,surveillance,descent,1.893,0.364,15.2,67.3,0.656,180.0,descent,labview_demo_csv
ARO-01,3361,B_quadratic,surveillance,descent,1.928,0.348,15.1,67.3,0.628,180.0,descent,labview_demo_csv
ARO-01,3362,B_quadratic,surveillance,descent,1.917,0.344,15.1,67.4,0.620,180.0,descent,labview_demo_csv
ARO-01,3363,B_quadratic,surveillance,descent,1.930,0.343,15.0,67.5,0.618,180.0,descent,labview_demo_csv
ARO-01,3364,B_quadratic,surveillance,descent,1.974,0.348,15.0,67.7,0.628,180.0,descent,labview_demo_csv
ARO-01,3365,B_quadratic,surveillance,descent,1.941,0.352,14.9,67.7,0.635,180.0,descent,labview_demo_csv
ARO-01,3366,B_quadratic,surveillance,descent,1.903,0.351,14.9,67.8,0.633,180.0,descent,labview_demo_csv
ARO-01,3367,B_quadratic,surveillance,descent,1.933,0.352,14.9,68.0,0.634,180.0,descent,labview_demo_csv
ARO-01,3368,B_quadratic,surveillance,pause,1.876,0.000,14.8,68.1,0.000,180.0,pause,labview_demo_csv
ARO-01,3369,B_quadratic,surveillance,pause,1.890,0.002,14.6,68.3,0.004,180.0,pause,labview_demo_csv
ARO-01,3370,B_quadratic,surveillance,pause,1.899,0.003,14.6,68.4,0.005,180.0,pause,labview_demo_csv
ARO-01,3371,B_quadratic,surveillance,pause,1.841,0.007,14.4,68.3,0.013,180.0,pause,labview_demo_csv
ARO-01,3372,B_quadratic,surveillance,pause,1.827,0.011,14.4,68.2,0.019,180.0,pause,labview_demo_csv
ARO-01,3373,B_quadratic,surveillance,pause,1.872,0.000,14.4,68.2,0.000,180.0,pause,labview_demo_csv
ARO-01,3374,B_quadratic,surveillance,pause,1.857,0.010,14.4,68.4,0.018,180.0,pause,labview_demo_csv
ARO-01,3375,B_quadratic,surveillance,pause,1.916,0.000,14.3,68.4,0.000,180.0,pause,labview_demo_csv
ARO-01,3376,B_quadratic,surveillance,pause,1.861,0.000,14.3,68.6,0.000,180.0,pause,labview_demo_csv
ARO-01,3377,B_quadratic,surveillance,pause,1.920,0.005,14.3,68.7,0.009,180.0,pause,labview_demo_csv
ARO-01,3378,B_quadratic,surveillance,pause,1.930,0.000,14.1,68.8,0.000,180.0,pause,labview_demo_csv
ARO-01,3379,B_quadratic,surveillance,pause,1.895,0.000,14.0,68.8,0.000,180.0,pause,labview_demo_csv
ARO-01,3380,B_quadratic,surveillance,pause,1.930,0.001,13.9,69.1,0.001,180.0,pause,labview_demo_csv
ARO-01,3381,B_quadratic,surveillance,pause,1.906,0.000,13.9,68.8,0.000,180.0,pause,labview_demo_csv
ARO-01,3382,B_quadratic,surveillance,pause,1.940,0.005,14.1,68.9,0.010,180.0,pause,labview_demo_csv
ARO-01,3383,B_quadratic,surveillance,pause,1.933,0.004,14.0,68.9,0.007,180.0,pause,labview_demo_csv
ARO-01,3384,B_quadratic,surveillance,pause,1.887,0.000,14.0,68.5,0.000,180.0,pause,labview_demo_csv
ARO-01,3385,B_quadratic,surveillance,pause,1.941,0.000,13.9,68.5,0.000,180.0,pause,labview_demo_csv
ARO-01,3386,B_quadratic,surveillance,pause,1.915,0.000,13.9,68.7,0.000,180.0,pause,labview_demo_csv
ARO-01,3387,B_quadratic,surveillance,pause,1.943,0.004,13.9,68.6,0.008,180.0,pause,labview_demo_csv
ARO-01,3388,B_quadratic,surveillance,ascent,1.960,1.639,14.3,68.5,2.958,255.0,ascent,labview_demo_csv
ARO-01,3389,B_quadratic,surveillance,ascent,2.007,1.649,14.4,68.5,2.975,255.0,ascent,labview_demo_csv
ARO-01,3390,B_quadratic,surveillance,ascent,1.977,1.645,14.6,68.3,2.968,255.0,ascent,labview_demo_csv
ARO-01,3391,B_quadratic,surveillance,ascent,1.928,1.639,14.7,68.3,2.956,255.0,ascent,labview_demo_csv
ARO-01,3392,B_quadratic,surveillance,ascent,1.966,1.637,14.9,68.0,2.953,255.0,ascent,labview_demo_csv
ARO-01,3393,B_quadratic,surveillance,ascent,2.036,1.647,15.1,67.9,2.971,255.0,ascent,labview_demo_csv
ARO-01,3394,B_quadratic,surveillance,ascent,2.016,1.627,15.2,67.9,2.936,255.0,ascent,labview_demo_csv
ARO-01,3395,B_quadratic,surveillance,ascent,2.045,1.650,15.3,68.0,2.977,255.0,ascent,labview_demo_csv
ARO-01,3396,B_quadratic,surveillance,ascent,1.979,1.635,15.4,68.0,2.949,255.0,ascent,labview_demo_csv
ARO-01,3397,B_quadratic,surveillance,ascent,1.955,1.650,15.5,67.9,2.977,255.0,ascent,labview_demo_csv
ARO-01,3398,B_quadratic,surveillance,ascent,2.040,1.633,15.6,67.9,2.947,255.0,ascent,labview_demo_csv
ARO-01,3399,B_quadratic,surveillance,ascent,1.976,1.652,15.7,67.9,2.980,255.0,ascent,labview_demo_csv
ARO-01,3400,B_quadratic,surveillance,descent,2.012,0.347,15.7,68.0,0.625,255.0,descent,labview_demo_csv
ARO-01,3401,B_quadratic,surveillance,descent,1.935,0.350,15.6,68.1,0.631,255.0,descent,labview_demo_csv
ARO-01,3402,B_quadratic,surveillance,descent,1.946,0.345,15.5,68.3,0.623,255.0,descent,labview_demo_csv
ARO-01,3403,B_quadratic,surveillance,descent,1.942,0.345,15.4,68.5,0.622,255.0,descent,labview_demo_csv
ARO-01,3404,B_quadratic,surveillance,descent,1.915,0.353,15.4,68.3,0.637,255.0,descent,labview_demo_csv
ARO-01,3405,B_quadratic,surveillance,descent,1.959,0.342,15.3,68.2,0.617,255.0,descent,labview_demo_csv
ARO-01,3406,B_quadratic,surveillance,descent,1.902,0.350,15.3,68.2,0.631,255.0,descent,labview_demo_csv
ARO-01,3407,B_quadratic,surveillance,descent,1.905,0.353,15.2,68.0,0.637,255.0,descent,labview_demo_csv
ARO-01,3408,B_quadratic,surveillance,descent,1.907,0.347,15.2,68.0,0.626,255.0,descent,labview_demo_csv
ARO-01,3409,B_quadratic,surveillance,descent,1.896,0.345,15.1,68.1,0.623,255.0,descent,labview_demo_csv
ARO-01,3410,B_quadratic,surveillance,descent,1.905,0.354,15.1,68.2,0.639,255.0,descent,labview_demo_csv
ARO-01,3411,B_quadratic,surveillance,descent,1.841,0.355,15.0,68.4,0.640,255.0,descent,labview_demo_csv
ARO-01,3412,B_quadratic,surveillance,pause,1.889,0.005,14.9,68.5,0.009,255.0,pause,labview_demo_csv
ARO-01,3413,B_quadratic,surveillance,pause,1.896,0.012,14.9,68.4,0.021,255.0,pause,labview_demo_csv
ARO-01,3414,B_quadratic,surveillance,pause,1.872,0.004,14.8,68.5,0.007,255.0,pause,labview_demo_csv
ARO-01,3415,B_quadratic,surveillance,pause,1.832,0.000,14.7,68.8,0.000,255.0,pause,labview_demo_csv
ARO-01,3416,B_quadratic,surveillance,pause,1.898,0.000,14.7,68.8,0.000,255.0,pause,labview_demo_csv
ARO-01,3417,B_quadratic,surveillance,pause,1.856,0.000,14.7,68.6,0.000,255.0,pause,labview_demo_csv
ARO-01,3418,B_quadratic,surveillance,pause,1.888,0.000,14.6,68.4,0.000,255.0,pause,labview_demo_csv
ARO-01,3419,B_quadratic,surveillance,pause,1.873,0.000,14.4,68.3,0.000,255.0,pause,labview_demo_csv
ARO-01,3420,B_quadratic,surveillance,pause,1.884,0.000,14.4,68.4,0.000,255.0,pause,labview_demo_csv
ARO-01,3421,B_quadratic,surveillance,pause,1.880,0.000,14.3,68.3,0.000,255.0,pause,labview_demo_csv
ARO-01,3422,B_quadratic,surveillance,pause,1.879,0.006,14.3,68.4,0.011,255.0,pause,labview_demo_csv
ARO-01,3423,B_quadratic,surveillance,pause,1.908,0.003,14.3,68.1,0.006,255.0,pause,labview_demo_csv
ARO-01,3424,B_quadratic,surveillance,pause,1.961,0.000,14.4,68.1,0.000,255.0,pause,labview_demo_csv
ARO-01,3425,B_quadratic,surveillance,pause,1.905,0.000,14.3,68.4,0.000,255.0,pause,labview_demo_csv
ARO-01,3426,B_quadratic,surveillance,pause,1.935,0.000,14.2,68.2,0.000,255.0,pause,labview_demo_csv
ARO-01,3427,B_quadratic,surveillance,pause,1.880,0.000,14.2,68.3,0.000,255.0,pause,labview_demo_csv
ARO-01,3428,B_quadratic,surveillance,pause,1.949,0.000,14.1,68.7,0.000,255.0,pause,labview_demo_csv
ARO-01,3429,B_quadratic,surveillance,pause,1.964,0.000,14.0,68.9,0.000,255.0,pause,labview_demo_csv
ARO-01,3430,B_quadratic,surveillance,pause,1.948,0.017,14.0,69.1,0.031,255.0,pause,labview_demo_csv
ARO-01,3431,B_quadratic,surveillance,pause,1.966,0.000,14.0,69.5,0.000,255.0,pause,labview_demo_csv
ARO-01,3432,B_quadratic,surveillance,ascent,1.999,1.379,14.1,69.2,2.487,195.0,ascent,labview_demo_csv
ARO-01,3433,B_quadratic,surveillance,ascent,1.980,1.387,14.3,69.0,2.502,195.0,ascent,labview_demo_csv
ARO-01,3434,B_quadratic,surveillance,ascent,2.007,1.370,14.6,68.8,2.471,195.0,ascent,labview_demo_csv
ARO-01,3435,B_quadratic,surveillance,ascent,1.969,1.383,14.8,68.8,2.495,195.0,ascent,labview_demo_csv
ARO-01,3436,B_quadratic,surveillance,ascent,1.995,1.390,14.9,68.6,2.508,195.0,ascent,labview_demo_csv
ARO-01,3437,B_quadratic,surveillance,ascent,1.971,1.394,15.0,68.5,2.516,195.0,ascent,labview_demo_csv
ARO-01,3438,B_quadratic,surveillance,ascent,2.018,1.388,15.3,68.8,2.503,195.0,ascent,labview_demo_csv
ARO-01,3439,B_quadratic,surveillance,ascent,2.002,1.386,15.5,68.8,2.501,195.0,ascent,labview_demo_csv
ARO-01,3440,B_quadratic,surveillance,ascent,1.936,1.388,15.6,68.6,2.505,195.0,ascent,labview_demo_csv
ARO-01,3441,B_quadratic,surveillance,ascent,2.021,1.384,15.7,68.5,2.497,195.0,ascent,labview_demo_csv
ARO-01,3442,B_quadratic,surveillance,ascent,1.984,1.381,15.6,68.6,2.492,195.0,ascent,labview_demo_csv
ARO-01,3443,B_quadratic,surveillance,ascent,2.034,1.392,15.6,68.6,2.511,195.0,ascent,labview_demo_csv
ARO-01,3444,B_quadratic,surveillance,descent,2.010,0.351,15.5,68.8,0.633,195.0,descent,labview_demo_csv
ARO-01,3445,B_quadratic,surveillance,descent,2.010,0.354,15.3,69.0,0.640,195.0,descent,labview_demo_csv
ARO-01,3446,B_quadratic,surveillance,descent,2.015,0.346,15.3,68.8,0.625,195.0,descent,labview_demo_csv
ARO-01,3447,B_quadratic,surveillance,descent,1.945,0.362,15.3,68.7,0.653,195.0,descent,labview_demo_csv
ARO-01,3448,B_quadratic,surveillance,descent,1.992,0.352,15.2,68.7,0.635,195.0,descent,labview_demo_csv
ARO-01,3449,B_quadratic,surveillance,descent,1.974,0.364,15.3,69.3,0.657,195.0,descent,labview_demo_csv
ARO-01,3450,B_quadratic,surveillance,descent,1.977,0.358,15.3,69.5,0.647,195.0,descent,labview_demo_csv
ARO-01,3451,B_quadratic,surveillance,descent,1.955,0.348,15.2,69.6,0.627,195.0,descent,labview_demo_csv
ARO-01,3452,B_quadratic,surveillance,descent,1.909,0.360,15.1,69.3,0.650,195.0,descent,labview_demo_csv
ARO-01,3453,B_quadratic,surveillance,descent,1.962,0.346,15.1,69.2,0.625,195.0,descent,labview_demo_csv
ARO-01,3454,B_quadratic,surveillance,descent,1.933,0.345,15.1,69.3,0.623,195.0,descent,labview_demo_csv
ARO-01,3455,B_quadratic,surveillance,descent,1.861,0.357,15.0,69.5,0.645,195.0,descent,labview_demo_csv
ARO-01,3456,B_quadratic,surveillance,pause,1.915,0.000,14.9,69.3,0.000,195.0,pause,labview_demo_csv
ARO-01,3457,B_quadratic,surveillance,pause,1.909,0.000,14.9,69.1,0.000,195.0,pause,labview_demo_csv
ARO-01,3458,B_quadratic,surveillance,pause,1.828,0.000,14.8,68.8,0.000,195.0,pause,labview_demo_csv
ARO-01,3459,B_quadratic,surveillance,pause,1.937,0.006,14.8,69.0,0.011,195.0,pause,labview_demo_csv
ARO-01,3460,B_quadratic,surveillance,pause,1.914,0.013,14.7,69.2,0.023,195.0,pause,labview_demo_csv
ARO-01,3461,B_quadratic,surveillance,pause,1.908,0.006,14.6,69.3,0.010,195.0,pause,labview_demo_csv
ARO-01,3462,B_quadratic,surveillance,pause,1.899,0.001,14.6,69.4,0.003,195.0,pause,labview_demo_csv
ARO-01,3463,B_quadratic,surveillance,pause,1.903,0.000,14.5,69.3,0.000,195.0,pause,labview_demo_csv
ARO-01,3464,B_quadratic,surveillance,pause,1.915,0.010,14.6,69.4,0.019,195.0,pause,labview_demo_csv
ARO-01,3465,B_quadratic,surveillance,pause,1.924,0.007,14.6,69.3,0.012,195.0,pause,labview_demo_csv
ARO-01,3466,B_quadratic,surveillance,pause,1.922,0.000,14.5,69.3,0.000,195.0,pause,labview_demo_csv
ARO-01,3467,B_quadratic,surveillance,pause,1.892,0.004,14.5,69.1,0.008,195.0,pause,labview_demo_csv
ARO-01,3468,B_quadratic,surveillance,pause,1.925,0.019,14.4,69.1,0.034,195.0,pause,labview_demo_csv
ARO-01,3469,B_quadratic,surveillance,pause,1.913,0.008,14.4,69.3,0.015,195.0,pause,labview_demo_csv
ARO-01,3470,B_quadratic,surveillance,pause,1.882,0.000,14.5,69.5,0.000,195.0,pause,labview_demo_csv
ARO-01,3471,B_quadratic,surveillance,pause,1.946,0.000,14.5,69.4,0.000,195.0,pause,labview_demo_csv
ARO-01,3472,B_quadratic,surveillance,pause,1.913,0.013,14.5,69.7,0.023,195.0,pause,labview_demo_csv
ARO-01,3473,B_quadratic,surveillance,pause,1.912,0.011,14.5,69.5,0.021,195.0,pause,labview_demo_csv
ARO-01,3474,B_quadratic,surveillance,pause,1.942,0.000,14.5,69.6,0.000,195.0,pause,labview_demo_csv
ARO-01,3475,B_quadratic,surveillance,pause,2.019,0.002,14.5,69.7,0.004,195.0,pause,labview_demo_csv
ARO-01,3476,B_quadratic,surveillance,ascent,1.976,0.880,14.6,69.5,1.587,75.0,ascent,labview_demo_csv
ARO-01,3477,B_quadratic,surveillance,ascent,1.939,0.891,14.8,69.5,1.608,75.0,ascent,labview_demo_csv
ARO-01,3478,B_quadratic,surveillance,ascent,1.936,0.875,14.9,69.2,1.579,75.0,ascent,labview_demo_csv
ARO-01,3479,B_quadratic,surveillance,ascent,1.963,0.872,14.9,69.1,1.574,75.0,ascent,labview_demo_csv
ARO-01,3480,B_quadratic,surveillance,ascent,1.981,0.864,15.1,68.9,1.560,75.0,ascent,labview_demo_csv
ARO-01,3481,B_quadratic,surveillance,ascent,2.032,0.868,15.1,69.2,1.565,75.0,ascent,labview_demo_csv
ARO-01,3482,B_quadratic,surveillance,ascent,2.007,0.885,15.2,69.3,1.597,75.0,ascent,labview_demo_csv
ARO-01,3483,B_quadratic,surveillance,ascent,2.007,0.874,15.3,69.2,1.576,75.0,ascent,labview_demo_csv
ARO-01,3484,B_quadratic,surveillance,ascent,2.027,0.880,15.3,69.4,1.588,75.0,ascent,labview_demo_csv
ARO-01,3485,B_quadratic,surveillance,ascent,2.026,0.866,15.3,69.7,1.563,75.0,ascent,labview_demo_csv
ARO-01,3486,B_quadratic,surveillance,ascent,2.104,0.871,15.3,69.4,1.571,75.0,ascent,labview_demo_csv
ARO-01,3487,B_quadratic,surveillance,ascent,2.007,0.881,15.4,69.7,1.590,75.0,ascent,labview_demo_csv
ARO-01,3488,B_quadratic,surveillance,descent,1.991,0.353,15.4,69.5,0.636,75.0,descent,labview_demo_csv
ARO-01,3489,B_quadratic,surveillance,descent,2.007,0.349,15.3,69.4,0.630,75.0,descent,labview_demo_csv
ARO-01,3490,B_quadratic,surveillance,descent,1.982,0.336,15.2,69.5,0.606,75.0,descent,labview_demo_csv
ARO-01,3491,B_quadratic,surveillance,descent,1.980,0.340,15.2,69.4,0.613,75.0,descent,labview_demo_csv
ARO-01,3492,B_quadratic,surveillance,descent,1.978,0.354,15.2,69.2,0.639,75.0,descent,labview_demo_csv
ARO-01,3493,B_quadratic,surveillance,descent,1.965,0.350,15.3,69.2,0.631,75.0,descent,labview_demo_csv
ARO-01,3494,B_quadratic,surveillance,descent,1.940,0.351,15.3,69.3,0.633,75.0,descent,labview_demo_csv
ARO-01,3495,B_quadratic,surveillance,descent,1.988,0.357,15.2,69.4,0.645,75.0,descent,labview_demo_csv
ARO-01,3496,B_quadratic,surveillance,descent,1.916,0.359,15.3,69.5,0.649,75.0,descent,labview_demo_csv
ARO-01,3497,B_quadratic,surveillance,descent,1.897,0.352,15.3,69.3,0.635,75.0,descent,labview_demo_csv
ARO-01,3498,B_quadratic,surveillance,descent,1.929,0.346,15.2,69.3,0.625,75.0,descent,labview_demo_csv
ARO-01,3499,B_quadratic,surveillance,descent,1.889,0.340,15.2,69.3,0.613,75.0,descent,labview_demo_csv
ARO-01,3500,B_quadratic,surveillance,pause,1.848,0.009,15.2,69.3,0.016,75.0,pause,labview_demo_csv
ARO-01,3501,B_quadratic,surveillance,pause,1.907,0.000,15.0,69.7,0.000,75.0,pause,labview_demo_csv
ARO-01,3502,B_quadratic,surveillance,pause,1.900,0.005,15.0,69.8,0.009,75.0,pause,labview_demo_csv
ARO-01,3503,B_quadratic,surveillance,pause,1.869,0.000,14.8,70.1,0.000,75.0,pause,labview_demo_csv
ARO-01,3504,B_quadratic,surveillance,pause,1.892,0.007,14.8,70.2,0.012,75.0,pause,labview_demo_csv
ARO-01,3505,B_quadratic,surveillance,pause,1.909,0.008,14.7,70.1,0.014,75.0,pause,labview_demo_csv
ARO-01,3506,B_quadratic,surveillance,pause,1.896,0.000,14.6,70.0,0.000,75.0,pause,labview_demo_csv
ARO-01,3507,B_quadratic,surveillance,pause,1.926,0.010,14.6,69.9,0.018,75.0,pause,labview_demo_csv
ARO-01,3508,B_quadratic,surveillance,pause,1.929,0.000,14.6,70.0,0.000,75.0,pause,labview_demo_csv
ARO-01,3509,B_quadratic,surveillance,pause,1.939,0.014,14.4,69.5,0.025,75.0,pause,labview_demo_csv
ARO-01,3510,B_quadratic,surveillance,pause,1.902,0.000,14.5,69.7,0.000,75.0,pause,labview_demo_csv
ARO-01,3511,B_quadratic,surveillance,pause,1.892,0.012,14.5,69.8,0.023,75.0,pause,labview_demo_csv
ARO-01,3512,B_quadratic,surveillance,pause,1.966,0.000,14.5,69.9,0.000,75.0,pause,labview_demo_csv
ARO-01,3513,B_quadratic,surveillance,pause,1.992,0.000,14.5,70.1,0.000,75.0,pause,labview_demo_csv
ARO-01,3514,B_quadratic,surveillance,pause,1.976,0.000,14.5,70.2,0.000,75.0,pause,labview_demo_csv
ARO-01,3515,B_quadratic,surveillance,pause,1.983,0.013,14.5,70.4,0.023,75.0,pause,labview_demo_csv
ARO-01,3516,B_quadratic,surveillance,pause,1.982,0.000,14.5,70.5,0.000,75.0,pause,labview_demo_csv
ARO-01,3517,B_quadratic,surveillance,pause,2.056,0.000,14.5,70.2,0.000,75.0,pause,labview_demo_csv
ARO-01,3518,B_quadratic,surveillance,pause,2.041,0.010,14.6,70.1,0.019,75.0,pause,labview_demo_csv
ARO-01,3519,B_quadratic,surveillance,pause,2.008,0.000,14.6,70.1,0.000,75.0,pause,labview_demo_csv
ARO-01,3520,B_quadratic,surveillance,ascent,2.075,0.865,14.6,70.5,1.560,75.0,ascent,labview_demo_csv
ARO-01,3521,B_quadratic,surveillance,ascent,2.058,0.885,14.7,70.4,1.596,75.0,ascent,labview_demo_csv
ARO-01,3522,B_quadratic,surveillance,ascent,2.091,0.894,14.9,70.4,1.613,75.0,ascent,labview_demo_csv
ARO-01,3523,B_quadratic,surveillance,ascent,2.071,0.892,15.0,70.4,1.610,75.0,ascent,labview_demo_csv
ARO-01,3524,B_quadratic,surveillance,ascent,2.123,0.889,15.1,70.4,1.604,75.0,ascent,labview_demo_csv
ARO-01,3525,B_quadratic,surveillance,ascent,2.083,0.877,15.2,70.2,1.582,75.0,ascent,labview_demo_csv
ARO-01,3526,B_quadratic,surveillance,ascent,2.103,0.890,15.2,70.3,1.606,75.0,ascent,labview_demo_csv
ARO-01,3527,B_quadratic,surveillance,ascent,2.107,0.888,15.2,70.1,1.602,75.0,ascent,labview_demo_csv
ARO-01,3528,B_quadratic,surveillance,ascent,2.103,0.880,15.2,69.8,1.588,75.0,ascent,labview_demo_csv
ARO-01,3529,B_quadratic,surveillance,ascent,2.047,0.869,15.3,69.7,1.567,75.0,ascent,labview_demo_csv
ARO-01,3530,B_quadratic,surveillance,ascent,2.101,0.880,15.3,69.6,1.588,75.0,ascent,labview_demo_csv
ARO-01,3531,B_quadratic,surveillance,ascent,2.043,0.882,15.5,70.1,1.592,75.0,ascent,labview_demo_csv
ARO-01,3532,B_quadratic,surveillance,descent,2.083,0.342,15.4,70.4,0.616,75.0,descent,labview_demo_csv
ARO-01,3533,B_quadratic,surveillance,descent,2.026,0.359,15.4,70.7,0.648,75.0,descent,labview_demo_csv
ARO-01,3534,B_quadratic,surveillance,descent,2.051,0.354,15.3,70.6,0.638,75.0,descent,labview_demo_csv
ARO-01,3535,B_quadratic,surveillance,descent,2.007,0.346,15.3,70.4,0.625,75.0,descent,labview_demo_csv
ARO-01,3536,B_quadratic,surveillance,descent,2.032,0.356,15.2,70.3,0.642,75.0,descent,labview_demo_csv
ARO-01,3537,B_quadratic,surveillance,descent,2.039,0.350,15.3,70.5,0.631,75.0,descent,labview_demo_csv
ARO-01,3538,B_quadratic,surveillance,descent,2.016,0.356,15.2,70.6,0.642,75.0,descent,labview_demo_csv
ARO-01,3539,B_quadratic,surveillance,descent,2.028,0.351,15.2,70.5,0.633,75.0,descent,labview_demo_csv
ARO-01,3540,B_quadratic,surveillance,descent,2.033,0.346,15.2,70.7,0.623,75.0,descent,labview_demo_csv
ARO-01,3541,B_quadratic,surveillance,descent,2.018,0.355,15.3,70.8,0.641,75.0,descent,labview_demo_csv
ARO-01,3542,B_quadratic,surveillance,descent,1.988,0.344,15.2,70.5,0.621,75.0,descent,labview_demo_csv
ARO-01,3543,B_quadratic,surveillance,descent,2.008,0.355,15.2,70.8,0.640,75.0,descent,labview_demo_csv
ARO-01,3544,B_quadratic,surveillance,pause,1.971,0.005,15.1,70.9,0.010,75.0,pause,labview_demo_csv
ARO-01,3545,B_quadratic,surveillance,pause,1.974,0.001,15.0,71.0,0.001,75.0,pause,labview_demo_csv
ARO-01,3546,B_quadratic,surveillance,pause,1.963,0.002,14.9,71.1,0.004,75.0,pause,labview_demo_csv
ARO-01,3547,B_quadratic,surveillance,pause,1.998,0.000,14.9,71.3,0.000,75.0,pause,labview_demo_csv
ARO-01,3548,B_quadratic,surveillance,pause,1.967,0.000,14.9,71.1,0.000,75.0,pause,labview_demo_csv
ARO-01,3549,B_quadratic,surveillance,pause,1.950,0.000,14.8,71.0,0.000,75.0,pause,labview_demo_csv
ARO-01,3550,B_quadratic,surveillance,pause,1.943,0.000,14.7,71.1,0.000,75.0,pause,labview_demo_csv
ARO-01,3551,B_quadratic,surveillance,pause,1.984,0.003,14.7,71.1,0.005,75.0,pause,labview_demo_csv
ARO-01,3552,B_quadratic,surveillance,pause,2.003,0.001,14.7,71.6,0.002,75.0,pause,labview_demo_csv
ARO-01,3553,B_quadratic,surveillance,pause,1.970,0.000,14.8,71.8,0.000,75.0,pause,labview_demo_csv
ARO-01,3554,B_quadratic,surveillance,pause,1.973,0.000,14.7,72.1,0.000,75.0,pause,labview_demo_csv
ARO-01,3555,B_quadratic,surveillance,pause,1.938,0.004,14.8,72.1,0.007,75.0,pause,labview_demo_csv
ARO-01,3556,B_quadratic,surveillance,pause,1.978,0.004,14.7,72.4,0.008,75.0,pause,labview_demo_csv
ARO-01,3557,B_quadratic,surveillance,pause,1.956,0.001,14.6,72.3,0.001,75.0,pause,labview_demo_csv
ARO-01,3558,B_quadratic,surveillance,pause,1.973,0.003,14.7,72.5,0.005,75.0,pause,labview_demo_csv
ARO-01,3559,B_quadratic,surveillance,pause,2.014,0.000,14.7,72.5,0.000,75.0,pause,labview_demo_csv
ARO-01,3560,B_quadratic,surveillance,pause,1.995,0.001,14.7,72.6,0.002,75.0,pause,labview_demo_csv
ARO-01,3561,B_quadratic,surveillance,pause,2.081,0.005,14.7,72.4,0.008,75.0,pause,labview_demo_csv
ARO-01,3562,B_quadratic,surveillance,pause,2.022,0.000,14.7,72.5,0.000,75.0,pause,labview_demo_csv
ARO-01,3563,B_quadratic,surveillance,pause,2.018,0.006,14.6,72.5,0.010,75.0,pause,labview_demo_csv
ARO-01,3564,B_quadratic,surveillance,ascent,2.065,0.813,14.7,72.4,1.466,60.0,ascent,labview_demo_csv
ARO-01,3565,B_quadratic,surveillance,ascent,2.100,0.813,14.8,72.5,1.467,60.0,ascent,labview_demo_csv
ARO-01,3566,B_quadratic,surveillance,ascent,2.154,0.820,14.9,72.4,1.480,60.0,ascent,labview_demo_csv
ARO-01,3567,B_quadratic,surveillance,ascent,2.076,0.814,15.0,72.3,1.469,60.0,ascent,labview_demo_csv
ARO-01,3568,B_quadratic,surveillance,ascent,2.096,0.809,15.0,72.2,1.459,60.0,ascent,labview_demo_csv
ARO-01,3569,B_quadratic,surveillance,ascent,2.090,0.827,15.1,72.0,1.493,60.0,ascent,labview_demo_csv
ARO-01,3570,B_quadratic,surveillance,ascent,2.125,0.820,15.2,71.9,1.479,60.0,ascent,labview_demo_csv
ARO-01,3571,B_quadratic,surveillance,ascent,2.089,0.815,15.2,72.1,1.470,60.0,ascent,labview_demo_csv
ARO-01,3572,B_quadratic,surveillance,ascent,2.104,0.813,15.2,72.1,1.467,60.0,ascent,labview_demo_csv
ARO-01,3573,B_quadratic,surveillance,ascent,2.136,0.828,15.3,71.9,1.494,60.0,ascent,labview_demo_csv
ARO-01,3574,B_quadratic,surveillance,ascent,2.057,0.809,15.4,71.9,1.460,60.0,ascent,labview_demo_csv
ARO-01,3575,B_quadratic,surveillance,ascent,2.081,0.807,15.5,71.8,1.457,60.0,ascent,labview_demo_csv
ARO-01,3576,B_quadratic,surveillance,descent,2.040,0.358,15.4,72.0,0.645,60.0,descent,labview_demo_csv
ARO-01,3577,B_quadratic,surveillance,descent,2.095,0.348,15.3,71.8,0.629,60.0,descent,labview_demo_csv
ARO-01,3578,B_quadratic,surveillance,descent,2.110,0.349,15.3,72.0,0.629,60.0,descent,labview_demo_csv
ARO-01,3579,B_quadratic,surveillance,descent,2.085,0.339,15.3,72.0,0.611,60.0,descent,labview_demo_csv
ARO-01,3580,B_quadratic,surveillance,descent,2.059,0.349,15.2,72.1,0.630,60.0,descent,labview_demo_csv
ARO-01,3581,B_quadratic,surveillance,descent,2.098,0.357,15.2,72.0,0.644,60.0,descent,labview_demo_csv
ARO-01,3582,B_quadratic,surveillance,descent,2.064,0.351,15.1,72.0,0.633,60.0,descent,labview_demo_csv
ARO-01,3583,B_quadratic,surveillance,descent,2.057,0.351,15.2,72.3,0.633,60.0,descent,labview_demo_csv
ARO-01,3584,B_quadratic,surveillance,descent,2.074,0.353,15.3,72.2,0.637,60.0,descent,labview_demo_csv
ARO-01,3585,B_quadratic,surveillance,descent,2.009,0.348,15.4,72.3,0.628,60.0,descent,labview_demo_csv
ARO-01,3586,B_quadratic,surveillance,descent,2.018,0.349,15.3,72.4,0.630,60.0,descent,labview_demo_csv
ARO-01,3587,B_quadratic,surveillance,descent,1.953,0.344,15.4,72.6,0.620,60.0,descent,labview_demo_csv
ARO-01,3588,B_quadratic,surveillance,pause,2.022,0.001,15.3,72.7,0.002,60.0,pause,labview_demo_csv
ARO-01,3589,B_quadratic,surveillance,pause,1.978,0.002,15.2,72.6,0.004,60.0,pause,labview_demo_csv
ARO-01,3590,B_quadratic,surveillance,pause,1.931,0.000,15.3,72.5,0.000,60.0,pause,labview_demo_csv
ARO-01,3591,B_quadratic,surveillance,pause,1.950,0.019,15.2,72.4,0.034,60.0,pause,labview_demo_csv
ARO-01,3592,B_quadratic,surveillance,pause,1.991,0.009,15.1,72.2,0.017,60.0,pause,labview_demo_csv
ARO-01,3593,B_quadratic,surveillance,pause,2.010,0.000,15.0,72.1,0.000,60.0,pause,labview_demo_csv
ARO-01,3594,B_quadratic,surveillance,pause,2.012,0.000,15.0,71.9,0.000,60.0,pause,labview_demo_csv
ARO-01,3595,B_quadratic,surveillance,pause,1.997,0.008,14.9,72.1,0.014,60.0,pause,labview_demo_csv
ARO-01,3596,B_quadratic,surveillance,pause,1.969,0.014,15.0,72.3,0.025,60.0,pause,labview_demo_csv
ARO-01,3597,B_quadratic,surveillance,pause,1.988,0.004,14.9,71.9,0.008,60.0,pause,labview_demo_csv
ARO-01,3598,B_quadratic,surveillance,pause,2.028,0.007,14.9,71.8,0.012,60.0,pause,labview_demo_csv
ARO-01,3599,B_quadratic,surveillance,pause,1.996,0.000,14.8,71.9,0.000,60.0,pause,labview_demo_csv
ARO-01,3600,B_quadratic,surveillance,pause,2.035,0.000,14.9,71.8,0.001,60.0,pause,labview_demo_csv
ARO-01,3601,B_quadratic,surveillance,pause,1.988,0.000,14.9,72.1,0.000,60.0,pause,labview_demo_csv
ARO-01,3602,B_quadratic,surveillance,pause,2.067,0.000,14.8,72.3,0.000,60.0,pause,labview_demo_csv
ARO-01,3603,B_quadratic,surveillance,pause,2.059,0.003,14.7,72.5,0.006,60.0,pause,labview_demo_csv
ARO-01,3604,B_quadratic,surveillance,pause,2.107,0.004,14.7,72.8,0.007,60.0,pause,labview_demo_csv
ARO-01,3605,B_quadratic,surveillance,pause,2.058,0.000,14.8,72.9,0.000,60.0,pause,labview_demo_csv
ARO-01,3606,B_quadratic,surveillance,pause,2.057,0.000,14.8,73.0,0.000,60.0,pause,labview_demo_csv
ARO-01,3607,B_quadratic,surveillance,pause,2.140,0.000,14.9,73.0,0.000,60.0,pause,labview_demo_csv
ARO-01,3608,B_quadratic,surveillance,ascent,2.036,1.714,15.0,72.5,3.092,270.0,ascent,labview_demo_csv
ARO-01,3609,B_quadratic,surveillance,ascent,2.084,1.711,15.3,72.7,3.087,270.0,ascent,labview_demo_csv
ARO-01,3610,B_quadratic,surveillance,ascent,2.094,1.710,15.4,72.3,3.084,270.0,ascent,labview_demo_csv
ARO-01,3611,B_quadratic,surveillance,ascent,2.078,1.714,15.7,72.1,3.093,270.0,ascent,labview_demo_csv
ARO-01,3612,B_quadratic,surveillance,ascent,2.131,1.722,15.8,72.0,3.106,270.0,ascent,labview_demo_csv
ARO-01,3613,B_quadratic,surveillance,ascent,2.143,1.716,15.9,71.9,3.096,270.0,ascent,labview_demo_csv
ARO-01,3614,B_quadratic,surveillance,ascent,2.099,1.721,16.1,71.7,3.105,270.0,ascent,labview_demo_csv
ARO-01,3615,B_quadratic,surveillance,ascent,2.154,1.724,16.1,71.5,3.110,270.0,ascent,labview_demo_csv
ARO-01,3616,B_quadratic,surveillance,ascent,2.130,1.703,16.2,71.4,3.073,270.0,ascent,labview_demo_csv
ARO-01,3617,B_quadratic,surveillance,ascent,2.172,1.718,16.2,71.4,3.099,270.0,ascent,labview_demo_csv
ARO-01,3618,B_quadratic,surveillance,ascent,2.155,1.709,16.3,71.4,3.083,270.0,ascent,labview_demo_csv
ARO-01,3619,B_quadratic,surveillance,ascent,2.122,1.714,16.3,71.0,3.093,270.0,ascent,labview_demo_csv
ARO-01,3620,B_quadratic,surveillance,descent,2.147,0.342,16.3,71.3,0.618,270.0,descent,labview_demo_csv
ARO-01,3621,B_quadratic,surveillance,descent,2.128,0.349,16.2,71.5,0.630,270.0,descent,labview_demo_csv
ARO-01,3622,B_quadratic,surveillance,descent,2.134,0.338,15.9,71.5,0.611,270.0,descent,labview_demo_csv
ARO-01,3623,B_quadratic,surveillance,descent,2.105,0.348,15.9,71.7,0.629,270.0,descent,labview_demo_csv
ARO-01,3624,B_quadratic,surveillance,descent,2.067,0.339,15.8,71.8,0.612,270.0,descent,labview_demo_csv
ARO-01,3625,B_quadratic,surveillance,descent,2.089,0.342,15.8,72.1,0.618,270.0,descent,labview_demo_csv
ARO-01,3626,B_quadratic,surveillance,descent,2.053,0.344,15.6,72.7,0.620,270.0,descent,labview_demo_csv
ARO-01,3627,B_quadratic,surveillance,descent,2.014,0.352,15.7,72.6,0.635,270.0,descent,labview_demo_csv
ARO-01,3628,B_quadratic,surveillance,descent,2.057,0.346,15.8,72.7,0.625,270.0,descent,labview_demo_csv
ARO-01,3629,B_quadratic,surveillance,descent,2.025,0.364,15.7,72.9,0.656,270.0,descent,labview_demo_csv
ARO-01,3630,B_quadratic,surveillance,descent,2.001,0.363,15.7,72.8,0.655,270.0,descent,labview_demo_csv
ARO-01,3631,B_quadratic,surveillance,descent,1.960,0.348,15.6,72.6,0.628,270.0,descent,labview_demo_csv
ARO-01,3632,B_quadratic,surveillance,pause,2.043,0.000,15.5,72.8,0.000,270.0,pause,labview_demo_csv
ARO-01,3633,B_quadratic,surveillance,pause,2.008,0.000,15.5,72.7,0.000,270.0,pause,labview_demo_csv
ARO-01,3634,B_quadratic,surveillance,pause,2.069,0.001,15.4,72.8,0.001,270.0,pause,labview_demo_csv
ARO-01,3635,B_quadratic,surveillance,pause,1.977,0.000,15.3,72.8,0.000,270.0,pause,labview_demo_csv
ARO-01,3636,B_quadratic,surveillance,pause,1.996,0.000,15.3,72.9,0.000,270.0,pause,labview_demo_csv
ARO-01,3637,B_quadratic,surveillance,pause,1.983,0.009,15.3,73.2,0.017,270.0,pause,labview_demo_csv
ARO-01,3638,B_quadratic,surveillance,pause,1.992,0.005,15.4,73.4,0.008,270.0,pause,labview_demo_csv
ARO-01,3639,B_quadratic,surveillance,pause,2.054,0.000,15.4,73.5,0.000,270.0,pause,labview_demo_csv
ARO-01,3640,B_quadratic,surveillance,pause,2.009,0.010,15.4,73.8,0.018,270.0,pause,labview_demo_csv
ARO-01,3641,B_quadratic,surveillance,pause,2.046,0.000,15.4,73.7,0.000,270.0,pause,labview_demo_csv
ARO-01,3642,B_quadratic,surveillance,pause,1.986,0.003,15.3,73.8,0.005,270.0,pause,labview_demo_csv
ARO-01,3643,B_quadratic,surveillance,pause,2.058,0.002,15.3,73.6,0.003,270.0,pause,labview_demo_csv
ARO-01,3644,B_quadratic,surveillance,pause,2.016,0.000,15.2,73.9,0.000,270.0,pause,labview_demo_csv
ARO-01,3645,B_quadratic,surveillance,pause,2.026,0.006,15.3,73.8,0.011,270.0,pause,labview_demo_csv
ARO-01,3646,B_quadratic,surveillance,pause,2.059,0.001,15.3,73.8,0.003,270.0,pause,labview_demo_csv
ARO-01,3647,B_quadratic,surveillance,pause,2.119,0.001,15.1,73.8,0.001,270.0,pause,labview_demo_csv
ARO-01,3648,B_quadratic,surveillance,pause,2.130,0.000,15.1,73.9,0.000,270.0,pause,labview_demo_csv
ARO-01,3649,B_quadratic,surveillance,pause,2.045,0.000,15.1,74.0,0.000,270.0,pause,labview_demo_csv
ARO-01,3650,B_quadratic,surveillance,pause,2.023,0.000,15.1,74.1,0.000,270.0,pause,labview_demo_csv
ARO-01,3651,B_quadratic,surveillance,pause,2.189,0.004,15.1,73.9,0.008,270.0,pause,labview_demo_csv
ARO-01,3652,B_quadratic,surveillance,ascent,2.109,1.704,15.3,73.7,3.074,270.0,ascent,labview_demo_csv
ARO-01,3653,B_quadratic,surveillance,ascent,2.067,1.712,15.5,73.4,3.089,270.0,ascent,labview_demo_csv
ARO-01,3654,B_quadratic,surveillance,ascent,2.097,1.712,15.5,73.4,3.089,270.0,ascent,labview_demo_csv
ARO-01,3655,B_quadratic,surveillance,ascent,2.144,1.716,15.8,73.2,3.096,270.0,ascent,labview_demo_csv
ARO-01,3656,B_quadratic,surveillance,ascent,2.169,1.724,15.9,73.1,3.110,270.0,ascent,labview_demo_csv
ARO-01,3657,B_quadratic,surveillance,ascent,2.049,1.696,16.1,73.0,3.060,270.0,ascent,labview_demo_csv
ARO-01,3658,B_quadratic,surveillance,ascent,2.152,1.717,16.3,73.1,3.098,270.0,ascent,labview_demo_csv
ARO-01,3659,B_quadratic,surveillance,ascent,2.114,1.715,16.6,72.8,3.094,270.0,ascent,labview_demo_csv
ARO-01,3660,B_quadratic,surveillance,ascent,2.198,1.730,16.7,72.5,3.122,270.0,ascent,labview_demo_csv
ARO-01,3661,B_quadratic,surveillance,ascent,2.113,1.713,16.9,72.5,3.090,270.0,ascent,labview_demo_csv
ARO-01,3662,B_quadratic,surveillance,ascent,2.157,1.715,17.0,72.2,3.094,270.0,ascent,labview_demo_csv
ARO-01,3663,B_quadratic,surveillance,ascent,2.175,1.711,17.0,72.0,3.086,270.0,ascent,labview_demo_csv
ARO-01,3664,B_quadratic,surveillance,descent,2.142,0.349,16.8,72.0,0.629,270.0,descent,labview_demo_csv
ARO-01,3665,B_quadratic,surveillance,descent,2.109,0.344,16.7,71.8,0.621,270.0,descent,labview_demo_csv
ARO-01,3666,B_quadratic,surveillance,descent,2.086,0.334,16.7,71.7,0.603,270.0,descent,labview_demo_csv
ARO-01,3667,B_quadratic,surveillance,descent,2.093,0.358,16.6,72.0,0.647,270.0,descent,labview_demo_csv
ARO-01,3668,B_quadratic,surveillance,descent,2.173,0.341,16.6,72.2,0.615,270.0,descent,labview_demo_csv
ARO-01,3669,B_quadratic,surveillance,descent,2.051,0.355,16.4,72.1,0.641,270.0,descent,labview_demo_csv
ARO-01,3670,B_quadratic,surveillance,descent,2.119,0.355,16.4,72.4,0.640,270.0,descent,labview_demo_csv
ARO-01,3671,B_quadratic,surveillance,descent,2.101,0.349,16.4,73.0,0.630,270.0,descent,labview_demo_csv
ARO-01,3672,B_quadratic,surveillance,descent,2.141,0.355,16.4,73.1,0.640,270.0,descent,labview_demo_csv
ARO-01,3673,B_quadratic,surveillance,descent,2.069,0.347,16.3,73.3,0.625,270.0,descent,labview_demo_csv
ARO-01,3674,B_quadratic,surveillance,descent,2.083,0.348,16.2,73.4,0.629,270.0,descent,labview_demo_csv
ARO-01,3675,B_quadratic,surveillance,descent,2.015,0.350,16.2,73.5,0.631,270.0,descent,labview_demo_csv
ARO-01,3676,B_quadratic,surveillance,pause,2.056,0.002,16.1,73.6,0.004,270.0,pause,labview_demo_csv
ARO-01,3677,B_quadratic,surveillance,pause,2.033,0.001,16.1,73.5,0.003,270.0,pause,labview_demo_csv
ARO-01,3678,B_quadratic,surveillance,pause,2.040,0.012,16.0,73.6,0.022,270.0,pause,labview_demo_csv
ARO-01,3679,B_quadratic,surveillance,pause,2.015,0.000,16.0,73.2,0.000,270.0,pause,labview_demo_csv
ARO-01,3680,B_quadratic,surveillance,pause,2.024,0.014,16.0,73.4,0.026,270.0,pause,labview_demo_csv
ARO-01,3681,B_quadratic,surveillance,pause,2.069,0.000,15.9,73.3,0.000,270.0,pause,labview_demo_csv
ARO-01,3682,B_quadratic,surveillance,pause,2.016,0.001,15.8,73.2,0.001,270.0,pause,labview_demo_csv
ARO-01,3683,B_quadratic,surveillance,pause,2.040,0.005,15.8,73.2,0.009,270.0,pause,labview_demo_csv
ARO-01,3684,B_quadratic,surveillance,pause,2.079,0.000,15.8,73.3,0.000,270.0,pause,labview_demo_csv
ARO-01,3685,B_quadratic,surveillance,pause,2.045,0.000,15.8,73.6,0.000,270.0,pause,labview_demo_csv
ARO-01,3686,B_quadratic,surveillance,pause,2.065,0.000,15.7,73.5,0.000,270.0,pause,labview_demo_csv
ARO-01,3687,B_quadratic,surveillance,pause,2.103,0.002,15.7,73.9,0.004,270.0,pause,labview_demo_csv
ARO-01,3688,B_quadratic,surveillance,pause,2.080,0.005,15.6,73.9,0.010,270.0,pause,labview_demo_csv
ARO-01,3689,B_quadratic,surveillance,pause,2.076,0.000,15.6,74.0,0.000,270.0,pause,labview_demo_csv
ARO-01,3690,B_quadratic,surveillance,pause,2.097,0.000,15.4,73.9,0.000,270.0,pause,labview_demo_csv
ARO-01,3691,B_quadratic,surveillance,pause,2.106,0.002,15.4,74.1,0.003,270.0,pause,labview_demo_csv
ARO-01,3692,B_quadratic,surveillance,pause,2.098,0.000,15.4,73.9,0.000,270.0,pause,labview_demo_csv
ARO-01,3693,B_quadratic,surveillance,pause,2.077,0.000,15.4,74.0,0.000,270.0,pause,labview_demo_csv
ARO-01,3694,B_quadratic,surveillance,pause,2.107,0.000,15.4,73.9,0.000,270.0,pause,labview_demo_csv
ARO-01,3695,B_quadratic,surveillance,pause,2.140,0.001,15.5,73.9,0.001,270.0,pause,labview_demo_csv
ARO-01,3696,B_quadratic,surveillance,ascent,2.134,0.821,15.6,73.6,1.481,60.0,ascent,labview_demo_csv
ARO-01,3697,B_quadratic,surveillance,ascent,2.120,0.817,15.7,73.3,1.474,60.0,ascent,labview_demo_csv
ARO-01,3698,B_quadratic,surveillance,ascent,2.198,0.815,15.7,73.5,1.471,60.0,ascent,labview_demo_csv
ARO-01,3699,B_quadratic,surveillance,ascent,2.138,0.817,15.8,73.2,1.474,60.0,ascent,labview_demo_csv
ARO-01,3700,B_quadratic,surveillance,ascent,2.166,0.833,15.9,73.1,1.503,60.0,ascent,labview_demo_csv
ARO-01,3701,B_quadratic,surveillance,ascent,2.167,0.818,15.8,73.5,1.476,60.0,ascent,labview_demo_csv
ARO-01,3702,B_quadratic,surveillance,ascent,2.206,0.825,15.9,73.5,1.489,60.0,ascent,labview_demo_csv
ARO-01,3703,B_quadratic,surveillance,ascent,2.179,0.819,15.8,73.1,1.477,60.0,ascent,labview_demo_csv
ARO-01,3704,B_quadratic,surveillance,ascent,2.199,0.827,15.9,73.3,1.492,60.0,ascent,labview_demo_csv
ARO-01,3705,B_quadratic,surveillance,ascent,2.120,0.828,15.9,73.4,1.494,60.0,ascent,labview_demo_csv
ARO-01,3706,B_quadratic,surveillance,ascent,2.171,0.833,15.8,73.2,1.502,60.0,ascent,labview_demo_csv
ARO-01,3707,B_quadratic,surveillance,ascent,2.202,0.815,15.9,73.2,1.471,60.0,ascent,labview_demo_csv
ARO-01,3708,B_quadratic,surveillance,descent,2.180,0.347,15.9,72.8,0.626,60.0,descent,labview_demo_csv
ARO-01,3709,B_quadratic,surveillance,descent,2.172,0.358,15.9,72.7,0.646,60.0,descent,labview_demo_csv
ARO-01,3710,B_quadratic,surveillance,descent,2.141,0.361,15.9,72.8,0.652,60.0,descent,labview_demo_csv
ARO-01,3711,B_quadratic,surveillance,descent,2.115,0.345,15.8,73.0,0.623,60.0,descent,labview_demo_csv
ARO-01,3712,B_quadratic,surveillance,descent,2.140,0.354,15.9,72.9,0.639,60.0,descent,labview_demo_csv
ARO-01,3713,B_quadratic,surveillance,descent,2.061,0.361,15.9,72.7,0.651,60.0,descent,labview_demo_csv
ARO-01,3714,B_quadratic,surveillance,descent,2.114,0.365,16.0,72.8,0.659,60.0,descent,labview_demo_csv
ARO-01,3715,B_quadratic,surveillance,descent,2.081,0.346,15.9,73.1,0.625,60.0,descent,labview_demo_csv
ARO-01,3716,B_quadratic,surveillance,descent,2.100,0.352,15.8,73.1,0.636,60.0,descent,labview_demo_csv
ARO-01,3717,B_quadratic,surveillance,descent,2.077,0.346,15.8,73.5,0.625,60.0,descent,labview_demo_csv
ARO-01,3718,B_quadratic,surveillance,descent,2.121,0.345,15.8,73.6,0.622,60.0,descent,labview_demo_csv
ARO-01,3719,B_quadratic,surveillance,descent,2.089,0.351,15.7,73.7,0.633,60.0,descent,labview_demo_csv
ARO-01,3720,B_quadratic,surveillance,pause,2.045,0.000,15.7,73.8,0.000,60.0,pause,labview_demo_csv
ARO-01,3721,B_quadratic,surveillance,pause,2.075,0.000,15.8,73.9,0.000,60.0,pause,labview_demo_csv
ARO-01,3722,B_quadratic,surveillance,pause,2.099,0.000,15.7,74.1,0.000,60.0,pause,labview_demo_csv
ARO-01,3723,B_quadratic,surveillance,pause,2.131,0.001,15.7,74.4,0.001,60.0,pause,labview_demo_csv
ARO-01,3724,B_quadratic,surveillance,pause,2.067,0.000,15.8,74.5,0.000,60.0,pause,labview_demo_csv
ARO-01,3725,B_quadratic,surveillance,pause,2.076,0.000,15.9,74.5,0.000,60.0,pause,labview_demo_csv
ARO-01,3726,B_quadratic,surveillance,pause,2.086,0.000,15.8,74.5,0.000,60.0,pause,labview_demo_csv
ARO-01,3727,B_quadratic,surveillance,pause,2.096,0.013,15.8,74.3,0.024,60.0,pause,labview_demo_csv
ARO-01,3728,B_quadratic,surveillance,pause,2.100,0.010,15.8,74.2,0.018,60.0,pause,labview_demo_csv
ARO-01,3729,B_quadratic,surveillance,pause,2.071,0.015,15.7,74.2,0.026,60.0,pause,labview_demo_csv
ARO-01,3730,B_quadratic,surveillance,pause,2.081,0.000,15.7,74.4,0.000,60.0,pause,labview_demo_csv
ARO-01,3731,B_quadratic,surveillance,pause,2.056,0.000,15.6,74.6,0.000,60.0,pause,labview_demo_csv
ARO-01,3732,B_quadratic,surveillance,pause,2.039,0.002,15.5,74.6,0.004,60.0,pause,labview_demo_csv
ARO-01,3733,B_quadratic,surveillance,pause,2.095,0.010,15.5,74.5,0.019,60.0,pause,labview_demo_csv
ARO-01,3734,B_quadratic,surveillance,pause,2.151,0.000,15.4,74.9,0.000,60.0,pause,labview_demo_csv
ARO-01,3735,B_quadratic,surveillance,pause,2.142,0.000,15.4,75.0,0.000,60.0,pause,labview_demo_csv
ARO-01,3736,B_quadratic,surveillance,pause,2.112,0.015,15.4,74.6,0.027,60.0,pause,labview_demo_csv
ARO-01,3737,B_quadratic,surveillance,pause,2.154,0.000,15.4,74.7,0.000,60.0,pause,labview_demo_csv
ARO-01,3738,B_quadratic,surveillance,pause,2.103,0.004,15.3,74.7,0.007,60.0,pause,labview_demo_csv
ARO-01,3739,B_quadratic,surveillance,pause,2.168,0.000,15.3,74.7,0.000,60.0,pause,labview_demo_csv
ARO-01,3740,B_quadratic,surveillance,ascent,2.129,1.524,15.5,74.5,2.750,225.0,ascent,labview_demo_csv
ARO-01,3741,B_quadratic,surveillance,ascent,2.203,1.520,15.7,74.4,2.743,225.0,ascent,labview_demo_csv
ARO-01,3742,B_quadratic,surveillance,ascent,2.207,1.529,15.9,74.7,2.759,225.0,ascent,labview_demo_csv
ARO-01,3743,B_quadratic,surveillance,ascent,2.185,1.534,16.0,74.5,2.768,225.0,ascent,labview_demo_csv
ARO-01,3744,B_quadratic,surveillance,ascent,2.267,1.517,16.2,74.5,2.737,225.0,ascent,labview_demo_csv
ARO-01,3745,B_quadratic,surveillance,ascent,2.204,1.529,16.4,74.1,2.758,225.0,ascent,labview_demo_csv
ARO-01,3746,B_quadratic,surveillance,ascent,2.218,1.530,16.6,74.0,2.760,225.0,ascent,labview_demo_csv
ARO-01,3747,B_quadratic,surveillance,ascent,2.243,1.538,16.7,74.2,2.774,225.0,ascent,labview_demo_csv
ARO-01,3748,B_quadratic,surveillance,ascent,2.192,1.526,16.7,74.1,2.753,225.0,ascent,labview_demo_csv
ARO-01,3749,B_quadratic,surveillance,ascent,2.221,1.526,16.8,74.1,2.753,225.0,ascent,labview_demo_csv
ARO-01,3750,B_quadratic,surveillance,ascent,2.181,1.525,16.9,74.1,2.752,225.0,ascent,labview_demo_csv
ARO-01,3751,B_quadratic,surveillance,ascent,2.186,1.543,16.9,74.1,2.784,225.0,ascent,labview_demo_csv
ARO-01,3752,B_quadratic,surveillance,descent,2.222,0.343,16.9,74.1,0.619,225.0,descent,labview_demo_csv
ARO-01,3753,B_quadratic,surveillance,descent,2.299,0.346,16.8,74.3,0.624,225.0,descent,labview_demo_csv
ARO-01,3754,B_quadratic,surveillance,descent,2.203,0.350,16.7,74.3,0.631,225.0,descent,labview_demo_csv
ARO-01,3755,B_quadratic,surveillance,descent,2.209,0.355,16.7,74.1,0.641,225.0,descent,labview_demo_csv
ARO-01,3756,B_quadratic,surveillance,descent,2.192,0.352,16.7,74.2,0.636,225.0,descent,labview_demo_csv
ARO-01,3757,B_quadratic,surveillance,descent,2.187,0.357,16.6,74.0,0.645,225.0,descent,labview_demo_csv
ARO-01,3758,B_quadratic,surveillance,descent,2.200,0.354,16.6,74.5,0.639,225.0,descent,labview_demo_csv
ARO-01,3759,B_quadratic,surveillance,descent,2.171,0.341,16.5,74.8,0.616,225.0,descent,labview_demo_csv
ARO-01,3760,B_quadratic,surveillance,descent,2.095,0.352,16.3,74.9,0.636,225.0,descent,labview_demo_csv
ARO-01,3761,B_quadratic,surveillance,descent,2.118,0.354,16.3,74.8,0.638,225.0,descent,labview_demo_csv
ARO-01,3762,B_quadratic,surveillance,descent,2.153,0.357,16.1,74.6,0.644,225.0,descent,labview_demo_csv
ARO-01,3763,B_quadratic,surveillance,descent,2.137,0.344,16.1,74.5,0.621,225.0,descent,labview_demo_csv
ARO-01,3764,B_quadratic,surveillance,pause,2.079,0.000,16.0,74.4,0.000,225.0,pause,labview_demo_csv
ARO-01,3765,B_quadratic,surveillance,pause,2.086,0.000,16.0,74.4,0.000,225.0,pause,labview_demo_csv
ARO-01,3766,B_quadratic,surveillance,pause,2.108,0.000,16.0,74.3,0.000,225.0,pause,labview_demo_csv
ARO-01,3767,B_quadratic,surveillance,pause,2.081,0.007,16.0,74.0,0.013,225.0,pause,labview_demo_csv
ARO-01,3768,B_quadratic,surveillance,pause,2.107,0.013,15.9,74.2,0.023,225.0,pause,labview_demo_csv
ARO-01,3769,B_quadratic,surveillance,pause,2.085,0.000,15.9,74.4,0.000,225.0,pause,labview_demo_csv
ARO-01,3770,B_quadratic,surveillance,pause,2.090,0.000,15.8,74.7,0.000,225.0,pause,labview_demo_csv
ARO-01,3771,B_quadratic,surveillance,pause,2.145,0.000,15.7,74.7,0.000,225.0,pause,labview_demo_csv
ARO-01,3772,B_quadratic,surveillance,pause,2.122,0.005,15.6,74.7,0.008,225.0,pause,labview_demo_csv
ARO-01,3773,B_quadratic,surveillance,pause,2.103,0.000,15.7,75.2,0.000,225.0,pause,labview_demo_csv
ARO-01,3774,B_quadratic,surveillance,pause,2.148,0.006,15.8,75.1,0.011,225.0,pause,labview_demo_csv
ARO-01,3775,B_quadratic,surveillance,pause,2.111,0.009,15.7,75.1,0.017,225.0,pause,labview_demo_csv
ARO-01,3776,B_quadratic,surveillance,pause,2.174,0.001,15.5,75.0,0.002,225.0,pause,labview_demo_csv
ARO-01,3777,B_quadratic,surveillance,pause,2.079,0.013,15.6,75.3,0.023,225.0,pause,labview_demo_csv
ARO-01,3778,B_quadratic,surveillance,pause,2.100,0.008,15.7,75.3,0.014,225.0,pause,labview_demo_csv
ARO-01,3779,B_quadratic,surveillance,pause,2.216,0.002,15.6,75.4,0.003,225.0,pause,labview_demo_csv
ARO-01,3780,B_quadratic,surveillance,pause,2.140,0.000,15.7,75.3,0.000,225.0,pause,labview_demo_csv
ARO-01,3781,B_quadratic,surveillance,pause,2.216,0.000,15.7,75.1,0.000,225.0,pause,labview_demo_csv
ARO-01,3782,B_quadratic,surveillance,pause,2.178,0.000,15.8,75.2,0.000,225.0,pause,labview_demo_csv
ARO-01,3783,B_quadratic,surveillance,pause,2.163,0.000,15.9,75.2,0.000,225.0,pause,labview_demo_csv
ARO-01,3784,B_quadratic,surveillance,ascent,2.210,1.541,16.2,75.3,2.780,225.0,ascent,labview_demo_csv
ARO-01,3785,B_quadratic,surveillance,ascent,2.249,1.531,16.2,75.2,2.762,225.0,ascent,labview_demo_csv
ARO-01,3786,B_quadratic,surveillance,ascent,2.193,1.511,16.4,75.5,2.725,225.0,ascent,labview_demo_csv
ARO-01,3787,B_quadratic,surveillance,ascent,2.231,1.523,16.7,75.5,2.748,225.0,ascent,labview_demo_csv
ARO-01,3788,B_quadratic,surveillance,ascent,2.178,1.528,16.7,75.4,2.757,225.0,ascent,labview_demo_csv
ARO-01,3789,B_quadratic,surveillance,ascent,2.232,1.521,16.8,75.1,2.744,225.0,ascent,labview_demo_csv
ARO-01,3790,B_quadratic,surveillance,ascent,2.249,1.522,17.0,74.7,2.746,225.0,ascent,labview_demo_csv
ARO-01,3791,B_quadratic,surveillance,ascent,2.265,1.537,17.2,75.2,2.773,225.0,ascent,labview_demo_csv
ARO-01,3792,B_quadratic,surveillance,ascent,2.247,1.541,17.2,75.3,2.780,225.0,ascent,labview_demo_csv
ARO-01,3793,B_quadratic,surveillance,ascent,2.248,1.527,17.3,75.1,2.754,225.0,ascent,labview_demo_csv
ARO-01,3794,B_quadratic,surveillance,ascent,2.242,1.536,17.5,75.0,2.772,225.0,ascent,labview_demo_csv
ARO-01,3795,B_quadratic,surveillance,ascent,2.314,1.515,17.4,75.1,2.734,225.0,ascent,labview_demo_csv
ARO-01,3796,B_quadratic,surveillance,descent,2.187,0.346,17.4,75.2,0.625,225.0,descent,labview_demo_csv
ARO-01,3797,B_quadratic,surveillance,descent,2.263,0.348,17.3,75.0,0.628,225.0,descent,labview_demo_csv
ARO-01,3798,B_quadratic,surveillance,descent,2.234,0.346,17.3,74.9,0.624,225.0,descent,labview_demo_csv
ARO-01,3799,B_quadratic,surveillance,descent,2.197,0.346,17.1,75.2,0.624,225.0,descent,labview_demo_csv
ARO-01,3800,B_quadratic,surveillance,descent,2.248,0.347,17.0,75.2,0.626,225.0,descent,labview_demo_csv
ARO-01,3801,B_quadratic,surveillance,descent,2.186,0.340,17.0,75.4,0.614,225.0,descent,labview_demo_csv
ARO-01,3802,B_quadratic,surveillance,descent,2.138,0.360,17.0,75.8,0.650,225.0,descent,labview_demo_csv
ARO-01,3803,B_quadratic,surveillance,descent,2.144,0.366,16.9,75.8,0.660,225.0,descent,labview_demo_csv
ARO-01,3804,B_quadratic,surveillance,descent,2.195,0.360,16.8,76.0,0.650,225.0,descent,labview_demo_csv
ARO-01,3805,B_quadratic,surveillance,descent,2.247,0.338,16.6,76.0,0.610,225.0,descent,labview_demo_csv
ARO-01,3806,B_quadratic,surveillance,descent,2.173,0.347,16.6,75.9,0.627,225.0,descent,labview_demo_csv
ARO-01,3807,B_quadratic,surveillance,descent,2.115,0.337,16.6,76.0,0.608,225.0,descent,labview_demo_csv
ARO-01,3808,B_quadratic,surveillance,pause,2.114,0.001,16.5,76.6,0.003,225.0,pause,labview_demo_csv
ARO-01,3809,B_quadratic,surveillance,pause,2.138,0.000,16.4,76.6,0.000,225.0,pause,labview_demo_csv
ARO-01,3810,B_quadratic,surveillance,pause,2.124,0.008,16.4,76.7,0.015,225.0,pause,labview_demo_csv
ARO-01,3811,B_quadratic,surveillance,pause,2.109,0.004,16.2,76.5,0.007,225.0,pause,labview_demo_csv
ARO-01,3812,B_quadratic,surveillance,pause,2.104,0.001,16.2,76.4,0.002,225.0,pause,labview_demo_csv
ARO-01,3813,B_quadratic,surveillance,pause,2.172,0.000,16.3,76.1,0.000,225.0,pause,labview_demo_csv
ARO-01,3814,B_quadratic,surveillance,pause,2.119,0.001,16.3,75.8,0.002,225.0,pause,labview_demo_csv
ARO-01,3815,B_quadratic,surveillance,pause,2.121,0.000,16.3,76.1,0.000,225.0,pause,labview_demo_csv
ARO-01,3816,B_quadratic,surveillance,pause,2.156,0.000,16.3,76.0,0.000,225.0,pause,labview_demo_csv
ARO-01,3817,B_quadratic,surveillance,pause,2.164,0.000,16.3,76.1,0.000,225.0,pause,labview_demo_csv
ARO-01,3818,B_quadratic,surveillance,pause,2.183,0.011,16.2,76.2,0.020,225.0,pause,labview_demo_csv
ARO-01,3819,B_quadratic,surveillance,pause,2.191,0.005,16.2,76.3,0.009,225.0,pause,labview_demo_csv
ARO-01,3820,B_quadratic,surveillance,pause,2.080,0.000,16.3,76.5,0.000,225.0,pause,labview_demo_csv
ARO-01,3821,B_quadratic,surveillance,pause,2.175,0.000,16.3,76.5,0.000,225.0,pause,labview_demo_csv
ARO-01,3822,B_quadratic,surveillance,pause,2.169,0.004,16.4,76.2,0.007,225.0,pause,labview_demo_csv
ARO-01,3823,B_quadratic,surveillance,pause,2.238,0.000,16.4,76.3,0.000,225.0,pause,labview_demo_csv
ARO-01,3824,B_quadratic,surveillance,pause,2.222,0.003,16.2,76.2,0.006,225.0,pause,labview_demo_csv
ARO-01,3825,B_quadratic,surveillance,pause,2.164,0.000,16.1,76.1,0.000,225.0,pause,labview_demo_csv
ARO-01,3826,B_quadratic,surveillance,pause,2.163,0.006,16.1,76.1,0.012,225.0,pause,labview_demo_csv
ARO-01,3827,B_quadratic,surveillance,pause,2.260,0.001,16.0,76.0,0.002,225.0,pause,labview_demo_csv
ARO-01,3828,B_quadratic,surveillance,ascent,2.269,1.329,16.2,75.8,2.397,180.0,ascent,labview_demo_csv
ARO-01,3829,B_quadratic,surveillance,ascent,2.206,1.353,16.3,75.9,2.441,180.0,ascent,labview_demo_csv
ARO-01,3830,B_quadratic,surveillance,ascent,2.210,1.348,16.3,75.9,2.432,180.0,ascent,labview_demo_csv
ARO-01,3831,B_quadratic,surveillance,ascent,2.243,1.336,16.5,75.8,2.410,180.0,ascent,labview_demo_csv
ARO-01,3832,B_quadratic,surveillance,ascent,2.216,1.339,16.7,75.6,2.416,180.0,ascent,labview_demo_csv
ARO-01,3833,B_quadratic,surveillance,ascent,2.306,1.340,16.8,75.4,2.417,180.0,ascent,labview_demo_csv
ARO-01,3834,B_quadratic,surveillance,ascent,2.313,1.332,17.0,75.0,2.403,180.0,ascent,labview_demo_csv
ARO-01,3835,B_quadratic,surveillance,ascent,2.303,1.340,17.0,75.2,2.417,180.0,ascent,labview_demo_csv
ARO-01,3836,B_quadratic,surveillance,ascent,2.274,1.344,17.1,74.6,2.425,180.0,ascent,labview_demo_csv
ARO-01,3837,B_quadratic,surveillance,ascent,2.276,1.359,17.2,74.6,2.453,180.0,ascent,labview_demo_csv
ARO-01,3838,B_quadratic,surveillance,ascent,2.286,1.346,17.2,74.5,2.428,180.0,ascent,labview_demo_csv
ARO-01,3839,B_quadratic,surveillance,ascent,2.250,1.344,17.3,74.7,2.425,180.0,ascent,labview_demo_csv
ARO-01,3840,B_quadratic,surveillance,descent,2.163,0.361,17.3,74.9,0.651,180.0,descent,labview_demo_csv
ARO-01,3841,B_quadratic,surveillance,descent,2.271,0.348,17.2,75.2,0.628,180.0,descent,labview_demo_csv
ARO-01,3842,B_quadratic,surveillance,descent,2.238,0.339,17.0,75.4,0.612,180.0,descent,labview_demo_csv
ARO-01,3843,B_quadratic,surveillance,descent,2.213,0.347,17.0,75.6,0.627,180.0,descent,labview_demo_csv
ARO-01,3844,B_quadratic,surveillance,descent,2.209,0.344,16.9,75.4,0.621,180.0,descent,labview_demo_csv
ARO-01,3845,B_quadratic,surveillance,descent,2.291,0.362,16.8,75.1,0.653,180.0,descent,labview_demo_csv
ARO-01,3846,B_quadratic,surveillance,descent,2.249,0.336,16.8,74.9,0.606,180.0,descent,labview_demo_csv
ARO-01,3847,B_quadratic,surveillance,descent,2.241,0.348,16.8,74.9,0.628,180.0,descent,labview_demo_csv
ARO-01,3848,B_quadratic,surveillance,descent,2.121,0.362,16.7,74.6,0.654,180.0,descent,labview_demo_csv
ARO-01,3849,B_quadratic,surveillance,descent,2.270,0.346,16.8,74.7,0.624,180.0,descent,labview_demo_csv
ARO-01,3850,B_quadratic,surveillance,descent,2.138,0.355,16.8,74.7,0.640,180.0,descent,labview_demo_csv
ARO-01,3851,B_quadratic,surveillance,descent,2.225,0.360,16.8,75.0,0.649,180.0,descent,labview_demo_csv
ARO-01,3852,B_quadratic,surveillance,pause,2.140,0.008,16.7,74.9,0.014,180.0,pause,labview_demo_csv
ARO-01,3853,B_quadratic,surveillance,pause,2.187,0.012,16.7,74.9,0.021,180.0,pause,labview_demo_csv
ARO-01,3854,B_quadratic,surveillance,pause,2.183,0.000,16.7,75.2,0.000,180.0,pause,labview_demo_csv
ARO-01,3855,B_quadratic,surveillance,pause,2.194,0.000,16.6,75.2,0.000,180.0,pause,labview_demo_csv
ARO-01,3856,B_quadratic,surveillance,pause,2.113,0.000,16.6,75.4,0.000,180.0,pause,labview_demo_csv
ARO-01,3857,B_quadratic,surveillance,pause,2.188,0.000,16.6,75.9,0.000,180.0,pause,labview_demo_csv
ARO-01,3858,B_quadratic,surveillance,pause,2.150,0.000,16.5,76.0,0.000,180.0,pause,labview_demo_csv
ARO-01,3859,B_quadratic,surveillance,pause,2.158,0.000,16.5,76.1,0.000,180.0,pause,labview_demo_csv
ARO-01,3860,B_quadratic,surveillance,pause,2.106,0.006,16.5,76.0,0.011,180.0,pause,labview_demo_csv
ARO-01,3861,B_quadratic,surveillance,pause,2.148,0.000,16.5,76.1,0.000,180.0,pause,labview_demo_csv
ARO-01,3862,B_quadratic,surveillance,pause,2.136,0.008,16.5,76.0,0.015,180.0,pause,labview_demo_csv
ARO-01,3863,B_quadratic,surveillance,pause,2.212,0.004,16.5,76.3,0.007,180.0,pause,labview_demo_csv
ARO-01,3864,B_quadratic,surveillance,pause,2.165,0.000,16.4,76.2,0.000,180.0,pause,labview_demo_csv
ARO-01,3865,B_quadratic,surveillance,pause,2.253,0.006,16.4,76.2,0.010,180.0,pause,labview_demo_csv
ARO-01,3866,B_quadratic,surveillance,pause,2.272,0.011,16.4,76.2,0.019,180.0,pause,labview_demo_csv
ARO-01,3867,B_quadratic,surveillance,pause,2.223,0.000,16.5,76.3,0.000,180.0,pause,labview_demo_csv
ARO-01,3868,B_quadratic,surveillance,pause,2.279,0.000,16.5,76.4,0.000,180.0,pause,labview_demo_csv
ARO-01,3869,B_quadratic,surveillance,pause,2.225,0.000,16.5,76.3,0.000,180.0,pause,labview_demo_csv
ARO-01,3870,B_quadratic,surveillance,pause,2.305,0.000,16.5,76.0,0.000,180.0,pause,labview_demo_csv
ARO-01,3871,B_quadratic,surveillance,pause,2.241,0.000,16.5,76.0,0.000,180.0,pause,labview_demo_csv
ARO-01,3872,B_quadratic,surveillance,ascent,2.295,1.353,16.6,76.0,2.441,180.0,ascent,labview_demo_csv
ARO-01,3873,B_quadratic,surveillance,ascent,2.266,1.340,16.7,76.0,2.417,180.0,ascent,labview_demo_csv
ARO-01,3874,B_quadratic,surveillance,ascent,2.276,1.351,16.9,75.8,2.437,180.0,ascent,labview_demo_csv
ARO-01,3875,B_quadratic,surveillance,ascent,2.267,1.353,17.0,75.6,2.440,180.0,ascent,labview_demo_csv
ARO-01,3876,B_quadratic,surveillance,ascent,2.255,1.352,17.2,75.4,2.440,180.0,ascent,labview_demo_csv
ARO-01,3877,B_quadratic,surveillance,ascent,2.289,1.354,17.2,75.4,2.443,180.0,ascent,labview_demo_csv
ARO-01,3878,B_quadratic,surveillance,ascent,2.335,1.339,17.2,75.2,2.416,180.0,ascent,labview_demo_csv
ARO-01,3879,B_quadratic,surveillance,ascent,2.264,1.355,17.4,75.5,2.444,180.0,ascent,labview_demo_csv
ARO-01,3880,B_quadratic,surveillance,ascent,2.276,1.346,17.6,75.3,2.429,180.0,ascent,labview_demo_csv
ARO-01,3881,B_quadratic,surveillance,ascent,2.291,1.341,17.7,75.4,2.419,180.0,ascent,labview_demo_csv
ARO-01,3882,B_quadratic,surveillance,ascent,2.288,1.349,17.7,75.6,2.433,180.0,ascent,labview_demo_csv
ARO-01,3883,B_quadratic,surveillance,ascent,2.277,1.344,17.8,75.6,2.425,180.0,ascent,labview_demo_csv
ARO-01,3884,B_quadratic,surveillance,descent,2.300,0.362,17.6,75.7,0.654,180.0,descent,labview_demo_csv
ARO-01,3885,B_quadratic,surveillance,descent,2.244,0.347,17.4,75.7,0.626,180.0,descent,labview_demo_csv
ARO-01,3886,B_quadratic,surveillance,descent,2.293,0.339,17.4,75.5,0.612,180.0,descent,labview_demo_csv
ARO-01,3887,B_quadratic,surveillance,descent,2.232,0.358,17.3,75.7,0.646,180.0,descent,labview_demo_csv
ARO-01,3888,B_quadratic,surveillance,descent,2.243,0.333,17.3,75.4,0.601,180.0,descent,labview_demo_csv
ARO-01,3889,B_quadratic,surveillance,descent,2.192,0.353,17.3,75.4,0.638,180.0,descent,labview_demo_csv
ARO-01,3890,B_quadratic,surveillance,descent,2.241,0.355,17.2,75.6,0.641,180.0,descent,labview_demo_csv
ARO-01,3891,B_quadratic,surveillance,descent,2.210,0.338,17.2,75.8,0.610,180.0,descent,labview_demo_csv
ARO-01,3892,B_quadratic,surveillance,descent,2.284,0.341,17.3,75.8,0.616,180.0,descent,labview_demo_csv
ARO-01,3893,B_quadratic,surveillance,descent,2.188,0.334,17.3,76.0,0.603,180.0,descent,labview_demo_csv
ARO-01,3894,B_quadratic,surveillance,descent,2.198,0.347,17.4,75.9,0.626,180.0,descent,labview_demo_csv
ARO-01,3895,B_quadratic,surveillance,descent,2.159,0.350,17.4,76.0,0.631,180.0,descent,labview_demo_csv
ARO-01,3896,B_quadratic,surveillance,pause,2.267,0.000,17.3,76.0,0.000,180.0,pause,labview_demo_csv
ARO-01,3897,B_quadratic,surveillance,pause,2.132,0.007,17.1,75.8,0.013,180.0,pause,labview_demo_csv
ARO-01,3898,B_quadratic,surveillance,pause,2.218,0.010,16.9,75.9,0.018,180.0,pause,labview_demo_csv
ARO-01,3899,B_quadratic,surveillance,pause,2.212,0.006,16.8,75.8,0.010,180.0,pause,labview_demo_csv
ARO-01,3900,B_quadratic,surveillance,pause,2.201,0.003,16.9,75.6,0.006,180.0,pause,labview_demo_csv
ARO-01,3901,B_quadratic,surveillance,pause,2.179,0.008,16.9,75.6,0.014,180.0,pause,labview_demo_csv
ARO-01,3902,B_quadratic,surveillance,pause,2.226,0.010,16.8,75.6,0.018,180.0,pause,labview_demo_csv
ARO-01,3903,B_quadratic,surveillance,pause,2.201,0.000,16.8,75.7,0.000,180.0,pause,labview_demo_csv
ARO-01,3904,B_quadratic,surveillance,pause,2.188,0.000,16.8,75.9,0.000,180.0,pause,labview_demo_csv
ARO-01,3905,B_quadratic,surveillance,pause,2.157,0.000,16.7,76.1,0.000,180.0,pause,labview_demo_csv
ARO-01,3906,B_quadratic,surveillance,pause,2.178,0.011,16.7,76.3,0.020,180.0,pause,labview_demo_csv
ARO-01,3907,B_quadratic,surveillance,pause,2.239,0.003,16.7,76.4,0.005,180.0,pause,labview_demo_csv
ARO-01,3908,B_quadratic,surveillance,pause,2.260,0.005,16.7,76.3,0.009,180.0,pause,labview_demo_csv
ARO-01,3909,B_quadratic,surveillance,pause,2.222,0.000,16.7,76.3,0.000,180.0,pause,labview_demo_csv
ARO-01,3910,B_quadratic,surveillance,pause,2.236,0.001,16.6,76.3,0.002,180.0,pause,labview_demo_csv
ARO-01,3911,B_quadratic,surveillance,pause,2.230,0.000,16.6,76.1,0.000,180.0,pause,labview_demo_csv
ARO-01,3912,B_quadratic,surveillance,pause,2.267,0.000,16.6,76.1,0.000,180.0,pause,labview_demo_csv
ARO-01,3913,B_quadratic,surveillance,pause,2.267,0.014,16.6,76.5,0.025,180.0,pause,labview_demo_csv
ARO-01,3914,B_quadratic,surveillance,pause,2.268,0.007,16.5,76.8,0.013,180.0,pause,labview_demo_csv
ARO-01,3915,B_quadratic,surveillance,pause,2.226,0.005,16.7,76.8,0.008,180.0,pause,labview_demo_csv
ARO-01,3916,B_quadratic,surveillance,ascent,2.243,1.281,16.8,77.0,2.311,165.0,ascent,labview_demo_csv
ARO-01,3917,B_quadratic,surveillance,ascent,2.262,1.271,16.9,76.7,2.293,165.0,ascent,labview_demo_csv
ARO-01,3918,B_quadratic,surveillance,ascent,2.307,1.279,17.1,77.1,2.308,165.0,ascent,labview_demo_csv
ARO-01,3919,B_quadratic,surveillance,ascent,2.294,1.274,17.2,77.1,2.299,165.0,ascent,labview_demo_csv
ARO-01,3920,B_quadratic,surveillance,ascent,2.362,1.293,17.3,77.1,2.333,165.0,ascent,labview_demo_csv
ARO-01,3921,B_quadratic,surveillance,ascent,2.297,1.283,17.4,77.2,2.315,165.0,ascent,labview_demo_csv
ARO-01,3922,B_quadratic,surveillance,ascent,2.326,1.287,17.5,76.9,2.322,165.0,ascent,labview_demo_csv
ARO-01,3923,B_quadratic,surveillance,ascent,2.312,1.278,17.6,77.0,2.305,165.0,ascent,labview_demo_csv
ARO-01,3924,B_quadratic,surveillance,ascent,2.342,1.272,17.7,77.0,2.295,165.0,ascent,labview_demo_csv
ARO-01,3925,B_quadratic,surveillance,ascent,2.303,1.277,17.9,77.2,2.304,165.0,ascent,labview_demo_csv
ARO-01,3926,B_quadratic,surveillance,ascent,2.304,1.266,18.0,77.2,2.283,165.0,ascent,labview_demo_csv
ARO-01,3927,B_quadratic,surveillance,ascent,2.312,1.288,18.1,76.9,2.323,165.0,ascent,labview_demo_csv
ARO-01,3928,B_quadratic,surveillance,descent,2.316,0.362,18.1,76.9,0.653,165.0,descent,labview_demo_csv
ARO-01,3929,B_quadratic,surveillance,descent,2.311,0.351,17.9,77.2,0.634,165.0,descent,labview_demo_csv
ARO-01,3930,B_quadratic,surveillance,descent,2.291,0.359,17.9,76.9,0.648,165.0,descent,labview_demo_csv
ARO-01,3931,B_quadratic,surveillance,descent,2.324,0.338,17.8,76.8,0.610,165.0,descent,labview_demo_csv
ARO-01,3932,B_quadratic,surveillance,descent,2.257,0.339,17.7,76.9,0.612,165.0,descent,labview_demo_csv
ARO-01,3933,B_quadratic,surveillance,descent,2.213,0.360,17.7,77.3,0.650,165.0,descent,labview_demo_csv
ARO-01,3934,B_quadratic,surveillance,descent,2.321,0.359,17.6,77.3,0.648,165.0,descent,labview_demo_csv
ARO-01,3935,B_quadratic,surveillance,descent,2.269,0.353,17.7,77.4,0.636,165.0,descent,labview_demo_csv
ARO-01,3936,B_quadratic,surveillance,descent,2.274,0.354,17.7,77.1,0.638,165.0,descent,labview_demo_csv
ARO-01,3937,B_quadratic,surveillance,descent,2.263,0.345,17.6,77.2,0.623,165.0,descent,labview_demo_csv
ARO-01,3938,B_quadratic,surveillance,descent,2.230,0.358,17.6,77.2,0.646,165.0,descent,labview_demo_csv
ARO-01,3939,B_quadratic,surveillance,descent,2.238,0.353,17.5,77.0,0.638,165.0,descent,labview_demo_csv
ARO-01,3940,B_quadratic,surveillance,pause,2.259,0.008,17.5,77.0,0.014,165.0,pause,labview_demo_csv
ARO-01,3941,B_quadratic,surveillance,pause,2.236,0.000,17.5,77.1,0.000,165.0,pause,labview_demo_csv
ARO-01,3942,B_quadratic,surveillance,pause,2.231,0.000,17.5,77.2,0.000,165.0,pause,labview_demo_csv
ARO-01,3943,B_quadratic,surveillance,pause,2.296,0.000,17.5,77.1,0.000,165.0,pause,labview_demo_csv
ARO-01,3944,B_quadratic,surveillance,pause,2.202,0.018,17.4,77.1,0.033,165.0,pause,labview_demo_csv
ARO-01,3945,B_quadratic,surveillance,pause,2.227,0.000,17.3,77.2,0.000,165.0,pause,labview_demo_csv
ARO-01,3946,B_quadratic,surveillance,pause,2.230,0.000,17.3,77.0,0.000,165.0,pause,labview_demo_csv
ARO-01,3947,B_quadratic,surveillance,pause,2.237,0.000,17.2,76.9,0.000,165.0,pause,labview_demo_csv
ARO-01,3948,B_quadratic,surveillance,pause,2.264,0.003,17.1,77.6,0.005,165.0,pause,labview_demo_csv
ARO-01,3949,B_quadratic,surveillance,pause,2.172,0.004,17.0,77.5,0.008,165.0,pause,labview_demo_csv
ARO-01,3950,B_quadratic,surveillance,pause,2.159,0.007,17.1,77.4,0.012,165.0,pause,labview_demo_csv
ARO-01,3951,B_quadratic,surveillance,pause,2.216,0.006,17.1,77.5,0.011,165.0,pause,labview_demo_csv
ARO-01,3952,B_quadratic,surveillance,pause,2.256,0.005,17.2,77.8,0.009,165.0,pause,labview_demo_csv
ARO-01,3953,B_quadratic,surveillance,pause,2.255,0.003,17.1,77.9,0.005,165.0,pause,labview_demo_csv
ARO-01,3954,B_quadratic,surveillance,pause,2.314,0.016,17.1,77.9,0.029,165.0,pause,labview_demo_csv
ARO-01,3955,B_quadratic,surveillance,pause,2.278,0.003,17.0,77.9,0.006,165.0,pause,labview_demo_csv
ARO-01,3956,B_quadratic,surveillance,pause,2.296,0.000,17.1,78.0,0.000,165.0,pause,labview_demo_csv
ARO-01,3957,B_quadratic,surveillance,pause,2.314,0.000,17.1,77.7,0.000,165.0,pause,labview_demo_csv
ARO-01,3958,B_quadratic,surveillance,pause,2.258,0.004,17.1,77.4,0.008,165.0,pause,labview_demo_csv
ARO-01,3959,B_quadratic,surveillance,pause,2.265,0.000,17.0,77.7,0.000,165.0,pause,labview_demo_csv
ARO-01,3960,B_quadratic,surveillance,ascent,2.287,1.284,17.2,77.7,2.316,165.0,ascent,labview_demo_csv
ARO-01,3961,B_quadratic,surveillance,ascent,2.318,1.284,17.3,77.4,2.316,165.0,ascent,labview_demo_csv
ARO-01,3962,B_quadratic,surveillance,ascent,2.307,1.278,17.5,77.2,2.306,165.0,ascent,labview_demo_csv
ARO-01,3963,B_quadratic,surveillance,ascent,2.330,1.277,17.6,77.2,2.304,165.0,ascent,labview_demo_csv
ARO-01,3964,B_quadratic,surveillance,ascent,2.351,1.278,17.8,77.2,2.305,165.0,ascent,labview_demo_csv
ARO-01,3965,B_quadratic,surveillance,ascent,2.311,1.276,18.0,77.4,2.302,165.0,ascent,labview_demo_csv
ARO-01,3966,B_quadratic,surveillance,ascent,2.344,1.290,17.9,77.3,2.327,165.0,ascent,labview_demo_csv
ARO-01,3967,B_quadratic,surveillance,ascent,2.356,1.276,18.0,77.6,2.302,165.0,ascent,labview_demo_csv
ARO-01,3968,B_quadratic,surveillance,ascent,2.315,1.286,18.1,77.7,2.321,165.0,ascent,labview_demo_csv
ARO-01,3969,B_quadratic,surveillance,ascent,2.347,1.276,18.2,77.8,2.302,165.0,ascent,labview_demo_csv
ARO-01,3970,B_quadratic,surveillance,ascent,2.382,1.294,18.2,77.6,2.334,165.0,ascent,labview_demo_csv
ARO-01,3971,B_quadratic,surveillance,ascent,2.322,1.289,18.4,77.3,2.325,165.0,ascent,labview_demo_csv
ARO-01,3972,B_quadratic,surveillance,descent,2.338,0.354,18.3,77.4,0.639,165.0,descent,labview_demo_csv
ARO-01,3973,B_quadratic,surveillance,descent,2.357,0.334,18.3,77.3,0.603,165.0,descent,labview_demo_csv
ARO-01,3974,B_quadratic,surveillance,descent,2.368,0.338,18.2,77.1,0.609,165.0,descent,labview_demo_csv
ARO-01,3975,B_quadratic,surveillance,descent,2.288,0.342,18.1,77.4,0.618,165.0,descent,labview_demo_csv
ARO-01,3976,B_quadratic,surveillance,descent,2.294,0.358,18.1,77.4,0.645,165.0,descent,labview_demo_csv
ARO-01,3977,B_quadratic,surveillance,descent,2.351,0.342,18.0,77.3,0.617,165.0,descent,labview_demo_csv
ARO-01,3978,B_quadratic,surveillance,descent,2.301,0.326,17.9,77.1,0.589,165.0,descent,labview_demo_csv
ARO-01,3979,B_quadratic,surveillance,descent,2.287,0.353,17.8,77.1,0.636,165.0,descent,labview_demo_csv
ARO-01,3980,B_quadratic,surveillance,descent,2.253,0.355,17.8,77.1,0.640,165.0,descent,labview_demo_csv
ARO-01,3981,B_quadratic,surveillance,descent,2.273,0.349,17.8,77.0,0.630,165.0,descent,labview_demo_csv
ARO-01,3982,B_quadratic,surveillance,descent,2.263,0.343,17.7,77.3,0.618,165.0,descent,labview_demo_csv
ARO-01,3983,B_quadratic,surveillance,descent,2.281,0.352,17.9,77.2,0.635,165.0,descent,labview_demo_csv
ARO-01,3984,B_quadratic,surveillance,pause,2.253,0.000,17.8,77.8,0.000,165.0,pause,labview_demo_csv
ARO-01,3985,B_quadratic,surveillance,pause,2.250,0.007,17.8,77.7,0.013,165.0,pause,labview_demo_csv
ARO-01,3986,B_quadratic,surveillance,pause,2.255,0.002,17.7,77.6,0.003,165.0,pause,labview_demo_csv
ARO-01,3987,B_quadratic,surveillance,pause,2.294,0.000,17.7,77.6,0.000,165.0,pause,labview_demo_csv
ARO-01,3988,B_quadratic,surveillance,pause,2.288,0.004,17.6,77.8,0.007,165.0,pause,labview_demo_csv
ARO-01,3989,B_quadratic,surveillance,pause,2.197,0.001,17.6,77.7,0.002,165.0,pause,labview_demo_csv
ARO-01,3990,B_quadratic,surveillance,pause,2.248,0.000,17.6,77.8,0.000,165.0,pause,labview_demo_csv
ARO-01,3991,B_quadratic,surveillance,pause,2.212,0.000,17.5,77.8,0.000,165.0,pause,labview_demo_csv
ARO-01,3992,B_quadratic,surveillance,pause,2.208,0.000,17.6,77.8,0.000,165.0,pause,labview_demo_csv
ARO-01,3993,B_quadratic,surveillance,pause,2.264,0.000,17.6,78.1,0.000,165.0,pause,labview_demo_csv
ARO-01,3994,B_quadratic,surveillance,pause,2.279,0.000,17.5,78.0,0.001,165.0,pause,labview_demo_csv
ARO-01,3995,B_quadratic,surveillance,pause,2.260,0.000,17.5,78.1,0.000,165.0,pause,labview_demo_csv
ARO-01,3996,B_quadratic,surveillance,pause,2.267,0.000,17.3,78.1,0.000,165.0,pause,labview_demo_csv
ARO-01,3997,B_quadratic,surveillance,pause,2.243,0.003,17.3,78.4,0.006,165.0,pause,labview_demo_csv
ARO-01,3998,B_quadratic,surveillance,pause,2.339,0.000,17.2,78.4,0.000,165.0,pause,labview_demo_csv
ARO-01,3999,B_quadratic,surveillance,pause,2.252,0.004,17.2,78.5,0.007,165.0,pause,labview_demo_csv
ARO-01,4000,B_quadratic,surveillance,pause,2.323,0.010,17.1,78.6,0.018,165.0,pause,labview_demo_csv
ARO-01,4001,B_quadratic,surveillance,pause,2.290,0.004,17.0,78.4,0.007,165.0,pause,labview_demo_csv
ARO-01,4002,B_quadratic,surveillance,pause,2.314,0.007,17.0,78.6,0.013,165.0,pause,labview_demo_csv
ARO-01,4003,B_quadratic,surveillance,pause,2.368,0.005,17.1,78.7,0.009,165.0,pause,labview_demo_csv
ARO-01,4004,B_quadratic,surveillance,ascent,2.359,1.476,17.4,78.4,2.662,210.0,ascent,labview_demo_csv
ARO-01,4005,B_quadratic,surveillance,ascent,2.403,1.480,17.5,78.5,2.669,210.0,ascent,labview_demo_csv
ARO-01,4006,B_quadratic,surveillance,ascent,2.361,1.499,17.8,78.2,2.704,210.0,ascent,labview_demo_csv
ARO-01,4007,B_quadratic,surveillance,ascent,2.403,1.478,17.9,78.0,2.667,210.0,ascent,labview_demo_csv
ARO-01,4008,B_quadratic,surveillance,ascent,2.382,1.487,18.1,77.8,2.683,210.0,ascent,labview_demo_csv
ARO-01,4009,B_quadratic,surveillance,ascent,2.463,1.492,18.2,77.7,2.693,210.0,ascent,labview_demo_csv
ARO-01,4010,B_quadratic,surveillance,ascent,2.383,1.481,18.3,77.5,2.672,210.0,ascent,labview_demo_csv
ARO-01,4011,B_quadratic,surveillance,ascent,2.440,1.504,18.5,77.7,2.714,210.0,ascent,labview_demo_csv
ARO-01,4012,B_quadratic,surveillance,ascent,2.381,1.485,18.5,77.1,2.680,210.0,ascent,labview_demo_csv
ARO-01,4013,B_quadratic,surveillance,ascent,2.365,1.477,18.6,77.0,2.664,210.0,ascent,labview_demo_csv
ARO-01,4014,B_quadratic,surveillance,ascent,2.394,1.475,18.7,77.0,2.661,210.0,ascent,labview_demo_csv
ARO-01,4015,B_quadratic,surveillance,ascent,2.377,1.485,18.8,77.3,2.678,210.0,ascent,labview_demo_csv
ARO-01,4016,B_quadratic,surveillance,descent,2.412,0.346,18.6,77.5,0.624,210.0,descent,labview_demo_csv
ARO-01,4017,B_quadratic,surveillance,descent,2.294,0.345,18.5,77.9,0.622,210.0,descent,labview_demo_csv
ARO-01,4018,B_quadratic,surveillance,descent,2.321,0.350,18.4,78.1,0.632,210.0,descent,labview_demo_csv
ARO-01,4019,B_quadratic,surveillance,descent,2.378,0.340,18.4,77.9,0.614,210.0,descent,labview_demo_csv
ARO-01,4020,B_quadratic,surveillance,descent,2.410,0.348,18.3,78.1,0.628,210.0,descent,labview_demo_csv
ARO-01,4021,B_quadratic,surveillance,descent,2.352,0.338,18.4,77.8,0.610,210.0,descent,labview_demo_csv
ARO-01,4022,B_quadratic,surveillance,descent,2.350,0.358,18.3,77.6,0.647,210.0,descent,labview_demo_csv
ARO-01,4023,B_quadratic,surveillance,descent,2.306,0.341,18.4,77.7,0.616,210.0,descent,labview_demo_csv
ARO-01,4024,B_quadratic,surveillance,descent,2.316,0.350,18.2,77.9,0.632,210.0,descent,labview_demo_csv
ARO-01,4025,B_quadratic,surveillance,descent,2.332,0.354,18.2,77.9,0.638,210.0,descent,labview_demo_csv
ARO-01,4026,B_quadratic,surveillance,descent,2.290,0.352,18.2,78.1,0.635,210.0,descent,labview_demo_csv
ARO-01,4027,B_quadratic,surveillance,descent,2.328,0.353,18.1,78.2,0.637,210.0,descent,labview_demo_csv
ARO-01,4028,B_quadratic,surveillance,pause,2.315,0.000,18.0,77.9,0.000,210.0,pause,labview_demo_csv
ARO-01,4029,B_quadratic,surveillance,pause,2.243,0.000,17.9,77.7,0.000,210.0,pause,labview_demo_csv
ARO-01,4030,B_quadratic,surveillance,pause,2.320,0.000,17.8,77.7,0.000,210.0,pause,labview_demo_csv
ARO-01,4031,B_quadratic,surveillance,pause,2.257,0.005,17.6,77.4,0.008,210.0,pause,labview_demo_csv
ARO-01,4032,B_quadratic,surveillance,pause,2.267,0.001,17.6,77.6,0.001,210.0,pause,labview_demo_csv
ARO-01,4033,B_quadratic,surveillance,pause,2.264,0.000,17.7,77.4,0.000,210.0,pause,labview_demo_csv
ARO-01,4034,B_quadratic,surveillance,pause,2.277,0.006,17.8,77.3,0.010,210.0,pause,labview_demo_csv
ARO-01,4035,B_quadratic,surveillance,pause,2.284,0.004,17.7,77.4,0.006,210.0,pause,labview_demo_csv
ARO-01,4036,B_quadratic,surveillance,pause,2.258,0.000,17.6,77.3,0.000,210.0,pause,labview_demo_csv
ARO-01,4037,B_quadratic,surveillance,pause,2.275,0.000,17.6,77.5,0.000,210.0,pause,labview_demo_csv
ARO-01,4038,B_quadratic,surveillance,pause,2.285,0.011,17.6,77.7,0.019,210.0,pause,labview_demo_csv
ARO-01,4039,B_quadratic,surveillance,pause,2.340,0.000,17.6,77.7,0.000,210.0,pause,labview_demo_csv
ARO-01,4040,B_quadratic,surveillance,pause,2.314,0.011,17.5,77.7,0.020,210.0,pause,labview_demo_csv
ARO-01,4041,B_quadratic,surveillance,pause,2.402,0.000,17.5,77.8,0.000,210.0,pause,labview_demo_csv
ARO-01,4042,B_quadratic,surveillance,pause,2.261,0.024,17.5,77.7,0.043,210.0,pause,labview_demo_csv
ARO-01,4043,B_quadratic,surveillance,pause,2.291,0.012,17.5,77.6,0.022,210.0,pause,labview_demo_csv
ARO-01,4044,B_quadratic,surveillance,pause,2.357,0.000,17.4,77.7,0.000,210.0,pause,labview_demo_csv
ARO-01,4045,B_quadratic,surveillance,pause,2.276,0.007,17.4,78.1,0.013,210.0,pause,labview_demo_csv
ARO-01,4046,B_quadratic,surveillance,pause,2.361,0.000,17.4,78.1,0.000,210.0,pause,labview_demo_csv
ARO-01,4047,B_quadratic,surveillance,pause,2.394,0.000,17.4,77.7,0.000,210.0,pause,labview_demo_csv
ARO-01,4048,B_quadratic,surveillance,ascent,2.416,1.485,17.6,77.5,2.679,210.0,ascent,labview_demo_csv
ARO-01,4049,B_quadratic,surveillance,ascent,2.446,1.482,17.8,77.6,2.674,210.0,ascent,labview_demo_csv
ARO-01,4050,B_quadratic,surveillance,ascent,2.404,1.479,17.9,77.3,2.668,210.0,ascent,labview_demo_csv
ARO-01,4051,B_quadratic,surveillance,ascent,2.423,1.479,18.1,77.4,2.668,210.0,ascent,labview_demo_csv
ARO-01,4052,B_quadratic,surveillance,ascent,2.382,1.476,18.3,77.4,2.664,210.0,ascent,labview_demo_csv
ARO-01,4053,B_quadratic,surveillance,ascent,2.391,1.489,18.5,77.3,2.687,210.0,ascent,labview_demo_csv
ARO-01,4054,B_quadratic,surveillance,ascent,2.429,1.485,18.6,77.0,2.679,210.0,ascent,labview_demo_csv
ARO-01,4055,B_quadratic,surveillance,ascent,2.403,1.490,18.7,76.9,2.689,210.0,ascent,labview_demo_csv
ARO-01,4056,B_quadratic,surveillance,ascent,2.436,1.487,18.8,76.9,2.682,210.0,ascent,labview_demo_csv
ARO-01,4057,B_quadratic,surveillance,ascent,2.426,1.488,18.9,76.9,2.684,210.0,ascent,labview_demo_csv
ARO-01,4058,B_quadratic,surveillance,ascent,2.373,1.495,19.1,76.8,2.697,210.0,ascent,labview_demo_csv
ARO-01,4059,B_quadratic,surveillance,ascent,2.358,1.485,19.2,76.8,2.680,210.0,ascent,labview_demo_csv
ARO-01,4060,B_quadratic,surveillance,descent,2.378,0.358,19.1,77.0,0.645,210.0,descent,labview_demo_csv
ARO-01,4061,B_quadratic,surveillance,descent,2.394,0.359,19.0,77.1,0.647,210.0,descent,labview_demo_csv
ARO-01,4062,B_quadratic,surveillance,descent,2.407,0.351,18.8,77.0,0.633,210.0,descent,labview_demo_csv
ARO-01,4063,B_quadratic,surveillance,descent,2.451,0.339,18.9,76.9,0.612,210.0,descent,labview_demo_csv
ARO-01,4064,B_quadratic,surveillance,descent,2.398,0.349,18.8,76.7,0.630,210.0,descent,labview_demo_csv
ARO-01,4065,B_quadratic,surveillance,descent,2.331,0.356,18.8,76.8,0.643,210.0,descent,labview_demo_csv
ARO-01,4066,B_quadratic,surveillance,descent,2.378,0.353,18.8,77.1,0.638,210.0,descent,labview_demo_csv
ARO-01,4067,B_quadratic,surveillance,descent,2.283,0.349,18.7,77.3,0.629,210.0,descent,labview_demo_csv
ARO-01,4068,B_quadratic,surveillance,descent,2.295,0.346,18.7,77.2,0.624,210.0,descent,labview_demo_csv
ARO-01,4069,B_quadratic,surveillance,descent,2.349,0.343,18.7,77.2,0.619,210.0,descent,labview_demo_csv
ARO-01,4070,B_quadratic,surveillance,descent,2.325,0.368,18.7,77.4,0.664,210.0,descent,labview_demo_csv
ARO-01,4071,B_quadratic,surveillance,descent,2.280,0.345,18.7,77.6,0.622,210.0,descent,labview_demo_csv
ARO-01,4072,B_quadratic,surveillance,pause,2.384,0.000,18.7,77.7,0.000,210.0,pause,labview_demo_csv
ARO-01,4073,B_quadratic,surveillance,pause,2.333,0.018,18.6,78.0,0.032,210.0,pause,labview_demo_csv
ARO-01,4074,B_quadratic,surveillance,pause,2.351,0.000,18.5,77.7,0.000,210.0,pause,labview_demo_csv
ARO-01,4075,B_quadratic,surveillance,pause,2.298,0.002,18.5,77.9,0.003,210.0,pause,labview_demo_csv
ARO-01,4076,B_quadratic,surveillance,pause,2.268,0.020,18.4,78.2,0.036,210.0,pause,labview_demo_csv
ARO-01,4077,B_quadratic,surveillance,pause,2.252,0.001,18.2,78.2,0.002,210.0,pause,labview_demo_csv
ARO-01,4078,B_quadratic,surveillance,pause,2.210,0.000,18.1,78.4,0.000,210.0,pause,labview_demo_csv
ARO-01,4079,B_quadratic,surveillance,pause,2.324,0.000,18.0,78.2,0.000,210.0,pause,labview_demo_csv
ARO-01,4080,B_quadratic,surveillance,pause,2.294,0.000,18.0,78.3,0.000,210.0,pause,labview_demo_csv
ARO-01,4081,B_quadratic,surveillance,pause,2.280,0.005,18.0,78.1,0.008,210.0,pause,labview_demo_csv
ARO-01,4082,B_quadratic,surveillance,pause,2.303,0.006,18.1,78.1,0.010,210.0,pause,labview_demo_csv
ARO-01,4083,B_quadratic,surveillance,pause,2.317,0.001,18.1,77.7,0.002,210.0,pause,labview_demo_csv
ARO-01,4084,B_quadratic,surveillance,pause,2.312,0.003,18.1,77.7,0.005,210.0,pause,labview_demo_csv
ARO-01,4085,B_quadratic,surveillance,pause,2.418,0.000,18.1,77.8,0.000,210.0,pause,labview_demo_csv
ARO-01,4086,B_quadratic,surveillance,pause,2.334,0.000,18.1,78.2,0.000,210.0,pause,labview_demo_csv
ARO-01,4087,B_quadratic,surveillance,pause,2.384,0.000,18.1,78.3,0.000,210.0,pause,labview_demo_csv
ARO-01,4088,B_quadratic,surveillance,pause,2.344,0.010,18.0,78.3,0.019,210.0,pause,labview_demo_csv
ARO-01,4089,B_quadratic,surveillance,pause,2.410,0.014,18.0,78.4,0.025,210.0,pause,labview_demo_csv
ARO-01,4090,B_quadratic,surveillance,pause,2.388,0.000,17.8,78.7,0.000,210.0,pause,labview_demo_csv
ARO-01,4091,B_quadratic,surveillance,pause,2.425,0.000,17.8,78.5,0.000,210.0,pause,labview_demo_csv
ARO-01,4092,B_quadratic,surveillance,ascent,2.418,1.484,17.9,78.4,2.678,210.0,ascent,labview_demo_csv
ARO-01,4093,B_quadratic,surveillance,ascent,2.376,1.493,18.0,78.3,2.693,210.0,ascent,labview_demo_csv
ARO-01,4094,B_quadratic,surveillance,ascent,2.441,1.472,18.3,78.4,2.656,210.0,ascent,labview_demo_csv
ARO-01,4095,B_quadratic,surveillance,ascent,2.363,1.475,18.5,78.1,2.661,210.0,ascent,labview_demo_csv
ARO-01,4096,B_quadratic,surveillance,ascent,2.418,1.482,18.5,77.9,2.674,210.0,ascent,labview_demo_csv
ARO-01,4097,B_quadratic,surveillance,ascent,2.435,1.479,18.6,77.8,2.668,210.0,ascent,labview_demo_csv
ARO-01,4098,B_quadratic,surveillance,ascent,2.407,1.478,18.8,77.8,2.666,210.0,ascent,labview_demo_csv
ARO-01,4099,B_quadratic,surveillance,ascent,2.367,1.487,18.9,77.5,2.683,210.0,ascent,labview_demo_csv
ARO-01,4100,B_quadratic,surveillance,ascent,2.543,1.477,19.0,77.5,2.665,210.0,ascent,labview_demo_csv
ARO-01,4101,B_quadratic,surveillance,ascent,2.428,1.487,19.1,77.2,2.682,210.0,ascent,labview_demo_csv
ARO-01,4102,B_quadratic,surveillance,ascent,2.468,1.485,19.3,76.9,2.679,210.0,ascent,labview_demo_csv
ARO-01,4103,B_quadratic,surveillance,ascent,2.434,1.494,19.5,76.9,2.696,210.0,ascent,labview_demo_csv
ARO-01,4104,B_quadratic,surveillance,descent,2.451,0.352,19.4,77.2,0.635,210.0,descent,labview_demo_csv
ARO-01,4105,B_quadratic,surveillance,descent,2.469,0.351,19.3,77.3,0.634,210.0,descent,labview_demo_csv
ARO-01,4106,B_quadratic,surveillance,descent,2.403,0.351,19.4,77.6,0.634,210.0,descent,labview_demo_csv
ARO-01,4107,B_quadratic,surveillance,descent,2.414,0.348,19.3,77.6,0.628,210.0,descent,labview_demo_csv
ARO-01,4108,B_quadratic,surveillance,descent,2.393,0.354,19.3,78.0,0.638,210.0,descent,labview_demo_csv
ARO-01,4109,B_quadratic,surveillance,descent,2.376,0.361,19.3,78.0,0.651,210.0,descent,labview_demo_csv
ARO-01,4110,B_quadratic,surveillance,descent,2.403,0.351,19.2,78.1,0.634,210.0,descent,labview_demo_csv
ARO-01,4111,B_quadratic,surveillance,descent,2.389,0.350,19.3,78.2,0.632,210.0,descent,labview_demo_csv
ARO-01,4112,B_quadratic,surveillance,descent,2.387,0.343,19.2,78.3,0.619,210.0,descent,labview_demo_csv
ARO-01,4113,B_quadratic,surveillance,descent,2.331,0.356,19.3,78.0,0.641,210.0,descent,labview_demo_csv
ARO-01,4114,B_quadratic,surveillance,descent,2.314,0.345,19.3,78.2,0.622,210.0,descent,labview_demo_csv
ARO-01,4115,B_quadratic,surveillance,descent,2.337,0.352,19.3,78.3,0.635,210.0,descent,labview_demo_csv
ARO-01,4116,B_quadratic,surveillance,pause,2.374,0.011,19.2,78.2,0.020,210.0,pause,labview_demo_csv
ARO-01,4117,B_quadratic,surveillance,pause,2.371,0.000,19.2,78.2,0.000,210.0,pause,labview_demo_csv
ARO-01,4118,B_quadratic,surveillance,pause,2.282,0.000,19.1,78.6,0.001,210.0,pause,labview_demo_csv
ARO-01,4119,B_quadratic,surveillance,pause,2.296,0.001,19.1,78.7,0.002,210.0,pause,labview_demo_csv
ARO-01,4120,B_quadratic,surveillance,pause,2.393,0.000,19.0,79.0,0.000,210.0,pause,labview_demo_csv
ARO-01,4121,B_quadratic,surveillance,pause,2.340,0.001,18.9,78.4,0.001,210.0,pause,labview_demo_csv
ARO-01,4122,B_quadratic,surveillance,pause,2.355,0.000,18.9,78.5,0.000,210.0,pause,labview_demo_csv
ARO-01,4123,B_quadratic,surveillance,pause,2.315,0.003,18.8,78.8,0.005,210.0,pause,labview_demo_csv
ARO-01,4124,B_quadratic,surveillance,pause,2.390,0.000,18.7,79.1,0.000,210.0,pause,labview_demo_csv
ARO-01,4125,B_quadratic,surveillance,pause,2.359,0.008,18.7,79.0,0.014,210.0,pause,labview_demo_csv
ARO-01,4126,B_quadratic,surveillance,pause,2.367,0.000,18.7,78.9,0.000,210.0,pause,labview_demo_csv
ARO-01,4127,B_quadratic,surveillance,pause,2.411,0.000,18.7,78.7,0.000,210.0,pause,labview_demo_csv
ARO-01,4128,B_quadratic,surveillance,pause,2.314,0.014,18.6,78.7,0.025,210.0,pause,labview_demo_csv
ARO-01,4129,B_quadratic,surveillance,pause,2.385,0.000,18.5,78.9,0.000,210.0,pause,labview_demo_csv
ARO-01,4130,B_quadratic,surveillance,pause,2.369,0.005,18.5,78.9,0.009,210.0,pause,labview_demo_csv
ARO-01,4131,B_quadratic,surveillance,pause,2.370,0.000,18.5,78.9,0.000,210.0,pause,labview_demo_csv
ARO-01,4132,B_quadratic,surveillance,pause,2.413,0.000,18.4,78.8,0.000,210.0,pause,labview_demo_csv
ARO-01,4133,B_quadratic,surveillance,pause,2.365,0.000,18.3,79.0,0.000,210.0,pause,labview_demo_csv
ARO-01,4134,B_quadratic,surveillance,pause,2.422,0.000,18.4,79.2,0.000,210.0,pause,labview_demo_csv
ARO-01,4135,B_quadratic,surveillance,pause,2.402,0.000,18.3,79.1,0.000,210.0,pause,labview_demo_csv
ARO-01,4136,B_quadratic,surveillance,ascent,2.436,1.434,18.4,79.0,2.588,195.0,ascent,labview_demo_csv
ARO-01,4137,B_quadratic,surveillance,ascent,2.472,1.419,18.6,78.8,2.559,195.0,ascent,labview_demo_csv
ARO-01,4138,B_quadratic,surveillance,ascent,2.457,1.421,18.7,78.7,2.563,195.0,ascent,labview_demo_csv
ARO-01,4139,B_quadratic,surveillance,ascent,2.433,1.422,18.9,78.7,2.565,195.0,ascent,labview_demo_csv
ARO-01,4140,B_quadratic,surveillance,ascent,2.488,1.413,19.1,78.5,2.549,195.0,ascent,labview_demo_csv
ARO-01,4141,B_quadratic,surveillance,ascent,2.458,1.433,19.1,78.3,2.585,195.0,ascent,labview_demo_csv
ARO-01,4142,B_quadratic,surveillance,ascent,2.493,1.419,19.4,78.4,2.560,195.0,ascent,labview_demo_csv
ARO-01,4143,B_quadratic,surveillance,ascent,2.370,1.425,19.3,78.2,2.571,195.0,ascent,labview_demo_csv
ARO-01,4144,B_quadratic,surveillance,ascent,2.450,1.436,19.4,78.3,2.591,195.0,ascent,labview_demo_csv
ARO-01,4145,B_quadratic,surveillance,ascent,2.470,1.428,19.5,78.3,2.576,195.0,ascent,labview_demo_csv
ARO-01,4146,B_quadratic,surveillance,ascent,2.505,1.434,19.5,78.2,2.588,195.0,ascent,labview_demo_csv
ARO-01,4147,B_quadratic,surveillance,ascent,2.482,1.425,19.5,78.1,2.571,195.0,ascent,labview_demo_csv
ARO-01,4148,B_quadratic,surveillance,descent,2.449,0.347,19.6,78.3,0.627,195.0,descent,labview_demo_csv
ARO-01,4149,B_quadratic,surveillance,descent,2.472,0.347,19.5,78.4,0.625,195.0,descent,labview_demo_csv
ARO-01,4150,B_quadratic,surveillance,descent,2.429,0.343,19.5,78.5,0.619,195.0,descent,labview_demo_csv
ARO-01,4151,B_quadratic,surveillance,descent,2.467,0.361,19.6,78.5,0.652,195.0,descent,labview_demo_csv
ARO-01,4152,B_quadratic,surveillance,descent,2.406,0.349,19.6,78.5,0.629,195.0,descent,labview_demo_csv
ARO-01,4153,B_quadratic,surveillance,descent,2.415,0.339,19.4,78.7,0.612,195.0,descent,labview_demo_csv
ARO-01,4154,B_quadratic,surveillance,descent,2.437,0.358,19.4,78.7,0.645,195.0,descent,labview_demo_csv
ARO-01,4155,B_quadratic,surveillance,descent,2.409,0.347,19.4,78.6,0.625,195.0,descent,labview_demo_csv
ARO-01,4156,B_quadratic,surveillance,descent,2.410,0.360,19.4,78.6,0.649,195.0,descent,labview_demo_csv
ARO-01,4157,B_quadratic,surveillance,descent,2.384,0.346,19.4,78.5,0.625,195.0,descent,labview_demo_csv
ARO-01,4158,B_quadratic,surveillance,descent,2.407,0.350,19.4,78.8,0.631,195.0,descent,labview_demo_csv
ARO-01,4159,B_quadratic,surveillance,descent,2.459,0.347,19.5,78.8,0.627,195.0,descent,labview_demo_csv
ARO-01,4160,B_quadratic,surveillance,pause,2.359,0.009,19.5,78.6,0.016,195.0,pause,labview_demo_csv
ARO-01,4161,B_quadratic,surveillance,pause,2.390,0.000,19.4,78.7,0.000,195.0,pause,labview_demo_csv
ARO-01,4162,B_quadratic,surveillance,pause,2.352,0.008,19.3,78.8,0.014,195.0,pause,labview_demo_csv
ARO-01,4163,B_quadratic,surveillance,pause,2.376,0.000,19.3,78.9,0.000,195.0,pause,labview_demo_csv
ARO-01,4164,B_quadratic,surveillance,pause,2.354,0.009,19.4,78.8,0.016,195.0,pause,labview_demo_csv
ARO-01,4165,B_quadratic,surveillance,pause,2.370,0.003,19.3,78.4,0.005,195.0,pause,labview_demo_csv
ARO-01,4166,B_quadratic,surveillance,pause,2.324,0.000,19.3,78.5,0.000,195.0,pause,labview_demo_csv
ARO-01,4167,B_quadratic,surveillance,pause,2.373,0.000,19.3,78.7,0.000,195.0,pause,labview_demo_csv
ARO-01,4168,B_quadratic,surveillance,pause,2.281,0.007,19.2,78.7,0.014,195.0,pause,labview_demo_csv
ARO-01,4169,B_quadratic,surveillance,pause,2.405,0.000,19.2,78.8,0.000,195.0,pause,labview_demo_csv
ARO-01,4170,B_quadratic,surveillance,pause,2.361,0.014,19.1,78.9,0.026,195.0,pause,labview_demo_csv
ARO-01,4171,B_quadratic,surveillance,pause,2.399,0.001,19.0,79.0,0.003,195.0,pause,labview_demo_csv
ARO-01,4172,B_quadratic,surveillance,pause,2.368,0.000,19.0,79.1,0.000,195.0,pause,labview_demo_csv
ARO-01,4173,B_quadratic,surveillance,pause,2.368,0.012,18.9,78.8,0.021,195.0,pause,labview_demo_csv
ARO-01,4174,B_quadratic,surveillance,pause,2.401,0.000,18.9,78.6,0.000,195.0,pause,labview_demo_csv
ARO-01,4175,B_quadratic,surveillance,pause,2.475,0.002,18.9,78.4,0.003,195.0,pause,labview_demo_csv
ARO-01,4176,B_quadratic,surveillance,pause,2.457,0.000,18.9,78.8,0.000,195.0,pause,labview_demo_csv
ARO-01,4177,B_quadratic,surveillance,pause,2.483,0.000,18.9,79.1,0.000,195.0,pause,labview_demo_csv
ARO-01,4178,B_quadratic,surveillance,pause,2.498,0.011,19.0,79.2,0.019,195.0,pause,labview_demo_csv
ARO-01,4179,B_quadratic,surveillance,pause,2.377,0.000,19.0,79.2,0.000,195.0,pause,labview_demo_csv
ARO-01,4180,B_quadratic,surveillance,ascent,2.511,1.423,19.2,79.4,2.567,195.0,ascent,labview_demo_csv
ARO-01,4181,B_quadratic,surveillance,ascent,2.467,1.426,19.3,79.4,2.573,195.0,ascent,labview_demo_csv
ARO-01,4182,B_quadratic,surveillance,ascent,2.429,1.428,19.4,79.4,2.576,195.0,ascent,labview_demo_csv
ARO-01,4183,B_quadratic,surveillance,ascent,2.523,1.441,19.6,79.6,2.599,195.0,ascent,labview_demo_csv
ARO-01,4184,B_quadratic,surveillance,ascent,2.461,1.428,19.7,79.8,2.577,195.0,ascent,labview_demo_csv
ARO-01,4185,B_quadratic,surveillance,ascent,2.469,1.429,19.9,79.5,2.579,195.0,ascent,labview_demo_csv
ARO-01,4186,B_quadratic,surveillance,ascent,2.530,1.440,20.0,79.4,2.599,195.0,ascent,labview_demo_csv
ARO-01,4187,B_quadratic,surveillance,ascent,2.464,1.426,20.1,79.2,2.573,195.0,ascent,labview_demo_csv
ARO-01,4188,B_quadratic,surveillance,ascent,2.477,1.425,20.2,79.3,2.572,195.0,ascent,labview_demo_csv
ARO-01,4189,B_quadratic,surveillance,ascent,2.535,1.429,20.3,79.5,2.578,195.0,ascent,labview_demo_csv
ARO-01,4190,B_quadratic,surveillance,ascent,2.574,1.411,20.5,79.1,2.545,195.0,ascent,labview_demo_csv
ARO-01,4191,B_quadratic,surveillance,ascent,2.580,1.422,20.5,78.9,2.565,195.0,ascent,labview_demo_csv
ARO-01,4192,B_quadratic,surveillance,descent,2.519,0.363,20.5,78.8,0.655,195.0,descent,labview_demo_csv
ARO-01,4193,B_quadratic,surveillance,descent,2.517,0.344,20.4,78.9,0.620,195.0,descent,labview_demo_csv
ARO-01,4194,B_quadratic,surveillance,descent,2.480,0.354,20.3,78.8,0.639,195.0,descent,labview_demo_csv
ARO-01,4195,B_quadratic,surveillance,descent,2.480,0.352,20.3,78.7,0.635,195.0,descent,labview_demo_csv
ARO-01,4196,B_quadratic,surveillance,descent,2.482,0.349,20.2,78.6,0.630,195.0,descent,labview_demo_csv
ARO-01,4197,B_quadratic,surveillance,descent,2.484,0.373,20.2,78.7,0.672,195.0,descent,labview_demo_csv
ARO-01,4198,B_quadratic,surveillance,descent,2.419,0.374,20.1,78.8,0.675,195.0,descent,labview_demo_csv
ARO-01,4199,B_quadratic,surveillance,descent,2.481,0.342,20.0,78.7,0.617,195.0,descent,labview_demo_csv
ARO-01,4200,B_quadratic,surveillance,descent,2.388,0.354,20.0,78.8,0.639,195.0,descent,labview_demo_csv
ARO-01,4201,B_quadratic,surveillance,descent,2.413,0.348,19.9,78.7,0.628,195.0,descent,labview_demo_csv
ARO-01,4202,B_quadratic,surveillance,descent,2.370,0.338,19.8,79.1,0.609,195.0,descent,labview_demo_csv
ARO-01,4203,B_quadratic,surveillance,descent,2.506,0.348,19.7,78.5,0.628,195.0,descent,labview_demo_csv
ARO-01,4204,B_quadratic,surveillance,pause,2.381,0.009,19.7,78.9,0.016,195.0,pause,labview_demo_csv
ARO-01,4205,B_quadratic,surveillance,pause,2.334,0.004,19.6,79.4,0.006,195.0,pause,labview_demo_csv
ARO-01,4206,B_quadratic,surveillance,pause,2.410,0.015,19.5,79.1,0.027,195.0,pause,labview_demo_csv
ARO-01,4207,B_quadratic,surveillance,pause,2.413,0.006,19.4,79.4,0.011,195.0,pause,labview_demo_csv
ARO-01,4208,B_quadratic,surveillance,pause,2.368,0.015,19.3,79.7,0.027,195.0,pause,labview_demo_csv
ARO-01,4209,B_quadratic,surveillance,pause,2.357,0.000,19.2,79.8,0.000,195.0,pause,labview_demo_csv
ARO-01,4210,B_quadratic,surveillance,pause,2.434,0.000,19.3,79.9,0.000,195.0,pause,labview_demo_csv
ARO-01,4211,B_quadratic,surveillance,pause,2.426,0.007,19.3,80.0,0.012,195.0,pause,labview_demo_csv
ARO-01,4212,B_quadratic,surveillance,pause,2.400,0.000,19.2,80.0,0.000,195.0,pause,labview_demo_csv
ARO-01,4213,B_quadratic,surveillance,pause,2.365,0.000,19.3,79.8,0.000,195.0,pause,labview_demo_csv
ARO-01,4214,B_quadratic,surveillance,pause,2.406,0.001,19.3,79.8,0.002,195.0,pause,labview_demo_csv
ARO-01,4215,B_quadratic,surveillance,pause,2.400,0.000,19.3,80.0,0.000,195.0,pause,labview_demo_csv
ARO-01,4216,B_quadratic,surveillance,pause,2.504,0.005,19.3,80.0,0.008,195.0,pause,labview_demo_csv
ARO-01,4217,B_quadratic,surveillance,pause,2.444,0.001,19.3,80.0,0.002,195.0,pause,labview_demo_csv
ARO-01,4218,B_quadratic,surveillance,pause,2.383,0.000,19.3,80.0,0.000,195.0,pause,labview_demo_csv
ARO-01,4219,B_quadratic,surveillance,pause,2.503,0.000,19.3,80.0,0.000,195.0,pause,labview_demo_csv
ARO-01,4220,B_quadratic,surveillance,pause,2.401,0.000,19.3,79.9,0.000,195.0,pause,labview_demo_csv
ARO-01,4221,B_quadratic,surveillance,pause,2.464,0.000,19.3,79.5,0.000,195.0,pause,labview_demo_csv
ARO-01,4222,B_quadratic,surveillance,pause,2.451,0.000,19.3,79.5,0.000,195.0,pause,labview_demo_csv
ARO-01,4223,B_quadratic,surveillance,pause,2.500,0.008,19.2,79.6,0.014,195.0,pause,labview_demo_csv
ARO-01,4224,B_quadratic,surveillance,ascent,2.501,0.984,19.2,79.3,1.776,90.0,ascent,labview_demo_csv
ARO-01,4225,B_quadratic,surveillance,ascent,2.482,0.991,19.4,79.3,1.788,90.0,ascent,labview_demo_csv
ARO-01,4226,B_quadratic,surveillance,ascent,2.526,0.978,19.5,78.9,1.764,90.0,ascent,labview_demo_csv
ARO-01,4227,B_quadratic,surveillance,ascent,2.520,0.992,19.6,78.8,1.790,90.0,ascent,labview_demo_csv
ARO-01,4228,B_quadratic,surveillance,ascent,2.510,0.987,19.8,79.1,1.781,90.0,ascent,labview_demo_csv
ARO-01,4229,B_quadratic,surveillance,ascent,2.586,0.979,20.0,79.0,1.767,90.0,ascent,labview_demo_csv
ARO-01,4230,B_quadratic,surveillance,ascent,2.539,0.991,20.0,79.0,1.788,90.0,ascent,labview_demo_csv
ARO-01,4231,B_quadratic,surveillance,ascent,2.508,0.987,20.1,79.0,1.781,90.0,ascent,labview_demo_csv
ARO-01,4232,B_quadratic,surveillance,ascent,2.542,0.983,20.0,79.0,1.773,90.0,ascent,labview_demo_csv
ARO-01,4233,B_quadratic,surveillance,ascent,2.555,0.982,20.0,79.0,1.772,90.0,ascent,labview_demo_csv
ARO-01,4234,B_quadratic,surveillance,ascent,2.542,0.978,20.0,78.9,1.764,90.0,ascent,labview_demo_csv
ARO-01,4235,B_quadratic,surveillance,ascent,2.490,0.978,20.1,78.7,1.765,90.0,ascent,labview_demo_csv
ARO-01,4236,B_quadratic,surveillance,descent,2.561,0.351,20.1,78.8,0.634,90.0,descent,labview_demo_csv
ARO-01,4237,B_quadratic,surveillance,descent,2.475,0.352,20.0,78.5,0.636,90.0,descent,labview_demo_csv
ARO-01,4238,B_quadratic,surveillance,descent,2.508,0.351,20.0,78.8,0.634,90.0,descent,labview_demo_csv
ARO-01,4239,B_quadratic,surveillance,descent,2.499,0.359,20.0,78.9,0.648,90.0,descent,labview_demo_csv
ARO-01,4240,B_quadratic,surveillance,descent,2.511,0.366,20.0,79.1,0.660,90.0,descent,labview_demo_csv
ARO-01,4241,B_quadratic,surveillance,descent,2.519,0.337,20.0,79.1,0.609,90.0,descent,labview_demo_csv
ARO-01,4242,B_quadratic,surveillance,descent,2.468,0.355,20.1,79.0,0.641,90.0,descent,labview_demo_csv
ARO-01,4243,B_quadratic,surveillance,descent,2.546,0.342,20.0,78.9,0.617,90.0,descent,labview_demo_csv
ARO-01,4244,B_quadratic,surveillance,descent,2.464,0.344,20.0,78.9,0.620,90.0,descent,labview_demo_csv
ARO-01,4245,B_quadratic,surveillance,descent,2.519,0.356,20.0,78.8,0.642,90.0,descent,labview_demo_csv
ARO-01,4246,B_quadratic,surveillance,descent,2.475,0.346,20.0,78.7,0.624,90.0,descent,labview_demo_csv
ARO-01,4247,B_quadratic,surveillance,descent,2.430,0.352,20.1,78.7,0.634,90.0,descent,labview_demo_csv
ARO-01,4248,B_quadratic,surveillance,pause,2.455,0.000,20.1,79.0,0.000,90.0,pause,labview_demo_csv
ARO-01,4249,B_quadratic,surveillance,pause,2.433,0.016,20.0,78.9,0.028,90.0,pause,labview_demo_csv
ARO-01,4250,B_quadratic,surveillance,pause,2.428,0.003,20.0,78.7,0.006,90.0,pause,labview_demo_csv
ARO-01,4251,B_quadratic,surveillance,pause,2.495,0.002,20.0,78.7,0.003,90.0,pause,labview_demo_csv
ARO-01,4252,B_quadratic,surveillance,pause,2.412,0.000,19.9,78.6,0.000,90.0,pause,labview_demo_csv
ARO-01,4253,B_quadratic,surveillance,pause,2.421,0.000,20.0,78.6,0.000,90.0,pause,labview_demo_csv
ARO-01,4254,B_quadratic,surveillance,pause,2.467,0.007,19.9,78.7,0.013,90.0,pause,labview_demo_csv
ARO-01,4255,B_quadratic,surveillance,pause,2.447,0.000,19.9,78.8,0.000,90.0,pause,labview_demo_csv
ARO-01,4256,B_quadratic,surveillance,pause,2.456,0.000,19.9,79.1,0.000,90.0,pause,labview_demo_csv
ARO-01,4257,B_quadratic,surveillance,pause,2.368,0.000,19.8,79.1,0.000,90.0,pause,labview_demo_csv
ARO-01,4258,B_quadratic,surveillance,pause,2.444,0.005,19.7,79.0,0.008,90.0,pause,labview_demo_csv
ARO-01,4259,B_quadratic,surveillance,pause,2.448,0.000,19.7,78.7,0.000,90.0,pause,labview_demo_csv
ARO-01,4260,B_quadratic,surveillance,pause,2.440,0.007,19.7,78.5,0.013,90.0,pause,labview_demo_csv
ARO-01,4261,B_quadratic,surveillance,pause,2.459,0.002,19.8,78.6,0.003,90.0,pause,labview_demo_csv
ARO-01,4262,B_quadratic,surveillance,pause,2.545,0.009,19.8,78.7,0.017,90.0,pause,labview_demo_csv
ARO-01,4263,B_quadratic,surveillance,pause,2.485,0.000,19.8,78.5,0.000,90.0,pause,labview_demo_csv
ARO-01,4264,B_quadratic,surveillance,pause,2.393,0.000,19.9,78.8,0.000,90.0,pause,labview_demo_csv
ARO-01,4265,B_quadratic,surveillance,pause,2.506,0.000,19.9,79.0,0.000,90.0,pause,labview_demo_csv
ARO-01,4266,B_quadratic,surveillance,pause,2.533,0.000,20.0,78.9,0.000,90.0,pause,labview_demo_csv
ARO-01,4267,B_quadratic,surveillance,pause,2.592,0.012,20.0,79.0,0.022,90.0,pause,labview_demo_csv
ARO-01,4268,B_quadratic,surveillance,ascent,2.642,0.982,20.1,78.7,1.771,90.0,ascent,labview_demo_csv
ARO-01,4269,B_quadratic,surveillance,ascent,2.505,0.999,20.2,78.6,1.803,90.0,ascent,labview_demo_csv
ARO-01,4270,B_quadratic,surveillance,ascent,2.531,1.004,20.2,78.5,1.812,90.0,ascent,labview_demo_csv
ARO-01,4271,B_quadratic,surveillance,ascent,2.499,0.982,20.3,78.2,1.773,90.0,ascent,labview_demo_csv
ARO-01,4272,B_quadratic,surveillance,ascent,2.598,0.993,20.4,78.2,1.792,90.0,ascent,labview_demo_csv
ARO-01,4273,B_quadratic,surveillance,ascent,2.542,0.985,20.5,78.2,1.777,90.0,ascent,labview_demo_csv
ARO-01,4274,B_quadratic,surveillance,ascent,2.580,0.979,20.6,78.1,1.767,90.0,ascent,labview_demo_csv
ARO-01,4275,B_quadratic,surveillance,ascent,2.591,0.992,20.7,78.5,1.790,90.0,ascent,labview_demo_csv
ARO-01,4276,B_quadratic,surveillance,ascent,2.523,0.987,20.7,78.7,1.780,90.0,ascent,labview_demo_csv
ARO-01,4277,B_quadratic,surveillance,ascent,2.590,0.980,20.9,78.7,1.768,90.0,ascent,labview_demo_csv
ARO-01,4278,B_quadratic,surveillance,ascent,2.588,0.998,20.8,78.5,1.800,90.0,ascent,labview_demo_csv
ARO-01,4279,B_quadratic,surveillance,ascent,2.580,0.979,20.8,78.7,1.766,90.0,ascent,labview_demo_csv
ARO-01,4280,B_quadratic,surveillance,descent,2.542,0.346,20.8,78.4,0.624,90.0,descent,labview_demo_csv
ARO-01,4281,B_quadratic,surveillance,descent,2.460,0.337,20.8,78.7,0.607,90.0,descent,labview_demo_csv
ARO-01,4282,B_quadratic,surveillance,descent,2.452,0.358,20.8,78.8,0.646,90.0,descent,labview_demo_csv
ARO-01,4283,B_quadratic,surveillance,descent,2.535,0.351,20.9,78.8,0.634,90.0,descent,labview_demo_csv
ARO-01,4284,B_quadratic,surveillance,descent,2.528,0.355,20.9,78.8,0.641,90.0,descent,labview_demo_csv
ARO-01,4285,B_quadratic,surveillance,descent,2.627,0.350,20.8,78.8,0.632,90.0,descent,labview_demo_csv
ARO-01,4286,B_quadratic,surveillance,descent,2.495,0.345,20.8,78.9,0.622,90.0,descent,labview_demo_csv
ARO-01,4287,B_quadratic,surveillance,descent,2.447,0.362,20.7,79.0,0.653,90.0,descent,labview_demo_csv
ARO-01,4288,B_quadratic,surveillance,descent,2.518,0.357,20.8,78.7,0.645,90.0,descent,labview_demo_csv
ARO-01,4289,B_quadratic,surveillance,descent,2.547,0.333,20.7,79.0,0.600,90.0,descent,labview_demo_csv
ARO-01,4290,B_quadratic,surveillance,descent,2.483,0.352,20.7,79.3,0.634,90.0,descent,labview_demo_csv
ARO-01,4291,B_quadratic,surveillance,descent,2.524,0.356,20.7,79.1,0.642,90.0,descent,labview_demo_csv
ARO-01,4292,B_quadratic,surveillance,pause,2.496,0.009,20.6,78.9,0.017,90.0,pause,labview_demo_csv
ARO-01,4293,B_quadratic,surveillance,pause,2.483,0.000,20.6,78.9,0.000,90.0,pause,labview_demo_csv
ARO-01,4294,B_quadratic,surveillance,pause,2.499,0.002,20.6,78.7,0.004,90.0,pause,labview_demo_csv
ARO-01,4295,B_quadratic,surveillance,pause,2.453,0.000,20.5,79.0,0.000,90.0,pause,labview_demo_csv
ARO-01,4296,B_quadratic,surveillance,pause,2.486,0.002,20.5,78.9,0.004,90.0,pause,labview_demo_csv
ARO-01,4297,B_quadratic,surveillance,pause,2.493,0.000,20.6,79.3,0.000,90.0,pause,labview_demo_csv
ARO-01,4298,B_quadratic,surveillance,pause,2.530,0.000,20.5,79.0,0.000,90.0,pause,labview_demo_csv
ARO-01,4299,B_quadratic,surveillance,pause,2.379,0.000,20.4,79.0,0.000,90.0,pause,labview_demo_csv
ARO-01,4300,B_quadratic,surveillance,pause,2.455,0.000,20.3,79.0,0.000,90.0,pause,labview_demo_csv
ARO-01,4301,B_quadratic,surveillance,pause,2.468,0.002,20.3,78.7,0.003,90.0,pause,labview_demo_csv
ARO-01,4302,B_quadratic,surveillance,pause,2.448,0.000,20.3,78.9,0.000,90.0,pause,labview_demo_csv
ARO-01,4303,B_quadratic,surveillance,pause,2.516,0.000,20.3,78.6,0.000,90.0,pause,labview_demo_csv
ARO-01,4304,B_quadratic,surveillance,pause,2.440,0.000,20.2,78.6,0.000,90.0,pause,labview_demo_csv
ARO-01,4305,B_quadratic,surveillance,pause,2.549,0.002,20.2,78.4,0.003,90.0,pause,labview_demo_csv
ARO-01,4306,B_quadratic,surveillance,pause,2.415,0.000,20.2,78.7,0.000,90.0,pause,labview_demo_csv
ARO-01,4307,B_quadratic,surveillance,pause,2.498,0.015,20.2,78.6,0.028,90.0,pause,labview_demo_csv
ARO-01,4308,B_quadratic,surveillance,pause,2.557,0.001,20.3,78.6,0.001,90.0,pause,labview_demo_csv
ARO-01,4309,B_quadratic,surveillance,pause,2.550,0.011,20.4,78.8,0.020,90.0,pause,labview_demo_csv
ARO-01,4310,B_quadratic,surveillance,pause,2.589,0.000,20.3,78.9,0.000,90.0,pause,labview_demo_csv
ARO-01,4311,B_quadratic,surveillance,pause,2.552,0.006,20.4,78.8,0.011,90.0,pause,labview_demo_csv
ARO-01,4312,B_quadratic,surveillance,ascent,2.602,0.980,20.5,78.6,1.767,90.0,ascent,labview_demo_csv
ARO-01,4313,B_quadratic,surveillance,ascent,2.535,0.991,20.5,78.3,1.788,90.0,ascent,labview_demo_csv
ARO-01,4314,B_quadratic,surveillance,ascent,2.576,1.001,20.8,78.2,1.805,90.0,ascent,labview_demo_csv
ARO-01,4315,B_quadratic,surveillance,ascent,2.608,0.986,20.9,78.2,1.779,90.0,ascent,labview_demo_csv
ARO-01,4316,B_quadratic,surveillance,ascent,2.544,0.967,21.0,78.4,1.745,90.0,ascent,labview_demo_csv
ARO-01,4317,B_quadratic,surveillance,ascent,2.528,0.987,20.9,78.7,1.781,90.0,ascent,labview_demo_csv
ARO-01,4318,B_quadratic,surveillance,ascent,2.634,0.974,21.0,78.8,1.757,90.0,ascent,labview_demo_csv
ARO-01,4319,B_quadratic,surveillance,ascent,2.608,0.989,21.1,78.8,1.784,90.0,ascent,labview_demo_csv
ARO-01,4320,B_quadratic,surveillance,ascent,2.666,0.982,21.0,78.5,1.772,90.0,ascent,labview_demo_csv
ARO-01,4321,B_quadratic,surveillance,ascent,2.597,0.975,21.1,78.7,1.760,90.0,ascent,labview_demo_csv
ARO-01,4322,B_quadratic,surveillance,ascent,2.652,0.997,21.1,78.8,1.800,90.0,ascent,labview_demo_csv
ARO-01,4323,B_quadratic,surveillance,ascent,2.636,0.987,21.3,79.1,1.780,90.0,ascent,labview_demo_csv
ARO-01,4324,B_quadratic,surveillance,descent,2.599,0.365,21.3,79.2,0.659,90.0,descent,labview_demo_csv
ARO-01,4325,B_quadratic,surveillance,descent,2.536,0.352,21.3,79.3,0.635,90.0,descent,labview_demo_csv
ARO-01,4326,B_quadratic,surveillance,descent,2.631,0.360,21.3,79.4,0.649,90.0,descent,labview_demo_csv
ARO-01,4327,B_quadratic,surveillance,descent,2.623,0.349,21.3,79.7,0.630,90.0,descent,labview_demo_csv
ARO-01,4328,B_quadratic,surveillance,descent,2.601,0.354,21.3,79.9,0.639,90.0,descent,labview_demo_csv
ARO-01,4329,B_quadratic,surveillance,descent,2.543,0.354,21.3,79.7,0.639,90.0,descent,labview_demo_csv
ARO-01,4330,B_quadratic,surveillance,descent,2.582,0.341,21.3,79.7,0.614,90.0,descent,labview_demo_csv
ARO-01,4331,B_quadratic,surveillance,descent,2.500,0.364,21.3,79.8,0.656,90.0,descent,labview_demo_csv
ARO-01,4332,B_quadratic,surveillance,descent,2.493,0.349,21.2,79.7,0.630,90.0,descent,labview_demo_csv
ARO-01,4333,B_quadratic,surveillance,descent,2.606,0.359,21.3,79.8,0.647,90.0,descent,labview_demo_csv
ARO-01,4334,B_quadratic,surveillance,descent,2.551,0.334,21.2,79.8,0.603,90.0,descent,labview_demo_csv
ARO-01,4335,B_quadratic,surveillance,descent,2.584,0.354,21.1,79.5,0.638,90.0,descent,labview_demo_csv
ARO-01,4336,B_quadratic,surveillance,pause,2.581,0.007,21.0,79.5,0.013,90.0,pause,labview_demo_csv
ARO-01,4337,B_quadratic,surveillance,pause,2.562,0.000,21.0,79.4,0.000,90.0,pause,labview_demo_csv
ARO-01,4338,B_quadratic,surveillance,pause,2.518,0.004,21.1,79.4,0.007,90.0,pause,labview_demo_csv
ARO-01,4339,B_quadratic,surveillance,pause,2.476,0.010,21.0,79.3,0.019,90.0,pause,labview_demo_csv
ARO-01,4340,B_quadratic,surveillance,pause,2.549,0.000,21.0,79.6,0.000,90.0,pause,labview_demo_csv
ARO-01,4341,B_quadratic,surveillance,pause,2.502,0.000,20.9,79.8,0.000,90.0,pause,labview_demo_csv
ARO-01,4342,B_quadratic,surveillance,pause,2.511,0.000,20.9,79.8,0.000,90.0,pause,labview_demo_csv
ARO-01,4343,B_quadratic,surveillance,pause,2.526,0.013,20.9,79.7,0.024,90.0,pause,labview_demo_csv
ARO-01,4344,B_quadratic,surveillance,pause,2.520,0.000,20.8,79.8,0.000,90.0,pause,labview_demo_csv
ARO-01,4345,B_quadratic,surveillance,pause,2.521,0.017,20.8,80.0,0.032,90.0,pause,labview_demo_csv
ARO-01,4346,B_quadratic,surveillance,pause,2.511,0.002,20.8,79.9,0.004,90.0,pause,labview_demo_csv
ARO-01,4347,B_quadratic,surveillance,pause,2.463,0.000,20.8,79.9,0.000,90.0,pause,labview_demo_csv
ARO-01,4348,B_quadratic,surveillance,pause,2.543,0.000,20.8,80.0,0.000,90.0,pause,labview_demo_csv
ARO-01,4349,B_quadratic,surveillance,pause,2.517,0.000,20.7,79.9,0.000,90.0,pause,labview_demo_csv
ARO-01,4350,B_quadratic,surveillance,pause,2.516,0.001,20.6,80.0,0.001,90.0,pause,labview_demo_csv
ARO-01,4351,B_quadratic,surveillance,pause,2.509,0.000,20.6,80.0,0.000,90.0,pause,labview_demo_csv
ARO-01,4352,B_quadratic,surveillance,pause,2.587,0.005,20.5,80.0,0.010,90.0,pause,labview_demo_csv
ARO-01,4353,B_quadratic,surveillance,pause,2.566,0.000,20.5,80.0,0.000,90.0,pause,labview_demo_csv
ARO-01,4354,B_quadratic,surveillance,pause,2.539,0.000,20.5,79.8,0.000,90.0,pause,labview_demo_csv
ARO-01,4355,B_quadratic,surveillance,pause,2.608,0.000,20.4,80.0,0.000,90.0,pause,labview_demo_csv
ARO-01,4356,B_quadratic,surveillance,ascent,2.528,0.616,20.5,79.6,1.112,0.0,ascent,labview_demo_csv
ARO-01,4357,B_quadratic,surveillance,ascent,2.623,0.612,20.5,79.2,1.104,0.0,ascent,labview_demo_csv
ARO-01,4358,B_quadratic,surveillance,ascent,2.665,0.611,20.7,79.1,1.102,0.0,ascent,labview_demo_csv
ARO-01,4359,B_quadratic,surveillance,ascent,2.647,0.612,20.8,78.9,1.105,0.0,ascent,labview_demo_csv
ARO-01,4360,B_quadratic,surveillance,ascent,2.563,0.616,20.9,79.1,1.111,0.0,ascent,labview_demo_csv
ARO-01,4361,B_quadratic,surveillance,ascent,2.658,0.615,21.0,79.2,1.110,0.0,ascent,labview_demo_csv
ARO-01,4362,B_quadratic,surveillance,ascent,2.640,0.617,21.1,79.1,1.113,0.0,ascent,labview_demo_csv
ARO-01,4363,B_quadratic,surveillance,ascent,2.645,0.601,21.1,79.2,1.084,0.0,ascent,labview_demo_csv
ARO-01,4364,B_quadratic,surveillance,ascent,2.617,0.622,21.2,78.9,1.123,0.0,ascent,labview_demo_csv
ARO-01,4365,B_quadratic,surveillance,ascent,2.644,0.610,21.2,79.0,1.101,0.0,ascent,labview_demo_csv
ARO-01,4366,B_quadratic,surveillance,ascent,2.654,0.604,21.3,78.7,1.090,0.0,ascent,labview_demo_csv
ARO-01,4367,B_quadratic,surveillance,ascent,2.601,0.595,21.3,78.7,1.073,0.0,ascent,labview_demo_csv
ARO-01,4368,B_quadratic,surveillance,descent,2.610,0.361,21.4,78.7,0.652,0.0,descent,labview_demo_csv
ARO-01,4369,B_quadratic,surveillance,descent,2.567,0.353,21.4,78.6,0.637,0.0,descent,labview_demo_csv
ARO-01,4370,B_quadratic,surveillance,descent,2.608,0.344,21.4,78.8,0.621,0.0,descent,labview_demo_csv
ARO-01,4371,B_quadratic,surveillance,descent,2.619,0.344,21.5,79.2,0.622,0.0,descent,labview_demo_csv
ARO-01,4372,B_quadratic,surveillance,descent,2.576,0.371,21.5,79.3,0.669,0.0,descent,labview_demo_csv
ARO-01,4373,B_quadratic,surveillance,descent,2.645,0.356,21.5,79.3,0.643,0.0,descent,labview_demo_csv
ARO-01,4374,B_quadratic,surveillance,descent,2.567,0.345,21.5,79.5,0.623,0.0,descent,labview_demo_csv
ARO-01,4375,B_quadratic,surveillance,descent,2.522,0.344,21.6,79.8,0.621,0.0,descent,labview_demo_csv
ARO-01,4376,B_quadratic,surveillance,descent,2.567,0.361,21.6,80.0,0.651,0.0,descent,labview_demo_csv
ARO-01,4377,B_quadratic,surveillance,descent,2.573,0.348,21.6,80.0,0.629,0.0,descent,labview_demo_csv
ARO-01,4378,B_quadratic,surveillance,descent,2.554,0.357,21.6,80.0,0.644,0.0,descent,labview_demo_csv
ARO-01,4379,B_quadratic,surveillance,descent,2.595,0.339,21.5,79.8,0.612,0.0,descent,labview_demo_csv
ARO-01,4380,B_quadratic,surveillance,pause,2.522,0.004,21.5,79.7,0.007,0.0,pause,labview_demo_csv
ARO-01,4381,B_quadratic,surveillance,pause,2.552,0.007,21.4,79.6,0.013,0.0,pause,labview_demo_csv
ARO-01,4382,B_quadratic,surveillance,pause,2.531,0.000,21.4,79.5,0.001,0.0,pause,labview_demo_csv
ARO-01,4383,B_quadratic,surveillance,pause,2.520,0.000,21.4,79.7,0.000,0.0,pause,labview_demo_csv
ARO-01,4384,B_quadratic,surveillance,pause,2.594,0.009,21.4,79.9,0.017,0.0,pause,labview_demo_csv
ARO-01,4385,B_quadratic,surveillance,pause,2.579,0.005,21.3,79.9,0.009,0.0,pause,labview_demo_csv
ARO-01,4386,B_quadratic,surveillance,pause,2.560,0.000,21.3,79.6,0.000,0.0,pause,labview_demo_csv
ARO-01,4387,B_quadratic,surveillance,pause,2.554,0.000,21.2,79.8,0.000,0.0,pause,labview_demo_csv
ARO-01,4388,B_quadratic,surveillance,pause,2.558,0.000,21.2,79.9,0.000,0.0,pause,labview_demo_csv
ARO-01,4389,B_quadratic,surveillance,pause,2.530,0.000,21.4,80.0,0.000,0.0,pause,labview_demo_csv
ARO-01,4390,B_quadratic,surveillance,pause,2.560,0.000,21.3,79.7,0.000,0.0,pause,labview_demo_csv
ARO-01,4391,B_quadratic,surveillance,pause,2.578,0.000,21.2,79.6,0.000,0.0,pause,labview_demo_csv
ARO-01,4392,B_quadratic,surveillance,pause,2.542,0.000,21.3,79.6,0.000,0.0,pause,labview_demo_csv
ARO-01,4393,B_quadratic,surveillance,pause,2.580,0.000,21.2,79.6,0.000,0.0,pause,labview_demo_csv
ARO-01,4394,B_quadratic,surveillance,pause,2.509,0.005,21.3,79.7,0.008,0.0,pause,labview_demo_csv
ARO-01,4395,B_quadratic,surveillance,pause,2.576,0.011,21.3,79.8,0.020,0.0,pause,labview_demo_csv
ARO-01,4396,B_quadratic,surveillance,pause,2.594,0.000,21.3,79.8,0.000,0.0,pause,labview_demo_csv
ARO-01,4397,B_quadratic,surveillance,pause,2.614,0.005,21.3,80.0,0.008,0.0,pause,labview_demo_csv
ARO-01,4398,B_quadratic,surveillance,pause,2.582,0.009,21.2,80.0,0.016,0.0,pause,labview_demo_csv
ARO-01,4399,B_quadratic,surveillance,pause,2.624,0.000,21.2,79.9,0.000,0.0,pause,labview_demo_csv
