machine_code,time,sim_elapsed_s,profile,scenario,phase,vibration_mm_s,motor_power,temperature,humidity,current,charge,state,source
ARO-01,2026-05-28T22:35:15.224Z,0,A_linear,healthy,ascent,0.946,0.563,24.4,61.5,1.016,60.0,ascent,labview_bridge
ARO-01,2026-05-28T22:35:16.231Z,1,A_linear,healthy,ascent,0.934,0.556,24.2,63.0,1.003,60.0,ascent,labview_bridge
ARO-01,2026-05-28T22:35:17.231Z,2,A_linear,healthy,ascent,0.947,0.562,24.0,64.2,1.014,60.0,ascent,labview_bridge
ARO-01,2026-05-28T22:35:18.232Z,3,A_linear,healthy,ascent,0.984,0.552,23.9,65.2,0.995,60.0,ascent,labview_bridge
ARO-01,2026-05-28T22:35:19.232Z,4,A_linear,healthy,ascent,0.955,0.556,23.7,66.2,1.003,60.0,ascent,labview_bridge
ARO-01,2026-05-28T22:35:20.233Z,5,A_linear,healthy,ascent,0.977,0.555,23.4,67.3,1.002,60.0,ascent,labview_bridge
ARO-01,2026-05-28T22:35:21.233Z,6,A_linear,healthy,ascent,0.965,0.557,23.5,68.0,1.004,60.0,ascent,labview_bridge
ARO-01,2026-05-28T22:35:22.234Z,7,A_linear,healthy,ascent,0.966,0.550,23.5,68.8,0.992,60.0,ascent,labview_bridge
ARO-01,2026-05-28T22:35:23.234Z,8,A_linear,healthy,ascent,0.972,0.566,23.4,69.6,1.021,60.0,ascent,labview_bridge
ARO-01,2026-05-28T22:35:24.235Z,9,A_linear,healthy,ascent,0.987,0.567,23.4,70.5,1.022,60.0,ascent,labview_bridge
ARO-01,2026-05-28T22:35:25.236Z,10,A_linear,healthy,ascent,0.971,0.568,23.3,71.2,1.024,60.0,ascent,labview_bridge
ARO-01,2026-05-28T22:35:26.237Z,11,A_linear,healthy,ascent,0.975,0.556,23.3,72.2,1.003,60.0,ascent,labview_bridge
ARO-01,2026-05-28T22:35:27.237Z,12,A_linear,healthy,descent,0.964,0.348,23.1,72.8,0.629,60.0,descent,labview_bridge
ARO-01,2026-05-28T22:35:28.237Z,13,A_linear,healthy,descent,0.979,0.347,23.0,73.4,0.626,60.0,descent,labview_bridge
ARO-01,2026-05-28T22:35:29.240Z,14,A_linear,healthy,descent,0.958,0.351,22.9,73.9,0.632,60.0,descent,labview_bridge
ARO-01,2026-05-28T22:35:30.241Z,15,A_linear,healthy,descent,0.939,0.349,22.9,74.2,0.629,60.0,descent,labview_bridge
ARO-01,2026-05-28T22:35:31.241Z,16,A_linear,healthy,descent,0.945,0.353,22.9,74.6,0.636,60.0,descent,labview_bridge
ARO-01,2026-05-28T22:35:32.242Z,17,A_linear,healthy,descent,0.921,0.350,22.8,75.1,0.631,60.0,descent,labview_bridge
ARO-01,2026-05-28T22:35:33.243Z,18,A_linear,healthy,descent,0.918,0.348,22.7,75.4,0.629,60.0,descent,labview_bridge
ARO-01,2026-05-28T22:35:34.243Z,19,A_linear,healthy,descent,0.926,0.343,22.6,76.0,0.619,60.0,descent,labview_bridge
ARO-01,2026-05-28T22:35:35.244Z,20,A_linear,healthy,descent,0.900,0.354,22.5,75.9,0.638,60.0,descent,labview_bridge
ARO-01,2026-05-28T22:35:36.245Z,21,A_linear,healthy,descent,0.882,0.353,22.5,76.5,0.636,60.0,descent,labview_bridge
ARO-01,2026-05-28T22:35:37.246Z,22,A_linear,healthy,descent,0.898,0.356,22.3,76.7,0.642,60.0,descent,labview_bridge
ARO-01,2026-05-28T22:35:38.246Z,23,A_linear,healthy,descent,0.903,0.352,22.3,76.6,0.635,60.0,descent,labview_bridge
ARO-01,2026-05-28T22:35:39.247Z,24,A_linear,healthy,pause,0.871,0.008,22.2,76.6,0.015,60.0,pause,labview_bridge
ARO-01,2026-05-28T22:35:40.248Z,25,A_linear,healthy,pause,0.852,0.010,22.2,77.2,0.018,60.0,pause,labview_bridge
ARO-01,2026-05-28T22:35:41.248Z,26,A_linear,healthy,pause,0.872,0.003,22.1,77.7,0.006,60.0,pause,labview_bridge
ARO-01,2026-05-28T22:35:42.249Z,27,A_linear,healthy,pause,0.857,0.000,22.1,77.8,0.000,60.0,pause,labview_bridge
ARO-01,2026-05-28T22:35:43.250Z,28,A_linear,healthy,pause,0.856,0.005,21.9,78.0,0.009,60.0,pause,labview_bridge
ARO-01,2026-05-28T22:35:44.250Z,29,A_linear,healthy,pause,0.855,0.000,21.9,78.1,0.000,60.0,pause,labview_bridge
ARO-01,2026-05-28T22:35:45.251Z,30,A_linear,healthy,pause,0.835,0.000,21.8,78.0,0.000,60.0,pause,labview_bridge
ARO-01,2026-05-28T22:35:46.252Z,31,A_linear,healthy,pause,0.854,0.006,21.8,78.3,0.011,60.0,pause,labview_bridge
ARO-01,2026-05-28T22:35:47.252Z,32,A_linear,healthy,pause,0.871,0.006,21.8,78.0,0.010,60.0,pause,labview_bridge
ARO-01,2026-05-28T22:35:48.256Z,33,A_linear,healthy,pause,0.850,0.000,21.7,77.9,0.000,60.0,pause,labview_bridge
ARO-01,2026-05-28T22:35:49.256Z,34,A_linear,healthy,pause,0.876,0.003,21.7,78.1,0.005,60.0,pause,labview_bridge
ARO-01,2026-05-28T22:35:50.256Z,35,A_linear,healthy,pause,0.893,0.000,21.7,78.2,0.000,60.0,pause,labview_bridge
ARO-01,2026-05-28T22:35:51.257Z,36,A_linear,healthy,pause,0.871,0.011,21.8,78.7,0.021,60.0,pause,labview_bridge
ARO-01,2026-05-28T22:35:52.257Z,37,A_linear,healthy,pause,0.883,0.000,21.8,78.7,0.000,60.0,pause,labview_bridge
ARO-01,2026-05-28T22:35:53.258Z,38,A_linear,healthy,pause,0.887,0.000,21.7,78.8,0.001,60.0,pause,labview_bridge
ARO-01,2026-05-28T22:35:54.258Z,39,A_linear,healthy,pause,0.923,0.000,21.7,78.9,0.000,60.0,pause,labview_bridge
ARO-01,2026-05-28T22:35:55.259Z,40,A_linear,healthy,pause,0.923,0.001,21.6,79.1,0.001,60.0,pause,labview_bridge
ARO-01,2026-05-28T22:35:56.260Z,41,A_linear,healthy,pause,0.924,0.000,21.6,78.9,0.000,60.0,pause,labview_bridge
ARO-01,2026-05-28T22:35:57.261Z,42,A_linear,healthy,pause,0.922,0.000,21.4,78.8,0.000,60.0,pause,labview_bridge
ARO-01,2026-05-28T22:35:58.261Z,43,A_linear,healthy,pause,0.948,0.003,21.5,78.8,0.006,60.0,pause,labview_bridge
ARO-01,2026-05-28T22:35:59.262Z,44,A_linear,healthy,ascent,0.937,0.557,21.4,78.8,1.004,60.0,ascent,labview_bridge
ARO-01,2026-05-28T22:36:00.262Z,45,A_linear,healthy,ascent,0.939,0.569,21.5,78.9,1.027,60.0,ascent,labview_bridge
ARO-01,2026-05-28T22:36:01.263Z,46,A_linear,healthy,ascent,0.976,0.560,21.6,79.1,1.010,60.0,ascent,labview_bridge
ARO-01,2026-05-28T22:36:02.264Z,47,A_linear,healthy,ascent,0.974,0.558,21.6,79.0,1.008,60.0,ascent,labview_bridge
ARO-01,2026-05-28T22:36:03.264Z,48,A_linear,healthy,ascent,0.977,0.566,21.7,79.0,1.020,60.0,ascent,labview_bridge
ARO-01,2026-05-28T22:36:04.265Z,49,A_linear,healthy,ascent,0.997,0.552,21.7,78.9,0.997,60.0,ascent,labview_bridge
ARO-01,2026-05-28T22:36:05.266Z,50,A_linear,healthy,ascent,0.962,0.566,21.8,79.0,1.021,60.0,ascent,labview_bridge
ARO-01,2026-05-28T22:36:06.267Z,51,A_linear,healthy,ascent,0.986,0.560,21.9,79.1,1.011,60.0,ascent,labview_bridge
ARO-01,2026-05-28T22:36:07.267Z,52,A_linear,healthy,ascent,0.960,0.556,22.0,79.2,1.002,60.0,ascent,labview_bridge
ARO-01,2026-05-28T22:36:08.268Z,53,A_linear,healthy,ascent,0.970,0.564,22.0,79.3,1.018,60.0,ascent,labview_bridge
ARO-01,2026-05-28T22:36:09.269Z,54,A_linear,healthy,ascent,0.969,0.559,22.2,79.1,1.009,60.0,ascent,labview_bridge
ARO-01,2026-05-28T22:36:10.269Z,55,A_linear,healthy,ascent,0.975,0.558,22.2,79.2,1.007,60.0,ascent,labview_bridge
ARO-01,2026-05-28T22:36:11.270Z,56,A_linear,healthy,descent,0.974,0.351,22.2,79.6,0.634,60.0,descent,labview_bridge
ARO-01,2026-05-28T22:36:12.271Z,57,A_linear,healthy,descent,0.947,0.346,22.2,79.6,0.624,60.0,descent,labview_bridge
ARO-01,2026-05-28T22:36:13.271Z,58,A_linear,healthy,descent,0.935,0.356,22.1,79.6,0.642,60.0,descent,labview_bridge
ARO-01,2026-05-28T22:36:14.272Z,59,A_linear,healthy,descent,0.954,0.344,22.1,79.4,0.621,60.0,descent,labview_bridge
ARO-01,2026-05-28T22:36:15.273Z,60,A_linear,healthy,descent,0.941,0.348,22.1,79.4,0.628,60.0,descent,labview_bridge
ARO-01,2026-05-28T22:36:16.274Z,61,A_linear,healthy,descent,0.930,0.355,22.0,79.4,0.640,60.0,descent,labview_bridge
ARO-01,2026-05-28T22:36:17.276Z,62,A_linear,healthy,descent,0.935,0.347,22.1,79.6,0.626,60.0,descent,labview_bridge
ARO-01,2026-05-28T22:36:18.277Z,63,A_linear,healthy,descent,0.908,0.341,22.1,79.9,0.616,60.0,descent,labview_bridge
ARO-01,2026-05-28T22:36:19.277Z,64,A_linear,healthy,descent,0.904,0.351,21.9,79.9,0.633,60.0,descent,labview_bridge
ARO-01,2026-05-28T22:36:20.278Z,65,A_linear,healthy,descent,0.882,0.352,22.0,79.6,0.636,60.0,descent,labview_bridge
ARO-01,2026-05-28T22:36:21.278Z,66,A_linear,healthy,descent,0.886,0.345,22.0,79.2,0.623,60.0,descent,labview_bridge
ARO-01,2026-05-28T22:36:22.279Z,67,A_linear,healthy,descent,0.861,0.360,21.9,79.3,0.649,60.0,descent,labview_bridge
ARO-01,2026-05-28T22:36:23.279Z,68,A_linear,healthy,pause,0.868,0.000,21.9,79.2,0.000,60.0,pause,labview_bridge
ARO-01,2026-05-28T22:36:24.280Z,69,A_linear,healthy,pause,0.857,0.000,21.9,79.3,0.000,60.0,pause,labview_bridge
ARO-01,2026-05-28T22:36:25.280Z,70,A_linear,healthy,pause,0.871,0.005,21.8,79.5,0.008,60.0,pause,labview_bridge
ARO-01,2026-05-28T22:36:26.281Z,71,A_linear,healthy,pause,0.858,0.000,21.9,79.6,0.000,60.0,pause,labview_bridge
ARO-01,2026-05-28T22:36:27.282Z,72,A_linear,healthy,pause,0.871,0.003,22.0,80.0,0.005,60.0,pause,labview_bridge
ARO-01,2026-05-28T22:36:28.283Z,73,A_linear,healthy,pause,0.836,0.006,22.0,80.0,0.012,60.0,pause,labview_bridge
ARO-01,2026-05-28T22:36:29.284Z,74,A_linear,healthy,pause,0.846,0.001,22.0,80.0,0.001,60.0,pause,labview_bridge
ARO-01,2026-05-28T22:36:30.285Z,75,A_linear,healthy,pause,0.863,0.000,21.9,80.0,0.000,60.0,pause,labview_bridge
ARO-01,2026-05-28T22:36:31.285Z,76,A_linear,healthy,pause,0.871,0.014,21.9,80.0,0.025,60.0,pause,labview_bridge
ARO-01,2026-05-28T22:36:32.286Z,77,A_linear,healthy,pause,0.844,0.000,21.9,79.9,0.000,60.0,pause,labview_bridge
ARO-01,2026-05-28T22:36:33.287Z,78,A_linear,healthy,pause,0.865,0.000,21.8,80.0,0.000,60.0,pause,labview_bridge
ARO-01,2026-05-28T22:36:34.287Z,79,A_linear,healthy,pause,0.885,0.000,21.9,79.7,0.000,60.0,pause,labview_bridge
ARO-01,2026-05-28T22:36:35.288Z,80,A_linear,healthy,pause,0.879,0.000,21.9,79.8,0.000,60.0,pause,labview_bridge
ARO-01,2026-05-28T22:36:36.289Z,81,A_linear,healthy,pause,0.895,0.002,21.9,80.0,0.004,60.0,pause,labview_bridge
ARO-01,2026-05-28T22:36:37.289Z,82,A_linear,healthy,pause,0.887,0.001,21.8,80.0,0.003,60.0,pause,labview_bridge
ARO-01,2026-05-28T22:36:38.289Z,83,A_linear,healthy,pause,0.915,0.001,21.8,80.0,0.002,60.0,pause,labview_bridge
ARO-01,2026-05-28T22:36:39.290Z,84,A_linear,healthy,pause,0.892,0.000,21.8,80.0,0.000,60.0,pause,labview_bridge
ARO-01,2026-05-28T22:36:40.290Z,85,A_linear,healthy,pause,0.925,0.000,21.8,80.0,0.000,60.0,pause,labview_bridge
ARO-01,2026-05-28T22:36:41.291Z,86,A_linear,healthy,pause,0.924,0.002,21.8,80.0,0.003,60.0,pause,labview_bridge
ARO-01,2026-05-28T22:36:42.301Z,87,A_linear,healthy,pause,0.944,0.003,21.8,80.0,0.005,60.0,pause,labview_bridge
ARO-01,2026-05-28T22:36:43.306Z,88,A_linear,healthy,ascent,0.937,0.557,21.8,79.8,1.004,60.0,ascent,labview_bridge
ARO-01,2026-05-28T22:36:44.306Z,89,A_linear,healthy,ascent,0.950,0.563,21.9,79.9,1.015,60.0,ascent,labview_bridge
ARO-01,2026-05-28T22:36:45.307Z,90,A_linear,healthy,ascent,0.969,0.543,21.8,79.9,0.979,60.0,ascent,labview_bridge
ARO-01,2026-05-28T22:36:46.312Z,91,A_linear,healthy,ascent,0.970,0.559,21.9,79.6,1.009,60.0,ascent,labview_bridge
ARO-01,2026-05-28T22:36:47.312Z,92,A_linear,healthy,ascent,0.962,0.549,22.0,79.7,0.991,60.0,ascent,labview_bridge
ARO-01,2026-05-28T22:36:48.313Z,93,A_linear,healthy,ascent,0.957,0.561,22.0,79.7,1.012,60.0,ascent,labview_bridge
ARO-01,2026-05-28T22:36:49.313Z,94,A_linear,healthy,ascent,0.984,0.561,22.1,79.9,1.013,60.0,ascent,labview_bridge
ARO-01,2026-05-28T22:36:50.314Z,95,A_linear,healthy,ascent,0.965,0.560,22.2,79.9,1.010,60.0,ascent,labview_bridge
ARO-01,2026-05-28T22:36:51.322Z,96,A_linear,healthy,ascent,0.986,0.562,22.3,79.9,1.015,60.0,ascent,labview_bridge
ARO-01,2026-05-28T22:36:52.322Z,97,A_linear,healthy,ascent,0.965,0.556,22.3,80.0,1.003,60.0,ascent,labview_bridge
ARO-01,2026-05-28T22:36:53.325Z,98,A_linear,healthy,ascent,0.952,0.555,22.4,80.0,1.001,60.0,ascent,labview_bridge
ARO-01,2026-05-28T22:36:54.325Z,99,A_linear,healthy,ascent,0.974,0.572,22.4,80.0,1.032,60.0,ascent,labview_bridge
ARO-01,2026-05-28T22:36:55.326Z,100,A_linear,healthy,descent,0.968,0.359,22.3,80.0,0.647,60.0,descent,labview_bridge
ARO-01,2026-05-28T22:36:56.326Z,101,A_linear,healthy,descent,0.955,0.344,22.3,79.8,0.621,60.0,descent,labview_bridge
ARO-01,2026-05-28T22:36:57.327Z,102,A_linear,healthy,descent,0.956,0.348,22.3,80.0,0.628,60.0,descent,labview_bridge
ARO-01,2026-05-28T22:36:58.328Z,103,A_linear,healthy,descent,0.951,0.353,22.3,80.0,0.637,60.0,descent,labview_bridge
ARO-01,2026-05-28T22:36:59.329Z,104,A_linear,healthy,descent,0.947,0.343,22.3,79.8,0.619,60.0,descent,labview_bridge
ARO-01,2026-05-28T22:37:00.329Z,105,A_linear,healthy,descent,0.923,0.370,22.3,80.0,0.668,60.0,descent,labview_bridge
ARO-01,2026-05-28T22:37:01.330Z,106,A_linear,healthy,descent,0.938,0.359,22.4,79.8,0.647,60.0,descent,labview_bridge
ARO-01,2026-05-28T22:37:02.330Z,107,A_linear,healthy,descent,0.892,0.347,22.4,79.8,0.625,60.0,descent,labview_bridge
ARO-01,2026-05-28T22:37:03.331Z,108,A_linear,healthy,descent,0.903,0.345,22.4,80.0,0.622,60.0,descent,labview_bridge
ARO-01,2026-05-28T22:37:04.331Z,109,A_linear,healthy,descent,0.902,0.354,22.4,79.8,0.638,60.0,descent,labview_bridge
ARO-01,2026-05-28T22:37:05.331Z,110,A_linear,healthy,descent,0.886,0.352,22.4,79.8,0.634,60.0,descent,labview_bridge
ARO-01,2026-05-28T22:37:06.332Z,111,A_linear,healthy,descent,0.889,0.362,22.4,80.0,0.653,60.0,descent,labview_bridge
ARO-01,2026-05-28T22:37:07.332Z,112,A_linear,healthy,pause,0.876,0.007,22.4,79.6,0.012,60.0,pause,labview_bridge
ARO-01,2026-05-28T22:37:08.333Z,113,A_linear,healthy,pause,0.866,0.000,22.3,79.2,0.000,60.0,pause,labview_bridge
ARO-01,2026-05-28T22:37:09.334Z,114,A_linear,healthy,pause,0.850,0.001,22.3,79.2,0.002,60.0,pause,labview_bridge
ARO-01,2026-05-28T22:37:10.334Z,115,A_linear,healthy,pause,0.877,0.002,22.3,79.3,0.004,60.0,pause,labview_bridge
ARO-01,2026-05-28T22:37:11.335Z,116,A_linear,healthy,pause,0.855,0.000,22.3,79.3,0.000,60.0,pause,labview_bridge
ARO-01,2026-05-28T22:37:12.335Z,117,A_linear,healthy,pause,0.841,0.000,22.3,79.6,0.000,60.0,pause,labview_bridge
ARO-01,2026-05-28T22:37:13.336Z,118,A_linear,healthy,pause,0.861,0.001,22.4,79.3,0.002,60.0,pause,labview_bridge
ARO-01,2026-05-28T22:37:14.337Z,119,A_linear,healthy,pause,0.863,0.000,22.5,79.4,0.000,60.0,pause,labview_bridge
ARO-01,2026-05-28T22:37:15.337Z,120,A_linear,healthy,pause,0.851,0.002,22.4,79.3,0.004,60.0,pause,labview_bridge
ARO-01,2026-05-28T22:37:16.338Z,121,A_linear,healthy,pause,0.854,0.000,22.4,79.2,0.000,60.0,pause,labview_bridge
ARO-01,2026-05-28T22:37:17.338Z,122,A_linear,healthy,pause,0.879,0.005,22.4,79.2,0.010,60.0,pause,labview_bridge
ARO-01,2026-05-28T22:37:18.338Z,123,A_linear,healthy,pause,0.864,0.010,22.4,79.1,0.018,60.0,pause,labview_bridge
ARO-01,2026-05-28T22:37:19.339Z,124,A_linear,healthy,pause,0.866,0.005,22.4,79.2,0.009,60.0,pause,labview_bridge
ARO-01,2026-05-28T22:37:20.339Z,125,A_linear,healthy,pause,0.886,0.000,22.5,79.3,0.000,60.0,pause,labview_bridge
ARO-01,2026-05-28T22:37:21.339Z,126,A_linear,healthy,pause,0.886,0.000,22.4,79.3,0.000,60.0,pause,labview_bridge
ARO-01,2026-05-28T22:37:22.340Z,127,A_linear,healthy,pause,0.896,0.000,22.4,79.3,0.000,60.0,pause,labview_bridge
ARO-01,2026-05-28T22:37:23.341Z,128,A_linear,healthy,pause,0.927,0.004,22.5,79.3,0.008,60.0,pause,labview_bridge
ARO-01,2026-05-28T22:37:24.341Z,129,A_linear,healthy,pause,0.940,0.007,22.5,79.5,0.012,60.0,pause,labview_bridge
ARO-01,2026-05-28T22:37:25.342Z,130,A_linear,healthy,pause,0.934,0.000,22.5,79.8,0.000,60.0,pause,labview_bridge
ARO-01,2026-05-28T22:37:26.342Z,131,A_linear,healthy,pause,0.938,0.008,22.4,79.9,0.015,60.0,pause,labview_bridge
ARO-01,2026-05-28T22:37:27.343Z,132,A_linear,healthy,ascent,0.946,0.553,22.4,79.7,0.998,60.0,ascent,labview_bridge
ARO-01,2026-05-28T22:37:28.343Z,133,A_linear,healthy,ascent,0.965,0.564,22.4,79.6,1.018,60.0,ascent,labview_bridge
ARO-01,2026-05-28T22:37:29.344Z,134,A_linear,healthy,ascent,0.947,0.549,22.4,79.6,0.990,60.0,ascent,labview_bridge
ARO-01,2026-05-28T22:37:30.345Z,135,A_linear,healthy,ascent,0.952,0.560,22.4,79.8,1.011,60.0,ascent,labview_bridge
ARO-01,2026-05-28T22:37:31.346Z,136,A_linear,healthy,ascent,1.000,0.551,22.5,79.6,0.995,60.0,ascent,labview_bridge
ARO-01,2026-05-28T22:37:32.347Z,137,A_linear,healthy,ascent,0.969,0.569,22.6,79.4,1.027,60.0,ascent,labview_bridge
ARO-01,2026-05-28T22:37:33.354Z,138,A_linear,healthy,ascent,0.972,0.569,22.7,79.4,1.026,60.0,ascent,labview_bridge
ARO-01,2026-05-28T22:37:34.354Z,139,A_linear,healthy,ascent,0.978,0.561,22.8,79.4,1.011,60.0,ascent,labview_bridge
ARO-01,2026-05-28T22:37:35.355Z,140,A_linear,healthy,ascent,0.990,0.551,22.8,79.6,0.994,60.0,ascent,labview_bridge
ARO-01,2026-05-28T22:37:36.355Z,141,A_linear,healthy,ascent,0.975,0.563,22.8,79.5,1.015,60.0,ascent,labview_bridge
ARO-01,2026-05-28T22:37:37.356Z,142,A_linear,healthy,ascent,0.962,0.551,22.8,79.7,0.994,60.0,ascent,labview_bridge
ARO-01,2026-05-28T22:37:38.356Z,143,A_linear,healthy,ascent,0.994,0.566,22.8,79.7,1.021,60.0,ascent,labview_bridge
ARO-01,2026-05-28T22:37:39.357Z,144,A_linear,healthy,descent,0.939,0.359,22.9,79.6,0.647,60.0,descent,labview_bridge
ARO-01,2026-05-28T22:37:40.357Z,145,A_linear,healthy,descent,0.963,0.343,22.8,79.5,0.618,60.0,descent,labview_bridge
ARO-01,2026-05-28T22:37:41.358Z,146,A_linear,healthy,descent,0.957,0.343,22.9,79.5,0.619,60.0,descent,labview_bridge
ARO-01,2026-05-28T22:37:42.358Z,147,A_linear,healthy,descent,0.937,0.358,22.9,79.7,0.647,60.0,descent,labview_bridge
ARO-01,2026-05-28T22:37:43.359Z,148,A_linear,healthy,descent,0.938,0.357,23.0,79.5,0.644,60.0,descent,labview_bridge
ARO-01,2026-05-28T22:37:44.359Z,149,A_linear,healthy,descent,0.923,0.350,23.0,79.1,0.631,60.0,descent,labview_bridge
ARO-01,2026-05-28T22:37:45.360Z,150,A_linear,healthy,descent,0.912,0.335,23.2,78.9,0.604,60.0,descent,labview_bridge
ARO-01,2026-05-28T22:37:46.360Z,151,A_linear,healthy,descent,0.912,0.353,23.2,78.8,0.637,60.0,descent,labview_bridge
ARO-01,2026-05-28T22:37:47.361Z,152,A_linear,healthy,descent,0.923,0.352,23.3,78.9,0.635,60.0,descent,labview_bridge
ARO-01,2026-05-28T22:37:48.362Z,153,A_linear,healthy,descent,0.897,0.352,23.3,79.0,0.635,60.0,descent,labview_bridge
ARO-01,2026-05-28T22:37:49.362Z,154,A_linear,healthy,descent,0.874,0.369,23.3,79.4,0.666,60.0,descent,labview_bridge
ARO-01,2026-05-28T22:37:50.363Z,155,A_linear,healthy,descent,0.889,0.352,23.2,79.5,0.635,60.0,descent,labview_bridge
ARO-01,2026-05-28T22:37:51.363Z,156,A_linear,healthy,pause,0.869,0.005,23.2,79.8,0.009,60.0,pause,labview_bridge
ARO-01,2026-05-28T22:37:52.364Z,157,A_linear,healthy,pause,0.878,0.007,23.2,79.8,0.012,60.0,pause,labview_bridge
ARO-01,2026-05-28T22:37:53.365Z,158,A_linear,healthy,pause,0.851,0.008,23.1,80.0,0.015,60.0,pause,labview_bridge
ARO-01,2026-05-28T22:37:54.365Z,159,A_linear,healthy,pause,0.840,0.002,23.0,80.0,0.003,60.0,pause,labview_bridge
ARO-01,2026-05-28T22:37:55.366Z,160,A_linear,healthy,pause,0.861,0.000,23.0,79.8,0.000,60.0,pause,labview_bridge
ARO-01,2026-05-28T22:37:56.366Z,161,A_linear,healthy,pause,0.857,0.000,22.9,80.0,0.000,60.0,pause,labview_bridge
ARO-01,2026-05-28T22:37:57.367Z,162,A_linear,healthy,pause,0.884,0.000,23.0,80.0,0.000,60.0,pause,labview_bridge
ARO-01,2026-05-28T22:37:58.367Z,163,A_linear,healthy,pause,0.853,0.006,23.0,79.8,0.010,60.0,pause,labview_bridge
ARO-01,2026-05-28T22:37:59.371Z,164,A_linear,healthy,pause,0.870,0.003,22.9,79.7,0.005,60.0,pause,labview_bridge
ARO-01,2026-05-28T22:38:00.372Z,165,A_linear,healthy,pause,0.858,0.014,23.0,79.4,0.025,60.0,pause,labview_bridge
ARO-01,2026-05-28T22:38:01.372Z,166,A_linear,healthy,pause,0.876,0.000,23.0,79.2,0.000,60.0,pause,labview_bridge
ARO-01,2026-05-28T22:38:02.373Z,167,A_linear,healthy,pause,0.850,0.008,23.1,79.4,0.015,60.0,pause,labview_bridge
ARO-01,2026-05-28T22:38:03.378Z,168,A_linear,healthy,pause,0.883,0.002,23.1,79.5,0.004,60.0,pause,labview_bridge
ARO-01,2026-05-28T22:38:04.379Z,169,A_linear,healthy,pause,0.864,0.011,23.0,79.5,0.021,60.0,pause,labview_bridge
ARO-01,2026-05-28T22:38:05.380Z,170,A_linear,healthy,pause,0.902,0.003,23.0,79.5,0.006,60.0,pause,labview_bridge
ARO-01,2026-05-28T22:38:06.380Z,171,A_linear,healthy,pause,0.885,0.000,22.9,79.6,0.000,60.0,pause,labview_bridge
ARO-01,2026-05-28T22:38:07.387Z,172,A_linear,healthy,pause,0.913,0.000,23.0,79.9,0.000,60.0,pause,labview_bridge
ARO-01,2026-05-28T22:38:08.388Z,173,A_linear,healthy,pause,0.904,0.002,22.9,79.8,0.004,60.0,pause,labview_bridge
ARO-01,2026-05-28T22:38:09.388Z,174,A_linear,healthy,pause,0.940,0.000,22.9,79.8,0.000,60.0,pause,labview_bridge
ARO-01,2026-05-28T22:38:10.388Z,175,A_linear,healthy,pause,0.925,0.000,22.9,80.0,0.000,60.0,pause,labview_bridge
ARO-01,2026-05-28T22:38:11.389Z,176,A_linear,healthy,ascent,0.949,0.627,23.1,79.8,1.131,75.0,ascent,labview_bridge
ARO-01,2026-05-28T22:38:12.390Z,177,A_linear,healthy,ascent,0.961,0.630,23.2,79.7,1.136,75.0,ascent,labview_bridge
ARO-01,2026-05-28T22:38:13.390Z,178,A_linear,healthy,ascent,0.973,0.625,23.1,80.0,1.128,75.0,ascent,labview_bridge
ARO-01,2026-05-28T22:38:14.391Z,179,A_linear,healthy,ascent,0.944,0.629,23.2,80.0,1.135,75.0,ascent,labview_bridge
ARO-01,2026-05-28T22:38:15.395Z,180,A_linear,healthy,ascent,0.957,0.625,23.1,80.0,1.128,75.0,ascent,labview_bridge
ARO-01,2026-05-28T22:38:16.396Z,181,A_linear,healthy,ascent,1.001,0.628,23.2,79.8,1.132,75.0,ascent,labview_bridge
ARO-01,2026-05-28T22:38:17.396Z,182,A_linear,healthy,ascent,0.978,0.627,23.2,79.9,1.131,75.0,ascent,labview_bridge
ARO-01,2026-05-28T22:38:18.404Z,183,A_linear,healthy,ascent,0.971,0.622,23.3,79.8,1.123,75.0,ascent,labview_bridge
ARO-01,2026-05-28T22:38:19.405Z,184,A_linear,healthy,ascent,0.979,0.627,23.4,79.6,1.131,75.0,ascent,labview_bridge
ARO-01,2026-05-28T22:38:20.405Z,185,A_linear,healthy,ascent,0.979,0.626,23.4,79.6,1.129,75.0,ascent,labview_bridge
ARO-01,2026-05-28T22:38:21.406Z,186,A_linear,healthy,ascent,0.974,0.624,23.5,79.4,1.125,75.0,ascent,labview_bridge
ARO-01,2026-05-28T22:38:22.406Z,187,A_linear,healthy,ascent,0.961,0.627,23.5,79.5,1.131,75.0,ascent,labview_bridge
ARO-01,2026-05-28T22:38:23.406Z,188,A_linear,healthy,descent,0.958,0.344,23.4,79.5,0.622,75.0,descent,labview_bridge
ARO-01,2026-05-28T22:38:24.407Z,189,A_linear,healthy,descent,0.964,0.349,23.4,79.6,0.629,75.0,descent,labview_bridge
ARO-01,2026-05-28T22:38:25.408Z,190,A_linear,healthy,descent,0.938,0.354,23.4,79.4,0.638,75.0,descent,labview_bridge
ARO-01,2026-05-28T22:38:26.408Z,191,A_linear,healthy,descent,0.950,0.358,23.4,79.2,0.646,75.0,descent,labview_bridge
ARO-01,2026-05-28T22:38:27.409Z,192,A_linear,healthy,descent,0.940,0.345,23.3,79.1,0.622,75.0,descent,labview_bridge
ARO-01,2026-05-28T22:38:28.409Z,193,A_linear,healthy,descent,0.935,0.353,23.3,78.8,0.636,75.0,descent,labview_bridge
ARO-01,2026-05-28T22:38:29.410Z,194,A_linear,healthy,descent,0.927,0.351,23.3,78.6,0.634,75.0,descent,labview_bridge
ARO-01,2026-05-28T22:38:30.410Z,195,A_linear,healthy,descent,0.898,0.337,23.3,79.0,0.607,75.0,descent,labview_bridge
ARO-01,2026-05-28T22:38:31.411Z,196,A_linear,healthy,descent,0.918,0.352,23.3,79.0,0.635,75.0,descent,labview_bridge
ARO-01,2026-05-28T22:38:32.412Z,197,A_linear,healthy,descent,0.885,0.343,23.3,79.0,0.619,75.0,descent,labview_bridge
ARO-01,2026-05-28T22:38:33.412Z,198,A_linear,healthy,descent,0.885,0.346,23.2,79.1,0.624,75.0,descent,labview_bridge
ARO-01,2026-05-28T22:38:34.413Z,199,A_linear,healthy,descent,0.869,0.350,23.1,79.5,0.631,75.0,descent,labview_bridge
ARO-01,2026-05-28T22:38:35.413Z,200,A_linear,healthy,pause,0.876,0.000,23.0,79.5,0.000,75.0,pause,labview_bridge
ARO-01,2026-05-28T22:38:36.414Z,201,A_linear,healthy,pause,0.867,0.002,23.0,79.5,0.003,75.0,pause,labview_bridge
ARO-01,2026-05-28T22:38:37.415Z,202,A_linear,healthy,pause,0.851,0.000,23.0,79.4,0.000,75.0,pause,labview_bridge
ARO-01,2026-05-28T22:38:38.415Z,203,A_linear,healthy,pause,0.869,0.000,23.0,79.3,0.000,75.0,pause,labview_bridge
ARO-01,2026-05-28T22:38:39.416Z,204,A_linear,healthy,pause,0.868,0.002,23.0,79.3,0.004,75.0,pause,labview_bridge
ARO-01,2026-05-28T22:38:40.416Z,205,A_linear,healthy,pause,0.847,0.000,23.0,79.1,0.000,75.0,pause,labview_bridge
ARO-01,2026-05-28T22:38:41.417Z,206,A_linear,healthy,pause,0.853,0.009,22.9,79.2,0.016,75.0,pause,labview_bridge
ARO-01,2026-05-28T22:38:42.417Z,207,A_linear,healthy,pause,0.861,0.000,22.9,79.3,0.000,75.0,pause,labview_bridge
ARO-01,2026-05-28T22:38:43.418Z,208,A_linear,healthy,pause,0.854,0.000,22.8,79.1,0.000,75.0,pause,labview_bridge
ARO-01,2026-05-28T22:38:44.419Z,209,A_linear,healthy,pause,0.852,0.000,22.8,79.1,0.000,75.0,pause,labview_bridge
ARO-01,2026-05-28T22:38:45.420Z,210,A_linear,healthy,pause,0.860,0.000,22.9,79.0,0.000,75.0,pause,labview_bridge
ARO-01,2026-05-28T22:38:46.420Z,211,A_linear,healthy,pause,0.871,0.005,22.9,79.1,0.009,75.0,pause,labview_bridge
ARO-01,2026-05-28T22:38:47.421Z,212,A_linear,healthy,pause,0.883,0.006,23.0,78.9,0.011,75.0,pause,labview_bridge
ARO-01,2026-05-28T22:38:48.422Z,213,A_linear,healthy,pause,0.899,0.006,22.9,78.9,0.010,75.0,pause,labview_bridge
ARO-01,2026-05-28T22:38:49.422Z,214,A_linear,healthy,pause,0.875,0.001,22.9,78.8,0.002,75.0,pause,labview_bridge
ARO-01,2026-05-28T22:38:50.423Z,215,A_linear,healthy,pause,0.925,0.004,22.9,78.8,0.007,75.0,pause,labview_bridge
ARO-01,2026-05-28T22:38:51.424Z,216,A_linear,healthy,pause,0.928,0.010,22.9,79.1,0.019,75.0,pause,labview_bridge
ARO-01,2026-05-28T22:38:52.424Z,217,A_linear,healthy,pause,0.912,0.010,23.0,78.9,0.018,75.0,pause,labview_bridge
ARO-01,2026-05-28T22:38:53.425Z,218,A_linear,healthy,pause,0.930,0.009,22.9,79.0,0.016,75.0,pause,labview_bridge
ARO-01,2026-05-28T22:38:54.425Z,219,A_linear,healthy,pause,0.934,0.000,22.9,79.3,0.000,75.0,pause,labview_bridge
ARO-01,2026-05-28T22:38:55.426Z,220,A_linear,healthy,ascent,0.951,0.447,23.0,79.0,0.807,30.0,ascent,labview_bridge
ARO-01,2026-05-28T22:38:56.427Z,221,A_linear,healthy,ascent,0.929,0.428,23.1,79.1,0.772,30.0,ascent,labview_bridge
ARO-01,2026-05-28T22:38:57.427Z,222,A_linear,healthy,ascent,0.961,0.430,23.2,79.4,0.775,30.0,ascent,labview_bridge
ARO-01,2026-05-28T22:38:58.428Z,223,A_linear,healthy,ascent,0.968,0.427,23.2,79.3,0.770,30.0,ascent,labview_bridge
ARO-01,2026-05-28T22:38:59.429Z,224,A_linear,healthy,ascent,0.976,0.432,23.2,79.4,0.780,30.0,ascent,labview_bridge
ARO-01,2026-05-28T22:39:00.430Z,225,A_linear,healthy,ascent,0.968,0.430,23.2,79.2,0.776,30.0,ascent,labview_bridge
ARO-01,2026-05-28T22:39:01.430Z,226,A_linear,healthy,ascent,0.972,0.433,23.3,79.3,0.781,30.0,ascent,labview_bridge
ARO-01,2026-05-28T22:39:02.431Z,227,A_linear,healthy,ascent,0.979,0.427,23.3,79.2,0.770,30.0,ascent,labview_bridge
ARO-01,2026-05-28T22:39:03.431Z,228,A_linear,healthy,ascent,0.987,0.425,23.2,79.3,0.768,30.0,ascent,labview_bridge
ARO-01,2026-05-28T22:39:04.436Z,229,A_linear,healthy,ascent,0.966,0.433,23.2,79.3,0.782,30.0,ascent,labview_bridge
ARO-01,2026-05-28T22:39:05.444Z,230,A_linear,healthy,ascent,0.981,0.430,23.3,79.4,0.776,30.0,ascent,labview_bridge
ARO-01,2026-05-28T22:39:06.445Z,231,A_linear,healthy,ascent,0.978,0.425,23.4,79.2,0.768,30.0,ascent,labview_bridge
ARO-01,2026-05-28T22:39:07.452Z,232,A_linear,healthy,descent,0.980,0.345,23.5,79.2,0.622,30.0,descent,labview_bridge
ARO-01,2026-05-28T22:39:08.453Z,233,A_linear,healthy,descent,0.958,0.349,23.5,79.0,0.630,30.0,descent,labview_bridge
ARO-01,2026-05-28T22:39:09.454Z,234,A_linear,healthy,descent,0.957,0.354,23.6,79.1,0.639,30.0,descent,labview_bridge
ARO-01,2026-05-28T22:39:10.455Z,235,A_linear,healthy,descent,0.937,0.345,23.6,79.2,0.622,30.0,descent,labview_bridge
ARO-01,2026-05-28T22:39:11.456Z,236,A_linear,healthy,descent,0.937,0.344,23.7,79.3,0.620,30.0,descent,labview_bridge
ARO-01,2026-05-28T22:39:12.456Z,237,A_linear,healthy,descent,0.946,0.341,23.7,79.1,0.615,30.0,descent,labview_bridge
ARO-01,2026-05-28T22:39:13.457Z,238,A_linear,healthy,descent,0.930,0.360,23.7,79.0,0.650,30.0,descent,labview_bridge
ARO-01,2026-05-28T22:39:14.457Z,239,A_linear,healthy,descent,0.928,0.353,23.8,78.8,0.636,30.0,descent,labview_bridge
ARO-01,2026-05-28T22:39:15.460Z,240,A_linear,healthy,descent,0.924,0.359,23.8,78.8,0.648,30.0,descent,labview_bridge
ARO-01,2026-05-28T22:39:16.461Z,241,A_linear,healthy,descent,0.904,0.347,23.8,78.9,0.626,30.0,descent,labview_bridge
ARO-01,2026-05-28T22:39:17.462Z,242,A_linear,healthy,descent,0.864,0.353,23.8,78.8,0.638,30.0,descent,labview_bridge
ARO-01,2026-05-28T22:39:18.462Z,243,A_linear,healthy,descent,0.882,0.353,23.9,78.8,0.636,30.0,descent,labview_bridge
ARO-01,2026-05-28T22:39:19.470Z,244,A_linear,healthy,pause,0.883,0.013,23.8,78.6,0.024,30.0,pause,labview_bridge
ARO-01,2026-05-28T22:39:20.470Z,245,A_linear,healthy,pause,0.873,0.000,23.8,78.6,0.000,30.0,pause,labview_bridge
ARO-01,2026-05-28T22:39:21.471Z,246,A_linear,healthy,pause,0.886,0.005,23.8,78.6,0.009,30.0,pause,labview_bridge
ARO-01,2026-05-28T22:39:22.471Z,247,A_linear,healthy,pause,0.866,0.009,23.7,78.6,0.017,30.0,pause,labview_bridge
ARO-01,2026-05-28T22:39:23.472Z,248,A_linear,healthy,pause,0.854,0.000,23.7,79.0,0.000,30.0,pause,labview_bridge
ARO-01,2026-05-28T22:39:24.472Z,249,A_linear,healthy,pause,0.859,0.000,23.8,79.2,0.000,30.0,pause,labview_bridge
ARO-01,2026-05-28T22:39:25.473Z,250,A_linear,healthy,pause,0.869,0.000,23.9,79.7,0.000,30.0,pause,labview_bridge
ARO-01,2026-05-28T22:39:26.474Z,251,A_linear,healthy,pause,0.849,0.000,23.9,79.6,0.000,30.0,pause,labview_bridge
ARO-01,2026-05-28T22:39:27.474Z,252,A_linear,healthy,pause,0.856,0.000,23.8,79.7,0.000,30.0,pause,labview_bridge
ARO-01,2026-05-28T22:39:28.477Z,253,A_linear,healthy,pause,0.855,0.008,23.8,79.6,0.015,30.0,pause,labview_bridge
ARO-01,2026-05-28T22:39:29.478Z,254,A_linear,healthy,pause,0.883,0.000,23.8,79.7,0.000,30.0,pause,labview_bridge
ARO-01,2026-05-28T22:39:30.478Z,255,A_linear,healthy,pause,0.869,0.004,23.6,79.7,0.006,30.0,pause,labview_bridge
ARO-01,2026-05-28T22:39:31.479Z,256,A_linear,healthy,pause,0.874,0.011,23.6,79.5,0.019,30.0,pause,labview_bridge
ARO-01,2026-05-28T22:39:32.480Z,257,A_linear,healthy,pause,0.881,0.002,23.7,79.5,0.004,30.0,pause,labview_bridge
ARO-01,2026-05-28T22:39:33.480Z,258,A_linear,healthy,pause,0.898,0.000,23.6,79.4,0.000,30.0,pause,labview_bridge
ARO-01,2026-05-28T22:39:34.481Z,259,A_linear,healthy,pause,0.899,0.005,23.6,79.3,0.009,30.0,pause,labview_bridge
ARO-01,2026-05-28T22:39:35.482Z,260,A_linear,healthy,pause,0.933,0.001,23.6,79.5,0.002,30.0,pause,labview_bridge
ARO-01,2026-05-28T22:39:36.482Z,261,A_linear,healthy,pause,0.919,0.000,23.6,79.5,0.000,30.0,pause,labview_bridge
ARO-01,2026-05-28T22:39:37.488Z,262,A_linear,healthy,pause,0.934,0.000,23.6,79.3,0.000,30.0,pause,labview_bridge
ARO-01,2026-05-28T22:39:38.523Z,263,A_linear,healthy,pause,0.959,0.000,23.6,79.4,0.000,30.0,pause,labview_bridge
ARO-01,2026-05-28T22:39:39.526Z,264,A_linear,healthy,ascent,0.950,0.498,23.7,79.2,0.898,45.0,ascent,labview_bridge
ARO-01,2026-05-28T22:39:40.527Z,265,A_linear,healthy,ascent,0.960,0.495,23.8,79.0,0.892,45.0,ascent,labview_bridge
ARO-01,2026-05-28T22:39:41.527Z,266,A_linear,healthy,ascent,0.939,0.495,23.8,79.0,0.893,45.0,ascent,labview_bridge
ARO-01,2026-05-28T22:39:42.528Z,267,A_linear,healthy,ascent,0.965,0.500,23.9,78.9,0.903,45.0,ascent,labview_bridge
ARO-01,2026-05-28T22:39:43.529Z,268,A_linear,healthy,ascent,0.944,0.510,23.9,78.6,0.921,45.0,ascent,labview_bridge
ARO-01,2026-05-28T22:39:44.530Z,269,A_linear,healthy,ascent,0.991,0.490,23.8,78.4,0.884,45.0,ascent,labview_bridge
ARO-01,2026-05-28T22:39:45.560Z,270,A_linear,healthy,ascent,0.953,0.497,23.9,78.5,0.897,45.0,ascent,labview_bridge
ARO-01,2026-05-28T22:39:46.560Z,271,A_linear,healthy,ascent,0.976,0.494,23.9,78.7,0.891,45.0,ascent,labview_bridge
ARO-01,2026-05-28T22:39:47.561Z,272,A_linear,healthy,ascent,0.975,0.482,23.9,78.4,0.870,45.0,ascent,labview_bridge
ARO-01,2026-05-28T22:39:48.569Z,273,A_linear,healthy,ascent,0.970,0.494,23.9,78.4,0.892,45.0,ascent,labview_bridge
ARO-01,2026-05-28T22:39:49.570Z,274,A_linear,healthy,ascent,0.963,0.498,24.1,78.7,0.899,45.0,ascent,labview_bridge
ARO-01,2026-05-28T22:39:50.574Z,275,A_linear,healthy,ascent,0.975,0.502,24.1,78.6,0.905,45.0,ascent,labview_bridge
ARO-01,2026-05-28T22:39:51.574Z,276,A_linear,healthy,descent,0.941,0.348,24.1,78.6,0.628,45.0,descent,labview_bridge
ARO-01,2026-05-28T22:39:52.575Z,277,A_linear,healthy,descent,0.946,0.352,24.1,78.5,0.636,45.0,descent,labview_bridge
ARO-01,2026-05-28T22:39:53.576Z,278,A_linear,healthy,descent,0.968,0.351,24.1,78.6,0.633,45.0,descent,labview_bridge
ARO-01,2026-05-28T22:39:54.576Z,279,A_linear,healthy,descent,0.954,0.361,24.1,79.0,0.652,45.0,descent,labview_bridge
ARO-01,2026-05-28T22:39:55.577Z,280,A_linear,healthy,descent,0.946,0.340,24.1,79.1,0.614,45.0,descent,labview_bridge
ARO-01,2026-05-28T22:39:56.578Z,281,A_linear,healthy,descent,0.941,0.341,24.0,78.9,0.615,45.0,descent,labview_bridge
ARO-01,2026-05-28T22:39:57.578Z,282,A_linear,healthy,descent,0.945,0.351,24.0,78.9,0.634,45.0,descent,labview_bridge
ARO-01,2026-05-28T22:39:58.579Z,283,A_linear,healthy,descent,0.910,0.350,24.0,78.8,0.631,45.0,descent,labview_bridge
ARO-01,2026-05-28T22:39:59.579Z,284,A_linear,healthy,descent,0.896,0.353,24.1,79.0,0.638,45.0,descent,labview_bridge
ARO-01,2026-05-28T22:40:00.580Z,285,A_linear,healthy,descent,0.906,0.357,24.1,78.9,0.645,45.0,descent,labview_bridge
ARO-01,2026-05-28T22:40:01.581Z,286,A_linear,healthy,descent,0.883,0.355,24.1,79.0,0.640,45.0,descent,labview_bridge
ARO-01,2026-05-28T22:40:02.581Z,287,A_linear,healthy,descent,0.895,0.347,24.2,78.8,0.627,45.0,descent,labview_bridge
ARO-01,2026-05-28T22:40:03.582Z,288,A_linear,healthy,pause,0.861,0.007,24.1,78.7,0.012,45.0,pause,labview_bridge
ARO-01,2026-05-28T22:40:04.582Z,289,A_linear,healthy,pause,0.872,0.000,24.1,78.8,0.000,45.0,pause,labview_bridge
ARO-01,2026-05-28T22:40:05.583Z,290,A_linear,healthy,pause,0.852,0.000,24.2,78.5,0.000,45.0,pause,labview_bridge
ARO-01,2026-05-28T22:40:06.583Z,291,A_linear,healthy,pause,0.866,0.000,24.2,78.4,0.000,45.0,pause,labview_bridge
ARO-01,2026-05-28T22:40:07.584Z,292,A_linear,healthy,pause,0.870,0.000,24.2,78.6,0.000,45.0,pause,labview_bridge
ARO-01,2026-05-28T22:40:08.584Z,293,A_linear,healthy,pause,0.866,0.000,24.1,78.3,0.000,45.0,pause,labview_bridge
ARO-01,2026-05-28T22:40:09.585Z,294,A_linear,healthy,pause,0.851,0.004,24.0,78.7,0.007,45.0,pause,labview_bridge
ARO-01,2026-05-28T22:40:10.585Z,295,A_linear,healthy,pause,0.856,0.000,24.0,78.7,0.000,45.0,pause,labview_bridge
ARO-01,2026-05-28T22:40:11.585Z,296,A_linear,healthy,pause,0.857,0.000,24.0,78.8,0.000,45.0,pause,labview_bridge
ARO-01,2026-05-28T22:40:12.586Z,297,A_linear,healthy,pause,0.879,0.000,24.0,78.7,0.000,45.0,pause,labview_bridge
ARO-01,2026-05-28T22:40:13.586Z,298,A_linear,healthy,pause,0.905,0.000,23.9,78.7,0.000,45.0,pause,labview_bridge
ARO-01,2026-05-28T22:40:14.593Z,299,A_linear,healthy,pause,0.884,0.006,24.0,78.6,0.011,45.0,pause,labview_bridge
ARO-01,2026-05-28T22:40:15.594Z,300,A_linear,healthy,pause,0.898,0.003,24.0,78.8,0.006,45.0,pause,labview_bridge
ARO-01,2026-05-28T22:40:16.594Z,301,A_linear,healthy,pause,0.887,0.004,24.0,78.8,0.007,45.0,pause,labview_bridge
ARO-01,2026-05-28T22:40:17.595Z,302,A_linear,healthy,pause,0.916,0.004,24.1,78.8,0.008,45.0,pause,labview_bridge
ARO-01,2026-05-28T22:40:18.595Z,303,A_linear,healthy,pause,0.911,0.000,24.0,78.7,0.000,45.0,pause,labview_bridge
ARO-01,2026-05-28T22:40:19.596Z,304,A_linear,healthy,pause,0.929,0.000,24.0,78.6,0.000,45.0,pause,labview_bridge
ARO-01,2026-05-28T22:40:20.596Z,305,A_linear,healthy,pause,0.933,0.000,23.9,78.6,0.000,45.0,pause,labview_bridge
ARO-01,2026-05-28T22:40:21.597Z,306,A_linear,healthy,pause,0.924,0.000,24.0,78.6,0.000,45.0,pause,labview_bridge
ARO-01,2026-05-28T22:40:22.597Z,307,A_linear,healthy,pause,0.925,0.009,24.1,78.9,0.016,45.0,pause,labview_bridge
ARO-01,2026-05-28T22:40:23.602Z,308,A_linear,healthy,ascent,0.953,0.618,24.1,79.0,1.114,75.0,ascent,labview_bridge
ARO-01,2026-05-28T22:40:24.602Z,309,A_linear,healthy,ascent,0.964,0.618,24.2,78.5,1.115,75.0,ascent,labview_bridge
ARO-01,2026-05-28T22:40:25.603Z,310,A_linear,healthy,ascent,0.975,0.626,24.3,78.5,1.129,75.0,ascent,labview_bridge
ARO-01,2026-05-28T22:40:26.604Z,311,A_linear,healthy,ascent,0.962,0.621,24.4,78.4,1.121,75.0,ascent,labview_bridge
ARO-01,2026-05-28T22:40:27.604Z,312,A_linear,healthy,ascent,0.959,0.625,24.4,78.4,1.128,75.0,ascent,labview_bridge
ARO-01,2026-05-28T22:40:28.605Z,313,A_linear,healthy,ascent,0.974,0.625,24.6,78.3,1.127,75.0,ascent,labview_bridge
ARO-01,2026-05-28T22:40:29.605Z,314,A_linear,healthy,ascent,0.982,0.629,24.6,78.5,1.135,75.0,ascent,labview_bridge
ARO-01,2026-05-28T22:40:30.605Z,315,A_linear,healthy,ascent,0.990,0.617,24.7,78.7,1.113,75.0,ascent,labview_bridge
ARO-01,2026-05-28T22:40:31.606Z,316,A_linear,healthy,ascent,0.983,0.619,24.7,78.7,1.117,75.0,ascent,labview_bridge
ARO-01,2026-05-28T22:40:32.610Z,317,A_linear,healthy,ascent,0.981,0.610,24.8,78.6,1.101,75.0,ascent,labview_bridge
ARO-01,2026-05-28T22:40:33.610Z,318,A_linear,healthy,ascent,0.978,0.622,24.7,78.5,1.122,75.0,ascent,labview_bridge
ARO-01,2026-05-28T22:40:34.611Z,319,A_linear,healthy,ascent,0.964,0.621,24.7,78.6,1.121,75.0,ascent,labview_bridge
ARO-01,2026-05-28T22:40:35.612Z,320,A_linear,healthy,descent,0.984,0.349,24.6,78.6,0.629,75.0,descent,labview_bridge
ARO-01,2026-05-28T22:40:36.613Z,321,A_linear,healthy,descent,0.974,0.366,24.7,78.8,0.660,75.0,descent,labview_bridge
ARO-01,2026-05-28T22:40:37.613Z,322,A_linear,healthy,descent,0.954,0.350,24.6,78.8,0.631,75.0,descent,labview_bridge
ARO-01,2026-05-28T22:40:38.614Z,323,A_linear,healthy,descent,0.954,0.351,24.6,78.8,0.634,75.0,descent,labview_bridge
ARO-01,2026-05-28T22:40:39.614Z,324,A_linear,healthy,descent,0.945,0.351,24.7,78.4,0.634,75.0,descent,labview_bridge
ARO-01,2026-05-28T22:40:40.615Z,325,A_linear,healthy,descent,0.935,0.346,24.7,78.1,0.624,75.0,descent,labview_bridge
ARO-01,2026-05-28T22:40:41.618Z,326,A_linear,healthy,descent,0.926,0.355,24.6,78.0,0.641,75.0,descent,labview_bridge
ARO-01,2026-05-28T22:40:42.618Z,327,A_linear,healthy,descent,0.925,0.364,24.5,77.8,0.657,75.0,descent,labview_bridge
ARO-01,2026-05-28T22:40:43.619Z,328,A_linear,healthy,descent,0.886,0.346,24.5,77.7,0.624,75.0,descent,labview_bridge
ARO-01,2026-05-28T22:40:44.619Z,329,A_linear,healthy,descent,0.885,0.338,24.5,77.9,0.609,75.0,descent,labview_bridge
ARO-01,2026-05-28T22:40:45.620Z,330,A_linear,healthy,descent,0.901,0.353,24.6,78.0,0.637,75.0,descent,labview_bridge
ARO-01,2026-05-28T22:40:46.621Z,331,A_linear,healthy,descent,0.890,0.346,24.7,78.3,0.625,75.0,descent,labview_bridge
ARO-01,2026-05-28T22:40:47.622Z,332,A_linear,healthy,pause,0.871,0.006,24.6,77.9,0.012,75.0,pause,labview_bridge
ARO-01,2026-05-28T22:40:48.622Z,333,A_linear,healthy,pause,0.877,0.003,24.6,78.1,0.005,75.0,pause,labview_bridge
ARO-01,2026-05-28T22:40:49.623Z,334,A_linear,healthy,pause,0.878,0.000,24.6,78.3,0.000,75.0,pause,labview_bridge
ARO-01,2026-05-28T22:40:50.624Z,335,A_linear,healthy,pause,0.867,0.000,24.5,78.5,0.000,75.0,pause,labview_bridge
ARO-01,2026-05-28T22:40:51.625Z,336,A_linear,healthy,pause,0.860,0.000,24.5,78.7,0.000,75.0,pause,labview_bridge
ARO-01,2026-05-28T22:40:52.625Z,337,A_linear,healthy,pause,0.861,0.005,24.5,78.4,0.010,75.0,pause,labview_bridge
ARO-01,2026-05-28T22:40:53.626Z,338,A_linear,healthy,pause,0.851,0.000,24.4,78.5,0.000,75.0,pause,labview_bridge
ARO-01,2026-05-28T22:40:54.626Z,339,A_linear,healthy,pause,0.861,0.001,24.4,78.2,0.002,75.0,pause,labview_bridge
ARO-01,2026-05-28T22:40:55.627Z,340,A_linear,healthy,pause,0.884,0.003,24.4,78.3,0.006,75.0,pause,labview_bridge
ARO-01,2026-05-28T22:40:56.627Z,341,A_linear,healthy,pause,0.867,0.000,24.5,78.1,0.000,75.0,pause,labview_bridge
ARO-01,2026-05-28T22:40:57.628Z,342,A_linear,healthy,pause,0.879,0.000,24.5,78.5,0.000,75.0,pause,labview_bridge
ARO-01,2026-05-28T22:40:58.628Z,343,A_linear,healthy,pause,0.866,0.000,24.6,78.4,0.000,75.0,pause,labview_bridge
ARO-01,2026-05-28T22:40:59.635Z,344,A_linear,healthy,pause,0.894,0.002,24.5,78.3,0.004,75.0,pause,labview_bridge
ARO-01,2026-05-28T22:41:00.636Z,345,A_linear,healthy,pause,0.902,0.000,24.4,77.9,0.000,75.0,pause,labview_bridge
ARO-01,2026-05-28T22:41:01.636Z,346,A_linear,healthy,pause,0.894,0.002,24.5,78.0,0.003,75.0,pause,labview_bridge
ARO-01,2026-05-28T22:41:02.637Z,347,A_linear,healthy,pause,0.891,0.000,24.5,77.9,0.000,75.0,pause,labview_bridge
ARO-01,2026-05-28T22:41:03.638Z,348,A_linear,healthy,pause,0.907,0.000,24.6,77.8,0.000,75.0,pause,labview_bridge
ARO-01,2026-05-28T22:41:04.638Z,349,A_linear,healthy,pause,0.919,0.000,24.6,77.7,0.000,75.0,pause,labview_bridge
ARO-01,2026-05-28T22:41:05.639Z,350,A_linear,healthy,pause,0.928,0.000,24.6,77.6,0.000,75.0,pause,labview_bridge
ARO-01,2026-05-28T22:41:06.640Z,351,A_linear,healthy,pause,0.948,0.003,24.6,77.3,0.005,75.0,pause,labview_bridge
ARO-01,2026-05-28T22:41:07.640Z,352,A_linear,healthy,ascent,0.947,0.753,24.6,77.5,1.358,105.0,ascent,labview_bridge
ARO-01,2026-05-28T22:41:08.641Z,353,A_linear,healthy,ascent,0.961,0.749,24.7,77.4,1.351,105.0,ascent,labview_bridge
ARO-01,2026-05-28T22:41:09.642Z,354,A_linear,healthy,ascent,0.965,0.758,24.7,77.7,1.367,105.0,ascent,labview_bridge
ARO-01,2026-05-28T22:41:10.642Z,355,A_linear,healthy,ascent,0.973,0.746,24.8,77.7,1.347,105.0,ascent,labview_bridge
ARO-01,2026-05-28T22:41:11.642Z,356,A_linear,healthy,ascent,0.969,0.752,24.9,77.8,1.357,105.0,ascent,labview_bridge
ARO-01,2026-05-28T22:41:12.643Z,357,A_linear,healthy,ascent,0.970,0.746,24.9,78.2,1.346,105.0,ascent,labview_bridge
ARO-01,2026-05-28T22:41:13.644Z,358,A_linear,healthy,ascent,0.960,0.743,25.0,78.1,1.340,105.0,ascent,labview_bridge
ARO-01,2026-05-28T22:41:14.644Z,359,A_linear,healthy,ascent,0.988,0.753,25.1,78.0,1.359,105.0,ascent,labview_bridge
ARO-01,2026-05-28T22:41:15.645Z,360,A_linear,healthy,ascent,0.970,0.743,25.2,78.2,1.340,105.0,ascent,labview_bridge
ARO-01,2026-05-28T22:41:16.646Z,361,A_linear,healthy,ascent,0.982,0.742,25.2,78.4,1.340,105.0,ascent,labview_bridge
ARO-01,2026-05-28T22:41:17.646Z,362,A_linear,healthy,ascent,0.960,0.744,25.3,78.4,1.342,105.0,ascent,labview_bridge
ARO-01,2026-05-28T22:41:18.647Z,363,A_linear,healthy,ascent,0.951,0.752,25.4,78.0,1.357,105.0,ascent,labview_bridge
ARO-01,2026-05-28T22:41:19.647Z,364,A_linear,healthy,descent,0.953,0.353,25.4,77.9,0.638,105.0,descent,labview_bridge
ARO-01,2026-05-28T22:41:20.648Z,365,A_linear,healthy,descent,0.948,0.344,25.4,77.9,0.620,105.0,descent,labview_bridge
ARO-01,2026-05-28T22:41:21.649Z,366,A_linear,healthy,descent,0.930,0.357,25.3,77.6,0.644,105.0,descent,labview_bridge
ARO-01,2026-05-28T22:41:22.649Z,367,A_linear,healthy,descent,0.952,0.345,25.3,77.7,0.623,105.0,descent,labview_bridge
ARO-01,2026-05-28T22:41:23.650Z,368,A_linear,healthy,descent,0.952,0.348,25.3,77.6,0.627,105.0,descent,labview_bridge
ARO-01,2026-05-28T22:41:24.650Z,369,A_linear,healthy,descent,0.924,0.354,25.3,77.7,0.639,105.0,descent,labview_bridge
ARO-01,2026-05-28T22:41:25.651Z,370,A_linear,healthy,descent,0.901,0.345,25.2,77.7,0.622,105.0,descent,labview_bridge
ARO-01,2026-05-28T22:41:26.659Z,371,A_linear,healthy,descent,0.912,0.356,25.2,77.8,0.642,105.0,descent,labview_bridge
ARO-01,2026-05-28T22:41:27.660Z,372,A_linear,healthy,descent,0.912,0.359,25.1,77.7,0.648,105.0,descent,labview_bridge
ARO-01,2026-05-28T22:41:28.661Z,373,A_linear,healthy,descent,0.889,0.353,25.1,77.6,0.637,105.0,descent,labview_bridge
ARO-01,2026-05-28T22:41:29.661Z,374,A_linear,healthy,descent,0.895,0.350,25.1,77.7,0.631,105.0,descent,labview_bridge
ARO-01,2026-05-28T22:41:30.662Z,375,A_linear,healthy,descent,0.859,0.360,25.1,77.8,0.649,105.0,descent,labview_bridge
ARO-01,2026-05-28T22:41:31.667Z,376,A_linear,healthy,pause,0.868,0.000,25.1,78.0,0.000,105.0,pause,labview_bridge
ARO-01,2026-05-28T22:41:32.668Z,377,A_linear,healthy,pause,0.873,0.003,25.0,77.8,0.006,105.0,pause,labview_bridge
ARO-01,2026-05-28T22:41:33.668Z,378,A_linear,healthy,pause,0.858,0.005,25.0,77.9,0.008,105.0,pause,labview_bridge
ARO-01,2026-05-28T22:41:34.669Z,379,A_linear,healthy,pause,0.865,0.004,24.9,77.7,0.007,105.0,pause,labview_bridge
ARO-01,2026-05-28T22:41:35.669Z,380,A_linear,healthy,pause,0.857,0.000,25.0,77.9,0.000,105.0,pause,labview_bridge
ARO-01,2026-05-28T22:41:36.670Z,381,A_linear,healthy,pause,0.831,0.009,25.0,77.7,0.017,105.0,pause,labview_bridge
ARO-01,2026-05-28T22:41:37.671Z,382,A_linear,healthy,pause,0.868,0.000,25.0,77.6,0.000,105.0,pause,labview_bridge
ARO-01,2026-05-28T22:41:38.671Z,383,A_linear,healthy,pause,0.867,0.000,25.0,77.6,0.000,105.0,pause,labview_bridge
ARO-01,2026-05-28T22:41:39.672Z,384,A_linear,healthy,pause,0.865,0.000,25.0,77.2,0.000,105.0,pause,labview_bridge
ARO-01,2026-05-28T22:41:40.672Z,385,A_linear,healthy,pause,0.879,0.010,25.0,77.3,0.019,105.0,pause,labview_bridge
ARO-01,2026-05-28T22:41:41.673Z,386,A_linear,healthy,pause,0.880,0.000,25.0,77.6,0.000,105.0,pause,labview_bridge
ARO-01,2026-05-28T22:41:42.673Z,387,A_linear,healthy,pause,0.880,0.000,25.0,77.4,0.000,105.0,pause,labview_bridge
ARO-01,2026-05-28T22:41:43.673Z,388,A_linear,healthy,pause,0.873,0.003,25.0,77.7,0.006,105.0,pause,labview_bridge
ARO-01,2026-05-28T22:41:44.674Z,389,A_linear,healthy,pause,0.886,0.002,24.9,77.8,0.004,105.0,pause,labview_bridge
ARO-01,2026-05-28T22:41:45.674Z,390,A_linear,healthy,pause,0.896,0.000,25.0,77.7,0.000,105.0,pause,labview_bridge
ARO-01,2026-05-28T22:41:46.675Z,391,A_linear,healthy,pause,0.912,0.000,25.0,77.6,0.000,105.0,pause,labview_bridge
ARO-01,2026-05-28T22:41:47.676Z,392,A_linear,healthy,pause,0.909,0.008,24.9,77.5,0.015,105.0,pause,labview_bridge
ARO-01,2026-05-28T22:41:48.676Z,393,A_linear,healthy,pause,0.932,0.000,24.9,77.4,0.000,105.0,pause,labview_bridge
ARO-01,2026-05-28T22:41:49.677Z,394,A_linear,healthy,pause,0.946,0.000,24.9,77.4,0.000,105.0,pause,labview_bridge
ARO-01,2026-05-28T22:41:50.678Z,395,A_linear,healthy,pause,0.941,0.000,24.8,77.7,0.000,105.0,pause,labview_bridge
ARO-01,2026-05-28T22:41:51.679Z,396,A_linear,healthy,ascent,0.938,0.814,24.8,77.6,1.468,120.0,ascent,labview_bridge
ARO-01,2026-05-28T22:41:52.679Z,397,A_linear,healthy,ascent,0.944,0.810,24.9,77.5,1.461,120.0,ascent,labview_bridge
ARO-01,2026-05-28T22:41:53.679Z,398,A_linear,healthy,ascent,0.966,0.818,25.0,77.3,1.477,120.0,ascent,labview_bridge
ARO-01,2026-05-28T22:41:54.680Z,399,A_linear,healthy,ascent,0.963,0.806,25.0,77.2,1.454,120.0,ascent,labview_bridge
ARO-01,2026-05-28T22:41:55.680Z,400,A_linear,healthy,ascent,0.988,0.805,25.1,77.5,1.452,120.0,ascent,labview_bridge
ARO-01,2026-05-28T22:41:56.681Z,401,A_linear,healthy,ascent,1.001,0.812,25.1,77.6,1.465,120.0,ascent,labview_bridge
ARO-01,2026-05-28T22:41:57.681Z,402,A_linear,healthy,ascent,1.001,0.808,25.1,77.3,1.457,120.0,ascent,labview_bridge
ARO-01,2026-05-28T22:41:58.682Z,403,A_linear,healthy,ascent,1.003,0.816,25.2,77.3,1.473,120.0,ascent,labview_bridge
ARO-01,2026-05-28T22:41:59.683Z,404,A_linear,healthy,ascent,1.005,0.813,25.1,77.4,1.466,120.0,ascent,labview_bridge
ARO-01,2026-05-28T22:42:00.683Z,405,A_linear,healthy,ascent,0.982,0.808,25.2,77.5,1.458,120.0,ascent,labview_bridge
ARO-01,2026-05-28T22:42:01.684Z,406,A_linear,healthy,ascent,0.968,0.818,25.2,77.6,1.477,120.0,ascent,labview_bridge
ARO-01,2026-05-28T22:42:02.684Z,407,A_linear,healthy,ascent,0.973,0.819,25.4,77.5,1.478,120.0,ascent,labview_bridge
ARO-01,2026-05-28T22:42:03.685Z,408,A_linear,healthy,descent,0.989,0.359,25.5,77.4,0.647,120.0,descent,labview_bridge
ARO-01,2026-05-28T22:42:04.685Z,409,A_linear,healthy,descent,0.954,0.354,25.4,77.5,0.638,120.0,descent,labview_bridge
ARO-01,2026-05-28T22:42:05.686Z,410,A_linear,healthy,descent,0.978,0.357,25.4,77.2,0.644,120.0,descent,labview_bridge
ARO-01,2026-05-28T22:42:06.686Z,411,A_linear,healthy,descent,0.966,0.347,25.3,77.5,0.627,120.0,descent,labview_bridge
ARO-01,2026-05-28T22:42:07.686Z,412,A_linear,healthy,descent,0.934,0.358,25.3,77.2,0.646,120.0,descent,labview_bridge
ARO-01,2026-05-28T22:42:08.687Z,413,A_linear,healthy,descent,0.932,0.341,25.2,77.3,0.615,120.0,descent,labview_bridge
ARO-01,2026-05-28T22:42:09.688Z,414,A_linear,healthy,descent,0.930,0.351,25.2,77.3,0.633,120.0,descent,labview_bridge
ARO-01,2026-05-28T22:42:10.688Z,415,A_linear,healthy,descent,0.905,0.363,25.2,77.7,0.655,120.0,descent,labview_bridge
ARO-01,2026-05-28T22:42:11.689Z,416,A_linear,healthy,descent,0.908,0.360,25.1,78.0,0.650,120.0,descent,labview_bridge
ARO-01,2026-05-28T22:42:12.689Z,417,A_linear,healthy,descent,0.881,0.360,25.2,77.6,0.650,120.0,descent,labview_bridge
ARO-01,2026-05-28T22:42:13.690Z,418,A_linear,healthy,descent,0.898,0.342,25.2,77.5,0.617,120.0,descent,labview_bridge
ARO-01,2026-05-28T22:42:14.691Z,419,A_linear,healthy,descent,0.894,0.360,25.2,77.4,0.650,120.0,descent,labview_bridge
ARO-01,2026-05-28T22:42:15.691Z,420,A_linear,healthy,pause,0.888,0.005,25.2,77.6,0.008,120.0,pause,labview_bridge
ARO-01,2026-05-28T22:42:16.691Z,421,A_linear,healthy,pause,0.882,0.002,25.1,77.6,0.003,120.0,pause,labview_bridge
ARO-01,2026-05-28T22:42:17.692Z,422,A_linear,healthy,pause,0.874,0.001,25.1,77.4,0.003,120.0,pause,labview_bridge
ARO-01,2026-05-28T22:42:18.693Z,423,A_linear,healthy,pause,0.873,0.005,25.2,77.5,0.009,120.0,pause,labview_bridge
ARO-01,2026-05-28T22:42:19.694Z,424,A_linear,healthy,pause,0.865,0.002,25.1,77.6,0.004,120.0,pause,labview_bridge
ARO-01,2026-05-28T22:42:20.700Z,425,A_linear,healthy,pause,0.858,0.000,25.1,77.4,0.000,120.0,pause,labview_bridge
ARO-01,2026-05-28T22:42:21.701Z,426,A_linear,healthy,pause,0.848,0.002,25.0,77.5,0.004,120.0,pause,labview_bridge
ARO-01,2026-05-28T22:42:22.701Z,427,A_linear,healthy,pause,0.865,0.000,24.9,77.6,0.000,120.0,pause,labview_bridge
ARO-01,2026-05-28T22:42:23.702Z,428,A_linear,healthy,pause,0.858,0.002,24.9,77.5,0.003,120.0,pause,labview_bridge
ARO-01,2026-05-28T22:42:24.702Z,429,A_linear,healthy,pause,0.859,0.005,24.9,77.3,0.008,120.0,pause,labview_bridge
ARO-01,2026-05-28T22:42:25.703Z,430,A_linear,healthy,pause,0.896,0.000,24.9,77.1,0.000,120.0,pause,labview_bridge
ARO-01,2026-05-28T22:42:26.704Z,431,A_linear,healthy,pause,0.878,0.001,24.9,77.3,0.003,120.0,pause,labview_bridge
ARO-01,2026-05-28T22:42:27.704Z,432,A_linear,healthy,pause,0.861,0.000,24.8,77.1,0.001,120.0,pause,labview_bridge
ARO-01,2026-05-28T22:42:28.705Z,433,A_linear,healthy,pause,0.897,0.000,24.9,77.3,0.000,120.0,pause,labview_bridge
ARO-01,2026-05-28T22:42:29.705Z,434,A_linear,healthy,pause,0.882,0.010,24.9,77.6,0.018,120.0,pause,labview_bridge
ARO-01,2026-05-28T22:42:30.707Z,435,A_linear,healthy,pause,0.904,0.000,24.9,77.5,0.000,120.0,pause,labview_bridge
ARO-01,2026-05-28T22:42:31.707Z,436,A_linear,healthy,pause,0.917,0.000,24.9,77.8,0.000,120.0,pause,labview_bridge
ARO-01,2026-05-28T22:42:32.708Z,437,A_linear,healthy,pause,0.916,0.000,24.9,77.8,0.000,120.0,pause,labview_bridge
ARO-01,2026-05-28T22:42:33.708Z,438,A_linear,healthy,pause,0.937,0.000,24.8,77.8,0.000,120.0,pause,labview_bridge
ARO-01,2026-05-28T22:42:34.709Z,439,A_linear,healthy,pause,0.932,0.000,24.8,77.9,0.000,120.0,pause,labview_bridge
ARO-01,2026-05-28T22:42:35.710Z,440,A_linear,healthy,ascent,0.937,0.826,24.8,77.9,1.490,120.0,ascent,labview_bridge
ARO-01,2026-05-28T22:42:36.711Z,441,A_linear,healthy,ascent,0.962,0.818,24.9,77.8,1.475,120.0,ascent,labview_bridge
ARO-01,2026-05-28T22:42:37.711Z,442,A_linear,healthy,ascent,0.962,0.810,25.1,77.7,1.461,120.0,ascent,labview_bridge
ARO-01,2026-05-28T22:42:38.712Z,443,A_linear,healthy,ascent,0.978,0.808,25.2,77.9,1.458,120.0,ascent,labview_bridge
ARO-01,2026-05-28T22:42:39.713Z,444,A_linear,healthy,ascent,0.973,0.813,25.3,77.8,1.467,120.0,ascent,labview_bridge
ARO-01,2026-05-28T22:42:40.714Z,445,A_linear,healthy,ascent,0.993,0.825,25.4,77.8,1.488,120.0,ascent,labview_bridge
ARO-01,2026-05-28T22:42:41.715Z,446,A_linear,healthy,ascent,0.977,0.813,25.5,77.7,1.467,120.0,ascent,labview_bridge
ARO-01,2026-05-28T22:42:42.716Z,447,A_linear,healthy,ascent,0.972,0.807,25.5,78.0,1.457,120.0,ascent,labview_bridge
ARO-01,2026-05-28T22:42:43.716Z,448,A_linear,healthy,ascent,0.958,0.817,25.6,78.1,1.473,120.0,ascent,labview_bridge
ARO-01,2026-05-28T22:42:44.717Z,449,A_linear,healthy,ascent,0.969,0.812,25.6,78.0,1.464,120.0,ascent,labview_bridge
ARO-01,2026-05-28T22:42:45.718Z,450,A_linear,healthy,ascent,0.984,0.823,25.7,77.7,1.484,120.0,ascent,labview_bridge
ARO-01,2026-05-28T22:42:46.718Z,451,A_linear,healthy,ascent,0.967,0.824,25.7,77.4,1.486,120.0,ascent,labview_bridge
ARO-01,2026-05-28T22:42:47.719Z,452,A_linear,healthy,descent,0.965,0.347,25.8,77.4,0.625,120.0,descent,labview_bridge
ARO-01,2026-05-28T22:42:48.720Z,453,A_linear,healthy,descent,0.942,0.337,25.8,77.5,0.607,120.0,descent,labview_bridge
ARO-01,2026-05-28T22:42:49.721Z,454,A_linear,healthy,descent,0.967,0.357,25.8,77.4,0.644,120.0,descent,labview_bridge
ARO-01,2026-05-28T22:42:50.721Z,455,A_linear,healthy,descent,0.963,0.357,25.8,77.3,0.644,120.0,descent,labview_bridge
ARO-01,2026-05-28T22:42:51.722Z,456,A_linear,healthy,descent,0.949,0.355,25.9,77.0,0.641,120.0,descent,labview_bridge
ARO-01,2026-05-28T22:42:52.727Z,457,A_linear,healthy,descent,0.921,0.343,25.9,76.7,0.619,120.0,descent,labview_bridge
ARO-01,2026-05-28T22:42:53.733Z,458,A_linear,healthy,descent,0.938,0.345,25.8,76.6,0.623,120.0,descent,labview_bridge
ARO-01,2026-05-28T22:42:54.734Z,459,A_linear,healthy,descent,0.893,0.353,25.7,77.1,0.636,120.0,descent,labview_bridge
ARO-01,2026-05-28T22:42:55.735Z,460,A_linear,healthy,descent,0.904,0.349,25.7,76.8,0.629,120.0,descent,labview_bridge
ARO-01,2026-05-28T22:42:56.735Z,461,A_linear,healthy,descent,0.902,0.352,25.7,76.8,0.635,120.0,descent,labview_bridge
ARO-01,2026-05-28T22:42:57.736Z,462,A_linear,healthy,descent,0.894,0.339,25.6,76.6,0.611,120.0,descent,labview_bridge
ARO-01,2026-05-28T22:42:58.737Z,463,A_linear,healthy,descent,0.883,0.352,25.7,76.7,0.635,120.0,descent,labview_bridge
ARO-01,2026-05-28T22:42:59.740Z,464,A_linear,healthy,pause,0.863,0.000,25.7,77.1,0.000,120.0,pause,labview_bridge
ARO-01,2026-05-28T22:43:00.741Z,465,A_linear,healthy,pause,0.893,0.012,25.7,76.8,0.021,120.0,pause,labview_bridge
ARO-01,2026-05-28T22:43:01.748Z,466,A_linear,healthy,pause,0.851,0.005,25.6,76.5,0.009,120.0,pause,labview_bridge
ARO-01,2026-05-28T22:43:02.750Z,467,A_linear,healthy,pause,0.872,0.000,25.6,76.3,0.000,120.0,pause,labview_bridge
ARO-01,2026-05-28T22:43:03.751Z,468,A_linear,healthy,pause,0.857,0.000,25.6,76.3,0.000,120.0,pause,labview_bridge
ARO-01,2026-05-28T22:43:04.757Z,469,A_linear,healthy,pause,0.841,0.000,25.6,76.6,0.000,120.0,pause,labview_bridge
ARO-01,2026-05-28T22:43:05.761Z,470,A_linear,healthy,pause,0.874,0.009,25.5,77.0,0.017,120.0,pause,labview_bridge
ARO-01,2026-05-28T22:43:06.761Z,471,A_linear,healthy,pause,0.859,0.004,25.5,76.9,0.007,120.0,pause,labview_bridge
ARO-01,2026-05-28T22:43:07.762Z,472,A_linear,healthy,pause,0.870,0.003,25.5,77.0,0.006,120.0,pause,labview_bridge
ARO-01,2026-05-28T22:43:08.766Z,473,A_linear,healthy,pause,0.869,0.000,25.5,77.0,0.000,120.0,pause,labview_bridge
ARO-01,2026-05-28T22:43:09.767Z,474,A_linear,healthy,pause,0.871,0.011,25.4,76.7,0.020,120.0,pause,labview_bridge
ARO-01,2026-05-28T22:43:10.768Z,475,A_linear,healthy,pause,0.867,0.000,25.3,76.9,0.000,120.0,pause,labview_bridge
ARO-01,2026-05-28T22:43:11.769Z,476,A_linear,healthy,pause,0.889,0.011,25.4,76.7,0.020,120.0,pause,labview_bridge
ARO-01,2026-05-28T22:43:12.769Z,477,A_linear,healthy,pause,0.891,0.000,25.3,76.8,0.000,120.0,pause,labview_bridge
ARO-01,2026-05-28T22:43:13.770Z,478,A_linear,healthy,pause,0.900,0.005,25.4,76.5,0.008,120.0,pause,labview_bridge
ARO-01,2026-05-28T22:43:14.771Z,479,A_linear,healthy,pause,0.901,0.008,25.4,76.6,0.015,120.0,pause,labview_bridge
ARO-01,2026-05-28T22:43:15.772Z,480,A_linear,healthy,pause,0.909,0.010,25.3,76.4,0.019,120.0,pause,labview_bridge
ARO-01,2026-05-28T22:43:16.772Z,481,A_linear,healthy,pause,0.905,0.001,25.3,76.4,0.001,120.0,pause,labview_bridge
ARO-01,2026-05-28T22:43:17.773Z,482,A_linear,healthy,pause,0.940,0.000,25.2,76.4,0.001,120.0,pause,labview_bridge
ARO-01,2026-05-28T22:43:18.774Z,483,A_linear,healthy,pause,0.954,0.003,25.3,76.3,0.005,120.0,pause,labview_bridge
ARO-01,2026-05-28T22:43:19.774Z,484,A_linear,healthy,ascent,0.948,0.814,25.3,76.4,1.468,120.0,ascent,labview_bridge
ARO-01,2026-05-28T22:43:20.779Z,485,A_linear,healthy,ascent,0.939,0.819,25.5,76.4,1.478,120.0,ascent,labview_bridge
ARO-01,2026-05-28T22:43:21.780Z,486,A_linear,healthy,ascent,0.957,0.825,25.6,76.6,1.488,120.0,ascent,labview_bridge
ARO-01,2026-05-28T22:43:22.780Z,487,A_linear,healthy,ascent,0.955,0.817,25.7,76.5,1.474,120.0,ascent,labview_bridge
ARO-01,2026-05-28T22:43:23.781Z,488,A_linear,healthy,ascent,0.971,0.812,25.9,76.7,1.466,120.0,ascent,labview_bridge
ARO-01,2026-05-28T22:43:24.782Z,489,A_linear,healthy,ascent,0.972,0.809,25.8,76.6,1.460,120.0,ascent,labview_bridge
ARO-01,2026-05-28T22:43:25.783Z,490,A_linear,healthy,ascent,0.990,0.816,26.0,76.6,1.473,120.0,ascent,labview_bridge
ARO-01,2026-05-28T22:43:26.783Z,491,A_linear,healthy,ascent,0.966,0.819,26.1,76.4,1.477,120.0,ascent,labview_bridge
ARO-01,2026-05-28T22:43:27.784Z,492,A_linear,healthy,ascent,0.961,0.810,26.2,76.1,1.461,120.0,ascent,labview_bridge
ARO-01,2026-05-28T22:43:28.785Z,493,A_linear,healthy,ascent,0.988,0.813,26.2,76.1,1.467,120.0,ascent,labview_bridge
ARO-01,2026-05-28T22:43:29.785Z,494,A_linear,healthy,ascent,0.991,0.821,26.3,76.2,1.480,120.0,ascent,labview_bridge
ARO-01,2026-05-28T22:43:30.786Z,495,A_linear,healthy,ascent,0.963,0.818,26.4,76.3,1.475,120.0,ascent,labview_bridge
ARO-01,2026-05-28T22:43:31.787Z,496,A_linear,healthy,descent,0.962,0.350,26.4,76.2,0.632,120.0,descent,labview_bridge
ARO-01,2026-05-28T22:43:32.794Z,497,A_linear,healthy,descent,0.974,0.352,26.3,76.2,0.635,120.0,descent,labview_bridge
ARO-01,2026-05-28T22:43:33.794Z,498,A_linear,healthy,descent,0.955,0.359,26.3,76.5,0.647,120.0,descent,labview_bridge
ARO-01,2026-05-28T22:43:34.799Z,499,A_linear,healthy,descent,0.968,0.360,26.4,76.6,0.650,120.0,descent,labview_bridge
ARO-01,2026-05-28T22:43:35.799Z,500,A_linear,healthy,descent,0.953,0.345,26.5,76.7,0.623,120.0,descent,labview_bridge
ARO-01,2026-05-28T22:43:36.800Z,501,A_linear,healthy,descent,0.945,0.356,26.4,76.8,0.642,120.0,descent,labview_bridge
ARO-01,2026-05-28T22:43:37.801Z,502,A_linear,healthy,descent,0.923,0.325,26.3,76.9,0.585,120.0,descent,labview_bridge
ARO-01,2026-05-28T22:43:38.801Z,503,A_linear,healthy,descent,0.907,0.346,26.3,76.9,0.625,120.0,descent,labview_bridge
ARO-01,2026-05-28T22:43:39.802Z,504,A_linear,healthy,descent,0.888,0.339,26.3,76.7,0.611,120.0,descent,labview_bridge
ARO-01,2026-05-28T22:43:40.803Z,505,A_linear,healthy,descent,0.875,0.347,26.3,76.6,0.626,120.0,descent,labview_bridge
ARO-01,2026-05-28T22:43:41.803Z,506,A_linear,healthy,descent,0.893,0.351,26.3,76.5,0.633,120.0,descent,labview_bridge
ARO-01,2026-05-28T22:43:42.804Z,507,A_linear,healthy,descent,0.875,0.358,26.2,76.3,0.646,120.0,descent,labview_bridge
ARO-01,2026-05-28T22:43:43.805Z,508,A_linear,healthy,pause,0.883,0.000,26.2,76.1,0.000,120.0,pause,labview_bridge
ARO-01,2026-05-28T22:43:44.805Z,509,A_linear,healthy,pause,0.876,0.011,26.0,76.0,0.020,120.0,pause,labview_bridge
ARO-01,2026-05-28T22:43:45.806Z,510,A_linear,healthy,pause,0.872,0.000,25.9,76.3,0.001,120.0,pause,labview_bridge
ARO-01,2026-05-28T22:43:46.807Z,511,A_linear,healthy,pause,0.863,0.007,26.0,76.3,0.013,120.0,pause,labview_bridge
ARO-01,2026-05-28T22:43:47.807Z,512,A_linear,healthy,pause,0.867,0.014,25.9,76.4,0.026,120.0,pause,labview_bridge
ARO-01,2026-05-28T22:43:48.808Z,513,A_linear,healthy,pause,0.844,0.001,25.9,76.6,0.003,120.0,pause,labview_bridge
ARO-01,2026-05-28T22:43:49.809Z,514,A_linear,healthy,pause,0.877,0.008,26.0,76.5,0.015,120.0,pause,labview_bridge
ARO-01,2026-05-28T22:43:50.809Z,515,A_linear,healthy,pause,0.851,0.000,25.9,76.5,0.000,120.0,pause,labview_bridge
ARO-01,2026-05-28T22:43:51.810Z,516,A_linear,healthy,pause,0.875,0.002,25.8,76.6,0.003,120.0,pause,labview_bridge
ARO-01,2026-05-28T22:43:52.811Z,517,A_linear,healthy,pause,0.870,0.000,25.8,76.9,0.000,120.0,pause,labview_bridge
ARO-01,2026-05-28T22:43:53.815Z,518,A_linear,healthy,pause,0.858,0.000,25.8,76.7,0.000,120.0,pause,labview_bridge
ARO-01,2026-05-28T22:43:54.816Z,519,A_linear,healthy,pause,0.859,0.003,25.8,76.7,0.006,120.0,pause,labview_bridge
ARO-01,2026-05-28T22:43:55.817Z,520,A_linear,healthy,pause,0.898,0.002,25.9,76.8,0.004,120.0,pause,labview_bridge
ARO-01,2026-05-28T22:43:56.817Z,521,A_linear,healthy,pause,0.901,0.009,25.9,76.7,0.017,120.0,pause,labview_bridge
ARO-01,2026-05-28T22:43:57.818Z,522,A_linear,healthy,pause,0.893,0.000,25.8,76.6,0.000,120.0,pause,labview_bridge
ARO-01,2026-05-28T22:43:58.819Z,523,A_linear,healthy,pause,0.905,0.003,25.8,76.5,0.006,120.0,pause,labview_bridge
ARO-01,2026-05-28T22:43:59.819Z,524,A_linear,healthy,pause,0.926,0.002,25.8,76.7,0.004,120.0,pause,labview_bridge
ARO-01,2026-05-28T22:44:00.820Z,525,A_linear,healthy,pause,0.950,0.000,25.7,76.9,0.000,120.0,pause,labview_bridge
ARO-01,2026-05-28T22:44:01.821Z,526,A_linear,healthy,pause,0.935,0.008,25.7,76.8,0.014,120.0,pause,labview_bridge
ARO-01,2026-05-28T22:44:02.821Z,527,A_linear,healthy,pause,0.942,0.007,25.7,77.0,0.013,120.0,pause,labview_bridge
ARO-01,2026-05-28T22:44:03.822Z,528,A_linear,healthy,ascent,0.933,0.553,25.8,77.0,0.997,60.0,ascent,labview_bridge
ARO-01,2026-05-28T22:44:04.823Z,529,A_linear,healthy,ascent,0.971,0.559,25.9,76.7,1.009,60.0,ascent,labview_bridge
ARO-01,2026-05-28T22:44:05.824Z,530,A_linear,healthy,ascent,0.978,0.558,26.0,76.8,1.006,60.0,ascent,labview_bridge
ARO-01,2026-05-28T22:44:06.824Z,531,A_linear,healthy,ascent,0.974,0.556,26.0,76.7,1.003,60.0,ascent,labview_bridge
ARO-01,2026-05-28T22:44:07.825Z,532,A_linear,healthy,ascent,0.970,0.563,26.1,76.7,1.016,60.0,ascent,labview_bridge
ARO-01,2026-05-28T22:44:08.826Z,533,A_linear,healthy,ascent,0.972,0.567,26.1,76.8,1.022,60.0,ascent,labview_bridge
ARO-01,2026-05-28T22:44:09.826Z,534,A_linear,healthy,ascent,1.002,0.570,26.2,76.7,1.029,60.0,ascent,labview_bridge
ARO-01,2026-05-28T22:44:10.827Z,535,A_linear,healthy,ascent,0.976,0.579,26.1,76.4,1.044,60.0,ascent,labview_bridge
ARO-01,2026-05-28T22:44:11.831Z,536,A_linear,healthy,ascent,0.969,0.569,26.2,76.6,1.027,60.0,ascent,labview_bridge
ARO-01,2026-05-28T22:44:12.832Z,537,A_linear,healthy,ascent,0.994,0.567,26.2,76.3,1.023,60.0,ascent,labview_bridge
ARO-01,2026-05-28T22:44:13.833Z,538,A_linear,healthy,ascent,0.978,0.555,26.2,76.5,1.001,60.0,ascent,labview_bridge
ARO-01,2026-05-28T22:44:14.833Z,539,A_linear,healthy,ascent,0.977,0.561,26.3,76.4,1.013,60.0,ascent,labview_bridge
ARO-01,2026-05-28T22:44:15.834Z,540,A_linear,healthy,descent,0.955,0.349,26.4,76.2,0.630,60.0,descent,labview_bridge
ARO-01,2026-05-28T22:44:16.835Z,541,A_linear,healthy,descent,0.957,0.355,26.4,76.1,0.640,60.0,descent,labview_bridge
ARO-01,2026-05-28T22:44:17.836Z,542,A_linear,healthy,descent,0.981,0.343,26.3,76.0,0.619,60.0,descent,labview_bridge
ARO-01,2026-05-28T22:44:18.837Z,543,A_linear,healthy,descent,0.976,0.365,26.4,75.6,0.658,60.0,descent,labview_bridge
ARO-01,2026-05-28T22:44:19.838Z,544,A_linear,healthy,descent,0.962,0.356,26.4,75.2,0.642,60.0,descent,labview_bridge
ARO-01,2026-05-28T22:44:20.838Z,545,A_linear,healthy,descent,0.928,0.362,26.4,75.3,0.654,60.0,descent,labview_bridge
ARO-01,2026-05-28T22:44:21.839Z,546,A_linear,healthy,descent,0.908,0.352,26.5,75.5,0.635,60.0,descent,labview_bridge
ARO-01,2026-05-28T22:44:22.840Z,547,A_linear,healthy,descent,0.942,0.358,26.5,75.4,0.645,60.0,descent,labview_bridge
ARO-01,2026-05-28T22:44:23.844Z,548,A_linear,healthy,descent,0.899,0.353,26.5,75.6,0.637,60.0,descent,labview_bridge
ARO-01,2026-05-28T22:44:24.844Z,549,A_linear,healthy,descent,0.897,0.350,26.4,75.6,0.632,60.0,descent,labview_bridge
ARO-01,2026-05-28T22:44:25.845Z,550,A_linear,healthy,descent,0.887,0.344,26.5,75.6,0.621,60.0,descent,labview_bridge
ARO-01,2026-05-28T22:44:26.846Z,551,A_linear,healthy,descent,0.876,0.352,26.5,75.6,0.635,60.0,descent,labview_bridge
ARO-01,2026-05-28T22:44:27.846Z,552,A_linear,healthy,pause,0.900,0.003,26.6,75.7,0.005,60.0,pause,labview_bridge
ARO-01,2026-05-28T22:44:28.847Z,553,A_linear,healthy,pause,0.882,0.000,26.4,75.6,0.000,60.0,pause,labview_bridge
ARO-01,2026-05-28T22:44:29.848Z,554,A_linear,healthy,pause,0.872,0.000,26.3,75.7,0.000,60.0,pause,labview_bridge
ARO-01,2026-05-28T22:44:30.848Z,555,A_linear,healthy,pause,0.871,0.002,26.3,75.7,0.004,60.0,pause,labview_bridge
ARO-01,2026-05-28T22:44:31.849Z,556,A_linear,healthy,pause,0.857,0.000,26.3,76.1,0.000,60.0,pause,labview_bridge
ARO-01,2026-05-28T22:44:32.850Z,557,A_linear,healthy,pause,0.870,0.007,26.2,76.0,0.012,60.0,pause,labview_bridge
ARO-01,2026-05-28T22:44:33.851Z,558,A_linear,healthy,pause,0.870,0.000,26.1,76.0,0.000,60.0,pause,labview_bridge
ARO-01,2026-05-28T22:44:34.851Z,559,A_linear,healthy,pause,0.860,0.000,26.0,76.3,0.000,60.0,pause,labview_bridge
ARO-01,2026-05-28T22:44:35.852Z,560,A_linear,healthy,pause,0.869,0.008,26.0,76.2,0.014,60.0,pause,labview_bridge
ARO-01,2026-05-28T22:44:36.853Z,561,A_linear,healthy,pause,0.852,0.000,26.0,76.2,0.000,60.0,pause,labview_bridge
ARO-01,2026-05-28T22:44:37.854Z,562,A_linear,healthy,pause,0.882,0.000,26.1,76.3,0.000,60.0,pause,labview_bridge
ARO-01,2026-05-28T22:44:38.854Z,563,A_linear,healthy,pause,0.894,0.000,26.2,76.4,0.000,60.0,pause,labview_bridge
ARO-01,2026-05-28T22:44:39.855Z,564,A_linear,healthy,pause,0.893,0.000,26.3,76.4,0.000,60.0,pause,labview_bridge
ARO-01,2026-05-28T22:44:40.856Z,565,A_linear,healthy,pause,0.876,0.000,26.3,76.4,0.000,60.0,pause,labview_bridge
ARO-01,2026-05-28T22:44:41.857Z,566,A_linear,healthy,pause,0.885,0.000,26.3,76.5,0.000,60.0,pause,labview_bridge
ARO-01,2026-05-28T22:44:42.858Z,567,A_linear,healthy,pause,0.920,0.000,26.4,76.6,0.000,60.0,pause,labview_bridge
ARO-01,2026-05-28T22:44:43.858Z,568,A_linear,healthy,pause,0.916,0.007,26.4,76.3,0.013,60.0,pause,labview_bridge
ARO-01,2026-05-28T22:44:44.859Z,569,A_linear,healthy,pause,0.905,0.000,26.3,76.3,0.000,60.0,pause,labview_bridge
ARO-01,2026-05-28T22:44:45.860Z,570,A_linear,healthy,pause,0.934,0.000,26.2,76.6,0.000,60.0,pause,labview_bridge
ARO-01,2026-05-28T22:44:46.860Z,571,A_linear,healthy,pause,0.962,0.005,26.2,76.7,0.009,60.0,pause,labview_bridge
ARO-01,2026-05-28T22:44:47.861Z,572,A_linear,healthy,ascent,0.967,0.557,26.2,76.5,1.004,60.0,ascent,labview_bridge
ARO-01,2026-05-28T22:44:48.862Z,573,A_linear,healthy,ascent,0.941,0.556,26.2,76.3,1.002,60.0,ascent,labview_bridge
ARO-01,2026-05-28T22:44:49.863Z,574,A_linear,healthy,ascent,0.969,0.562,26.3,76.1,1.015,60.0,ascent,labview_bridge
ARO-01,2026-05-28T22:44:50.863Z,575,A_linear,healthy,ascent,0.975,0.564,26.3,76.4,1.018,60.0,ascent,labview_bridge
ARO-01,2026-05-28T22:44:51.864Z,576,A_linear,healthy,ascent,0.985,0.554,26.4,76.3,1.000,60.0,ascent,labview_bridge
ARO-01,2026-05-28T22:44:52.865Z,577,A_linear,healthy,ascent,0.980,0.555,26.5,75.8,1.001,60.0,ascent,labview_bridge
ARO-01,2026-05-28T22:44:53.866Z,578,A_linear,healthy,ascent,0.963,0.560,26.6,75.7,1.010,60.0,ascent,labview_bridge
ARO-01,2026-05-28T22:44:54.866Z,579,A_linear,healthy,ascent,0.983,0.566,26.7,75.5,1.021,60.0,ascent,labview_bridge
ARO-01,2026-05-28T22:44:55.871Z,580,A_linear,healthy,ascent,0.986,0.558,26.8,75.6,1.007,60.0,ascent,labview_bridge
ARO-01,2026-05-28T22:44:56.872Z,581,A_linear,healthy,ascent,0.986,0.557,26.8,75.4,1.005,60.0,ascent,labview_bridge
ARO-01,2026-05-28T22:44:57.874Z,582,A_linear,healthy,ascent,0.976,0.560,26.8,75.2,1.010,60.0,ascent,labview_bridge
ARO-01,2026-05-28T22:44:58.881Z,583,A_linear,healthy,ascent,0.971,0.554,26.9,74.9,0.999,60.0,ascent,labview_bridge
ARO-01,2026-05-28T22:44:59.882Z,584,A_linear,healthy,descent,0.982,0.346,26.9,74.8,0.624,60.0,descent,labview_bridge
ARO-01,2026-05-28T22:45:00.882Z,585,A_linear,healthy,descent,0.958,0.340,26.8,75.1,0.614,60.0,descent,labview_bridge
ARO-01,2026-05-28T22:45:01.883Z,586,A_linear,healthy,descent,0.957,0.358,26.8,75.1,0.645,60.0,descent,labview_bridge
ARO-01,2026-05-28T22:45:02.883Z,587,A_linear,healthy,descent,0.954,0.338,26.8,75.3,0.609,60.0,descent,labview_bridge
ARO-01,2026-05-28T22:45:03.884Z,588,A_linear,healthy,descent,0.945,0.352,26.9,75.0,0.635,60.0,descent,labview_bridge
ARO-01,2026-05-28T22:45:04.885Z,589,A_linear,healthy,descent,0.951,0.348,26.9,74.9,0.628,60.0,descent,labview_bridge
ARO-01,2026-05-28T22:45:05.886Z,590,A_linear,healthy,descent,0.921,0.349,26.9,75.0,0.630,60.0,descent,labview_bridge
ARO-01,2026-05-28T22:45:06.887Z,591,A_linear,healthy,descent,0.911,0.346,26.8,75.0,0.623,60.0,descent,labview_bridge
ARO-01,2026-05-28T22:45:07.888Z,592,A_linear,healthy,descent,0.915,0.344,26.8,74.7,0.621,60.0,descent,labview_bridge
ARO-01,2026-05-28T22:45:08.889Z,593,A_linear,healthy,descent,0.906,0.350,26.9,74.6,0.631,60.0,descent,labview_bridge
ARO-01,2026-05-28T22:45:09.890Z,594,A_linear,healthy,descent,0.904,0.338,26.8,74.7,0.609,60.0,descent,labview_bridge
ARO-01,2026-05-28T22:45:10.897Z,595,A_linear,healthy,descent,0.887,0.344,26.9,74.8,0.621,60.0,descent,labview_bridge
ARO-01,2026-05-28T22:45:11.897Z,596,A_linear,healthy,pause,0.879,0.000,26.9,75.1,0.000,60.0,pause,labview_bridge
ARO-01,2026-05-28T22:45:12.898Z,597,A_linear,healthy,pause,0.903,0.003,26.8,75.2,0.006,60.0,pause,labview_bridge
ARO-01,2026-05-28T22:45:13.898Z,598,A_linear,healthy,pause,0.857,0.006,26.8,75.3,0.011,60.0,pause,labview_bridge
ARO-01,2026-05-28T22:45:14.898Z,599,A_linear,healthy,pause,0.874,0.000,26.8,75.3,0.000,60.0,pause,labview_bridge
ARO-01,2026-05-28T22:45:15.899Z,600,A_linear,healthy,pause,0.857,0.000,26.8,75.2,0.000,60.0,pause,labview_bridge
ARO-01,2026-05-28T22:45:16.900Z,601,A_linear,healthy,pause,0.868,0.002,26.8,75.5,0.003,60.0,pause,labview_bridge
ARO-01,2026-05-28T22:45:17.900Z,602,A_linear,healthy,pause,0.877,0.000,26.7,75.7,0.000,60.0,pause,labview_bridge
ARO-01,2026-05-28T22:45:18.901Z,603,A_linear,healthy,pause,0.868,0.000,26.7,75.6,0.000,60.0,pause,labview_bridge
ARO-01,2026-05-28T22:45:19.902Z,604,A_linear,healthy,pause,0.876,0.011,26.7,75.8,0.020,60.0,pause,labview_bridge
ARO-01,2026-05-28T22:45:20.903Z,605,A_linear,healthy,pause,0.880,0.008,26.7,75.7,0.015,60.0,pause,labview_bridge
ARO-01,2026-05-28T22:45:21.904Z,606,A_linear,healthy,pause,0.871,0.005,26.6,75.8,0.008,60.0,pause,labview_bridge
ARO-01,2026-05-28T22:45:22.904Z,607,A_linear,healthy,pause,0.871,0.003,26.6,75.8,0.006,60.0,pause,labview_bridge
ARO-01,2026-05-28T22:45:23.905Z,608,A_linear,healthy,pause,0.884,0.000,26.6,76.0,0.000,60.0,pause,labview_bridge
ARO-01,2026-05-28T22:45:24.906Z,609,A_linear,healthy,pause,0.908,0.000,26.5,76.3,0.000,60.0,pause,labview_bridge
ARO-01,2026-05-28T22:45:25.907Z,610,A_linear,healthy,pause,0.917,0.009,26.6,76.2,0.016,60.0,pause,labview_bridge
ARO-01,2026-05-28T22:45:26.907Z,611,A_linear,healthy,pause,0.915,0.000,26.6,75.8,0.000,60.0,pause,labview_bridge
ARO-01,2026-05-28T22:45:27.908Z,612,A_linear,healthy,pause,0.916,0.001,26.5,75.8,0.003,60.0,pause,labview_bridge
ARO-01,2026-05-28T22:45:28.909Z,613,A_linear,healthy,pause,0.948,0.000,26.4,75.5,0.000,60.0,pause,labview_bridge
ARO-01,2026-05-28T22:45:29.910Z,614,A_linear,healthy,pause,0.940,0.000,26.3,75.5,0.000,60.0,pause,labview_bridge
ARO-01,2026-05-28T22:45:30.910Z,615,A_linear,healthy,pause,0.963,0.005,26.4,75.4,0.009,60.0,pause,labview_bridge
ARO-01,2026-05-28T22:45:31.911Z,616,A_linear,healthy,ascent,0.930,0.560,26.4,75.3,1.010,60.0,ascent,labview_bridge
ARO-01,2026-05-28T22:45:32.911Z,617,A_linear,healthy,ascent,0.968,0.571,26.5,75.1,1.029,60.0,ascent,labview_bridge
ARO-01,2026-05-28T22:45:33.912Z,618,A_linear,healthy,ascent,0.951,0.556,26.5,75.0,1.003,60.0,ascent,labview_bridge
ARO-01,2026-05-28T22:45:34.913Z,619,A_linear,healthy,ascent,0.963,0.571,26.5,74.8,1.030,60.0,ascent,labview_bridge
ARO-01,2026-05-28T22:45:35.913Z,620,A_linear,healthy,ascent,0.966,0.550,26.6,74.9,0.991,60.0,ascent,labview_bridge
ARO-01,2026-05-28T22:45:36.914Z,621,A_linear,healthy,ascent,0.973,0.562,26.7,74.8,1.013,60.0,ascent,labview_bridge
ARO-01,2026-05-28T22:45:37.914Z,622,A_linear,healthy,ascent,1.009,0.572,26.8,74.8,1.032,60.0,ascent,labview_bridge
ARO-01,2026-05-28T22:45:38.915Z,623,A_linear,healthy,ascent,0.998,0.564,26.7,74.8,1.017,60.0,ascent,labview_bridge
ARO-01,2026-05-28T22:45:39.915Z,624,A_linear,healthy,ascent,0.970,0.567,26.8,74.9,1.023,60.0,ascent,labview_bridge
ARO-01,2026-05-28T22:45:40.916Z,625,A_linear,healthy,ascent,1.001,0.560,26.9,74.9,1.010,60.0,ascent,labview_bridge
ARO-01,2026-05-28T22:45:41.917Z,626,A_linear,healthy,ascent,0.989,0.557,26.9,75.2,1.004,60.0,ascent,labview_bridge
ARO-01,2026-05-28T22:45:42.917Z,627,A_linear,healthy,ascent,0.986,0.557,26.9,75.2,1.005,60.0,ascent,labview_bridge
ARO-01,2026-05-28T22:45:43.918Z,628,A_linear,healthy,descent,0.977,0.352,26.9,75.3,0.636,60.0,descent,labview_bridge
ARO-01,2026-05-28T22:45:44.918Z,629,A_linear,healthy,descent,0.956,0.338,26.8,75.3,0.610,60.0,descent,labview_bridge
ARO-01,2026-05-28T22:45:45.919Z,630,A_linear,healthy,descent,0.947,0.351,26.8,75.1,0.633,60.0,descent,labview_bridge
ARO-01,2026-05-28T22:45:46.920Z,631,A_linear,healthy,descent,0.949,0.345,26.8,74.8,0.622,60.0,descent,labview_bridge
ARO-01,2026-05-28T22:45:47.920Z,632,A_linear,healthy,descent,0.942,0.345,26.9,74.7,0.623,60.0,descent,labview_bridge
ARO-01,2026-05-28T22:45:48.921Z,633,A_linear,healthy,descent,0.947,0.350,27.0,74.8,0.631,60.0,descent,labview_bridge
ARO-01,2026-05-28T22:45:49.921Z,634,A_linear,healthy,descent,0.927,0.346,27.0,74.9,0.624,60.0,descent,labview_bridge
ARO-01,2026-05-28T22:45:50.922Z,635,A_linear,healthy,descent,0.923,0.354,27.1,74.5,0.639,60.0,descent,labview_bridge
ARO-01,2026-05-28T22:45:51.923Z,636,A_linear,healthy,descent,0.914,0.357,27.2,74.5,0.644,60.0,descent,labview_bridge
ARO-01,2026-05-28T22:45:52.924Z,637,A_linear,healthy,descent,0.903,0.353,27.2,74.6,0.637,60.0,descent,labview_bridge
ARO-01,2026-05-28T22:45:53.924Z,638,A_linear,healthy,descent,0.901,0.347,27.1,74.6,0.627,60.0,descent,labview_bridge
ARO-01,2026-05-28T22:45:54.925Z,639,A_linear,healthy,descent,0.890,0.349,27.1,74.6,0.630,60.0,descent,labview_bridge
ARO-01,2026-05-28T22:45:55.929Z,640,A_linear,healthy,pause,0.886,0.006,26.9,74.6,0.010,60.0,pause,labview_bridge
ARO-01,2026-05-28T22:45:56.930Z,641,A_linear,healthy,pause,0.867,0.002,26.8,74.7,0.003,60.0,pause,labview_bridge
ARO-01,2026-05-28T22:45:57.931Z,642,A_linear,healthy,pause,0.898,0.003,26.7,74.8,0.006,60.0,pause,labview_bridge
ARO-01,2026-05-28T22:45:58.932Z,643,A_linear,healthy,pause,0.870,0.000,26.8,75.0,0.000,60.0,pause,labview_bridge
ARO-01,2026-05-28T22:45:59.933Z,644,A_linear,healthy,pause,0.852,0.000,26.7,75.0,0.000,60.0,pause,labview_bridge
ARO-01,2026-05-28T22:46:00.933Z,645,A_linear,healthy,pause,0.868,0.015,26.7,75.1,0.027,60.0,pause,labview_bridge
ARO-01,2026-05-28T22:46:01.934Z,646,A_linear,healthy,pause,0.874,0.000,26.7,74.7,0.000,60.0,pause,labview_bridge
ARO-01,2026-05-28T22:46:02.935Z,647,A_linear,healthy,pause,0.859,0.000,26.6,74.6,0.001,60.0,pause,labview_bridge
ARO-01,2026-05-28T22:46:03.935Z,648,A_linear,healthy,pause,0.870,0.005,26.5,74.4,0.010,60.0,pause,labview_bridge
ARO-01,2026-05-28T22:46:04.936Z,649,A_linear,healthy,pause,0.862,0.009,26.6,74.7,0.016,60.0,pause,labview_bridge
ARO-01,2026-05-28T22:46:05.937Z,650,A_linear,healthy,pause,0.853,0.000,26.6,74.4,0.000,60.0,pause,labview_bridge
ARO-01,2026-05-28T22:46:06.937Z,651,A_linear,healthy,pause,0.878,0.003,26.6,74.6,0.005,60.0,pause,labview_bridge
ARO-01,2026-05-28T22:46:07.938Z,652,A_linear,healthy,pause,0.876,0.007,26.6,74.5,0.012,60.0,pause,labview_bridge
ARO-01,2026-05-28T22:46:08.946Z,653,A_linear,healthy,pause,0.894,0.000,26.5,74.7,0.000,60.0,pause,labview_bridge
ARO-01,2026-05-28T22:46:09.947Z,654,A_linear,healthy,pause,0.905,0.012,26.6,74.8,0.021,60.0,pause,labview_bridge
ARO-01,2026-05-28T22:46:10.947Z,655,A_linear,healthy,pause,0.907,0.000,26.5,74.8,0.000,60.0,pause,labview_bridge
ARO-01,2026-05-28T22:46:11.948Z,656,A_linear,healthy,pause,0.926,0.004,26.5,74.5,0.007,60.0,pause,labview_bridge
ARO-01,2026-05-28T22:46:12.949Z,657,A_linear,healthy,pause,0.921,0.007,26.6,74.8,0.013,60.0,pause,labview_bridge
ARO-01,2026-05-28T22:46:13.950Z,658,A_linear,healthy,pause,0.918,0.000,26.6,75.0,0.000,60.0,pause,labview_bridge
ARO-01,2026-05-28T22:46:14.950Z,659,A_linear,healthy,pause,0.933,0.002,26.6,75.1,0.003,60.0,pause,labview_bridge
ARO-01,2026-05-28T22:46:15.951Z,660,A_linear,healthy,ascent,0.936,0.562,26.7,74.9,1.013,60.0,ascent,labview_bridge
ARO-01,2026-05-28T22:46:16.952Z,661,A_linear,healthy,ascent,0.985,0.561,26.8,74.9,1.013,60.0,ascent,labview_bridge
ARO-01,2026-05-28T22:46:17.953Z,662,A_linear,healthy,ascent,0.965,0.562,26.9,74.7,1.013,60.0,ascent,labview_bridge
ARO-01,2026-05-28T22:46:18.954Z,663,A_linear,healthy,ascent,0.974,0.556,27.1,74.7,1.003,60.0,ascent,labview_bridge
ARO-01,2026-05-28T22:46:19.955Z,664,A_linear,healthy,ascent,0.998,0.553,27.1,74.9,0.997,60.0,ascent,labview_bridge
ARO-01,2026-05-28T22:46:20.956Z,665,A_linear,healthy,ascent,0.999,0.572,27.3,74.7,1.032,60.0,ascent,labview_bridge
ARO-01,2026-05-28T22:46:21.956Z,666,A_linear,healthy,ascent,1.016,0.570,27.2,74.7,1.029,60.0,ascent,labview_bridge
ARO-01,2026-05-28T22:46:22.957Z,667,A_linear,healthy,ascent,0.959,0.565,27.2,74.4,1.019,60.0,ascent,labview_bridge
ARO-01,2026-05-28T22:46:23.958Z,668,A_linear,healthy,ascent,0.982,0.551,27.2,74.3,0.994,60.0,ascent,labview_bridge
ARO-01,2026-05-28T22:46:24.958Z,669,A_linear,healthy,ascent,0.999,0.565,27.2,74.1,1.020,60.0,ascent,labview_bridge
ARO-01,2026-05-28T22:46:25.959Z,670,A_linear,healthy,ascent,0.981,0.556,27.3,74.1,1.003,60.0,ascent,labview_bridge
ARO-01,2026-05-28T22:46:26.960Z,671,A_linear,healthy,ascent,0.971,0.553,27.2,74.2,0.998,60.0,ascent,labview_bridge
ARO-01,2026-05-28T22:46:27.961Z,672,A_linear,healthy,descent,0.985,0.353,27.3,74.5,0.636,60.0,descent,labview_bridge
ARO-01,2026-05-28T22:46:28.961Z,673,A_linear,healthy,descent,0.969,0.346,27.2,74.1,0.625,60.0,descent,labview_bridge
ARO-01,2026-05-28T22:46:29.962Z,674,A_linear,healthy,descent,0.971,0.352,27.2,74.2,0.636,60.0,descent,labview_bridge
ARO-01,2026-05-28T22:46:30.963Z,675,A_linear,healthy,descent,0.957,0.361,27.2,74.1,0.652,60.0,descent,labview_bridge
ARO-01,2026-05-28T22:46:31.964Z,676,A_linear,healthy,descent,0.943,0.344,27.2,73.9,0.622,60.0,descent,labview_bridge
ARO-01,2026-05-28T22:46:32.964Z,677,A_linear,healthy,descent,0.929,0.362,27.2,73.8,0.652,60.0,descent,labview_bridge
ARO-01,2026-05-28T22:46:33.965Z,678,A_linear,healthy,descent,0.928,0.350,27.3,74.0,0.632,60.0,descent,labview_bridge
ARO-01,2026-05-28T22:46:34.965Z,679,A_linear,healthy,descent,0.912,0.351,27.4,73.8,0.634,60.0,descent,labview_bridge
ARO-01,2026-05-28T22:46:35.966Z,680,A_linear,healthy,descent,0.932,0.352,27.4,74.1,0.635,60.0,descent,labview_bridge
ARO-01,2026-05-28T22:46:36.966Z,681,A_linear,healthy,descent,0.890,0.352,27.4,74.1,0.635,60.0,descent,labview_bridge
ARO-01,2026-05-28T22:46:37.967Z,682,A_linear,healthy,descent,0.903,0.346,27.3,74.3,0.624,60.0,descent,labview_bridge
ARO-01,2026-05-28T22:46:38.992Z,683,A_linear,healthy,descent,0.901,0.352,27.3,74.3,0.635,60.0,descent,labview_bridge
ARO-01,2026-05-28T22:46:39.993Z,684,A_linear,healthy,pause,0.879,0.000,27.3,74.4,0.000,60.0,pause,labview_bridge
ARO-01,2026-05-28T22:46:40.993Z,685,A_linear,healthy,pause,0.882,0.000,27.3,74.4,0.001,60.0,pause,labview_bridge
ARO-01,2026-05-28T22:46:41.994Z,686,A_linear,healthy,pause,0.876,0.002,27.2,74.3,0.003,60.0,pause,labview_bridge
ARO-01,2026-05-28T22:46:42.994Z,687,A_linear,healthy,pause,0.861,0.002,27.2,74.2,0.004,60.0,pause,labview_bridge
ARO-01,2026-05-28T22:46:43.995Z,688,A_linear,healthy,pause,0.871,0.004,27.1,74.6,0.007,60.0,pause,labview_bridge
ARO-01,2026-05-28T22:46:44.996Z,689,A_linear,healthy,pause,0.902,0.001,27.1,74.2,0.001,60.0,pause,labview_bridge
ARO-01,2026-05-28T22:46:45.997Z,690,A_linear,healthy,pause,0.868,0.013,27.1,74.3,0.023,60.0,pause,labview_bridge
ARO-01,2026-05-28T22:46:46.997Z,691,A_linear,healthy,pause,0.875,0.007,27.0,74.3,0.013,60.0,pause,labview_bridge
ARO-01,2026-05-28T22:46:47.998Z,692,A_linear,healthy,pause,0.887,0.002,27.0,74.5,0.003,60.0,pause,labview_bridge
ARO-01,2026-05-28T22:46:48.999Z,693,A_linear,healthy,pause,0.877,0.006,27.0,74.4,0.011,60.0,pause,labview_bridge
ARO-01,2026-05-28T22:46:50.000Z,694,A_linear,healthy,pause,0.857,0.009,26.8,74.4,0.017,60.0,pause,labview_bridge
ARO-01,2026-05-28T22:46:51.000Z,695,A_linear,healthy,pause,0.869,0.002,26.9,74.6,0.004,60.0,pause,labview_bridge
ARO-01,2026-05-28T22:46:52.001Z,696,A_linear,healthy,pause,0.877,0.005,27.0,74.9,0.009,60.0,pause,labview_bridge
ARO-01,2026-05-28T22:46:53.002Z,697,A_linear,healthy,pause,0.899,0.008,27.0,74.8,0.014,60.0,pause,labview_bridge
ARO-01,2026-05-28T22:46:54.003Z,698,A_linear,healthy,pause,0.906,0.000,26.9,74.6,0.000,60.0,pause,labview_bridge
ARO-01,2026-05-28T22:46:55.004Z,699,A_linear,healthy,pause,0.901,0.006,26.9,74.9,0.010,60.0,pause,labview_bridge
ARO-01,2026-05-28T22:46:56.005Z,700,A_linear,healthy,pause,0.919,0.006,26.9,74.8,0.011,60.0,pause,labview_bridge
ARO-01,2026-05-28T22:46:57.006Z,701,A_linear,healthy,pause,0.933,0.000,27.0,74.7,0.000,60.0,pause,labview_bridge
ARO-01,2026-05-28T22:46:58.006Z,702,A_linear,healthy,pause,0.936,0.000,27.0,74.3,0.000,60.0,pause,labview_bridge
ARO-01,2026-05-28T22:46:59.010Z,703,A_linear,healthy,pause,0.955,0.003,27.0,74.0,0.006,60.0,pause,labview_bridge
ARO-01,2026-05-28T22:47:00.011Z,704,A_linear,healthy,ascent,0.963,0.551,27.1,74.1,0.994,60.0,ascent,labview_bridge
ARO-01,2026-05-28T22:47:01.011Z,705,A_linear,healthy,ascent,0.961,0.560,27.2,74.3,1.011,60.0,ascent,labview_bridge
ARO-01,2026-05-28T22:47:02.012Z,706,A_linear,healthy,ascent,0.989,0.559,27.3,74.1,1.008,60.0,ascent,labview_bridge
ARO-01,2026-05-28T22:47:03.013Z,707,A_linear,healthy,ascent,0.970,0.556,27.4,74.3,1.004,60.0,ascent,labview_bridge
ARO-01,2026-05-28T22:47:04.013Z,708,A_linear,healthy,ascent,0.984,0.558,27.3,74.0,1.007,60.0,ascent,labview_bridge
ARO-01,2026-05-28T22:47:05.014Z,709,A_linear,healthy,ascent,1.009,0.554,27.2,74.3,1.000,60.0,ascent,labview_bridge
ARO-01,2026-05-28T22:47:06.015Z,710,A_linear,healthy,ascent,0.977,0.566,27.3,74.3,1.021,60.0,ascent,labview_bridge
ARO-01,2026-05-28T22:47:07.016Z,711,A_linear,healthy,ascent,0.988,0.564,27.2,74.3,1.018,60.0,ascent,labview_bridge
ARO-01,2026-05-28T22:47:08.017Z,712,A_linear,healthy,ascent,0.999,0.562,27.3,74.6,1.014,60.0,ascent,labview_bridge
ARO-01,2026-05-28T22:47:09.018Z,713,A_linear,healthy,ascent,0.987,0.573,27.4,74.4,1.035,60.0,ascent,labview_bridge
ARO-01,2026-05-28T22:47:10.018Z,714,A_linear,healthy,ascent,0.977,0.570,27.5,74.6,1.028,60.0,ascent,labview_bridge
ARO-01,2026-05-28T22:47:11.019Z,715,A_linear,healthy,ascent,0.957,0.557,27.5,74.5,1.004,60.0,ascent,labview_bridge
ARO-01,2026-05-28T22:47:12.020Z,716,A_linear,healthy,descent,0.975,0.337,27.4,74.2,0.608,60.0,descent,labview_bridge
ARO-01,2026-05-28T22:47:13.021Z,717,A_linear,healthy,descent,0.992,0.340,27.5,74.1,0.614,60.0,descent,labview_bridge
ARO-01,2026-05-28T22:47:14.021Z,718,A_linear,healthy,descent,0.967,0.351,27.5,74.3,0.633,60.0,descent,labview_bridge
ARO-01,2026-05-28T22:47:15.022Z,719,A_linear,healthy,descent,0.981,0.350,27.5,74.3,0.631,60.0,descent,labview_bridge
ARO-01,2026-05-28T22:47:16.029Z,720,A_linear,healthy,descent,0.971,0.343,27.4,74.0,0.618,60.0,descent,labview_bridge
ARO-01,2026-05-28T22:47:17.030Z,721,A_linear,healthy,descent,0.937,0.354,27.4,73.7,0.638,60.0,descent,labview_bridge
ARO-01,2026-05-28T22:47:18.031Z,722,A_linear,healthy,descent,0.935,0.350,27.4,73.6,0.632,60.0,descent,labview_bridge
ARO-01,2026-05-28T22:47:19.032Z,723,A_linear,healthy,descent,0.914,0.355,27.5,73.6,0.640,60.0,descent,labview_bridge
ARO-01,2026-05-28T22:47:20.032Z,724,A_linear,healthy,descent,0.929,0.360,27.6,73.8,0.649,60.0,descent,labview_bridge
ARO-01,2026-05-28T22:47:21.033Z,725,A_linear,healthy,descent,0.902,0.348,27.5,73.6,0.628,60.0,descent,labview_bridge
ARO-01,2026-05-28T22:47:22.034Z,726,A_linear,healthy,descent,0.926,0.362,27.6,73.3,0.654,60.0,descent,labview_bridge
ARO-01,2026-05-28T22:47:23.035Z,727,A_linear,healthy,descent,0.930,0.344,27.5,73.4,0.620,60.0,descent,labview_bridge
ARO-01,2026-05-28T22:47:24.035Z,728,A_linear,healthy,pause,0.879,0.000,27.5,73.3,0.000,60.0,pause,labview_bridge
ARO-01,2026-05-28T22:47:25.036Z,729,A_linear,healthy,pause,0.874,0.004,27.5,73.2,0.007,60.0,pause,labview_bridge
ARO-01,2026-05-28T22:47:26.037Z,730,A_linear,healthy,pause,0.878,0.000,27.5,73.2,0.000,60.0,pause,labview_bridge
ARO-01,2026-05-28T22:47:27.037Z,731,A_linear,healthy,pause,0.868,0.004,27.4,73.6,0.006,60.0,pause,labview_bridge
ARO-01,2026-05-28T22:47:28.042Z,732,A_linear,healthy,pause,0.875,0.004,27.3,73.7,0.007,60.0,pause,labview_bridge
ARO-01,2026-05-28T22:47:29.042Z,733,A_linear,healthy,pause,0.870,0.004,27.3,74.0,0.008,60.0,pause,labview_bridge
ARO-01,2026-05-28T22:47:30.043Z,734,A_linear,healthy,pause,0.869,0.012,27.5,73.9,0.023,60.0,pause,labview_bridge
ARO-01,2026-05-28T22:47:31.044Z,735,A_linear,healthy,pause,0.867,0.004,27.4,73.7,0.007,60.0,pause,labview_bridge
ARO-01,2026-05-28T22:47:32.045Z,736,A_linear,healthy,pause,0.875,0.006,27.4,73.9,0.010,60.0,pause,labview_bridge
ARO-01,2026-05-28T22:47:33.045Z,737,A_linear,healthy,pause,0.879,0.005,27.4,73.3,0.010,60.0,pause,labview_bridge
ARO-01,2026-05-28T22:47:34.046Z,738,A_linear,healthy,pause,0.872,0.004,27.4,73.3,0.007,60.0,pause,labview_bridge
ARO-01,2026-05-28T22:47:35.047Z,739,A_linear,healthy,pause,0.882,0.002,27.3,73.5,0.003,60.0,pause,labview_bridge
ARO-01,2026-05-28T22:47:36.047Z,740,A_linear,healthy,pause,0.889,0.000,27.4,73.4,0.000,60.0,pause,labview_bridge
ARO-01,2026-05-28T22:47:37.048Z,741,A_linear,healthy,pause,0.893,0.000,27.4,73.5,0.000,60.0,pause,labview_bridge
ARO-01,2026-05-28T22:47:38.048Z,742,A_linear,healthy,pause,0.894,0.012,27.3,73.5,0.021,60.0,pause,labview_bridge
ARO-01,2026-05-28T22:47:39.049Z,743,A_linear,healthy,pause,0.913,0.000,27.2,73.6,0.000,60.0,pause,labview_bridge
ARO-01,2026-05-28T22:47:40.049Z,744,A_linear,healthy,pause,0.915,0.000,27.2,73.7,0.000,60.0,pause,labview_bridge
ARO-01,2026-05-28T22:47:41.050Z,745,A_linear,healthy,pause,0.938,0.000,27.3,73.6,0.000,60.0,pause,labview_bridge
ARO-01,2026-05-28T22:47:42.051Z,746,A_linear,healthy,pause,0.956,0.008,27.2,73.3,0.014,60.0,pause,labview_bridge
ARO-01,2026-05-28T22:47:43.052Z,747,A_linear,healthy,pause,0.953,0.000,27.2,73.5,0.000,60.0,pause,labview_bridge
ARO-01,2026-05-28T22:47:44.053Z,748,A_linear,healthy,ascent,0.952,0.560,27.3,73.2,1.010,60.0,ascent,labview_bridge
ARO-01,2026-05-28T22:47:45.053Z,749,A_linear,healthy,ascent,0.959,0.562,27.4,73.1,1.014,60.0,ascent,labview_bridge
ARO-01,2026-05-28T22:47:46.054Z,750,A_linear,healthy,ascent,0.973,0.565,27.4,73.2,1.019,60.0,ascent,labview_bridge
ARO-01,2026-05-28T22:47:47.055Z,751,A_linear,healthy,ascent,0.975,0.564,27.5,73.0,1.017,60.0,ascent,labview_bridge
ARO-01,2026-05-28T22:47:48.056Z,752,A_linear,healthy,ascent,1.005,0.552,27.6,73.0,0.996,60.0,ascent,labview_bridge
ARO-01,2026-05-28T22:47:49.056Z,753,A_linear,healthy,ascent,0.983,0.563,27.6,73.0,1.015,60.0,ascent,labview_bridge
ARO-01,2026-05-28T22:47:50.057Z,754,A_linear,healthy,ascent,0.989,0.554,27.7,73.0,1.000,60.0,ascent,labview_bridge
ARO-01,2026-05-28T22:47:51.058Z,755,A_linear,healthy,ascent,0.971,0.561,27.6,73.0,1.012,60.0,ascent,labview_bridge
ARO-01,2026-05-28T22:47:52.059Z,756,A_linear,healthy,ascent,0.968,0.561,27.8,72.9,1.012,60.0,ascent,labview_bridge
ARO-01,2026-05-28T22:47:53.061Z,757,A_linear,healthy,ascent,0.981,0.564,27.7,72.8,1.018,60.0,ascent,labview_bridge
ARO-01,2026-05-28T22:47:54.063Z,758,A_linear,healthy,ascent,0.997,0.558,27.8,72.6,1.006,60.0,ascent,labview_bridge
ARO-01,2026-05-28T22:47:55.064Z,759,A_linear,healthy,ascent,0.967,0.568,27.9,72.7,1.025,60.0,ascent,labview_bridge
ARO-01,2026-05-28T22:47:56.065Z,760,A_linear,healthy,descent,0.976,0.355,27.9,72.9,0.641,60.0,descent,labview_bridge
ARO-01,2026-05-28T22:47:57.065Z,761,A_linear,healthy,descent,0.960,0.344,27.8,72.5,0.621,60.0,descent,labview_bridge
ARO-01,2026-05-28T22:47:58.066Z,762,A_linear,healthy,descent,0.989,0.354,27.8,72.1,0.639,60.0,descent,labview_bridge
ARO-01,2026-05-28T22:47:59.067Z,763,A_linear,healthy,descent,0.974,0.367,27.8,72.0,0.662,60.0,descent,labview_bridge
ARO-01,2026-05-28T22:48:00.067Z,764,A_linear,healthy,descent,0.956,0.349,27.8,72.3,0.630,60.0,descent,labview_bridge
ARO-01,2026-05-28T22:48:01.068Z,765,A_linear,healthy,descent,0.923,0.343,27.8,72.5,0.619,60.0,descent,labview_bridge
ARO-01,2026-05-28T22:48:02.069Z,766,A_linear,healthy,descent,0.943,0.355,27.8,72.4,0.641,60.0,descent,labview_bridge
ARO-01,2026-05-28T22:48:03.069Z,767,A_linear,healthy,descent,0.943,0.348,27.7,72.2,0.627,60.0,descent,labview_bridge
ARO-01,2026-05-28T22:48:04.070Z,768,A_linear,healthy,descent,0.926,0.346,27.6,72.3,0.624,60.0,descent,labview_bridge
ARO-01,2026-05-28T22:48:05.071Z,769,A_linear,healthy,descent,0.918,0.349,27.7,72.3,0.630,60.0,descent,labview_bridge
ARO-01,2026-05-28T22:48:06.077Z,770,A_linear,healthy,descent,0.881,0.341,27.7,72.2,0.616,60.0,descent,labview_bridge
ARO-01,2026-05-28T22:48:07.078Z,771,A_linear,healthy,descent,0.887,0.349,27.6,72.4,0.630,60.0,descent,labview_bridge
ARO-01,2026-05-28T22:48:08.079Z,772,A_linear,healthy,pause,0.891,0.004,27.6,72.2,0.007,60.0,pause,labview_bridge
ARO-01,2026-05-28T22:48:09.080Z,773,A_linear,healthy,pause,0.893,0.000,27.6,72.4,0.000,60.0,pause,labview_bridge
ARO-01,2026-05-28T22:48:10.080Z,774,A_linear,healthy,pause,0.875,0.000,27.6,72.5,0.000,60.0,pause,labview_bridge
ARO-01,2026-05-28T22:48:11.081Z,775,A_linear,healthy,pause,0.875,0.005,27.5,72.4,0.009,60.0,pause,labview_bridge
ARO-01,2026-05-28T22:48:12.081Z,776,A_linear,healthy,pause,0.855,0.000,27.6,72.7,0.000,60.0,pause,labview_bridge
ARO-01,2026-05-28T22:48:13.082Z,777,A_linear,healthy,pause,0.869,0.013,27.6,73.1,0.024,60.0,pause,labview_bridge
ARO-01,2026-05-28T22:48:14.083Z,778,A_linear,healthy,pause,0.875,0.007,27.4,73.2,0.013,60.0,pause,labview_bridge
ARO-01,2026-05-28T22:48:15.084Z,779,A_linear,healthy,pause,0.871,0.000,27.5,73.2,0.000,60.0,pause,labview_bridge
ARO-01,2026-05-28T22:48:16.084Z,780,A_linear,healthy,pause,0.873,0.000,27.5,73.1,0.000,60.0,pause,labview_bridge
ARO-01,2026-05-28T22:48:17.085Z,781,A_linear,healthy,pause,0.878,0.000,27.5,73.2,0.000,60.0,pause,labview_bridge
ARO-01,2026-05-28T22:48:18.086Z,782,A_linear,healthy,pause,0.893,0.000,27.5,73.2,0.000,60.0,pause,labview_bridge
ARO-01,2026-05-28T22:48:19.086Z,783,A_linear,healthy,pause,0.880,0.012,27.5,73.4,0.022,60.0,pause,labview_bridge
ARO-01,2026-05-28T22:48:20.087Z,784,A_linear,healthy,pause,0.909,0.005,27.6,73.3,0.008,60.0,pause,labview_bridge
ARO-01,2026-05-28T22:48:21.088Z,785,A_linear,healthy,pause,0.894,0.005,27.5,73.3,0.008,60.0,pause,labview_bridge
ARO-01,2026-05-28T22:48:22.088Z,786,A_linear,healthy,pause,0.899,0.003,27.5,73.1,0.005,60.0,pause,labview_bridge
ARO-01,2026-05-28T22:48:23.089Z,787,A_linear,healthy,pause,0.929,0.009,27.5,73.0,0.016,60.0,pause,labview_bridge
ARO-01,2026-05-28T22:48:24.090Z,788,A_linear,healthy,pause,0.937,0.009,27.4,73.2,0.016,60.0,pause,labview_bridge
ARO-01,2026-05-28T22:48:25.091Z,789,A_linear,healthy,pause,0.939,0.000,27.4,72.9,0.000,60.0,pause,labview_bridge
ARO-01,2026-05-28T22:48:26.091Z,790,A_linear,healthy,pause,0.947,0.000,27.4,73.0,0.000,60.0,pause,labview_bridge
ARO-01,2026-05-28T22:48:27.094Z,791,A_linear,healthy,pause,0.950,0.003,27.3,73.0,0.006,60.0,pause,labview_bridge
ARO-01,2026-05-28T22:48:28.095Z,792,A_linear,healthy,ascent,0.956,0.631,27.4,73.2,1.138,75.0,ascent,labview_bridge
ARO-01,2026-05-28T22:48:29.096Z,793,A_linear,healthy,ascent,0.968,0.629,27.6,72.9,1.134,75.0,ascent,labview_bridge
ARO-01,2026-05-28T22:48:30.096Z,794,A_linear,healthy,ascent,0.960,0.630,27.5,72.8,1.137,75.0,ascent,labview_bridge
ARO-01,2026-05-28T22:48:31.097Z,795,A_linear,healthy,ascent,0.984,0.626,27.6,72.9,1.129,75.0,ascent,labview_bridge
ARO-01,2026-05-28T22:48:32.098Z,796,A_linear,healthy,ascent,1.003,0.620,27.7,72.7,1.118,75.0,ascent,labview_bridge
ARO-01,2026-05-28T22:48:33.098Z,797,A_linear,healthy,ascent,0.974,0.627,27.7,72.2,1.130,75.0,ascent,labview_bridge
ARO-01,2026-05-28T22:48:34.099Z,798,A_linear,healthy,ascent,0.983,0.615,27.8,72.1,1.110,75.0,ascent,labview_bridge
ARO-01,2026-05-28T22:48:35.100Z,799,A_linear,healthy,ascent,0.978,0.624,27.8,72.6,1.126,75.0,ascent,labview_bridge
ARO-01,2026-05-28T22:48:36.100Z,800,A_linear,healthy,ascent,0.996,0.623,27.8,72.8,1.124,75.0,ascent,labview_bridge
ARO-01,2026-05-28T22:48:37.104Z,801,A_linear,healthy,ascent,0.999,0.626,27.8,72.6,1.130,75.0,ascent,labview_bridge
ARO-01,2026-05-28T22:48:38.110Z,802,A_linear,healthy,ascent,0.995,0.633,27.9,72.6,1.142,75.0,ascent,labview_bridge
ARO-01,2026-05-28T22:48:39.111Z,803,A_linear,healthy,ascent,0.998,0.629,27.9,72.7,1.136,75.0,ascent,labview_bridge
ARO-01,2026-05-28T22:48:40.112Z,804,A_linear,healthy,descent,0.967,0.345,27.9,72.5,0.622,75.0,descent,labview_bridge
ARO-01,2026-05-28T22:48:41.112Z,805,A_linear,healthy,descent,0.968,0.354,27.8,72.3,0.638,75.0,descent,labview_bridge
ARO-01,2026-05-28T22:48:42.113Z,806,A_linear,healthy,descent,0.955,0.339,27.9,72.6,0.612,75.0,descent,labview_bridge
ARO-01,2026-05-28T22:48:43.113Z,807,A_linear,healthy,descent,0.955,0.342,27.9,72.3,0.618,75.0,descent,labview_bridge
ARO-01,2026-05-28T22:48:44.114Z,808,A_linear,healthy,descent,0.926,0.352,27.9,72.4,0.635,75.0,descent,labview_bridge
ARO-01,2026-05-28T22:48:45.114Z,809,A_linear,healthy,descent,0.937,0.356,27.8,72.3,0.643,75.0,descent,labview_bridge
ARO-01,2026-05-28T22:48:46.115Z,810,A_linear,healthy,descent,0.913,0.352,27.7,72.0,0.636,75.0,descent,labview_bridge
ARO-01,2026-05-28T22:48:47.116Z,811,A_linear,healthy,descent,0.895,0.349,27.8,71.9,0.630,75.0,descent,labview_bridge
ARO-01,2026-05-28T22:48:48.117Z,812,A_linear,healthy,descent,0.928,0.352,27.9,71.9,0.635,75.0,descent,labview_bridge
ARO-01,2026-05-28T22:48:49.118Z,813,A_linear,healthy,descent,0.905,0.358,27.8,71.7,0.645,75.0,descent,labview_bridge
ARO-01,2026-05-28T22:48:50.118Z,814,A_linear,healthy,descent,0.906,0.352,27.9,71.9,0.636,75.0,descent,labview_bridge
ARO-01,2026-05-28T22:48:51.119Z,815,A_linear,healthy,descent,0.885,0.352,27.9,72.0,0.636,75.0,descent,labview_bridge
ARO-01,2026-05-28T22:48:52.127Z,816,A_linear,healthy,pause,0.891,0.002,27.8,72.0,0.004,75.0,pause,labview_bridge
ARO-01,2026-05-28T22:48:53.128Z,817,A_linear,healthy,pause,0.892,0.007,27.8,71.9,0.012,75.0,pause,labview_bridge
ARO-01,2026-05-28T22:48:54.129Z,818,A_linear,healthy,pause,0.874,0.006,27.8,71.6,0.010,75.0,pause,labview_bridge
ARO-01,2026-05-28T22:48:55.129Z,819,A_linear,healthy,pause,0.867,0.000,27.8,71.8,0.000,75.0,pause,labview_bridge
ARO-01,2026-05-28T22:48:56.130Z,820,A_linear,healthy,pause,0.887,0.000,27.8,72.2,0.000,75.0,pause,labview_bridge
ARO-01,2026-05-28T22:48:57.131Z,821,A_linear,healthy,pause,0.880,0.000,27.8,71.9,0.000,75.0,pause,labview_bridge
ARO-01,2026-05-28T22:48:58.132Z,822,A_linear,healthy,pause,0.870,0.006,27.8,71.7,0.011,75.0,pause,labview_bridge
ARO-01,2026-05-28T22:48:59.132Z,823,A_linear,healthy,pause,0.868,0.000,27.8,71.6,0.000,75.0,pause,labview_bridge
ARO-01,2026-05-28T22:49:00.134Z,824,A_linear,healthy,pause,0.888,0.000,27.9,71.9,0.000,75.0,pause,labview_bridge
ARO-01,2026-05-28T22:49:01.134Z,825,A_linear,healthy,pause,0.898,0.000,27.8,72.2,0.000,75.0,pause,labview_bridge
ARO-01,2026-05-28T22:49:02.135Z,826,A_linear,healthy,pause,0.876,0.007,27.8,72.1,0.013,75.0,pause,labview_bridge
ARO-01,2026-05-28T22:49:03.135Z,827,A_linear,healthy,pause,0.901,0.000,27.8,72.1,0.000,75.0,pause,labview_bridge
ARO-01,2026-05-28T22:49:04.136Z,828,A_linear,healthy,pause,0.892,0.010,27.8,72.1,0.018,75.0,pause,labview_bridge
ARO-01,2026-05-28T22:49:05.137Z,829,A_linear,healthy,pause,0.893,0.014,27.7,72.3,0.025,75.0,pause,labview_bridge
ARO-01,2026-05-28T22:49:06.137Z,830,A_linear,healthy,pause,0.917,0.000,27.7,72.4,0.000,75.0,pause,labview_bridge
ARO-01,2026-05-28T22:49:07.138Z,831,A_linear,healthy,pause,0.910,0.000,27.7,72.3,0.000,75.0,pause,labview_bridge
ARO-01,2026-05-28T22:49:08.139Z,832,A_linear,healthy,pause,0.918,0.001,27.7,72.2,0.002,75.0,pause,labview_bridge
ARO-01,2026-05-28T22:49:09.139Z,833,A_linear,healthy,pause,0.921,0.015,27.7,72.1,0.028,75.0,pause,labview_bridge
ARO-01,2026-05-28T22:49:10.140Z,834,A_linear,healthy,pause,0.954,0.000,27.6,72.0,0.000,75.0,pause,labview_bridge
ARO-01,2026-05-28T22:49:11.141Z,835,A_linear,healthy,pause,0.961,0.001,27.6,72.0,0.003,75.0,pause,labview_bridge
ARO-01,2026-05-28T22:49:12.142Z,836,A_linear,healthy,ascent,0.962,0.626,27.6,71.9,1.129,75.0,ascent,labview_bridge
ARO-01,2026-05-28T22:49:13.144Z,837,A_linear,healthy,ascent,0.982,0.625,27.7,72.1,1.128,75.0,ascent,labview_bridge
ARO-01,2026-05-28T22:49:14.144Z,838,A_linear,healthy,ascent,0.972,0.627,27.8,71.9,1.131,75.0,ascent,labview_bridge
ARO-01,2026-05-28T22:49:15.145Z,839,A_linear,healthy,ascent,0.967,0.614,27.8,72.0,1.108,75.0,ascent,labview_bridge
ARO-01,2026-05-28T22:49:16.146Z,840,A_linear,healthy,ascent,0.981,0.631,27.9,71.7,1.139,75.0,ascent,labview_bridge
ARO-01,2026-05-28T22:49:17.147Z,841,A_linear,healthy,ascent,0.959,0.614,27.9,71.6,1.108,75.0,ascent,labview_bridge
ARO-01,2026-05-28T22:49:18.148Z,842,A_linear,healthy,ascent,0.995,0.615,28.0,71.6,1.109,75.0,ascent,labview_bridge
ARO-01,2026-05-28T22:49:19.149Z,843,A_linear,healthy,ascent,0.996,0.629,27.9,71.9,1.135,75.0,ascent,labview_bridge
ARO-01,2026-05-28T22:49:20.150Z,844,A_linear,healthy,ascent,0.986,0.622,28.0,71.8,1.122,75.0,ascent,labview_bridge
ARO-01,2026-05-28T22:49:21.150Z,845,A_linear,healthy,ascent,1.000,0.629,28.1,71.7,1.135,75.0,ascent,labview_bridge
ARO-01,2026-05-28T22:49:22.151Z,846,A_linear,healthy,ascent,0.981,0.627,28.0,71.5,1.131,75.0,ascent,labview_bridge
ARO-01,2026-05-28T22:49:23.152Z,847,A_linear,healthy,ascent,0.971,0.624,28.1,71.3,1.126,75.0,ascent,labview_bridge
ARO-01,2026-05-28T22:49:24.153Z,848,A_linear,healthy,descent,0.973,0.346,28.1,71.2,0.624,75.0,descent,labview_bridge
ARO-01,2026-05-28T22:49:25.154Z,849,A_linear,healthy,descent,0.972,0.354,28.1,71.2,0.639,75.0,descent,labview_bridge
ARO-01,2026-05-28T22:49:26.154Z,850,A_linear,healthy,descent,0.961,0.356,28.1,71.3,0.643,75.0,descent,labview_bridge
ARO-01,2026-05-28T22:49:27.155Z,851,A_linear,healthy,descent,0.952,0.360,28.2,71.6,0.649,75.0,descent,labview_bridge
ARO-01,2026-05-28T22:49:28.156Z,852,A_linear,healthy,descent,0.946,0.359,28.2,71.4,0.648,75.0,descent,labview_bridge
ARO-01,2026-05-28T22:49:29.156Z,853,A_linear,healthy,descent,0.935,0.349,28.2,71.4,0.630,75.0,descent,labview_bridge
ARO-01,2026-05-28T22:49:30.157Z,854,A_linear,healthy,descent,0.927,0.344,28.2,71.5,0.621,75.0,descent,labview_bridge
ARO-01,2026-05-28T22:49:31.160Z,855,A_linear,healthy,descent,0.944,0.353,28.2,71.1,0.636,75.0,descent,labview_bridge
ARO-01,2026-05-28T22:49:32.161Z,856,A_linear,healthy,descent,0.934,0.361,28.3,71.3,0.651,75.0,descent,labview_bridge
ARO-01,2026-05-28T22:49:33.162Z,857,A_linear,healthy,descent,0.908,0.355,28.3,71.5,0.640,75.0,descent,labview_bridge
ARO-01,2026-05-28T22:49:34.163Z,858,A_linear,healthy,descent,0.905,0.347,28.4,71.6,0.626,75.0,descent,labview_bridge
ARO-01,2026-05-28T22:49:35.163Z,859,A_linear,healthy,descent,0.899,0.348,28.4,71.6,0.628,75.0,descent,labview_bridge
ARO-01,2026-05-28T22:49:36.164Z,860,A_linear,healthy,pause,0.905,0.016,28.4,71.6,0.028,75.0,pause,labview_bridge
ARO-01,2026-05-28T22:49:37.165Z,861,A_linear,healthy,pause,0.874,0.000,28.4,71.5,0.000,75.0,pause,labview_bridge
ARO-01,2026-05-28T22:49:38.166Z,862,A_linear,healthy,pause,0.882,0.001,28.3,71.7,0.001,75.0,pause,labview_bridge
ARO-01,2026-05-28T22:49:39.166Z,863,A_linear,healthy,pause,0.870,0.016,28.3,71.6,0.029,75.0,pause,labview_bridge
ARO-01,2026-05-28T22:49:40.167Z,864,A_linear,healthy,pause,0.878,0.007,28.2,71.8,0.012,75.0,pause,labview_bridge
ARO-01,2026-05-28T22:49:41.167Z,865,A_linear,healthy,pause,0.875,0.000,28.2,71.4,0.000,75.0,pause,labview_bridge
ARO-01,2026-05-28T22:49:42.168Z,866,A_linear,healthy,pause,0.863,0.000,28.3,71.5,0.001,75.0,pause,labview_bridge
ARO-01,2026-05-28T22:49:43.169Z,867,A_linear,healthy,pause,0.862,0.000,28.3,71.5,0.000,75.0,pause,labview_bridge
ARO-01,2026-05-28T22:49:44.169Z,868,A_linear,healthy,pause,0.873,0.000,28.3,71.6,0.000,75.0,pause,labview_bridge
ARO-01,2026-05-28T22:49:45.170Z,869,A_linear,healthy,pause,0.874,0.003,28.3,71.4,0.005,75.0,pause,labview_bridge
ARO-01,2026-05-28T22:49:46.171Z,870,A_linear,healthy,pause,0.856,0.002,28.2,71.4,0.003,75.0,pause,labview_bridge
ARO-01,2026-05-28T22:49:47.172Z,871,A_linear,healthy,pause,0.890,0.004,28.2,71.2,0.007,75.0,pause,labview_bridge
ARO-01,2026-05-28T22:49:48.172Z,872,A_linear,healthy,pause,0.894,0.000,28.1,71.0,0.000,75.0,pause,labview_bridge
ARO-01,2026-05-28T22:49:49.176Z,873,A_linear,healthy,pause,0.877,0.000,28.0,71.0,0.000,75.0,pause,labview_bridge
ARO-01,2026-05-28T22:49:50.176Z,874,A_linear,healthy,pause,0.896,0.013,27.9,71.1,0.024,75.0,pause,labview_bridge
ARO-01,2026-05-28T22:49:51.184Z,875,A_linear,healthy,pause,0.907,0.002,27.9,70.9,0.004,75.0,pause,labview_bridge
ARO-01,2026-05-28T22:49:52.185Z,876,A_linear,healthy,pause,0.921,0.005,27.8,70.9,0.009,75.0,pause,labview_bridge
ARO-01,2026-05-28T22:49:53.185Z,877,A_linear,healthy,pause,0.928,0.005,27.7,70.7,0.009,75.0,pause,labview_bridge
ARO-01,2026-05-28T22:49:54.186Z,878,A_linear,healthy,pause,0.950,0.003,27.7,70.4,0.005,75.0,pause,labview_bridge
ARO-01,2026-05-28T22:49:55.187Z,879,A_linear,healthy,pause,0.933,0.000,27.8,70.5,0.000,75.0,pause,labview_bridge
ARO-01,2026-05-28T22:49:56.187Z,880,A_linear,healthy,ascent,0.957,0.557,27.9,70.7,1.005,60.0,ascent,labview_bridge
ARO-01,2026-05-28T22:49:57.188Z,881,A_linear,healthy,ascent,0.974,0.562,27.9,70.5,1.014,60.0,ascent,labview_bridge
ARO-01,2026-05-28T22:49:58.189Z,882,A_linear,healthy,ascent,0.963,0.566,28.0,70.6,1.021,60.0,ascent,labview_bridge
ARO-01,2026-05-28T22:49:59.190Z,883,A_linear,healthy,ascent,1.003,0.551,28.1,70.9,0.995,60.0,ascent,labview_bridge
ARO-01,2026-05-28T22:50:00.190Z,884,A_linear,healthy,ascent,0.974,0.556,28.2,71.0,1.003,60.0,ascent,labview_bridge
ARO-01,2026-05-28T22:50:01.191Z,885,A_linear,healthy,ascent,0.979,0.561,28.2,71.1,1.013,60.0,ascent,labview_bridge
ARO-01,2026-05-28T22:50:02.191Z,886,A_linear,healthy,ascent,1.007,0.556,28.4,71.0,1.003,60.0,ascent,labview_bridge
ARO-01,2026-05-28T22:50:03.193Z,887,A_linear,healthy,ascent,0.996,0.560,28.3,71.2,1.010,60.0,ascent,labview_bridge
ARO-01,2026-05-28T22:50:04.193Z,888,A_linear,healthy,ascent,0.999,0.563,28.3,71.2,1.015,60.0,ascent,labview_bridge
ARO-01,2026-05-28T22:50:05.194Z,889,A_linear,healthy,ascent,0.997,0.564,28.4,71.3,1.017,60.0,ascent,labview_bridge
ARO-01,2026-05-28T22:50:06.195Z,890,A_linear,healthy,ascent,0.971,0.559,28.4,71.5,1.009,60.0,ascent,labview_bridge
ARO-01,2026-05-28T22:50:07.195Z,891,A_linear,healthy,ascent,0.982,0.556,28.4,71.2,1.004,60.0,ascent,labview_bridge
ARO-01,2026-05-28T22:50:08.196Z,892,A_linear,healthy,descent,0.982,0.345,28.4,71.1,0.623,60.0,descent,labview_bridge
ARO-01,2026-05-28T22:50:09.197Z,893,A_linear,healthy,descent,0.986,0.345,28.3,70.9,0.623,60.0,descent,labview_bridge
ARO-01,2026-05-28T22:50:10.197Z,894,A_linear,healthy,descent,0.960,0.331,28.3,70.8,0.597,60.0,descent,labview_bridge
ARO-01,2026-05-28T22:50:11.198Z,895,A_linear,healthy,descent,0.965,0.345,28.3,71.2,0.622,60.0,descent,labview_bridge
ARO-01,2026-05-28T22:50:12.198Z,896,A_linear,healthy,descent,0.951,0.350,28.3,71.1,0.631,60.0,descent,labview_bridge
ARO-01,2026-05-28T22:50:13.199Z,897,A_linear,healthy,descent,0.933,0.346,28.4,71.4,0.624,60.0,descent,labview_bridge
ARO-01,2026-05-28T22:50:14.200Z,898,A_linear,healthy,descent,0.930,0.338,28.3,71.6,0.610,60.0,descent,labview_bridge
ARO-01,2026-05-28T22:50:15.200Z,899,A_linear,healthy,descent,0.935,0.347,28.3,71.3,0.626,60.0,descent,labview_bridge
ARO-01,2026-05-28T22:50:16.201Z,900,A_linear,healthy,descent,0.921,0.351,28.3,71.2,0.632,60.0,descent,labview_bridge
ARO-01,2026-05-28T22:50:17.202Z,901,A_linear,healthy,descent,0.921,0.341,28.2,71.2,0.614,60.0,descent,labview_bridge
ARO-01,2026-05-28T22:50:18.202Z,902,A_linear,healthy,descent,0.907,0.348,28.4,71.1,0.628,60.0,descent,labview_bridge
ARO-01,2026-05-28T22:50:19.203Z,903,A_linear,healthy,descent,0.888,0.355,28.5,71.0,0.640,60.0,descent,labview_bridge
ARO-01,2026-05-28T22:50:20.203Z,904,A_linear,healthy,pause,0.882,0.002,28.2,71.6,0.003,60.0,pause,labview_bridge
ARO-01,2026-05-28T22:50:21.209Z,905,A_linear,healthy,pause,0.863,0.001,28.4,71.2,0.002,60.0,pause,labview_bridge
ARO-01,2026-05-28T22:50:22.210Z,906,A_linear,healthy,pause,0.907,0.000,28.2,71.1,0.000,60.0,pause,labview_bridge
ARO-01,2026-05-28T22:50:23.211Z,907,A_linear,healthy,pause,0.864,0.010,28.2,71.3,0.018,60.0,pause,labview_bridge
ARO-01,2026-05-28T22:50:24.212Z,908,A_linear,healthy,pause,0.870,0.003,28.0,71.4,0.005,60.0,pause,labview_bridge
ARO-01,2026-05-28T22:50:25.213Z,909,A_linear,healthy,pause,0.854,0.000,28.0,71.1,0.000,60.0,pause,labview_bridge
ARO-01,2026-05-28T22:50:26.213Z,910,A_linear,healthy,pause,0.867,0.005,28.0,71.1,0.009,60.0,pause,labview_bridge
ARO-01,2026-05-28T22:50:27.214Z,911,A_linear,healthy,pause,0.870,0.006,27.9,71.2,0.011,60.0,pause,labview_bridge
ARO-01,2026-05-28T22:50:28.215Z,912,A_linear,healthy,pause,0.879,0.000,27.9,71.4,0.000,60.0,pause,labview_bridge
ARO-01,2026-05-28T22:50:29.215Z,913,A_linear,healthy,pause,0.877,0.000,27.9,71.5,0.000,60.0,pause,labview_bridge
ARO-01,2026-05-28T22:50:30.216Z,914,A_linear,healthy,pause,0.867,0.011,28.0,71.6,0.020,60.0,pause,labview_bridge
ARO-01,2026-05-28T22:50:31.217Z,915,A_linear,healthy,pause,0.871,0.000,27.9,71.5,0.000,60.0,pause,labview_bridge
ARO-01,2026-05-28T22:50:32.220Z,916,A_linear,healthy,pause,0.915,0.009,27.9,71.7,0.016,60.0,pause,labview_bridge
ARO-01,2026-05-28T22:50:33.226Z,917,A_linear,healthy,pause,0.926,0.001,27.9,71.5,0.002,60.0,pause,labview_bridge
ARO-01,2026-05-28T22:50:34.226Z,918,A_linear,healthy,pause,0.917,0.003,28.0,71.1,0.006,60.0,pause,labview_bridge
ARO-01,2026-05-28T22:50:35.227Z,919,A_linear,healthy,pause,0.929,0.000,28.0,70.8,0.000,60.0,pause,labview_bridge
ARO-01,2026-05-28T22:50:36.227Z,920,A_linear,healthy,pause,0.922,0.000,28.0,71.0,0.000,60.0,pause,labview_bridge
ARO-01,2026-05-28T22:50:37.228Z,921,A_linear,healthy,pause,0.956,0.000,27.9,70.8,0.000,60.0,pause,labview_bridge
ARO-01,2026-05-28T22:50:38.229Z,922,A_linear,healthy,pause,0.942,0.000,27.9,70.8,0.000,60.0,pause,labview_bridge
ARO-01,2026-05-28T22:50:39.229Z,923,A_linear,healthy,pause,0.945,0.001,27.8,70.7,0.003,60.0,pause,labview_bridge
ARO-01,2026-05-28T22:50:40.230Z,924,A_linear,healthy,ascent,0.970,0.558,27.8,70.8,1.006,60.0,ascent,labview_bridge
ARO-01,2026-05-28T22:50:41.231Z,925,A_linear,healthy,ascent,0.963,0.569,27.8,70.6,1.026,60.0,ascent,labview_bridge
ARO-01,2026-05-28T22:50:42.231Z,926,A_linear,healthy,ascent,0.959,0.565,27.9,70.5,1.019,60.0,ascent,labview_bridge
ARO-01,2026-05-28T22:50:43.232Z,927,A_linear,healthy,ascent,0.957,0.563,27.9,70.5,1.015,60.0,ascent,labview_bridge
ARO-01,2026-05-28T22:50:44.233Z,928,A_linear,healthy,ascent,0.974,0.569,28.1,70.3,1.027,60.0,ascent,labview_bridge
ARO-01,2026-05-28T22:50:45.233Z,929,A_linear,healthy,ascent,1.017,0.572,28.2,70.3,1.032,60.0,ascent,labview_bridge
ARO-01,2026-05-28T22:50:46.234Z,930,A_linear,healthy,ascent,0.975,0.568,28.2,70.3,1.025,60.0,ascent,labview_bridge
ARO-01,2026-05-28T22:50:47.234Z,931,A_linear,healthy,ascent,1.014,0.559,28.3,70.0,1.009,60.0,ascent,labview_bridge
ARO-01,2026-05-28T22:50:48.235Z,932,A_linear,healthy,ascent,1.013,0.562,28.3,70.2,1.014,60.0,ascent,labview_bridge
ARO-01,2026-05-28T22:50:49.235Z,933,A_linear,healthy,ascent,0.999,0.562,28.4,70.0,1.014,60.0,ascent,labview_bridge
ARO-01,2026-05-28T22:50:50.239Z,934,A_linear,healthy,ascent,0.966,0.560,28.4,70.3,1.011,60.0,ascent,labview_bridge
ARO-01,2026-05-28T22:50:51.240Z,935,A_linear,healthy,ascent,1.002,0.558,28.4,70.1,1.008,60.0,ascent,labview_bridge
ARO-01,2026-05-28T22:50:52.241Z,936,A_linear,healthy,descent,0.970,0.352,28.5,70.2,0.635,60.0,descent,labview_bridge
ARO-01,2026-05-28T22:50:53.242Z,937,A_linear,healthy,descent,0.964,0.348,28.4,70.4,0.627,60.0,descent,labview_bridge
ARO-01,2026-05-28T22:50:54.250Z,938,A_linear,healthy,descent,0.959,0.353,28.5,70.3,0.636,60.0,descent,labview_bridge
ARO-01,2026-05-28T22:50:55.250Z,939,A_linear,healthy,descent,0.938,0.348,28.4,70.4,0.628,60.0,descent,labview_bridge
ARO-01,2026-05-28T22:50:56.251Z,940,A_linear,healthy,descent,0.950,0.358,28.2,70.7,0.647,60.0,descent,labview_bridge
ARO-01,2026-05-28T22:50:57.252Z,941,A_linear,healthy,descent,0.964,0.358,28.3,70.9,0.645,60.0,descent,labview_bridge
ARO-01,2026-05-28T22:50:58.252Z,942,A_linear,healthy,descent,0.928,0.344,28.3,70.9,0.620,60.0,descent,labview_bridge
ARO-01,2026-05-28T22:50:59.253Z,943,A_linear,healthy,descent,0.926,0.339,28.4,70.9,0.612,60.0,descent,labview_bridge
ARO-01,2026-05-28T22:51:00.254Z,944,A_linear,healthy,descent,0.908,0.361,28.3,70.5,0.651,60.0,descent,labview_bridge
ARO-01,2026-05-28T22:51:01.255Z,945,A_linear,healthy,descent,0.908,0.350,28.2,70.5,0.632,60.0,descent,labview_bridge
ARO-01,2026-05-28T22:51:02.255Z,946,A_linear,healthy,descent,0.890,0.353,28.2,70.6,0.637,60.0,descent,labview_bridge
ARO-01,2026-05-28T22:51:03.259Z,947,A_linear,healthy,descent,0.917,0.344,28.2,70.5,0.620,60.0,descent,labview_bridge
ARO-01,2026-05-28T22:51:04.260Z,948,A_linear,healthy,pause,0.876,0.000,28.2,70.7,0.000,60.0,pause,labview_bridge
ARO-01,2026-05-28T22:51:05.260Z,949,A_linear,healthy,pause,0.883,0.006,28.0,70.6,0.011,60.0,pause,labview_bridge
ARO-01,2026-05-28T22:51:06.261Z,950,A_linear,healthy,pause,0.886,0.012,28.0,70.3,0.022,60.0,pause,labview_bridge
ARO-01,2026-05-28T22:51:07.262Z,951,A_linear,healthy,pause,0.882,0.009,28.1,70.2,0.016,60.0,pause,labview_bridge
ARO-01,2026-05-28T22:51:08.263Z,952,A_linear,healthy,pause,0.868,0.002,28.0,70.2,0.004,60.0,pause,labview_bridge
ARO-01,2026-05-28T22:51:09.264Z,953,A_linear,healthy,pause,0.867,0.000,28.1,70.1,0.000,60.0,pause,labview_bridge
ARO-01,2026-05-28T22:51:10.264Z,954,A_linear,healthy,pause,0.876,0.000,28.0,70.2,0.000,60.0,pause,labview_bridge
ARO-01,2026-05-28T22:51:11.265Z,955,A_linear,healthy,pause,0.849,0.000,28.0,70.1,0.000,60.0,pause,labview_bridge
ARO-01,2026-05-28T22:51:12.266Z,956,A_linear,healthy,pause,0.885,0.000,28.0,70.1,0.000,60.0,pause,labview_bridge
ARO-01,2026-05-28T22:51:13.267Z,957,A_linear,healthy,pause,0.889,0.011,28.0,70.3,0.020,60.0,pause,labview_bridge
ARO-01,2026-05-28T22:51:14.268Z,958,A_linear,healthy,pause,0.895,0.000,28.0,70.3,0.000,60.0,pause,labview_bridge
ARO-01,2026-05-28T22:51:15.268Z,959,A_linear,healthy,pause,0.889,0.000,28.1,70.3,0.000,60.0,pause,labview_bridge
ARO-01,2026-05-28T22:51:16.275Z,960,A_linear,healthy,pause,0.901,0.005,28.1,70.5,0.009,60.0,pause,labview_bridge
ARO-01,2026-05-28T22:51:17.276Z,961,A_linear,healthy,pause,0.918,0.003,28.0,70.6,0.006,60.0,pause,labview_bridge
ARO-01,2026-05-28T22:51:18.276Z,962,A_linear,healthy,pause,0.932,0.007,28.1,71.0,0.013,60.0,pause,labview_bridge
ARO-01,2026-05-28T22:51:19.276Z,963,A_linear,healthy,pause,0.916,0.000,28.0,71.1,0.000,60.0,pause,labview_bridge
ARO-01,2026-05-28T22:51:20.277Z,964,A_linear,healthy,pause,0.961,0.000,27.9,71.0,0.000,60.0,pause,labview_bridge
ARO-01,2026-05-28T22:51:21.278Z,965,A_linear,healthy,pause,0.970,0.001,27.9,70.9,0.002,60.0,pause,labview_bridge
ARO-01,2026-05-28T22:51:22.278Z,966,A_linear,healthy,pause,0.959,0.000,27.8,70.9,0.001,60.0,pause,labview_bridge
ARO-01,2026-05-28T22:51:23.279Z,967,A_linear,healthy,pause,0.961,0.000,27.9,70.8,0.000,60.0,pause,labview_bridge
ARO-01,2026-05-28T22:51:24.280Z,968,A_linear,healthy,ascent,0.967,0.437,27.9,70.5,0.788,30.0,ascent,labview_bridge
ARO-01,2026-05-28T22:51:25.281Z,969,A_linear,healthy,ascent,0.984,0.437,27.9,70.5,0.788,30.0,ascent,labview_bridge
ARO-01,2026-05-28T22:51:26.281Z,970,A_linear,healthy,ascent,0.964,0.439,28.0,70.4,0.791,30.0,ascent,labview_bridge
ARO-01,2026-05-28T22:51:27.285Z,971,A_linear,healthy,ascent,0.959,0.445,28.0,70.1,0.803,30.0,ascent,labview_bridge
ARO-01,2026-05-28T22:51:28.290Z,972,A_linear,healthy,ascent,0.995,0.432,28.1,69.8,0.780,30.0,ascent,labview_bridge
ARO-01,2026-05-28T22:51:29.291Z,973,A_linear,healthy,ascent,0.990,0.436,28.0,69.6,0.787,30.0,ascent,labview_bridge
ARO-01,2026-05-28T22:51:30.292Z,974,A_linear,healthy,ascent,0.990,0.429,28.1,69.7,0.774,30.0,ascent,labview_bridge
ARO-01,2026-05-28T22:51:31.293Z,975,A_linear,healthy,ascent,1.025,0.436,28.1,69.8,0.786,30.0,ascent,labview_bridge
ARO-01,2026-05-28T22:51:32.293Z,976,A_linear,healthy,ascent,1.011,0.440,28.2,69.7,0.794,30.0,ascent,labview_bridge
ARO-01,2026-05-28T22:51:33.299Z,977,A_linear,healthy,ascent,0.994,0.437,28.3,69.7,0.789,30.0,ascent,labview_bridge
ARO-01,2026-05-28T22:51:34.300Z,978,A_linear,healthy,ascent,0.991,0.427,28.4,69.7,0.771,30.0,ascent,labview_bridge
ARO-01,2026-05-28T22:51:35.301Z,979,A_linear,healthy,ascent,1.006,0.431,28.4,69.6,0.778,30.0,ascent,labview_bridge
ARO-01,2026-05-28T22:51:36.307Z,980,A_linear,healthy,descent,0.946,0.362,28.4,69.6,0.653,30.0,descent,labview_bridge
ARO-01,2026-05-28T22:51:37.307Z,981,A_linear,healthy,descent,0.977,0.359,28.4,69.8,0.649,30.0,descent,labview_bridge
ARO-01,2026-05-28T22:51:38.308Z,982,A_linear,healthy,descent,0.964,0.354,28.4,69.7,0.639,30.0,descent,labview_bridge
ARO-01,2026-05-28T22:51:39.309Z,983,A_linear,healthy,descent,0.946,0.348,28.5,69.8,0.627,30.0,descent,labview_bridge
ARO-01,2026-05-28T22:51:40.309Z,984,A_linear,healthy,descent,0.979,0.334,28.5,69.9,0.602,30.0,descent,labview_bridge
ARO-01,2026-05-28T22:51:41.310Z,985,A_linear,healthy,descent,0.961,0.348,28.4,69.8,0.628,30.0,descent,labview_bridge
ARO-01,2026-05-28T22:51:42.311Z,986,A_linear,healthy,descent,0.918,0.345,28.4,69.6,0.623,30.0,descent,labview_bridge
ARO-01,2026-05-28T22:51:43.312Z,987,A_linear,healthy,descent,0.927,0.347,28.5,69.2,0.626,30.0,descent,labview_bridge
ARO-01,2026-05-28T22:51:44.313Z,988,A_linear,healthy,descent,0.916,0.347,28.5,69.1,0.626,30.0,descent,labview_bridge
ARO-01,2026-05-28T22:51:45.317Z,989,A_linear,healthy,descent,0.905,0.353,28.6,69.2,0.637,30.0,descent,labview_bridge
ARO-01,2026-05-28T22:51:46.317Z,990,A_linear,healthy,descent,0.891,0.346,28.5,69.5,0.624,30.0,descent,labview_bridge
ARO-01,2026-05-28T22:51:47.323Z,991,A_linear,healthy,descent,0.907,0.351,28.5,69.5,0.633,30.0,descent,labview_bridge
ARO-01,2026-05-28T22:51:48.324Z,992,A_linear,healthy,pause,0.886,0.000,28.4,69.3,0.000,30.0,pause,labview_bridge
ARO-01,2026-05-28T22:51:49.325Z,993,A_linear,healthy,pause,0.878,0.000,28.4,69.5,0.000,30.0,pause,labview_bridge
ARO-01,2026-05-28T22:51:50.325Z,994,A_linear,healthy,pause,0.872,0.008,28.3,69.6,0.014,30.0,pause,labview_bridge
ARO-01,2026-05-28T22:51:51.326Z,995,A_linear,healthy,pause,0.870,0.003,28.1,69.5,0.006,30.0,pause,labview_bridge
ARO-01,2026-05-28T22:51:52.327Z,996,A_linear,healthy,pause,0.882,0.005,28.2,69.4,0.010,30.0,pause,labview_bridge
ARO-01,2026-05-28T22:51:53.327Z,997,A_linear,healthy,pause,0.868,0.002,28.1,69.0,0.004,30.0,pause,labview_bridge
ARO-01,2026-05-28T22:51:54.328Z,998,A_linear,healthy,pause,0.889,0.000,28.1,69.0,0.000,30.0,pause,labview_bridge
ARO-01,2026-05-28T22:51:55.329Z,999,A_linear,healthy,pause,0.882,0.000,28.2,69.1,0.000,30.0,pause,labview_bridge
ARO-01,2026-05-28T22:51:56.330Z,1000,A_linear,healthy,pause,0.877,0.001,28.1,68.9,0.001,30.0,pause,labview_bridge
ARO-01,2026-05-28T22:51:57.330Z,1001,A_linear,healthy,pause,0.874,0.000,28.1,68.7,0.000,30.0,pause,labview_bridge
ARO-01,2026-05-28T22:51:58.331Z,1002,A_linear,healthy,pause,0.882,0.000,28.1,69.0,0.000,30.0,pause,labview_bridge
ARO-01,2026-05-28T22:51:59.332Z,1003,A_linear,healthy,pause,0.878,0.006,28.1,69.2,0.011,30.0,pause,labview_bridge
ARO-01,2026-05-28T22:52:00.333Z,1004,A_linear,healthy,pause,0.912,0.004,28.1,69.3,0.008,30.0,pause,labview_bridge
ARO-01,2026-05-28T22:52:01.333Z,1005,A_linear,healthy,pause,0.894,0.006,28.1,69.3,0.011,30.0,pause,labview_bridge
ARO-01,2026-05-28T22:52:02.334Z,1006,A_linear,healthy,pause,0.899,0.005,28.1,68.9,0.010,30.0,pause,labview_bridge
ARO-01,2026-05-28T22:52:03.341Z,1007,A_linear,healthy,pause,0.924,0.005,28.1,68.6,0.010,30.0,pause,labview_bridge
ARO-01,2026-05-28T22:52:04.345Z,1008,A_linear,healthy,pause,0.925,0.000,27.9,68.7,0.000,30.0,pause,labview_bridge
ARO-01,2026-05-28T22:52:05.346Z,1009,A_linear,healthy,pause,0.933,0.000,27.9,68.7,0.000,30.0,pause,labview_bridge
ARO-01,2026-05-28T22:52:06.346Z,1010,A_linear,healthy,pause,0.945,0.004,27.8,68.6,0.008,30.0,pause,labview_bridge
ARO-01,2026-05-28T22:52:07.347Z,1011,A_linear,healthy,pause,0.936,0.000,27.8,68.6,0.000,30.0,pause,labview_bridge
ARO-01,2026-05-28T22:52:08.348Z,1012,A_linear,healthy,ascent,0.966,0.627,28.0,68.4,1.131,75.0,ascent,labview_bridge
ARO-01,2026-05-28T22:52:09.348Z,1013,A_linear,healthy,ascent,0.960,0.634,28.0,68.9,1.143,75.0,ascent,labview_bridge
ARO-01,2026-05-28T22:52:10.349Z,1014,A_linear,healthy,ascent,0.987,0.620,28.1,68.6,1.119,75.0,ascent,labview_bridge
ARO-01,2026-05-28T22:52:11.350Z,1015,A_linear,healthy,ascent,0.993,0.632,28.1,68.7,1.140,75.0,ascent,labview_bridge
ARO-01,2026-05-28T22:52:12.357Z,1016,A_linear,healthy,ascent,1.007,0.633,28.2,68.7,1.143,75.0,ascent,labview_bridge
ARO-01,2026-05-28T22:52:13.358Z,1017,A_linear,healthy,ascent,0.993,0.623,28.2,68.8,1.125,75.0,ascent,labview_bridge
ARO-01,2026-05-28T22:52:14.359Z,1018,A_linear,healthy,ascent,0.993,0.625,28.2,68.8,1.127,75.0,ascent,labview_bridge
ARO-01,2026-05-28T22:52:15.359Z,1019,A_linear,healthy,ascent,0.996,0.628,28.3,68.7,1.133,75.0,ascent,labview_bridge
ARO-01,2026-05-28T22:52:16.360Z,1020,A_linear,healthy,ascent,0.967,0.631,28.3,68.7,1.138,75.0,ascent,labview_bridge
ARO-01,2026-05-28T22:52:17.360Z,1021,A_linear,healthy,ascent,1.010,0.627,28.5,68.5,1.131,75.0,ascent,labview_bridge
ARO-01,2026-05-28T22:52:18.361Z,1022,A_linear,healthy,ascent,1.008,0.627,28.6,68.3,1.131,75.0,ascent,labview_bridge
ARO-01,2026-05-28T22:52:19.362Z,1023,A_linear,healthy,ascent,0.992,0.624,28.8,68.5,1.125,75.0,ascent,labview_bridge
ARO-01,2026-05-28T22:52:20.363Z,1024,A_linear,healthy,descent,0.986,0.361,28.8,68.6,0.651,75.0,descent,labview_bridge
ARO-01,2026-05-28T22:52:21.363Z,1025,A_linear,healthy,descent,0.989,0.351,28.9,68.7,0.632,75.0,descent,labview_bridge
ARO-01,2026-05-28T22:52:22.364Z,1026,A_linear,healthy,descent,0.945,0.348,28.8,69.2,0.628,75.0,descent,labview_bridge
ARO-01,2026-05-28T22:52:23.365Z,1027,A_linear,healthy,descent,0.942,0.348,28.8,69.6,0.627,75.0,descent,labview_bridge
ARO-01,2026-05-28T22:52:24.366Z,1028,A_linear,healthy,descent,0.974,0.353,28.9,69.4,0.636,75.0,descent,labview_bridge
ARO-01,2026-05-28T22:52:25.366Z,1029,A_linear,healthy,descent,0.959,0.350,28.9,69.3,0.631,75.0,descent,labview_bridge
ARO-01,2026-05-28T22:52:26.367Z,1030,A_linear,healthy,descent,0.926,0.354,28.8,69.2,0.640,75.0,descent,labview_bridge
ARO-01,2026-05-28T22:52:27.368Z,1031,A_linear,healthy,descent,0.930,0.357,28.8,69.0,0.645,75.0,descent,labview_bridge
ARO-01,2026-05-28T22:52:28.369Z,1032,A_linear,healthy,descent,0.909,0.341,28.7,69.2,0.615,75.0,descent,labview_bridge
ARO-01,2026-05-28T22:52:29.369Z,1033,A_linear,healthy,descent,0.906,0.347,28.8,69.2,0.626,75.0,descent,labview_bridge
ARO-01,2026-05-28T22:52:30.373Z,1034,A_linear,healthy,descent,0.898,0.348,28.7,69.1,0.628,75.0,descent,labview_bridge
ARO-01,2026-05-28T22:52:31.374Z,1035,A_linear,healthy,descent,0.890,0.356,28.6,69.2,0.643,75.0,descent,labview_bridge
ARO-01,2026-05-28T22:52:32.375Z,1036,A_linear,healthy,pause,0.916,0.000,28.6,69.2,0.000,75.0,pause,labview_bridge
ARO-01,2026-05-28T22:52:33.375Z,1037,A_linear,healthy,pause,0.873,0.006,28.5,69.2,0.011,75.0,pause,labview_bridge
ARO-01,2026-05-28T22:52:34.376Z,1038,A_linear,healthy,pause,0.879,0.000,28.4,69.1,0.000,75.0,pause,labview_bridge
ARO-01,2026-05-28T22:52:35.377Z,1039,A_linear,healthy,pause,0.901,0.005,28.4,69.2,0.010,75.0,pause,labview_bridge
ARO-01,2026-05-28T22:52:36.378Z,1040,A_linear,healthy,pause,0.877,0.011,28.3,69.3,0.019,75.0,pause,labview_bridge
ARO-01,2026-05-28T22:52:37.378Z,1041,A_linear,healthy,pause,0.870,0.008,28.3,69.5,0.014,75.0,pause,labview_bridge
ARO-01,2026-05-28T22:52:38.379Z,1042,A_linear,healthy,pause,0.873,0.010,28.3,69.3,0.019,75.0,pause,labview_bridge
ARO-01,2026-05-28T22:52:39.380Z,1043,A_linear,healthy,pause,0.875,0.005,28.3,69.4,0.009,75.0,pause,labview_bridge
ARO-01,2026-05-28T22:52:40.381Z,1044,A_linear,healthy,pause,0.876,0.000,28.3,69.7,0.000,75.0,pause,labview_bridge
ARO-01,2026-05-28T22:52:41.382Z,1045,A_linear,healthy,pause,0.870,0.008,28.2,69.3,0.014,75.0,pause,labview_bridge
ARO-01,2026-05-28T22:52:42.382Z,1046,A_linear,healthy,pause,0.868,0.003,28.1,69.3,0.006,75.0,pause,labview_bridge
ARO-01,2026-05-28T22:52:43.383Z,1047,A_linear,healthy,pause,0.890,0.000,28.1,69.3,0.000,75.0,pause,labview_bridge
ARO-01,2026-05-28T22:52:44.384Z,1048,A_linear,healthy,pause,0.915,0.015,28.1,69.3,0.027,75.0,pause,labview_bridge
ARO-01,2026-05-28T22:52:45.385Z,1049,A_linear,healthy,pause,0.905,0.000,28.1,69.1,0.000,75.0,pause,labview_bridge
ARO-01,2026-05-28T22:52:46.385Z,1050,A_linear,healthy,pause,0.913,0.012,28.1,69.3,0.021,75.0,pause,labview_bridge
ARO-01,2026-05-28T22:52:47.386Z,1051,A_linear,healthy,pause,0.907,0.000,27.9,69.0,0.000,75.0,pause,labview_bridge
ARO-01,2026-05-28T22:52:48.389Z,1052,A_linear,healthy,pause,0.939,0.009,27.9,68.9,0.017,75.0,pause,labview_bridge
ARO-01,2026-05-28T22:52:49.390Z,1053,A_linear,healthy,pause,0.942,0.000,28.0,69.0,0.000,75.0,pause,labview_bridge
ARO-01,2026-05-28T22:52:50.391Z,1054,A_linear,healthy,pause,0.932,0.007,28.0,68.7,0.012,75.0,pause,labview_bridge
ARO-01,2026-05-28T22:52:51.392Z,1055,A_linear,healthy,pause,0.957,0.000,28.0,68.6,0.000,75.0,pause,labview_bridge
ARO-01,2026-05-28T22:52:52.393Z,1056,A_linear,healthy,ascent,0.957,1.006,28.2,68.6,1.815,165.0,ascent,labview_bridge
ARO-01,2026-05-28T22:52:53.394Z,1057,A_linear,healthy,ascent,0.981,1.014,28.2,68.6,1.830,165.0,ascent,labview_bridge
ARO-01,2026-05-28T22:52:54.394Z,1058,A_linear,healthy,ascent,0.989,1.017,28.5,68.4,1.834,165.0,ascent,labview_bridge
ARO-01,2026-05-28T22:52:55.395Z,1059,A_linear,healthy,ascent,0.975,1.015,28.6,68.4,1.832,165.0,ascent,labview_bridge
ARO-01,2026-05-28T22:52:56.396Z,1060,A_linear,healthy,ascent,0.990,1.016,28.7,68.2,1.833,165.0,ascent,labview_bridge
ARO-01,2026-05-28T22:52:57.396Z,1061,A_linear,healthy,ascent,0.984,1.018,28.7,68.2,1.837,165.0,ascent,labview_bridge
ARO-01,2026-05-28T22:52:58.397Z,1062,A_linear,healthy,ascent,1.001,1.016,28.8,68.2,1.832,165.0,ascent,labview_bridge
ARO-01,2026-05-28T22:52:59.398Z,1063,A_linear,healthy,ascent,1.015,1.014,29.0,68.3,1.829,165.0,ascent,labview_bridge
ARO-01,2026-05-28T22:53:00.399Z,1064,A_linear,healthy,ascent,0.987,1.018,29.0,68.1,1.837,165.0,ascent,labview_bridge
ARO-01,2026-05-28T22:53:01.400Z,1065,A_linear,healthy,ascent,0.998,1.011,29.1,67.9,1.823,165.0,ascent,labview_bridge
ARO-01,2026-05-28T22:53:02.407Z,1066,A_linear,healthy,ascent,0.980,1.012,29.0,67.9,1.826,165.0,ascent,labview_bridge
ARO-01,2026-05-28T22:53:03.408Z,1067,A_linear,healthy,ascent,0.988,1.006,29.1,67.7,1.815,165.0,ascent,labview_bridge
ARO-01,2026-05-28T22:53:04.408Z,1068,A_linear,healthy,descent,0.978,0.344,29.0,67.7,0.620,165.0,descent,labview_bridge
ARO-01,2026-05-28T22:53:05.409Z,1069,A_linear,healthy,descent,0.978,0.355,28.9,67.7,0.640,165.0,descent,labview_bridge
ARO-01,2026-05-28T22:53:06.409Z,1070,A_linear,healthy,descent,0.974,0.344,28.8,67.7,0.620,165.0,descent,labview_bridge
ARO-01,2026-05-28T22:53:07.410Z,1071,A_linear,healthy,descent,0.959,0.349,28.8,67.7,0.630,165.0,descent,labview_bridge
ARO-01,2026-05-28T22:53:08.410Z,1072,A_linear,healthy,descent,0.960,0.365,28.8,67.6,0.658,165.0,descent,labview_bridge
ARO-01,2026-05-28T22:53:09.412Z,1073,A_linear,healthy,descent,0.946,0.360,28.8,67.7,0.649,165.0,descent,labview_bridge
ARO-01,2026-05-28T22:53:10.412Z,1074,A_linear,healthy,descent,0.937,0.346,28.7,67.9,0.624,165.0,descent,labview_bridge
ARO-01,2026-05-28T22:53:11.413Z,1075,A_linear,healthy,descent,0.949,0.341,28.7,68.1,0.616,165.0,descent,labview_bridge
ARO-01,2026-05-28T22:53:12.421Z,1076,A_linear,healthy,descent,0.928,0.352,28.8,68.0,0.634,165.0,descent,labview_bridge
ARO-01,2026-05-28T22:53:13.422Z,1077,A_linear,healthy,descent,0.906,0.353,28.9,68.0,0.637,165.0,descent,labview_bridge
ARO-01,2026-05-28T22:53:14.423Z,1078,A_linear,healthy,descent,0.899,0.342,28.8,68.1,0.617,165.0,descent,labview_bridge
ARO-01,2026-05-28T22:53:15.424Z,1079,A_linear,healthy,descent,0.895,0.349,28.9,67.9,0.630,165.0,descent,labview_bridge
ARO-01,2026-05-28T22:53:16.425Z,1080,A_linear,healthy,pause,0.890,0.005,28.7,68.0,0.008,165.0,pause,labview_bridge
ARO-01,2026-05-28T22:53:17.431Z,1081,A_linear,healthy,pause,0.882,0.000,28.6,67.8,0.000,165.0,pause,labview_bridge
ARO-01,2026-05-28T22:53:18.432Z,1082,A_linear,healthy,pause,0.858,0.006,28.5,67.7,0.011,165.0,pause,labview_bridge
ARO-01,2026-05-28T22:53:19.433Z,1083,A_linear,healthy,pause,0.867,0.000,28.5,67.6,0.000,165.0,pause,labview_bridge
ARO-01,2026-05-28T22:53:20.433Z,1084,A_linear,healthy,pause,0.882,0.000,28.5,67.7,0.000,165.0,pause,labview_bridge
ARO-01,2026-05-28T22:53:21.434Z,1085,A_linear,healthy,pause,0.884,0.008,28.5,68.0,0.015,165.0,pause,labview_bridge
ARO-01,2026-05-28T22:53:22.435Z,1086,A_linear,healthy,pause,0.864,0.000,28.4,68.4,0.000,165.0,pause,labview_bridge
ARO-01,2026-05-28T22:53:23.435Z,1087,A_linear,healthy,pause,0.879,0.000,28.3,68.2,0.000,165.0,pause,labview_bridge
ARO-01,2026-05-28T22:53:24.436Z,1088,A_linear,healthy,pause,0.895,0.001,28.3,68.0,0.002,165.0,pause,labview_bridge
ARO-01,2026-05-28T22:53:25.439Z,1089,A_linear,healthy,pause,0.885,0.000,28.4,68.0,0.000,165.0,pause,labview_bridge
ARO-01,2026-05-28T22:53:26.439Z,1090,A_linear,healthy,pause,0.905,0.000,28.4,68.2,0.000,165.0,pause,labview_bridge
ARO-01,2026-05-28T22:53:27.440Z,1091,A_linear,healthy,pause,0.905,0.003,28.4,67.8,0.006,165.0,pause,labview_bridge
ARO-01,2026-05-28T22:53:28.441Z,1092,A_linear,healthy,pause,0.911,0.000,28.4,67.5,0.001,165.0,pause,labview_bridge
ARO-01,2026-05-28T22:53:29.442Z,1093,A_linear,healthy,pause,0.923,0.004,28.3,67.2,0.006,165.0,pause,labview_bridge
ARO-01,2026-05-28T22:53:30.442Z,1094,A_linear,healthy,pause,0.918,0.000,28.4,67.4,0.000,165.0,pause,labview_bridge
ARO-01,2026-05-28T22:53:31.443Z,1095,A_linear,healthy,pause,0.926,0.000,28.3,67.4,0.001,165.0,pause,labview_bridge
ARO-01,2026-05-28T22:53:32.444Z,1096,A_linear,healthy,pause,0.917,0.000,28.3,67.1,0.000,165.0,pause,labview_bridge
ARO-01,2026-05-28T22:53:33.444Z,1097,A_linear,healthy,pause,0.936,0.000,28.2,67.2,0.000,165.0,pause,labview_bridge
ARO-01,2026-05-28T22:53:34.448Z,1098,A_linear,healthy,pause,0.940,0.000,28.2,67.3,0.000,165.0,pause,labview_bridge
ARO-01,2026-05-28T22:53:35.449Z,1099,A_linear,healthy,pause,0.968,0.008,28.1,67.1,0.014,165.0,pause,labview_bridge
ARO-01,2026-05-28T22:53:36.450Z,1100,A_linear,healthy,ascent,0.979,0.369,28.2,67.2,0.666,15.0,ascent,labview_bridge
ARO-01,2026-05-28T22:53:37.451Z,1101,A_linear,healthy,ascent,0.970,0.366,28.2,67.3,0.660,15.0,ascent,labview_bridge
ARO-01,2026-05-28T22:53:38.451Z,1102,A_linear,healthy,ascent,0.998,0.377,28.3,67.4,0.680,15.0,ascent,labview_bridge
ARO-01,2026-05-28T22:53:39.452Z,1103,A_linear,healthy,ascent,0.990,0.359,28.3,67.3,0.649,15.0,ascent,labview_bridge
ARO-01,2026-05-28T22:53:40.455Z,1104,A_linear,healthy,ascent,0.980,0.367,28.4,67.1,0.663,15.0,ascent,labview_bridge
ARO-01,2026-05-28T22:53:41.461Z,1105,A_linear,healthy,ascent,0.993,0.364,28.5,67.0,0.656,15.0,ascent,labview_bridge
ARO-01,2026-05-28T22:53:42.463Z,1106,A_linear,healthy,ascent,0.997,0.377,28.4,66.9,0.681,15.0,ascent,labview_bridge
ARO-01,2026-05-28T22:53:43.471Z,1107,A_linear,healthy,ascent,0.995,0.374,28.4,66.9,0.675,15.0,ascent,labview_bridge
ARO-01,2026-05-28T22:53:44.472Z,1108,A_linear,healthy,ascent,1.011,0.374,28.4,67.0,0.675,15.0,ascent,labview_bridge
ARO-01,2026-05-28T22:53:45.473Z,1109,A_linear,healthy,ascent,1.003,0.370,28.4,67.0,0.668,15.0,ascent,labview_bridge
ARO-01,2026-05-28T22:53:46.473Z,1110,A_linear,healthy,ascent,0.996,0.380,28.4,67.0,0.685,15.0,ascent,labview_bridge
ARO-01,2026-05-28T22:53:47.474Z,1111,A_linear,healthy,ascent,0.984,0.376,28.4,67.1,0.679,15.0,ascent,labview_bridge
ARO-01,2026-05-28T22:53:48.475Z,1112,A_linear,healthy,descent,0.976,0.344,28.3,67.1,0.621,15.0,descent,labview_bridge
ARO-01,2026-05-28T22:53:49.475Z,1113,A_linear,healthy,descent,1.012,0.347,28.4,66.9,0.626,15.0,descent,labview_bridge
ARO-01,2026-05-28T22:53:50.476Z,1114,A_linear,healthy,descent,0.965,0.336,28.5,67.3,0.606,15.0,descent,labview_bridge
ARO-01,2026-05-28T22:53:51.477Z,1115,A_linear,healthy,descent,0.976,0.346,28.5,67.4,0.625,15.0,descent,labview_bridge
ARO-01,2026-05-28T22:53:52.478Z,1116,A_linear,healthy,descent,0.972,0.347,28.5,67.1,0.626,15.0,descent,labview_bridge
ARO-01,2026-05-28T22:53:53.479Z,1117,A_linear,healthy,descent,0.943,0.344,28.5,66.8,0.621,15.0,descent,labview_bridge
ARO-01,2026-05-28T22:53:54.479Z,1118,A_linear,healthy,descent,0.967,0.350,28.5,66.7,0.632,15.0,descent,labview_bridge
ARO-01,2026-05-28T22:53:55.480Z,1119,A_linear,healthy,descent,0.922,0.367,28.4,67.0,0.662,15.0,descent,labview_bridge
ARO-01,2026-05-28T22:53:56.481Z,1120,A_linear,healthy,descent,0.899,0.354,28.5,67.1,0.639,15.0,descent,labview_bridge
ARO-01,2026-05-28T22:53:57.481Z,1121,A_linear,healthy,descent,0.898,0.343,28.5,66.8,0.618,15.0,descent,labview_bridge
ARO-01,2026-05-28T22:53:58.482Z,1122,A_linear,healthy,descent,0.899,0.339,28.4,66.9,0.612,15.0,descent,labview_bridge
ARO-01,2026-05-28T22:53:59.482Z,1123,A_linear,healthy,descent,0.896,0.344,28.4,67.2,0.622,15.0,descent,labview_bridge
ARO-01,2026-05-28T22:54:00.483Z,1124,A_linear,healthy,pause,0.896,0.000,28.3,67.3,0.000,15.0,pause,labview_bridge
ARO-01,2026-05-28T22:54:01.483Z,1125,A_linear,healthy,pause,0.883,0.006,28.2,67.3,0.010,15.0,pause,labview_bridge
ARO-01,2026-05-28T22:54:02.484Z,1126,A_linear,healthy,pause,0.883,0.011,28.1,67.2,0.020,15.0,pause,labview_bridge
ARO-01,2026-05-28T22:54:03.485Z,1127,A_linear,healthy,pause,0.874,0.000,28.1,67.1,0.000,15.0,pause,labview_bridge
ARO-01,2026-05-28T22:54:04.486Z,1128,A_linear,healthy,pause,0.875,0.008,28.1,67.3,0.015,15.0,pause,labview_bridge
ARO-01,2026-05-28T22:54:05.487Z,1129,A_linear,healthy,pause,0.861,0.000,28.2,67.3,0.000,15.0,pause,labview_bridge
ARO-01,2026-05-28T22:54:06.488Z,1130,A_linear,healthy,pause,0.881,0.000,28.2,67.3,0.000,15.0,pause,labview_bridge
ARO-01,2026-05-28T22:54:07.488Z,1131,A_linear,healthy,pause,0.866,0.011,28.3,67.1,0.019,15.0,pause,labview_bridge
ARO-01,2026-05-28T22:54:08.489Z,1132,A_linear,healthy,pause,0.877,0.000,28.2,67.0,0.000,15.0,pause,labview_bridge
ARO-01,2026-05-28T22:54:09.491Z,1133,A_linear,healthy,pause,0.877,0.006,28.1,67.1,0.010,15.0,pause,labview_bridge
ARO-01,2026-05-28T22:54:10.492Z,1134,A_linear,healthy,pause,0.865,0.000,28.2,67.1,0.000,15.0,pause,labview_bridge
ARO-01,2026-05-28T22:54:11.492Z,1135,A_linear,healthy,pause,0.879,0.004,28.2,67.3,0.008,15.0,pause,labview_bridge
ARO-01,2026-05-28T22:54:12.493Z,1136,A_linear,healthy,pause,0.906,0.002,28.2,67.3,0.004,15.0,pause,labview_bridge
ARO-01,2026-05-28T22:54:13.494Z,1137,A_linear,healthy,pause,0.908,0.000,28.1,67.3,0.000,15.0,pause,labview_bridge
ARO-01,2026-05-28T22:54:14.494Z,1138,A_linear,healthy,pause,0.906,0.006,28.1,67.5,0.010,15.0,pause,labview_bridge
ARO-01,2026-05-28T22:54:15.496Z,1139,A_linear,healthy,pause,0.935,0.002,28.0,67.5,0.003,15.0,pause,labview_bridge
ARO-01,2026-05-28T22:54:16.504Z,1140,A_linear,healthy,pause,0.927,0.000,28.1,67.7,0.000,15.0,pause,labview_bridge
ARO-01,2026-05-28T22:54:17.505Z,1141,A_linear,healthy,pause,0.918,0.005,28.1,67.8,0.010,15.0,pause,labview_bridge
ARO-01,2026-05-28T22:54:18.506Z,1142,A_linear,healthy,pause,0.931,0.014,28.1,67.3,0.025,15.0,pause,labview_bridge
ARO-01,2026-05-28T22:54:19.507Z,1143,A_linear,healthy,pause,0.970,0.005,28.1,67.0,0.008,15.0,pause,labview_bridge
ARO-01,2026-05-28T22:54:20.508Z,1144,A_linear,healthy,ascent,0.953,0.379,28.1,66.9,0.683,15.0,ascent,labview_bridge
ARO-01,2026-05-28T22:54:21.509Z,1145,A_linear,healthy,ascent,0.984,0.375,28.1,66.8,0.676,15.0,ascent,labview_bridge
ARO-01,2026-05-28T22:54:22.509Z,1146,A_linear,healthy,ascent,0.980,0.391,28.0,66.4,0.706,15.0,ascent,labview_bridge
ARO-01,2026-05-28T22:54:23.510Z,1147,A_linear,healthy,ascent,0.998,0.359,28.1,66.4,0.648,15.0,ascent,labview_bridge
ARO-01,2026-05-28T22:54:24.510Z,1148,A_linear,healthy,ascent,0.990,0.378,28.2,66.3,0.682,15.0,ascent,labview_bridge
ARO-01,2026-05-28T22:54:25.511Z,1149,A_linear,healthy,ascent,0.997,0.367,28.3,66.6,0.662,15.0,ascent,labview_bridge
ARO-01,2026-05-28T22:54:26.512Z,1150,A_linear,healthy,ascent,1.000,0.375,28.2,66.3,0.677,15.0,ascent,labview_bridge
ARO-01,2026-05-28T22:54:27.512Z,1151,A_linear,healthy,ascent,1.028,0.365,28.3,66.1,0.658,15.0,ascent,labview_bridge
ARO-01,2026-05-28T22:54:28.513Z,1152,A_linear,healthy,ascent,0.973,0.374,28.4,66.3,0.674,15.0,ascent,labview_bridge
ARO-01,2026-05-28T22:54:29.514Z,1153,A_linear,healthy,ascent,0.989,0.365,28.5,66.3,0.659,15.0,ascent,labview_bridge
ARO-01,2026-05-28T22:54:30.515Z,1154,A_linear,healthy,ascent,0.987,0.353,28.5,66.1,0.637,15.0,ascent,labview_bridge
ARO-01,2026-05-28T22:54:31.516Z,1155,A_linear,healthy,ascent,0.996,0.369,28.5,65.8,0.666,15.0,ascent,labview_bridge
ARO-01,2026-05-28T22:54:32.516Z,1156,A_linear,healthy,descent,0.991,0.354,28.6,66.0,0.638,15.0,descent,labview_bridge
ARO-01,2026-05-28T22:54:33.517Z,1157,A_linear,healthy,descent,0.980,0.359,28.6,65.8,0.648,15.0,descent,labview_bridge
ARO-01,2026-05-28T22:54:34.517Z,1158,A_linear,healthy,descent,0.982,0.347,28.6,66.1,0.626,15.0,descent,labview_bridge
ARO-01,2026-05-28T22:54:35.518Z,1159,A_linear,healthy,descent,0.985,0.344,28.5,65.8,0.621,15.0,descent,labview_bridge
ARO-01,2026-05-28T22:54:36.522Z,1160,A_linear,healthy,descent,0.981,0.356,28.5,65.7,0.642,15.0,descent,labview_bridge
ARO-01,2026-05-28T22:54:37.523Z,1161,A_linear,healthy,descent,0.950,0.345,28.6,65.8,0.623,15.0,descent,labview_bridge
ARO-01,2026-05-28T22:54:38.523Z,1162,A_linear,healthy,descent,0.941,0.344,28.5,65.7,0.620,15.0,descent,labview_bridge
ARO-01,2026-05-28T22:54:39.524Z,1163,A_linear,healthy,descent,0.930,0.350,28.5,65.6,0.631,15.0,descent,labview_bridge
ARO-01,2026-05-28T22:54:40.525Z,1164,A_linear,healthy,descent,0.937,0.348,28.5,65.4,0.629,15.0,descent,labview_bridge
ARO-01,2026-05-28T22:54:41.528Z,1165,A_linear,healthy,descent,0.905,0.338,28.5,65.5,0.610,15.0,descent,labview_bridge
ARO-01,2026-05-28T22:54:42.538Z,1166,A_linear,healthy,descent,0.915,0.344,28.5,65.5,0.621,15.0,descent,labview_bridge
ARO-01,2026-05-28T22:54:43.559Z,1167,A_linear,healthy,descent,0.882,0.353,28.5,65.7,0.638,15.0,descent,labview_bridge
ARO-01,2026-05-28T22:54:44.560Z,1168,A_linear,healthy,pause,0.895,0.005,28.4,65.7,0.010,15.0,pause,labview_bridge
ARO-01,2026-05-28T22:54:45.561Z,1169,A_linear,healthy,pause,0.890,0.000,28.4,65.5,0.000,15.0,pause,labview_bridge
ARO-01,2026-05-28T22:54:46.562Z,1170,A_linear,healthy,pause,0.859,0.000,28.3,65.5,0.000,15.0,pause,labview_bridge
ARO-01,2026-05-28T22:54:47.563Z,1171,A_linear,healthy,pause,0.889,0.003,28.3,65.4,0.006,15.0,pause,labview_bridge
ARO-01,2026-05-28T22:54:48.564Z,1172,A_linear,healthy,pause,0.869,0.000,28.1,65.4,0.000,15.0,pause,labview_bridge
ARO-01,2026-05-28T22:54:49.564Z,1173,A_linear,healthy,pause,0.878,0.012,28.1,65.7,0.021,15.0,pause,labview_bridge
ARO-01,2026-05-28T22:54:50.565Z,1174,A_linear,healthy,pause,0.882,0.001,28.2,65.8,0.003,15.0,pause,labview_bridge
ARO-01,2026-05-28T22:54:51.566Z,1175,A_linear,healthy,pause,0.874,0.000,28.3,65.8,0.000,15.0,pause,labview_bridge
ARO-01,2026-05-28T22:54:52.566Z,1176,A_linear,healthy,pause,0.873,0.000,28.3,65.5,0.000,15.0,pause,labview_bridge
ARO-01,2026-05-28T22:54:53.567Z,1177,A_linear,healthy,pause,0.896,0.000,28.3,65.2,0.000,15.0,pause,labview_bridge
ARO-01,2026-05-28T22:54:54.571Z,1178,A_linear,healthy,pause,0.877,0.002,28.3,65.2,0.004,15.0,pause,labview_bridge
ARO-01,2026-05-28T22:54:55.572Z,1179,A_linear,healthy,pause,0.896,0.000,28.1,65.5,0.000,15.0,pause,labview_bridge
ARO-01,2026-05-28T22:54:56.573Z,1180,A_linear,healthy,pause,0.906,0.000,28.1,65.8,0.000,15.0,pause,labview_bridge
ARO-01,2026-05-28T22:54:57.573Z,1181,A_linear,healthy,pause,0.904,0.012,27.9,66.0,0.022,15.0,pause,labview_bridge
ARO-01,2026-05-28T22:54:58.574Z,1182,A_linear,healthy,pause,0.911,0.002,27.9,66.0,0.004,15.0,pause,labview_bridge
ARO-01,2026-05-28T22:54:59.574Z,1183,A_linear,healthy,pause,0.929,0.000,27.8,65.8,0.000,15.0,pause,labview_bridge
ARO-01,2026-05-28T22:55:00.575Z,1184,A_linear,healthy,pause,0.927,0.006,27.8,65.9,0.010,15.0,pause,labview_bridge
ARO-01,2026-05-28T22:55:01.576Z,1185,A_linear,healthy,pause,0.933,0.011,27.7,65.6,0.020,15.0,pause,labview_bridge
ARO-01,2026-05-28T22:55:02.577Z,1186,A_linear,healthy,pause,0.928,0.000,27.7,65.5,0.000,15.0,pause,labview_bridge
ARO-01,2026-05-28T22:55:03.578Z,1187,A_linear,healthy,pause,0.940,0.000,27.7,65.6,0.000,15.0,pause,labview_bridge
ARO-01,2026-05-28T22:55:04.579Z,1188,A_linear,healthy,ascent,0.947,0.814,27.7,65.5,1.469,120.0,ascent,labview_bridge
ARO-01,2026-05-28T22:55:05.583Z,1189,A_linear,healthy,ascent,0.979,0.819,27.8,65.7,1.478,120.0,ascent,labview_bridge
ARO-01,2026-05-28T22:55:06.584Z,1190,A_linear,healthy,ascent,0.981,0.822,27.9,65.6,1.483,120.0,ascent,labview_bridge
ARO-01,2026-05-28T22:55:07.584Z,1191,A_linear,healthy,ascent,0.974,0.818,27.9,65.5,1.476,120.0,ascent,labview_bridge
ARO-01,2026-05-28T22:55:08.585Z,1192,A_linear,healthy,ascent,0.985,0.817,28.0,65.5,1.475,120.0,ascent,labview_bridge
ARO-01,2026-05-28T22:55:09.585Z,1193,A_linear,healthy,ascent,0.981,0.814,28.1,65.7,1.468,120.0,ascent,labview_bridge
ARO-01,2026-05-28T22:55:10.586Z,1194,A_linear,healthy,ascent,0.967,0.819,28.3,65.4,1.478,120.0,ascent,labview_bridge
ARO-01,2026-05-28T22:55:11.586Z,1195,A_linear,healthy,ascent,1.002,0.822,28.4,65.4,1.484,120.0,ascent,labview_bridge
ARO-01,2026-05-28T22:55:12.587Z,1196,A_linear,healthy,ascent,0.999,0.822,28.6,65.5,1.483,120.0,ascent,labview_bridge
ARO-01,2026-05-28T22:55:13.588Z,1197,A_linear,healthy,ascent,0.987,0.813,28.6,65.5,1.468,120.0,ascent,labview_bridge
ARO-01,2026-05-28T22:55:14.589Z,1198,A_linear,healthy,ascent,1.021,0.810,28.5,65.4,1.462,120.0,ascent,labview_bridge
ARO-01,2026-05-28T22:55:15.590Z,1199,A_linear,healthy,ascent,0.984,0.822,28.7,65.5,1.484,120.0,ascent,labview_bridge
ARO-01,2026-05-28T22:55:16.590Z,1200,A_linear,healthy,descent,1.003,0.340,28.7,65.1,0.614,120.0,descent,labview_bridge
ARO-01,2026-05-28T22:55:17.591Z,1201,A_linear,healthy,descent,0.978,0.347,28.7,65.1,0.625,120.0,descent,labview_bridge
ARO-01,2026-05-28T22:55:18.592Z,1202,A_linear,healthy,descent,0.974,0.341,28.6,65.0,0.616,120.0,descent,labview_bridge
ARO-01,2026-05-28T22:55:19.593Z,1203,A_linear,healthy,descent,0.972,0.362,28.6,65.1,0.652,120.0,descent,labview_bridge
ARO-01,2026-05-28T22:55:20.594Z,1204,A_linear,healthy,descent,0.943,0.351,28.5,65.3,0.633,120.0,descent,labview_bridge
ARO-01,2026-05-28T22:55:21.594Z,1205,A_linear,healthy,descent,0.944,0.354,28.5,65.4,0.638,120.0,descent,labview_bridge
ARO-01,2026-05-28T22:55:22.595Z,1206,A_linear,healthy,descent,0.926,0.351,28.5,65.3,0.634,120.0,descent,labview_bridge
ARO-01,2026-05-28T22:55:23.595Z,1207,A_linear,healthy,descent,0.926,0.354,28.6,65.1,0.639,120.0,descent,labview_bridge
ARO-01,2026-05-28T22:55:24.596Z,1208,A_linear,healthy,descent,0.904,0.344,28.6,64.9,0.621,120.0,descent,labview_bridge
ARO-01,2026-05-28T22:55:25.597Z,1209,A_linear,healthy,descent,0.938,0.349,28.5,64.8,0.629,120.0,descent,labview_bridge
ARO-01,2026-05-28T22:55:26.598Z,1210,A_linear,healthy,descent,0.918,0.346,28.5,64.6,0.624,120.0,descent,labview_bridge
ARO-01,2026-05-28T22:55:27.598Z,1211,A_linear,healthy,descent,0.876,0.349,28.6,64.7,0.630,120.0,descent,labview_bridge
ARO-01,2026-05-28T22:55:28.599Z,1212,A_linear,healthy,pause,0.902,0.001,28.7,65.1,0.001,120.0,pause,labview_bridge
ARO-01,2026-05-28T22:55:29.599Z,1213,A_linear,healthy,pause,0.884,0.000,28.6,65.3,0.000,120.0,pause,labview_bridge
ARO-01,2026-05-28T22:55:30.604Z,1214,A_linear,healthy,pause,0.861,0.000,28.5,65.2,0.000,120.0,pause,labview_bridge
ARO-01,2026-05-28T22:55:31.605Z,1215,A_linear,healthy,pause,0.899,0.006,28.5,65.2,0.011,120.0,pause,labview_bridge
ARO-01,2026-05-28T22:55:32.605Z,1216,A_linear,healthy,pause,0.888,0.002,28.3,65.4,0.003,120.0,pause,labview_bridge
ARO-01,2026-05-28T22:55:33.607Z,1217,A_linear,healthy,pause,0.888,0.000,28.2,65.4,0.000,120.0,pause,labview_bridge
ARO-01,2026-05-28T22:55:34.607Z,1218,A_linear,healthy,pause,0.885,0.000,28.2,65.2,0.000,120.0,pause,labview_bridge
ARO-01,2026-05-28T22:55:35.608Z,1219,A_linear,healthy,pause,0.880,0.000,28.2,65.4,0.000,120.0,pause,labview_bridge
ARO-01,2026-05-28T22:55:36.609Z,1220,A_linear,healthy,pause,0.873,0.001,28.1,65.0,0.002,120.0,pause,labview_bridge
ARO-01,2026-05-28T22:55:37.609Z,1221,A_linear,healthy,pause,0.876,0.007,28.2,64.9,0.012,120.0,pause,labview_bridge
ARO-01,2026-05-28T22:55:38.610Z,1222,A_linear,healthy,pause,0.894,0.009,28.0,65.4,0.016,120.0,pause,labview_bridge
ARO-01,2026-05-28T22:55:39.611Z,1223,A_linear,healthy,pause,0.889,0.000,28.0,65.5,0.000,120.0,pause,labview_bridge
ARO-01,2026-05-28T22:55:40.612Z,1224,A_linear,healthy,pause,0.893,0.000,28.0,65.6,0.001,120.0,pause,labview_bridge
ARO-01,2026-05-28T22:55:41.613Z,1225,A_linear,healthy,pause,0.915,0.000,27.9,65.3,0.000,120.0,pause,labview_bridge
ARO-01,2026-05-28T22:55:42.613Z,1226,A_linear,healthy,pause,0.920,0.000,28.0,65.3,0.000,120.0,pause,labview_bridge
ARO-01,2026-05-28T22:55:43.614Z,1227,A_linear,healthy,pause,0.920,0.000,27.9,65.3,0.000,120.0,pause,labview_bridge
ARO-01,2026-05-28T22:55:44.615Z,1228,A_linear,healthy,pause,0.933,0.002,27.9,65.2,0.004,120.0,pause,labview_bridge
ARO-01,2026-05-28T22:55:45.616Z,1229,A_linear,healthy,pause,0.940,0.000,27.8,64.8,0.000,120.0,pause,labview_bridge
ARO-01,2026-05-28T22:55:46.616Z,1230,A_linear,healthy,pause,0.954,0.000,27.7,64.7,0.000,120.0,pause,labview_bridge
ARO-01,2026-05-28T22:55:47.617Z,1231,A_linear,healthy,pause,0.945,0.000,27.7,64.8,0.000,120.0,pause,labview_bridge
ARO-01,2026-05-28T22:55:48.620Z,1232,A_linear,healthy,ascent,0.979,0.427,27.8,64.7,0.770,30.0,ascent,labview_bridge
ARO-01,2026-05-28T22:55:49.621Z,1233,A_linear,healthy,ascent,0.951,0.441,27.8,64.8,0.796,30.0,ascent,labview_bridge
ARO-01,2026-05-28T22:55:50.621Z,1234,A_linear,healthy,ascent,0.955,0.429,27.8,64.6,0.774,30.0,ascent,labview_bridge
ARO-01,2026-05-28T22:55:51.622Z,1235,A_linear,healthy,ascent,0.981,0.428,27.9,64.9,0.772,30.0,ascent,labview_bridge
ARO-01,2026-05-28T22:55:52.622Z,1236,A_linear,healthy,ascent,0.987,0.434,28.1,65.0,0.783,30.0,ascent,labview_bridge
ARO-01,2026-05-28T22:55:53.623Z,1237,A_linear,healthy,ascent,0.980,0.442,28.2,64.9,0.798,30.0,ascent,labview_bridge
ARO-01,2026-05-28T22:55:54.624Z,1238,A_linear,healthy,ascent,1.003,0.431,28.2,65.0,0.777,30.0,ascent,labview_bridge
ARO-01,2026-05-28T22:55:55.624Z,1239,A_linear,healthy,ascent,0.988,0.431,28.2,65.0,0.777,30.0,ascent,labview_bridge
ARO-01,2026-05-28T22:55:56.625Z,1240,A_linear,healthy,ascent,0.986,0.438,28.3,64.8,0.790,30.0,ascent,labview_bridge
ARO-01,2026-05-28T22:55:57.625Z,1241,A_linear,healthy,ascent,1.001,0.436,28.2,64.8,0.786,30.0,ascent,labview_bridge
ARO-01,2026-05-28T22:55:58.626Z,1242,A_linear,healthy,ascent,0.989,0.428,28.1,65.1,0.772,30.0,ascent,labview_bridge
ARO-01,2026-05-28T22:55:59.626Z,1243,A_linear,healthy,ascent,0.981,0.432,28.2,65.1,0.779,30.0,ascent,labview_bridge
ARO-01,2026-05-28T22:56:00.627Z,1244,A_linear,healthy,descent,0.981,0.349,28.1,64.9,0.630,30.0,descent,labview_bridge
ARO-01,2026-05-28T22:56:01.627Z,1245,A_linear,healthy,descent,0.979,0.351,28.1,64.8,0.634,30.0,descent,labview_bridge
ARO-01,2026-05-28T22:56:02.628Z,1246,A_linear,healthy,descent,1.005,0.358,28.1,64.5,0.646,30.0,descent,labview_bridge
ARO-01,2026-05-28T22:56:03.629Z,1247,A_linear,healthy,descent,0.973,0.349,28.2,64.9,0.629,30.0,descent,labview_bridge
ARO-01,2026-05-28T22:56:04.630Z,1248,A_linear,healthy,descent,0.951,0.358,28.1,65.0,0.647,30.0,descent,labview_bridge
ARO-01,2026-05-28T22:56:05.631Z,1249,A_linear,healthy,descent,0.956,0.353,28.1,64.7,0.636,30.0,descent,labview_bridge
ARO-01,2026-05-28T22:56:06.636Z,1250,A_linear,healthy,descent,0.946,0.340,28.2,64.9,0.613,30.0,descent,labview_bridge
ARO-01,2026-05-28T22:56:07.637Z,1251,A_linear,healthy,descent,0.928,0.351,28.2,64.8,0.634,30.0,descent,labview_bridge
ARO-01,2026-05-28T22:56:08.638Z,1252,A_linear,healthy,descent,0.900,0.355,28.2,64.9,0.640,30.0,descent,labview_bridge
ARO-01,2026-05-28T22:56:09.638Z,1253,A_linear,healthy,descent,0.895,0.355,28.1,64.7,0.641,30.0,descent,labview_bridge
ARO-01,2026-05-28T22:56:10.639Z,1254,A_linear,healthy,descent,0.888,0.353,28.0,64.6,0.638,30.0,descent,labview_bridge
ARO-01,2026-05-28T22:56:11.640Z,1255,A_linear,healthy,descent,0.931,0.361,28.1,64.4,0.651,30.0,descent,labview_bridge
ARO-01,2026-05-28T22:56:12.641Z,1256,A_linear,healthy,pause,0.879,0.000,28.1,64.5,0.001,30.0,pause,labview_bridge
ARO-01,2026-05-28T22:56:13.641Z,1257,A_linear,healthy,pause,0.888,0.000,28.1,64.6,0.000,30.0,pause,labview_bridge
ARO-01,2026-05-28T22:56:14.642Z,1258,A_linear,healthy,pause,0.878,0.003,28.1,64.6,0.006,30.0,pause,labview_bridge
ARO-01,2026-05-28T22:56:15.642Z,1259,A_linear,healthy,pause,0.870,0.000,28.1,65.0,0.000,30.0,pause,labview_bridge
ARO-01,2026-05-28T22:56:16.643Z,1260,A_linear,healthy,pause,0.873,0.007,28.1,64.9,0.012,30.0,pause,labview_bridge
ARO-01,2026-05-28T22:56:17.644Z,1261,A_linear,healthy,pause,0.872,0.001,28.1,65.0,0.003,30.0,pause,labview_bridge
ARO-01,2026-05-28T22:56:18.644Z,1262,A_linear,healthy,pause,0.884,0.003,28.1,64.8,0.005,30.0,pause,labview_bridge
ARO-01,2026-05-28T22:56:19.645Z,1263,A_linear,healthy,pause,0.863,0.000,28.1,64.7,0.000,30.0,pause,labview_bridge
ARO-01,2026-05-28T22:56:20.645Z,1264,A_linear,healthy,pause,0.884,0.000,28.1,64.7,0.000,30.0,pause,labview_bridge
ARO-01,2026-05-28T22:56:21.646Z,1265,A_linear,healthy,pause,0.875,0.005,28.1,64.9,0.008,30.0,pause,labview_bridge
ARO-01,2026-05-28T22:56:22.647Z,1266,A_linear,healthy,pause,0.898,0.000,28.1,65.1,0.000,30.0,pause,labview_bridge
ARO-01,2026-05-28T22:56:23.647Z,1267,A_linear,healthy,pause,0.895,0.000,27.9,65.4,0.000,30.0,pause,labview_bridge
ARO-01,2026-05-28T22:56:24.648Z,1268,A_linear,healthy,pause,0.893,0.007,27.9,65.3,0.013,30.0,pause,labview_bridge
ARO-01,2026-05-28T22:56:25.649Z,1269,A_linear,healthy,pause,0.925,0.008,27.8,65.1,0.015,30.0,pause,labview_bridge
ARO-01,2026-05-28T22:56:26.650Z,1270,A_linear,healthy,pause,0.913,0.000,27.8,65.1,0.000,30.0,pause,labview_bridge
ARO-01,2026-05-28T22:56:27.650Z,1271,A_linear,healthy,pause,0.921,0.008,27.7,64.8,0.015,30.0,pause,labview_bridge
ARO-01,2026-05-28T22:56:28.651Z,1272,A_linear,healthy,pause,0.934,0.000,27.7,64.9,0.000,30.0,pause,labview_bridge
ARO-01,2026-05-28T22:56:29.651Z,1273,A_linear,healthy,pause,0.931,0.000,27.8,64.6,0.000,30.0,pause,labview_bridge
ARO-01,2026-05-28T22:56:30.652Z,1274,A_linear,healthy,pause,0.952,0.000,27.8,64.3,0.000,30.0,pause,labview_bridge
ARO-01,2026-05-28T22:56:31.653Z,1275,A_linear,healthy,pause,0.982,0.014,27.7,64.2,0.025,30.0,pause,labview_bridge
ARO-01,2026-05-28T22:56:32.654Z,1276,A_linear,healthy,ascent,0.943,0.554,27.8,64.1,1.000,60.0,ascent,labview_bridge
ARO-01,2026-05-28T22:56:33.654Z,1277,A_linear,healthy,ascent,1.004,0.566,27.9,64.0,1.021,60.0,ascent,labview_bridge
ARO-01,2026-05-28T22:56:34.655Z,1278,A_linear,healthy,ascent,0.985,0.562,27.9,63.7,1.014,60.0,ascent,labview_bridge
ARO-01,2026-05-28T22:56:35.659Z,1279,A_linear,healthy,ascent,0.986,0.562,28.0,63.7,1.014,60.0,ascent,labview_bridge
ARO-01,2026-05-28T22:56:36.660Z,1280,A_linear,healthy,ascent,0.987,0.559,27.9,63.7,1.008,60.0,ascent,labview_bridge
ARO-01,2026-05-28T22:56:37.660Z,1281,A_linear,healthy,ascent,1.008,0.555,28.0,63.6,1.001,60.0,ascent,labview_bridge
ARO-01,2026-05-28T22:56:38.661Z,1282,A_linear,healthy,ascent,0.995,0.562,28.0,63.8,1.014,60.0,ascent,labview_bridge
ARO-01,2026-05-28T22:56:39.662Z,1283,A_linear,healthy,ascent,0.990,0.564,28.2,63.5,1.018,60.0,ascent,labview_bridge
ARO-01,2026-05-28T22:56:40.662Z,1284,A_linear,healthy,ascent,1.024,0.561,28.2,63.8,1.012,60.0,ascent,labview_bridge
ARO-01,2026-05-28T22:56:41.663Z,1285,A_linear,healthy,ascent,1.009,0.565,28.3,63.6,1.020,60.0,ascent,labview_bridge
ARO-01,2026-05-28T22:56:42.664Z,1286,A_linear,healthy,ascent,1.015,0.559,28.2,63.3,1.008,60.0,ascent,labview_bridge
ARO-01,2026-05-28T22:56:43.665Z,1287,A_linear,healthy,ascent,0.978,0.560,28.1,63.4,1.010,60.0,ascent,labview_bridge
ARO-01,2026-05-28T22:56:44.666Z,1288,A_linear,healthy,descent,0.973,0.351,28.0,63.4,0.634,60.0,descent,labview_bridge
ARO-01,2026-05-28T22:56:45.666Z,1289,A_linear,healthy,descent,0.988,0.340,28.1,63.5,0.613,60.0,descent,labview_bridge
ARO-01,2026-05-28T22:56:46.667Z,1290,A_linear,healthy,descent,0.960,0.340,28.1,63.5,0.614,60.0,descent,labview_bridge
ARO-01,2026-05-28T22:56:47.667Z,1291,A_linear,healthy,descent,0.952,0.345,28.2,63.4,0.622,60.0,descent,labview_bridge
ARO-01,2026-05-28T22:56:48.668Z,1292,A_linear,healthy,descent,0.964,0.345,28.2,63.6,0.623,60.0,descent,labview_bridge
ARO-01,2026-05-28T22:56:49.669Z,1293,A_linear,healthy,descent,0.951,0.353,28.1,63.7,0.636,60.0,descent,labview_bridge
ARO-01,2026-05-28T22:56:50.669Z,1294,A_linear,healthy,descent,0.945,0.359,28.1,63.4,0.647,60.0,descent,labview_bridge
ARO-01,2026-05-28T22:56:51.670Z,1295,A_linear,healthy,descent,0.939,0.358,28.1,63.5,0.645,60.0,descent,labview_bridge
ARO-01,2026-05-28T22:56:52.671Z,1296,A_linear,healthy,descent,0.932,0.347,28.0,63.5,0.627,60.0,descent,labview_bridge
ARO-01,2026-05-28T22:56:53.671Z,1297,A_linear,healthy,descent,0.911,0.349,28.2,63.9,0.630,60.0,descent,labview_bridge
ARO-01,2026-05-28T22:56:54.672Z,1298,A_linear,healthy,descent,0.919,0.344,28.2,64.0,0.620,60.0,descent,labview_bridge
ARO-01,2026-05-28T22:56:55.673Z,1299,A_linear,healthy,descent,0.906,0.346,28.2,64.0,0.625,60.0,descent,labview_bridge
ARO-01,2026-05-28T22:56:56.674Z,1300,A_linear,healthy,pause,0.869,0.004,28.2,63.9,0.007,60.0,pause,labview_bridge
ARO-01,2026-05-28T22:56:57.675Z,1301,A_linear,healthy,pause,0.885,0.000,28.2,63.9,0.000,60.0,pause,labview_bridge
ARO-01,2026-05-28T22:56:58.675Z,1302,A_linear,healthy,pause,0.872,0.002,28.2,63.7,0.003,60.0,pause,labview_bridge
ARO-01,2026-05-28T22:56:59.676Z,1303,A_linear,healthy,pause,0.876,0.003,28.1,63.5,0.005,60.0,pause,labview_bridge
ARO-01,2026-05-28T22:57:00.676Z,1304,A_linear,healthy,pause,0.889,0.001,28.1,63.6,0.002,60.0,pause,labview_bridge
ARO-01,2026-05-28T22:57:01.677Z,1305,A_linear,healthy,pause,0.884,0.005,28.1,63.5,0.010,60.0,pause,labview_bridge
ARO-01,2026-05-28T22:57:02.678Z,1306,A_linear,healthy,pause,0.894,0.005,28.0,63.7,0.009,60.0,pause,labview_bridge
ARO-01,2026-05-28T22:57:03.678Z,1307,A_linear,healthy,pause,0.878,0.002,28.1,63.9,0.004,60.0,pause,labview_bridge
ARO-01,2026-05-28T22:57:04.679Z,1308,A_linear,healthy,pause,0.882,0.001,28.0,63.9,0.002,60.0,pause,labview_bridge
ARO-01,2026-05-28T22:57:05.680Z,1309,A_linear,healthy,pause,0.894,0.010,28.0,63.9,0.017,60.0,pause,labview_bridge
ARO-01,2026-05-28T22:57:06.681Z,1310,A_linear,healthy,pause,0.912,0.007,27.8,64.3,0.012,60.0,pause,labview_bridge
ARO-01,2026-05-28T22:57:07.681Z,1311,A_linear,healthy,pause,0.907,0.000,27.8,64.3,0.000,60.0,pause,labview_bridge
ARO-01,2026-05-28T22:57:08.682Z,1312,A_linear,healthy,pause,0.897,0.001,27.9,64.3,0.001,60.0,pause,labview_bridge
ARO-01,2026-05-28T22:57:09.682Z,1313,A_linear,healthy,pause,0.907,0.000,27.8,64.2,0.000,60.0,pause,labview_bridge
ARO-01,2026-05-28T22:57:10.683Z,1314,A_linear,healthy,pause,0.898,0.017,27.8,63.8,0.031,60.0,pause,labview_bridge
ARO-01,2026-05-28T22:57:11.684Z,1315,A_linear,healthy,pause,0.926,0.002,27.7,63.8,0.004,60.0,pause,labview_bridge
ARO-01,2026-05-28T22:57:12.684Z,1316,A_linear,healthy,pause,0.923,0.000,27.7,63.7,0.000,60.0,pause,labview_bridge
ARO-01,2026-05-28T22:57:13.685Z,1317,A_linear,healthy,pause,0.948,0.001,27.8,63.6,0.002,60.0,pause,labview_bridge
ARO-01,2026-05-28T22:57:14.686Z,1318,A_linear,healthy,pause,0.950,0.014,27.9,63.2,0.026,60.0,pause,labview_bridge
ARO-01,2026-05-28T22:57:15.686Z,1319,A_linear,healthy,pause,0.956,0.000,27.9,63.0,0.000,60.0,pause,labview_bridge
ARO-01,2026-05-28T22:57:16.687Z,1320,A_linear,healthy,ascent,0.975,0.572,28.1,63.1,1.032,60.0,ascent,labview_bridge
ARO-01,2026-05-28T22:57:17.688Z,1321,A_linear,healthy,ascent,0.960,0.557,28.2,63.1,1.005,60.0,ascent,labview_bridge
ARO-01,2026-05-28T22:57:18.689Z,1322,A_linear,healthy,ascent,1.012,0.566,28.2,63.0,1.021,60.0,ascent,labview_bridge
ARO-01,2026-05-28T22:57:19.690Z,1323,A_linear,healthy,ascent,0.988,0.557,28.2,62.8,1.005,60.0,ascent,labview_bridge
ARO-01,2026-05-28T22:57:20.690Z,1324,A_linear,healthy,ascent,1.000,0.567,28.2,62.8,1.023,60.0,ascent,labview_bridge
ARO-01,2026-05-28T22:57:21.691Z,1325,A_linear,healthy,ascent,1.007,0.558,28.3,63.1,1.007,60.0,ascent,labview_bridge
ARO-01,2026-05-28T22:57:22.692Z,1326,A_linear,healthy,ascent,1.024,0.559,28.2,63.0,1.008,60.0,ascent,labview_bridge
ARO-01,2026-05-28T22:57:23.693Z,1327,A_linear,healthy,ascent,0.993,0.558,28.2,63.0,1.006,60.0,ascent,labview_bridge
ARO-01,2026-05-28T22:57:24.694Z,1328,A_linear,healthy,ascent,1.013,0.568,28.1,63.0,1.024,60.0,ascent,labview_bridge
ARO-01,2026-05-28T22:57:25.694Z,1329,A_linear,healthy,ascent,0.994,0.566,28.3,62.7,1.021,60.0,ascent,labview_bridge
ARO-01,2026-05-28T22:57:26.695Z,1330,A_linear,healthy,ascent,0.996,0.564,28.2,62.5,1.018,60.0,ascent,labview_bridge
ARO-01,2026-05-28T22:57:27.695Z,1331,A_linear,healthy,ascent,0.994,0.561,28.3,62.8,1.012,60.0,ascent,labview_bridge
ARO-01,2026-05-28T22:57:28.696Z,1332,A_linear,healthy,descent,0.977,0.353,28.2,62.9,0.637,60.0,descent,labview_bridge
ARO-01,2026-05-28T22:57:29.697Z,1333,A_linear,healthy,descent,0.968,0.346,28.2,63.0,0.624,60.0,descent,labview_bridge
ARO-01,2026-05-28T22:57:30.698Z,1334,A_linear,healthy,descent,0.993,0.357,28.2,62.8,0.644,60.0,descent,labview_bridge
ARO-01,2026-05-28T22:57:31.700Z,1335,A_linear,healthy,descent,0.970,0.352,28.3,62.9,0.635,60.0,descent,labview_bridge
ARO-01,2026-05-28T22:57:32.701Z,1336,A_linear,healthy,descent,0.959,0.351,28.3,62.7,0.633,60.0,descent,labview_bridge
ARO-01,2026-05-28T22:57:33.701Z,1337,A_linear,healthy,descent,0.959,0.367,28.3,62.8,0.662,60.0,descent,labview_bridge
ARO-01,2026-05-28T22:57:34.702Z,1338,A_linear,healthy,descent,0.960,0.355,28.2,62.7,0.640,60.0,descent,labview_bridge
ARO-01,2026-05-28T22:57:35.702Z,1339,A_linear,healthy,descent,0.934,0.349,28.3,62.6,0.631,60.0,descent,labview_bridge
ARO-01,2026-05-28T22:57:36.703Z,1340,A_linear,healthy,descent,0.915,0.348,28.3,62.7,0.627,60.0,descent,labview_bridge
ARO-01,2026-05-28T22:57:37.704Z,1341,A_linear,healthy,descent,0.909,0.342,28.2,62.6,0.617,60.0,descent,labview_bridge
ARO-01,2026-05-28T22:57:38.704Z,1342,A_linear,healthy,descent,0.927,0.352,28.2,62.3,0.636,60.0,descent,labview_bridge
ARO-01,2026-05-28T22:57:39.705Z,1343,A_linear,healthy,descent,0.898,0.355,28.1,62.2,0.641,60.0,descent,labview_bridge
ARO-01,2026-05-28T22:57:40.706Z,1344,A_linear,healthy,pause,0.874,0.019,28.1,62.3,0.034,60.0,pause,labview_bridge
ARO-01,2026-05-28T22:57:41.706Z,1345,A_linear,healthy,pause,0.914,0.000,27.9,62.3,0.001,60.0,pause,labview_bridge
ARO-01,2026-05-28T22:57:42.707Z,1346,A_linear,healthy,pause,0.891,0.000,27.9,62.6,0.000,60.0,pause,labview_bridge
ARO-01,2026-05-28T22:57:43.708Z,1347,A_linear,healthy,pause,0.886,0.002,27.8,62.5,0.003,60.0,pause,labview_bridge
ARO-01,2026-05-28T22:57:44.709Z,1348,A_linear,healthy,pause,0.875,0.003,27.8,62.7,0.005,60.0,pause,labview_bridge
ARO-01,2026-05-28T22:57:45.709Z,1349,A_linear,healthy,pause,0.865,0.000,27.8,62.5,0.000,60.0,pause,labview_bridge
ARO-01,2026-05-28T22:57:46.709Z,1350,A_linear,healthy,pause,0.891,0.005,27.7,62.7,0.009,60.0,pause,labview_bridge
ARO-01,2026-05-28T22:57:47.710Z,1351,A_linear,healthy,pause,0.887,0.002,27.8,62.9,0.003,60.0,pause,labview_bridge
ARO-01,2026-05-28T22:57:48.713Z,1352,A_linear,healthy,pause,0.906,0.000,27.8,62.5,0.000,60.0,pause,labview_bridge
ARO-01,2026-05-28T22:57:49.714Z,1353,A_linear,healthy,pause,0.891,0.000,27.8,62.6,0.000,60.0,pause,labview_bridge
ARO-01,2026-05-28T22:57:50.715Z,1354,A_linear,healthy,pause,0.896,0.007,27.8,62.7,0.013,60.0,pause,labview_bridge
ARO-01,2026-05-28T22:57:51.716Z,1355,A_linear,healthy,pause,0.895,0.000,27.7,62.8,0.000,60.0,pause,labview_bridge
ARO-01,2026-05-28T22:57:52.716Z,1356,A_linear,healthy,pause,0.911,0.003,27.7,62.8,0.006,60.0,pause,labview_bridge
ARO-01,2026-05-28T22:57:53.717Z,1357,A_linear,healthy,pause,0.904,0.000,27.7,62.8,0.000,60.0,pause,labview_bridge
ARO-01,2026-05-28T22:57:54.718Z,1358,A_linear,healthy,pause,0.904,0.004,27.6,62.9,0.007,60.0,pause,labview_bridge
ARO-01,2026-05-28T22:57:55.718Z,1359,A_linear,healthy,pause,0.931,0.000,27.8,63.0,0.000,60.0,pause,labview_bridge
ARO-01,2026-05-28T22:57:56.719Z,1360,A_linear,healthy,pause,0.960,0.000,27.8,62.7,0.000,60.0,pause,labview_bridge
ARO-01,2026-05-28T22:57:57.719Z,1361,A_linear,healthy,pause,0.940,0.002,27.7,62.7,0.004,60.0,pause,labview_bridge
ARO-01,2026-05-28T22:57:58.720Z,1362,A_linear,healthy,pause,0.940,0.000,27.6,62.6,0.000,60.0,pause,labview_bridge
ARO-01,2026-05-28T22:57:59.720Z,1363,A_linear,healthy,pause,0.964,0.000,27.5,62.8,0.000,60.0,pause,labview_bridge
ARO-01,2026-05-28T22:58:00.721Z,1364,A_linear,healthy,ascent,0.962,0.567,27.6,63.0,1.024,60.0,ascent,labview_bridge
ARO-01,2026-05-28T22:58:01.722Z,1365,A_linear,healthy,ascent,0.974,0.562,27.7,63.1,1.014,60.0,ascent,labview_bridge
ARO-01,2026-05-28T22:58:02.723Z,1366,A_linear,healthy,ascent,0.984,0.567,27.9,63.2,1.023,60.0,ascent,labview_bridge
ARO-01,2026-05-28T22:58:03.723Z,1367,A_linear,healthy,ascent,0.997,0.560,28.0,63.2,1.010,60.0,ascent,labview_bridge
ARO-01,2026-05-28T22:58:04.724Z,1368,A_linear,healthy,ascent,0.998,0.569,27.9,63.0,1.027,60.0,ascent,labview_bridge
ARO-01,2026-05-28T22:58:05.725Z,1369,A_linear,healthy,ascent,0.989,0.555,28.0,63.2,1.001,60.0,ascent,labview_bridge
ARO-01,2026-05-28T22:58:06.729Z,1370,A_linear,healthy,ascent,0.990,0.553,28.2,63.3,0.998,60.0,ascent,labview_bridge
ARO-01,2026-05-28T22:58:07.730Z,1371,A_linear,healthy,ascent,1.021,0.561,28.3,63.4,1.012,60.0,ascent,labview_bridge
ARO-01,2026-05-28T22:58:08.730Z,1372,A_linear,healthy,ascent,0.990,0.570,28.3,63.2,1.029,60.0,ascent,labview_bridge
ARO-01,2026-05-28T22:58:09.731Z,1373,A_linear,healthy,ascent,1.008,0.567,28.3,62.9,1.022,60.0,ascent,labview_bridge
ARO-01,2026-05-28T22:58:10.732Z,1374,A_linear,healthy,ascent,0.990,0.556,28.2,62.9,1.004,60.0,ascent,labview_bridge
ARO-01,2026-05-28T22:58:11.733Z,1375,A_linear,healthy,ascent,1.010,0.567,28.2,63.0,1.024,60.0,ascent,labview_bridge
ARO-01,2026-05-28T22:58:12.734Z,1376,A_linear,healthy,descent,0.984,0.356,28.2,62.9,0.643,60.0,descent,labview_bridge
ARO-01,2026-05-28T22:58:13.734Z,1377,A_linear,healthy,descent,0.982,0.348,28.1,62.8,0.627,60.0,descent,labview_bridge
ARO-01,2026-05-28T22:58:14.735Z,1378,A_linear,healthy,descent,0.974,0.344,28.1,62.9,0.620,60.0,descent,labview_bridge
ARO-01,2026-05-28T22:58:15.736Z,1379,A_linear,healthy,descent,0.960,0.352,28.1,63.0,0.636,60.0,descent,labview_bridge
ARO-01,2026-05-28T22:58:16.736Z,1380,A_linear,healthy,descent,0.954,0.345,28.1,63.0,0.623,60.0,descent,labview_bridge
ARO-01,2026-05-28T22:58:17.737Z,1381,A_linear,healthy,descent,0.956,0.358,28.1,62.5,0.645,60.0,descent,labview_bridge
ARO-01,2026-05-28T22:58:18.738Z,1382,A_linear,healthy,descent,0.934,0.347,28.1,62.4,0.626,60.0,descent,labview_bridge
ARO-01,2026-05-28T22:58:19.738Z,1383,A_linear,healthy,descent,0.933,0.347,28.1,62.5,0.626,60.0,descent,labview_bridge
ARO-01,2026-05-28T22:58:20.739Z,1384,A_linear,healthy,descent,0.932,0.349,28.1,62.4,0.630,60.0,descent,labview_bridge
ARO-01,2026-05-28T22:58:21.740Z,1385,A_linear,healthy,descent,0.917,0.356,28.1,62.4,0.642,60.0,descent,labview_bridge
ARO-01,2026-05-28T22:58:22.740Z,1386,A_linear,healthy,descent,0.916,0.356,28.0,62.3,0.642,60.0,descent,labview_bridge
ARO-01,2026-05-28T22:58:23.741Z,1387,A_linear,healthy,descent,0.898,0.362,28.0,62.3,0.653,60.0,descent,labview_bridge
ARO-01,2026-05-28T22:58:24.742Z,1388,A_linear,healthy,pause,0.908,0.000,27.9,62.1,0.000,60.0,pause,labview_bridge
ARO-01,2026-05-28T22:58:25.742Z,1389,A_linear,healthy,pause,0.887,0.000,27.8,62.2,0.000,60.0,pause,labview_bridge
ARO-01,2026-05-28T22:58:26.743Z,1390,A_linear,healthy,pause,0.876,0.004,27.8,62.5,0.007,60.0,pause,labview_bridge
ARO-01,2026-05-28T22:58:27.744Z,1391,A_linear,healthy,pause,0.896,0.000,27.8,62.5,0.000,60.0,pause,labview_bridge
ARO-01,2026-05-28T22:58:28.744Z,1392,A_linear,healthy,pause,0.882,0.000,27.8,62.5,0.000,60.0,pause,labview_bridge
ARO-01,2026-05-28T22:58:29.745Z,1393,A_linear,healthy,pause,0.887,0.008,27.8,62.6,0.015,60.0,pause,labview_bridge
ARO-01,2026-05-28T22:58:30.746Z,1394,A_linear,healthy,pause,0.880,0.000,27.7,62.5,0.000,60.0,pause,labview_bridge
ARO-01,2026-05-28T22:58:31.746Z,1395,A_linear,healthy,pause,0.875,0.011,27.6,62.6,0.020,60.0,pause,labview_bridge
ARO-01,2026-05-28T22:58:32.747Z,1396,A_linear,healthy,pause,0.875,0.000,27.6,62.8,0.000,60.0,pause,labview_bridge
ARO-01,2026-05-28T22:58:33.748Z,1397,A_linear,healthy,pause,0.873,0.000,27.7,62.5,0.000,60.0,pause,labview_bridge
ARO-01,2026-05-28T22:58:34.749Z,1398,A_linear,healthy,pause,0.893,0.006,27.7,62.4,0.011,60.0,pause,labview_bridge
ARO-01,2026-05-28T22:58:35.749Z,1399,A_linear,healthy,pause,0.900,0.000,27.7,62.4,0.000,60.0,pause,labview_bridge
ARO-01,2026-05-28T22:58:36.750Z,1400,A_linear,healthy,pause,0.874,0.001,27.7,62.4,0.002,60.0,pause,labview_bridge
ARO-01,2026-05-28T22:58:37.751Z,1401,A_linear,healthy,pause,0.907,0.000,27.7,62.6,0.000,60.0,pause,labview_bridge
ARO-01,2026-05-28T22:58:38.751Z,1402,A_linear,healthy,pause,0.898,0.001,27.8,62.8,0.002,60.0,pause,labview_bridge
ARO-01,2026-05-28T22:58:39.752Z,1403,A_linear,healthy,pause,0.941,0.002,27.8,62.9,0.004,60.0,pause,labview_bridge
ARO-01,2026-05-28T22:58:40.753Z,1404,A_linear,healthy,pause,0.923,0.002,27.8,63.0,0.003,60.0,pause,labview_bridge
ARO-01,2026-05-28T22:58:41.754Z,1405,A_linear,healthy,pause,0.945,0.000,27.7,63.0,0.000,60.0,pause,labview_bridge
ARO-01,2026-05-28T22:58:42.754Z,1406,A_linear,healthy,pause,0.971,0.000,27.7,62.9,0.000,60.0,pause,labview_bridge
ARO-01,2026-05-28T22:58:43.754Z,1407,A_linear,healthy,pause,0.956,0.000,27.7,63.1,0.000,60.0,pause,labview_bridge
ARO-01,2026-05-28T22:58:44.755Z,1408,A_linear,healthy,ascent,0.978,1.197,27.9,62.7,2.159,210.0,ascent,labview_bridge
ARO-01,2026-05-28T22:58:45.756Z,1409,A_linear,healthy,ascent,0.994,1.197,28.0,62.3,2.160,210.0,ascent,labview_bridge
ARO-01,2026-05-28T22:58:46.757Z,1410,A_linear,healthy,ascent,0.970,1.203,28.1,62.0,2.171,210.0,ascent,labview_bridge
ARO-01,2026-05-28T22:58:47.757Z,1411,A_linear,healthy,ascent,1.000,1.196,28.2,62.0,2.157,210.0,ascent,labview_bridge
ARO-01,2026-05-28T22:58:48.758Z,1412,A_linear,healthy,ascent,0.995,1.201,28.3,62.0,2.167,210.0,ascent,labview_bridge
ARO-01,2026-05-28T22:58:49.759Z,1413,A_linear,healthy,ascent,1.011,1.205,28.3,61.8,2.175,210.0,ascent,labview_bridge
ARO-01,2026-05-28T22:58:50.759Z,1414,A_linear,healthy,ascent,1.009,1.215,28.3,61.8,2.192,210.0,ascent,labview_bridge
ARO-01,2026-05-28T22:58:51.760Z,1415,A_linear,healthy,ascent,0.995,1.196,28.5,61.4,2.158,210.0,ascent,labview_bridge
ARO-01,2026-05-28T22:58:52.761Z,1416,A_linear,healthy,ascent,1.002,1.196,28.5,61.4,2.157,210.0,ascent,labview_bridge
ARO-01,2026-05-28T22:58:53.761Z,1417,A_linear,healthy,ascent,0.991,1.192,28.6,61.3,2.150,210.0,ascent,labview_bridge
ARO-01,2026-05-28T22:58:54.762Z,1418,A_linear,healthy,ascent,0.996,1.202,28.7,61.2,2.168,210.0,ascent,labview_bridge
ARO-01,2026-05-28T22:58:55.762Z,1419,A_linear,healthy,ascent,0.981,1.208,28.7,61.5,2.179,210.0,ascent,labview_bridge
ARO-01,2026-05-28T22:58:56.764Z,1420,A_linear,healthy,descent,0.991,0.356,28.6,61.5,0.642,210.0,descent,labview_bridge
ARO-01,2026-05-28T22:58:57.764Z,1421,A_linear,healthy,descent,0.994,0.358,28.5,61.4,0.646,210.0,descent,labview_bridge
ARO-01,2026-05-28T22:58:58.765Z,1422,A_linear,healthy,descent,0.977,0.346,28.5,61.2,0.624,210.0,descent,labview_bridge
ARO-01,2026-05-28T22:58:59.765Z,1423,A_linear,healthy,descent,0.979,0.355,28.4,61.2,0.641,210.0,descent,labview_bridge
ARO-01,2026-05-28T22:59:00.766Z,1424,A_linear,healthy,descent,0.969,0.353,28.3,61.1,0.638,210.0,descent,labview_bridge
ARO-01,2026-05-28T22:59:01.767Z,1425,A_linear,healthy,descent,0.931,0.353,28.2,61.4,0.637,210.0,descent,labview_bridge
ARO-01,2026-05-28T22:59:02.767Z,1426,A_linear,healthy,descent,0.933,0.344,28.3,61.5,0.621,210.0,descent,labview_bridge
ARO-01,2026-05-28T22:59:03.768Z,1427,A_linear,healthy,descent,0.946,0.357,28.2,61.4,0.644,210.0,descent,labview_bridge
ARO-01,2026-05-28T22:59:04.769Z,1428,A_linear,healthy,descent,0.917,0.357,28.2,61.3,0.643,210.0,descent,labview_bridge
ARO-01,2026-05-28T22:59:05.769Z,1429,A_linear,healthy,descent,0.912,0.337,28.2,61.1,0.608,210.0,descent,labview_bridge
ARO-01,2026-05-28T22:59:06.770Z,1430,A_linear,healthy,descent,0.924,0.347,28.1,61.3,0.627,210.0,descent,labview_bridge
ARO-01,2026-05-28T22:59:07.771Z,1431,A_linear,healthy,descent,0.919,0.353,28.0,61.6,0.637,210.0,descent,labview_bridge
ARO-01,2026-05-28T22:59:08.772Z,1432,A_linear,healthy,pause,0.907,0.007,27.9,61.7,0.013,210.0,pause,labview_bridge
ARO-01,2026-05-28T22:59:09.773Z,1433,A_linear,healthy,pause,0.905,0.004,27.7,61.5,0.007,210.0,pause,labview_bridge
ARO-01,2026-05-28T22:59:10.774Z,1434,A_linear,healthy,pause,0.898,0.000,27.7,61.9,0.000,210.0,pause,labview_bridge
ARO-01,2026-05-28T22:59:11.775Z,1435,A_linear,healthy,pause,0.886,0.000,27.6,62.0,0.000,210.0,pause,labview_bridge
ARO-01,2026-05-28T22:59:12.776Z,1436,A_linear,healthy,pause,0.878,0.000,27.6,62.1,0.000,210.0,pause,labview_bridge
ARO-01,2026-05-28T22:59:13.776Z,1437,A_linear,healthy,pause,0.900,0.000,27.6,62.4,0.000,210.0,pause,labview_bridge
ARO-01,2026-05-28T22:59:14.777Z,1438,A_linear,healthy,pause,0.875,0.000,27.6,62.8,0.000,210.0,pause,labview_bridge
ARO-01,2026-05-28T22:59:15.777Z,1439,A_linear,healthy,pause,0.862,0.003,27.6,62.9,0.005,210.0,pause,labview_bridge
ARO-01,2026-05-28T22:59:16.778Z,1440,A_linear,healthy,pause,0.890,0.000,27.6,62.8,0.000,210.0,pause,labview_bridge
ARO-01,2026-05-28T22:59:17.779Z,1441,A_linear,healthy,pause,0.883,0.000,27.5,63.1,0.000,210.0,pause,labview_bridge
ARO-01,2026-05-28T22:59:18.779Z,1442,A_linear,healthy,pause,0.906,0.000,27.5,63.2,0.000,210.0,pause,labview_bridge
ARO-01,2026-05-28T22:59:19.780Z,1443,A_linear,healthy,pause,0.887,0.000,27.4,62.9,0.000,210.0,pause,labview_bridge
ARO-01,2026-05-28T22:59:20.781Z,1444,A_linear,healthy,pause,0.890,0.007,27.4,62.6,0.013,210.0,pause,labview_bridge
ARO-01,2026-05-28T22:59:21.782Z,1445,A_linear,healthy,pause,0.905,0.005,27.4,62.6,0.010,210.0,pause,labview_bridge
ARO-01,2026-05-28T22:59:22.783Z,1446,A_linear,healthy,pause,0.911,0.000,27.4,62.5,0.000,210.0,pause,labview_bridge
ARO-01,2026-05-28T22:59:23.783Z,1447,A_linear,healthy,pause,0.934,0.000,27.4,62.4,0.000,210.0,pause,labview_bridge
ARO-01,2026-05-28T22:59:24.784Z,1448,A_linear,healthy,pause,0.924,0.011,27.5,62.2,0.020,210.0,pause,labview_bridge
ARO-01,2026-05-28T22:59:25.785Z,1449,A_linear,healthy,pause,0.950,0.000,27.4,62.2,0.000,210.0,pause,labview_bridge
ARO-01,2026-05-28T22:59:26.785Z,1450,A_linear,healthy,pause,0.958,0.000,27.4,62.3,0.000,210.0,pause,labview_bridge
ARO-01,2026-05-28T22:59:27.786Z,1451,A_linear,healthy,pause,0.937,0.000,27.3,62.6,0.000,210.0,pause,labview_bridge
ARO-01,2026-05-28T22:59:28.786Z,1452,A_linear,healthy,ascent,0.993,0.569,27.4,62.6,1.026,60.0,ascent,labview_bridge
ARO-01,2026-05-28T22:59:29.787Z,1453,A_linear,healthy,ascent,0.949,0.569,27.5,62.5,1.027,60.0,ascent,labview_bridge
ARO-01,2026-05-28T22:59:30.788Z,1454,A_linear,healthy,ascent,0.979,0.565,27.5,62.5,1.020,60.0,ascent,labview_bridge
ARO-01,2026-05-28T22:59:31.789Z,1455,A_linear,healthy,ascent,0.989,0.569,27.5,62.6,1.027,60.0,ascent,labview_bridge
ARO-01,2026-05-28T22:59:32.789Z,1456,A_linear,healthy,ascent,0.995,0.560,27.6,62.8,1.011,60.0,ascent,labview_bridge
ARO-01,2026-05-28T22:59:33.790Z,1457,A_linear,healthy,ascent,1.029,0.557,27.6,62.6,1.006,60.0,ascent,labview_bridge
ARO-01,2026-05-28T22:59:34.791Z,1458,A_linear,healthy,ascent,0.996,0.558,27.7,62.5,1.008,60.0,ascent,labview_bridge
ARO-01,2026-05-28T22:59:35.792Z,1459,A_linear,healthy,ascent,1.000,0.556,27.7,62.3,1.003,60.0,ascent,labview_bridge
ARO-01,2026-05-28T22:59:36.796Z,1460,A_linear,healthy,ascent,0.994,0.567,27.7,62.1,1.023,60.0,ascent,labview_bridge
ARO-01,2026-05-28T22:59:37.796Z,1461,A_linear,healthy,ascent,1.017,0.565,27.8,62.1,1.020,60.0,ascent,labview_bridge
ARO-01,2026-05-28T22:59:38.797Z,1462,A_linear,healthy,ascent,0.983,0.559,27.9,62.0,1.008,60.0,ascent,labview_bridge
ARO-01,2026-05-28T22:59:39.798Z,1463,A_linear,healthy,ascent,0.998,0.559,27.9,61.6,1.009,60.0,ascent,labview_bridge
ARO-01,2026-05-28T22:59:40.798Z,1464,A_linear,healthy,descent,0.991,0.358,28.0,61.5,0.646,60.0,descent,labview_bridge
ARO-01,2026-05-28T22:59:41.799Z,1465,A_linear,healthy,descent,0.988,0.347,28.0,61.4,0.626,60.0,descent,labview_bridge
ARO-01,2026-05-28T22:59:42.800Z,1466,A_linear,healthy,descent,0.974,0.353,28.0,61.2,0.637,60.0,descent,labview_bridge
ARO-01,2026-05-28T22:59:43.801Z,1467,A_linear,healthy,descent,0.971,0.348,28.0,60.7,0.629,60.0,descent,labview_bridge
ARO-01,2026-05-28T22:59:44.801Z,1468,A_linear,healthy,descent,0.961,0.338,27.8,60.4,0.610,60.0,descent,labview_bridge
ARO-01,2026-05-28T22:59:45.802Z,1469,A_linear,healthy,descent,0.934,0.352,27.8,60.5,0.636,60.0,descent,labview_bridge
ARO-01,2026-05-28T22:59:46.803Z,1470,A_linear,healthy,descent,0.942,0.345,27.6,60.7,0.622,60.0,descent,labview_bridge
ARO-01,2026-05-28T22:59:47.804Z,1471,A_linear,healthy,descent,0.951,0.348,27.6,60.6,0.627,60.0,descent,labview_bridge
ARO-01,2026-05-28T22:59:48.805Z,1472,A_linear,healthy,descent,0.926,0.351,27.6,60.7,0.633,60.0,descent,labview_bridge
ARO-01,2026-05-28T22:59:49.805Z,1473,A_linear,healthy,descent,0.931,0.357,27.6,60.6,0.644,60.0,descent,labview_bridge
ARO-01,2026-05-28T22:59:50.806Z,1474,A_linear,healthy,descent,0.904,0.353,27.6,60.7,0.636,60.0,descent,labview_bridge
ARO-01,2026-05-28T22:59:51.807Z,1475,A_linear,healthy,descent,0.909,0.346,27.7,60.7,0.625,60.0,descent,labview_bridge
ARO-01,2026-05-28T22:59:52.808Z,1476,A_linear,healthy,pause,0.884,0.001,27.7,60.6,0.002,60.0,pause,labview_bridge
ARO-01,2026-05-28T22:59:53.808Z,1477,A_linear,healthy,pause,0.899,0.000,27.6,60.7,0.001,60.0,pause,labview_bridge
ARO-01,2026-05-28T22:59:54.809Z,1478,A_linear,healthy,pause,0.917,0.003,27.6,60.8,0.006,60.0,pause,labview_bridge
ARO-01,2026-05-28T22:59:55.810Z,1479,A_linear,healthy,pause,0.884,0.009,27.6,60.6,0.016,60.0,pause,labview_bridge
ARO-01,2026-05-28T22:59:56.811Z,1480,A_linear,healthy,pause,0.881,0.009,27.6,60.6,0.016,60.0,pause,labview_bridge
ARO-01,2026-05-28T22:59:57.811Z,1481,A_linear,healthy,pause,0.889,0.010,27.5,60.2,0.018,60.0,pause,labview_bridge
ARO-01,2026-05-28T22:59:58.812Z,1482,A_linear,healthy,pause,0.875,0.004,27.4,60.1,0.007,60.0,pause,labview_bridge
ARO-01,2026-05-28T22:59:59.812Z,1483,A_linear,healthy,pause,0.882,0.001,27.4,60.3,0.002,60.0,pause,labview_bridge
ARO-01,2026-05-28T23:00:00.813Z,1484,A_linear,healthy,pause,0.895,0.000,27.3,60.3,0.000,60.0,pause,labview_bridge
ARO-01,2026-05-28T23:00:01.813Z,1485,A_linear,healthy,pause,0.878,0.000,27.2,60.2,0.000,60.0,pause,labview_bridge
ARO-01,2026-05-28T23:00:02.814Z,1486,A_linear,healthy,pause,0.909,0.010,27.1,60.4,0.019,60.0,pause,labview_bridge
ARO-01,2026-05-28T23:00:03.815Z,1487,A_linear,healthy,pause,0.888,0.000,27.1,60.5,0.001,60.0,pause,labview_bridge
ARO-01,2026-05-28T23:00:04.816Z,1488,A_linear,healthy,pause,0.925,0.003,27.1,60.4,0.006,60.0,pause,labview_bridge
ARO-01,2026-05-28T23:00:05.816Z,1489,A_linear,healthy,pause,0.922,0.000,27.1,60.7,0.000,60.0,pause,labview_bridge
ARO-01,2026-05-28T23:00:06.816Z,1490,A_linear,healthy,pause,0.916,0.009,27.1,60.7,0.017,60.0,pause,labview_bridge
ARO-01,2026-05-28T23:00:07.817Z,1491,A_linear,healthy,pause,0.938,0.005,26.9,60.7,0.008,60.0,pause,labview_bridge
ARO-01,2026-05-28T23:00:08.818Z,1492,A_linear,healthy,pause,0.945,0.009,26.9,60.8,0.016,60.0,pause,labview_bridge
ARO-01,2026-05-28T23:00:09.818Z,1493,A_linear,healthy,pause,0.964,0.009,26.9,60.6,0.016,60.0,pause,labview_bridge
ARO-01,2026-05-28T23:00:10.819Z,1494,A_linear,healthy,pause,0.960,0.000,26.9,60.8,0.000,60.0,pause,labview_bridge
ARO-01,2026-05-28T23:00:11.820Z,1495,A_linear,healthy,pause,0.972,0.010,26.9,60.9,0.018,60.0,pause,labview_bridge
ARO-01,2026-05-28T23:00:12.821Z,1496,A_linear,healthy,ascent,0.988,0.756,27.1,60.6,1.365,105.0,ascent,labview_bridge
ARO-01,2026-05-28T23:00:13.822Z,1497,A_linear,healthy,ascent,0.997,0.762,27.1,60.3,1.374,105.0,ascent,labview_bridge
ARO-01,2026-05-28T23:00:14.822Z,1498,A_linear,healthy,ascent,0.960,0.758,27.2,60.0,1.368,105.0,ascent,labview_bridge
ARO-01,2026-05-28T23:00:15.823Z,1499,A_linear,healthy,ascent,0.999,0.754,27.3,60.0,1.360,105.0,ascent,labview_bridge
ARO-01,2026-05-28T23:00:16.824Z,1500,A_linear,healthy,ascent,0.996,0.743,27.4,60.0,1.340,105.0,ascent,labview_bridge
ARO-01,2026-05-28T23:00:17.825Z,1501,A_linear,healthy,ascent,0.984,0.746,27.5,59.6,1.346,105.0,ascent,labview_bridge
ARO-01,2026-05-28T23:00:18.825Z,1502,A_linear,healthy,ascent,0.994,0.754,27.5,59.8,1.361,105.0,ascent,labview_bridge
ARO-01,2026-05-28T23:00:19.826Z,1503,A_linear,healthy,ascent,1.010,0.753,27.5,59.6,1.359,105.0,ascent,labview_bridge
ARO-01,2026-05-28T23:00:20.827Z,1504,A_linear,healthy,ascent,1.006,0.752,27.6,59.7,1.356,105.0,ascent,labview_bridge
ARO-01,2026-05-28T23:00:21.828Z,1505,A_linear,healthy,ascent,0.994,0.755,27.6,59.7,1.361,105.0,ascent,labview_bridge
ARO-01,2026-05-28T23:00:22.828Z,1506,A_linear,healthy,ascent,0.998,0.754,27.6,59.8,1.360,105.0,ascent,labview_bridge
ARO-01,2026-05-28T23:00:23.829Z,1507,A_linear,healthy,ascent,0.996,0.758,27.7,60.2,1.367,105.0,ascent,labview_bridge
ARO-01,2026-05-28T23:00:24.830Z,1508,A_linear,healthy,descent,0.971,0.353,27.5,60.0,0.637,105.0,descent,labview_bridge
ARO-01,2026-05-28T23:00:25.830Z,1509,A_linear,healthy,descent,0.984,0.342,27.3,59.9,0.618,105.0,descent,labview_bridge
ARO-01,2026-05-28T23:00:26.831Z,1510,A_linear,healthy,descent,0.992,0.347,27.4,59.7,0.626,105.0,descent,labview_bridge
ARO-01,2026-05-28T23:00:27.832Z,1511,A_linear,healthy,descent,0.978,0.353,27.4,59.6,0.636,105.0,descent,labview_bridge
ARO-01,2026-05-28T23:00:28.832Z,1512,A_linear,healthy,descent,0.959,0.350,27.4,59.8,0.631,105.0,descent,labview_bridge
ARO-01,2026-05-28T23:00:29.833Z,1513,A_linear,healthy,descent,0.944,0.350,27.4,59.7,0.632,105.0,descent,labview_bridge
ARO-01,2026-05-28T23:00:30.834Z,1514,A_linear,healthy,descent,0.922,0.346,27.3,59.7,0.625,105.0,descent,labview_bridge
ARO-01,2026-05-28T23:00:31.834Z,1515,A_linear,healthy,descent,0.946,0.348,27.3,59.4,0.628,105.0,descent,labview_bridge
ARO-01,2026-05-28T23:00:32.835Z,1516,A_linear,healthy,descent,0.926,0.340,27.2,59.8,0.614,105.0,descent,labview_bridge
ARO-01,2026-05-28T23:00:33.835Z,1517,A_linear,healthy,descent,0.913,0.348,27.2,59.8,0.629,105.0,descent,labview_bridge
ARO-01,2026-05-28T23:00:34.836Z,1518,A_linear,healthy,descent,0.907,0.351,27.2,60.1,0.633,105.0,descent,labview_bridge
ARO-01,2026-05-28T23:00:35.836Z,1519,A_linear,healthy,descent,0.906,0.351,27.2,60.2,0.634,105.0,descent,labview_bridge
ARO-01,2026-05-28T23:00:36.837Z,1520,A_linear,healthy,pause,0.896,0.000,27.2,60.4,0.000,105.0,pause,labview_bridge
ARO-01,2026-05-28T23:00:37.838Z,1521,A_linear,healthy,pause,0.896,0.011,27.2,60.2,0.019,105.0,pause,labview_bridge
ARO-01,2026-05-28T23:00:38.838Z,1522,A_linear,healthy,pause,0.882,0.000,27.1,60.3,0.000,105.0,pause,labview_bridge
ARO-01,2026-05-28T23:00:39.839Z,1523,A_linear,healthy,pause,0.883,0.000,27.1,60.4,0.000,105.0,pause,labview_bridge
ARO-01,2026-05-28T23:00:40.840Z,1524,A_linear,healthy,pause,0.895,0.000,27.0,60.3,0.000,105.0,pause,labview_bridge
ARO-01,2026-05-28T23:00:41.841Z,1525,A_linear,healthy,pause,0.873,0.002,27.0,59.9,0.004,105.0,pause,labview_bridge
ARO-01,2026-05-28T23:00:42.841Z,1526,A_linear,healthy,pause,0.881,0.000,26.9,60.0,0.000,105.0,pause,labview_bridge
ARO-01,2026-05-28T23:00:43.842Z,1527,A_linear,healthy,pause,0.873,0.000,26.9,59.9,0.000,105.0,pause,labview_bridge
ARO-01,2026-05-28T23:00:44.842Z,1528,A_linear,healthy,pause,0.889,0.000,26.9,59.8,0.000,105.0,pause,labview_bridge
ARO-01,2026-05-28T23:00:45.843Z,1529,A_linear,healthy,pause,0.887,0.011,27.0,59.8,0.019,105.0,pause,labview_bridge
ARO-01,2026-05-28T23:00:46.844Z,1530,A_linear,healthy,pause,0.911,0.003,27.0,59.6,0.005,105.0,pause,labview_bridge
ARO-01,2026-05-28T23:00:47.844Z,1531,A_linear,healthy,pause,0.898,0.007,26.8,59.7,0.013,105.0,pause,labview_bridge
ARO-01,2026-05-28T23:00:48.845Z,1532,A_linear,healthy,pause,0.906,0.000,26.8,59.6,0.000,105.0,pause,labview_bridge
ARO-01,2026-05-28T23:00:49.845Z,1533,A_linear,healthy,pause,0.913,0.004,26.8,59.4,0.008,105.0,pause,labview_bridge
ARO-01,2026-05-28T23:00:50.846Z,1534,A_linear,healthy,pause,0.942,0.001,26.9,59.7,0.002,105.0,pause,labview_bridge
ARO-01,2026-05-28T23:00:51.846Z,1535,A_linear,healthy,pause,0.927,0.011,26.8,59.5,0.019,105.0,pause,labview_bridge
ARO-01,2026-05-28T23:00:52.847Z,1536,A_linear,healthy,pause,0.936,0.000,26.9,59.5,0.000,105.0,pause,labview_bridge
ARO-01,2026-05-28T23:00:53.848Z,1537,A_linear,healthy,pause,0.959,0.000,26.8,59.4,0.000,105.0,pause,labview_bridge
ARO-01,2026-05-28T23:00:54.849Z,1538,A_linear,healthy,pause,0.948,0.009,26.8,59.6,0.016,105.0,pause,labview_bridge
ARO-01,2026-05-28T23:00:55.850Z,1539,A_linear,healthy,pause,0.965,0.001,26.9,59.8,0.002,105.0,pause,labview_bridge
ARO-01,2026-05-28T23:00:56.850Z,1540,A_linear,healthy,ascent,0.984,0.755,27.0,59.7,1.363,105.0,ascent,labview_bridge
ARO-01,2026-05-28T23:00:57.851Z,1541,A_linear,healthy,ascent,0.963,0.751,27.1,59.8,1.354,105.0,ascent,labview_bridge
ARO-01,2026-05-28T23:00:58.851Z,1542,A_linear,healthy,ascent,0.976,0.755,27.1,59.7,1.362,105.0,ascent,labview_bridge
ARO-01,2026-05-28T23:00:59.852Z,1543,A_linear,healthy,ascent,0.982,0.756,27.2,59.8,1.363,105.0,ascent,labview_bridge
ARO-01,2026-05-28T23:01:00.853Z,1544,A_linear,healthy,ascent,0.970,0.751,27.3,59.6,1.356,105.0,ascent,labview_bridge
ARO-01,2026-05-28T23:01:01.854Z,1545,A_linear,healthy,ascent,1.022,0.760,27.3,59.6,1.372,105.0,ascent,labview_bridge
ARO-01,2026-05-28T23:01:02.854Z,1546,A_linear,healthy,ascent,0.996,0.746,27.3,59.6,1.345,105.0,ascent,labview_bridge
ARO-01,2026-05-28T23:01:03.855Z,1547,A_linear,healthy,ascent,0.982,0.750,27.4,59.6,1.353,105.0,ascent,labview_bridge
ARO-01,2026-05-28T23:01:04.856Z,1548,A_linear,healthy,ascent,0.992,0.750,27.5,59.5,1.354,105.0,ascent,labview_bridge
ARO-01,2026-05-28T23:01:05.857Z,1549,A_linear,healthy,ascent,1.007,0.762,27.5,59.6,1.376,105.0,ascent,labview_bridge
ARO-01,2026-05-28T23:01:06.861Z,1550,A_linear,healthy,ascent,1.023,0.757,27.6,59.6,1.366,105.0,ascent,labview_bridge
ARO-01,2026-05-28T23:01:07.862Z,1551,A_linear,healthy,ascent,0.976,0.750,27.6,59.7,1.353,105.0,ascent,labview_bridge
ARO-01,2026-05-28T23:01:08.863Z,1552,A_linear,healthy,descent,0.974,0.362,27.5,59.6,0.653,105.0,descent,labview_bridge
ARO-01,2026-05-28T23:01:09.863Z,1553,A_linear,healthy,descent,0.969,0.348,27.4,59.7,0.628,105.0,descent,labview_bridge
ARO-01,2026-05-28T23:01:10.864Z,1554,A_linear,healthy,descent,0.970,0.357,27.3,60.1,0.644,105.0,descent,labview_bridge
ARO-01,2026-05-28T23:01:11.865Z,1555,A_linear,healthy,descent,0.973,0.349,27.4,60.0,0.630,105.0,descent,labview_bridge
ARO-01,2026-05-28T23:01:12.865Z,1556,A_linear,healthy,descent,0.956,0.355,27.3,60.1,0.640,105.0,descent,labview_bridge
ARO-01,2026-05-28T23:01:13.866Z,1557,A_linear,healthy,descent,0.960,0.350,27.3,60.0,0.631,105.0,descent,labview_bridge
ARO-01,2026-05-28T23:01:14.867Z,1558,A_linear,healthy,descent,0.939,0.343,27.4,59.8,0.619,105.0,descent,labview_bridge
ARO-01,2026-05-28T23:01:15.868Z,1559,A_linear,healthy,descent,0.944,0.361,27.3,60.0,0.650,105.0,descent,labview_bridge
ARO-01,2026-05-28T23:01:16.869Z,1560,A_linear,healthy,descent,0.931,0.351,27.3,60.0,0.633,105.0,descent,labview_bridge
ARO-01,2026-05-28T23:01:17.870Z,1561,A_linear,healthy,descent,0.930,0.349,27.2,59.7,0.629,105.0,descent,labview_bridge
ARO-01,2026-05-28T23:01:18.870Z,1562,A_linear,healthy,descent,0.925,0.357,27.2,59.9,0.643,105.0,descent,labview_bridge
ARO-01,2026-05-28T23:01:19.871Z,1563,A_linear,healthy,descent,0.899,0.348,27.2,59.8,0.628,105.0,descent,labview_bridge
ARO-01,2026-05-28T23:01:20.872Z,1564,A_linear,healthy,pause,0.904,0.000,27.1,59.8,0.000,105.0,pause,labview_bridge
ARO-01,2026-05-28T23:01:21.873Z,1565,A_linear,healthy,pause,0.896,0.000,27.0,59.5,0.000,105.0,pause,labview_bridge
ARO-01,2026-05-28T23:01:22.873Z,1566,A_linear,healthy,pause,0.901,0.000,27.0,59.5,0.000,105.0,pause,labview_bridge
ARO-01,2026-05-28T23:01:23.874Z,1567,A_linear,healthy,pause,0.895,0.009,27.0,59.6,0.017,105.0,pause,labview_bridge
ARO-01,2026-05-28T23:01:24.874Z,1568,A_linear,healthy,pause,0.886,0.004,26.9,59.5,0.006,105.0,pause,labview_bridge
ARO-01,2026-05-28T23:01:25.875Z,1569,A_linear,healthy,pause,0.874,0.003,26.8,59.4,0.005,105.0,pause,labview_bridge
ARO-01,2026-05-28T23:01:26.876Z,1570,A_linear,healthy,pause,0.889,0.009,26.7,59.4,0.016,105.0,pause,labview_bridge
ARO-01,2026-05-28T23:01:27.877Z,1571,A_linear,healthy,pause,0.880,0.000,26.7,59.6,0.000,105.0,pause,labview_bridge
ARO-01,2026-05-28T23:01:28.877Z,1572,A_linear,healthy,pause,0.896,0.004,26.7,59.5,0.007,105.0,pause,labview_bridge
ARO-01,2026-05-28T23:01:29.878Z,1573,A_linear,healthy,pause,0.900,0.008,26.7,59.4,0.014,105.0,pause,labview_bridge
ARO-01,2026-05-28T23:01:30.879Z,1574,A_linear,healthy,pause,0.879,0.000,26.7,59.2,0.001,105.0,pause,labview_bridge
ARO-01,2026-05-28T23:01:31.880Z,1575,A_linear,healthy,pause,0.893,0.000,26.6,59.3,0.000,105.0,pause,labview_bridge
ARO-01,2026-05-28T23:01:32.881Z,1576,A_linear,healthy,pause,0.887,0.001,26.6,59.6,0.002,105.0,pause,labview_bridge
ARO-01,2026-05-28T23:01:33.882Z,1577,A_linear,healthy,pause,0.904,0.000,26.5,59.5,0.000,105.0,pause,labview_bridge
ARO-01,2026-05-28T23:01:34.883Z,1578,A_linear,healthy,pause,0.914,0.000,26.6,59.6,0.000,105.0,pause,labview_bridge
ARO-01,2026-05-28T23:01:35.883Z,1579,A_linear,healthy,pause,0.927,0.000,26.6,59.6,0.000,105.0,pause,labview_bridge
ARO-01,2026-05-28T23:01:36.884Z,1580,A_linear,healthy,pause,0.939,0.000,26.5,59.6,0.000,105.0,pause,labview_bridge
ARO-01,2026-05-28T23:01:37.900Z,1581,A_linear,healthy,pause,0.948,0.000,26.4,59.5,0.000,105.0,pause,labview_bridge
ARO-01,2026-05-28T23:01:38.901Z,1582,A_linear,healthy,pause,0.944,0.000,26.4,59.7,0.000,105.0,pause,labview_bridge
ARO-01,2026-05-28T23:01:39.901Z,1583,A_linear,healthy,pause,0.959,0.007,26.5,59.5,0.013,105.0,pause,labview_bridge
ARO-01,2026-05-28T23:01:40.902Z,1584,A_linear,healthy,ascent,0.962,0.556,26.5,59.3,1.002,60.0,ascent,labview_bridge
ARO-01,2026-05-28T23:01:41.903Z,1585,A_linear,healthy,ascent,0.966,0.582,26.5,59.1,1.049,60.0,ascent,labview_bridge
ARO-01,2026-05-28T23:01:42.903Z,1586,A_linear,healthy,ascent,0.976,0.566,26.5,59.1,1.021,60.0,ascent,labview_bridge
ARO-01,2026-05-28T23:01:43.904Z,1587,A_linear,healthy,ascent,0.985,0.554,26.6,59.0,1.000,60.0,ascent,labview_bridge
ARO-01,2026-05-28T23:01:44.905Z,1588,A_linear,healthy,ascent,0.998,0.575,26.6,58.7,1.037,60.0,ascent,labview_bridge
ARO-01,2026-05-28T23:01:45.905Z,1589,A_linear,healthy,ascent,1.005,0.561,26.5,58.7,1.012,60.0,ascent,labview_bridge
ARO-01,2026-05-28T23:01:46.906Z,1590,A_linear,healthy,ascent,0.993,0.565,26.6,59.0,1.019,60.0,ascent,labview_bridge
ARO-01,2026-05-28T23:01:47.906Z,1591,A_linear,healthy,ascent,1.005,0.562,26.7,59.0,1.014,60.0,ascent,labview_bridge
ARO-01,2026-05-28T23:01:48.907Z,1592,A_linear,healthy,ascent,0.999,0.573,26.9,59.0,1.033,60.0,ascent,labview_bridge
ARO-01,2026-05-28T23:01:49.908Z,1593,A_linear,healthy,ascent,1.015,0.557,26.9,59.4,1.005,60.0,ascent,labview_bridge
ARO-01,2026-05-28T23:01:50.909Z,1594,A_linear,healthy,ascent,0.999,0.556,27.1,59.4,1.004,60.0,ascent,labview_bridge
ARO-01,2026-05-28T23:01:51.909Z,1595,A_linear,healthy,ascent,1.000,0.559,27.0,59.3,1.009,60.0,ascent,labview_bridge
ARO-01,2026-05-28T23:01:52.910Z,1596,A_linear,healthy,descent,1.009,0.347,27.0,59.2,0.626,60.0,descent,labview_bridge
ARO-01,2026-05-28T23:01:53.911Z,1597,A_linear,healthy,descent,0.992,0.353,27.0,59.1,0.637,60.0,descent,labview_bridge
ARO-01,2026-05-28T23:01:54.911Z,1598,A_linear,healthy,descent,0.980,0.336,27.0,58.9,0.607,60.0,descent,labview_bridge
ARO-01,2026-05-28T23:01:55.912Z,1599,A_linear,healthy,descent,0.956,0.342,27.0,58.5,0.617,60.0,descent,labview_bridge
ARO-01,2026-05-28T23:01:56.913Z,1600,A_linear,healthy,descent,0.974,0.349,26.9,58.1,0.630,60.0,descent,labview_bridge
ARO-01,2026-05-28T23:01:57.914Z,1601,A_linear,healthy,descent,0.968,0.350,26.9,58.3,0.631,60.0,descent,labview_bridge
ARO-01,2026-05-28T23:01:58.915Z,1602,A_linear,healthy,descent,0.952,0.354,26.9,58.4,0.639,60.0,descent,labview_bridge
ARO-01,2026-05-28T23:01:59.915Z,1603,A_linear,healthy,descent,0.928,0.351,26.9,58.5,0.633,60.0,descent,labview_bridge
ARO-01,2026-05-28T23:02:00.916Z,1604,A_linear,healthy,descent,0.914,0.358,26.9,58.4,0.646,60.0,descent,labview_bridge
ARO-01,2026-05-28T23:02:01.916Z,1605,A_linear,healthy,descent,0.921,0.352,26.9,58.6,0.636,60.0,descent,labview_bridge
ARO-01,2026-05-28T23:02:02.917Z,1606,A_linear,healthy,descent,0.899,0.351,26.8,58.8,0.633,60.0,descent,labview_bridge
ARO-01,2026-05-28T23:02:03.918Z,1607,A_linear,healthy,descent,0.903,0.347,26.8,58.9,0.625,60.0,descent,labview_bridge
ARO-01,2026-05-28T23:02:04.918Z,1608,A_linear,healthy,pause,0.914,0.002,26.9,59.0,0.004,60.0,pause,labview_bridge
ARO-01,2026-05-28T23:02:05.919Z,1609,A_linear,healthy,pause,0.913,0.003,26.9,59.1,0.006,60.0,pause,labview_bridge
ARO-01,2026-05-28T23:02:06.920Z,1610,A_linear,healthy,pause,0.910,0.000,26.8,59.3,0.000,60.0,pause,labview_bridge
ARO-01,2026-05-28T23:02:07.920Z,1611,A_linear,healthy,pause,0.881,0.000,26.8,59.4,0.000,60.0,pause,labview_bridge
ARO-01,2026-05-28T23:02:08.921Z,1612,A_linear,healthy,pause,0.888,0.000,26.8,59.6,0.000,60.0,pause,labview_bridge
ARO-01,2026-05-28T23:02:09.922Z,1613,A_linear,healthy,pause,0.877,0.000,26.7,59.7,0.000,60.0,pause,labview_bridge
ARO-01,2026-05-28T23:02:10.922Z,1614,A_linear,healthy,pause,0.888,0.000,26.8,59.7,0.000,60.0,pause,labview_bridge
ARO-01,2026-05-28T23:02:11.938Z,1615,A_linear,healthy,pause,0.883,0.003,26.8,59.5,0.006,60.0,pause,labview_bridge
ARO-01,2026-05-28T23:02:12.939Z,1616,A_linear,healthy,pause,0.887,0.000,26.8,59.4,0.000,60.0,pause,labview_bridge
ARO-01,2026-05-28T23:02:13.940Z,1617,A_linear,healthy,pause,0.876,0.004,26.8,59.0,0.008,60.0,pause,labview_bridge
ARO-01,2026-05-28T23:02:14.940Z,1618,A_linear,healthy,pause,0.894,0.000,26.8,58.9,0.000,60.0,pause,labview_bridge
ARO-01,2026-05-28T23:02:15.941Z,1619,A_linear,healthy,pause,0.906,0.005,26.8,58.7,0.008,60.0,pause,labview_bridge
ARO-01,2026-05-28T23:02:16.942Z,1620,A_linear,healthy,pause,0.915,0.003,26.7,59.0,0.005,60.0,pause,labview_bridge
ARO-01,2026-05-28T23:02:17.942Z,1621,A_linear,healthy,pause,0.941,0.005,26.7,58.9,0.010,60.0,pause,labview_bridge
ARO-01,2026-05-28T23:02:18.943Z,1622,A_linear,healthy,pause,0.918,0.000,26.7,58.9,0.000,60.0,pause,labview_bridge
ARO-01,2026-05-28T23:02:19.944Z,1623,A_linear,healthy,pause,0.921,0.000,26.5,58.6,0.000,60.0,pause,labview_bridge
ARO-01,2026-05-28T23:02:20.944Z,1624,A_linear,healthy,pause,0.927,0.008,26.4,58.4,0.015,60.0,pause,labview_bridge
ARO-01,2026-05-28T23:02:21.945Z,1625,A_linear,healthy,pause,0.927,0.000,26.4,58.4,0.000,60.0,pause,labview_bridge
ARO-01,2026-05-28T23:02:22.946Z,1626,A_linear,healthy,pause,0.967,0.000,26.4,58.6,0.000,60.0,pause,labview_bridge
ARO-01,2026-05-28T23:02:23.946Z,1627,A_linear,healthy,pause,0.979,0.016,26.4,58.8,0.030,60.0,pause,labview_bridge
ARO-01,2026-05-28T23:02:24.947Z,1628,A_linear,healthy,ascent,1.006,0.562,26.4,58.2,1.014,60.0,ascent,labview_bridge
ARO-01,2026-05-28T23:02:25.948Z,1629,A_linear,healthy,ascent,0.960,0.568,26.5,58.2,1.025,60.0,ascent,labview_bridge
ARO-01,2026-05-28T23:02:26.949Z,1630,A_linear,healthy,ascent,0.985,0.568,26.5,58.1,1.025,60.0,ascent,labview_bridge
ARO-01,2026-05-28T23:02:27.949Z,1631,A_linear,healthy,ascent,1.022,0.563,26.5,58.3,1.017,60.0,ascent,labview_bridge
ARO-01,2026-05-28T23:02:28.950Z,1632,A_linear,healthy,ascent,1.011,0.582,26.6,58.1,1.050,60.0,ascent,labview_bridge
ARO-01,2026-05-28T23:02:29.951Z,1633,A_linear,healthy,ascent,1.003,0.573,26.7,58.3,1.034,60.0,ascent,labview_bridge
ARO-01,2026-05-28T23:02:30.951Z,1634,A_linear,healthy,ascent,1.021,0.560,26.6,58.4,1.010,60.0,ascent,labview_bridge
ARO-01,2026-05-28T23:02:31.952Z,1635,A_linear,healthy,ascent,0.987,0.577,26.6,58.5,1.041,60.0,ascent,labview_bridge
ARO-01,2026-05-28T23:02:32.953Z,1636,A_linear,healthy,ascent,1.019,0.564,26.7,58.3,1.018,60.0,ascent,labview_bridge
ARO-01,2026-05-28T23:02:33.953Z,1637,A_linear,healthy,ascent,1.018,0.570,26.8,58.2,1.029,60.0,ascent,labview_bridge
ARO-01,2026-05-28T23:02:34.954Z,1638,A_linear,healthy,ascent,1.008,0.572,26.8,58.1,1.032,60.0,ascent,labview_bridge
ARO-01,2026-05-28T23:02:35.955Z,1639,A_linear,healthy,ascent,1.006,0.553,26.8,58.0,0.997,60.0,ascent,labview_bridge
ARO-01,2026-05-28T23:02:36.959Z,1640,A_linear,healthy,descent,0.974,0.346,26.8,58.2,0.625,60.0,descent,labview_bridge
ARO-01,2026-05-28T23:02:37.960Z,1641,A_linear,healthy,descent,0.996,0.358,26.8,57.9,0.646,60.0,descent,labview_bridge
ARO-01,2026-05-28T23:02:38.961Z,1642,A_linear,healthy,descent,0.980,0.352,26.8,57.9,0.635,60.0,descent,labview_bridge
ARO-01,2026-05-28T23:02:39.961Z,1643,A_linear,healthy,descent,0.988,0.343,26.7,58.0,0.618,60.0,descent,labview_bridge
ARO-01,2026-05-28T23:02:40.962Z,1644,A_linear,healthy,descent,0.959,0.352,26.6,57.8,0.636,60.0,descent,labview_bridge
ARO-01,2026-05-28T23:02:41.963Z,1645,A_linear,healthy,descent,0.961,0.346,26.6,57.7,0.623,60.0,descent,labview_bridge
ARO-01,2026-05-28T23:02:42.963Z,1646,A_linear,healthy,descent,0.954,0.349,26.7,57.9,0.629,60.0,descent,labview_bridge
ARO-01,2026-05-28T23:02:43.964Z,1647,A_linear,healthy,descent,0.962,0.355,26.7,58.1,0.640,60.0,descent,labview_bridge
ARO-01,2026-05-28T23:02:44.965Z,1648,A_linear,healthy,descent,0.925,0.346,26.7,58.1,0.625,60.0,descent,labview_bridge
ARO-01,2026-05-28T23:02:45.966Z,1649,A_linear,healthy,descent,0.924,0.347,26.7,58.4,0.626,60.0,descent,labview_bridge
ARO-01,2026-05-28T23:02:46.966Z,1650,A_linear,healthy,descent,0.897,0.351,26.7,58.6,0.633,60.0,descent,labview_bridge
ARO-01,2026-05-28T23:02:47.967Z,1651,A_linear,healthy,descent,0.905,0.350,26.7,58.4,0.632,60.0,descent,labview_bridge
ARO-01,2026-05-28T23:02:48.967Z,1652,A_linear,healthy,pause,0.875,0.000,26.7,58.3,0.000,60.0,pause,labview_bridge
ARO-01,2026-05-28T23:02:49.968Z,1653,A_linear,healthy,pause,0.910,0.000,26.6,58.4,0.000,60.0,pause,labview_bridge
ARO-01,2026-05-28T23:02:50.969Z,1654,A_linear,healthy,pause,0.878,0.001,26.6,58.7,0.002,60.0,pause,labview_bridge
ARO-01,2026-05-28T23:02:51.969Z,1655,A_linear,healthy,pause,0.874,0.000,26.4,59.0,0.000,60.0,pause,labview_bridge
ARO-01,2026-05-28T23:02:52.970Z,1656,A_linear,healthy,pause,0.883,0.000,26.4,58.7,0.000,60.0,pause,labview_bridge
ARO-01,2026-05-28T23:02:53.971Z,1657,A_linear,healthy,pause,0.886,0.023,26.4,58.5,0.042,60.0,pause,labview_bridge
ARO-01,2026-05-28T23:02:54.971Z,1658,A_linear,healthy,pause,0.882,0.006,26.4,58.2,0.011,60.0,pause,labview_bridge
ARO-01,2026-05-28T23:02:55.972Z,1659,A_linear,healthy,pause,0.894,0.000,26.3,58.2,0.000,60.0,pause,labview_bridge
ARO-01,2026-05-28T23:02:56.973Z,1660,A_linear,healthy,pause,0.884,0.000,26.3,58.0,0.000,60.0,pause,labview_bridge
ARO-01,2026-05-28T23:02:57.974Z,1661,A_linear,healthy,pause,0.915,0.000,26.3,58.3,0.000,60.0,pause,labview_bridge
ARO-01,2026-05-28T23:02:58.975Z,1662,A_linear,healthy,pause,0.881,0.006,26.2,58.4,0.011,60.0,pause,labview_bridge
ARO-01,2026-05-28T23:02:59.975Z,1663,A_linear,healthy,pause,0.902,0.000,26.2,58.4,0.000,60.0,pause,labview_bridge
ARO-01,2026-05-28T23:03:00.976Z,1664,A_linear,healthy,pause,0.902,0.018,26.1,58.4,0.032,60.0,pause,labview_bridge
ARO-01,2026-05-28T23:03:01.977Z,1665,A_linear,healthy,pause,0.910,0.000,26.0,58.1,0.000,60.0,pause,labview_bridge
ARO-01,2026-05-28T23:03:02.978Z,1666,A_linear,healthy,pause,0.926,0.000,26.0,58.1,0.000,60.0,pause,labview_bridge
ARO-01,2026-05-28T23:03:03.979Z,1667,A_linear,healthy,pause,0.926,0.000,25.9,58.5,0.000,60.0,pause,labview_bridge
ARO-01,2026-05-28T23:03:04.980Z,1668,A_linear,healthy,pause,0.951,0.000,25.8,58.7,0.001,60.0,pause,labview_bridge
ARO-01,2026-05-28T23:03:05.981Z,1669,A_linear,healthy,pause,0.949,0.008,25.8,58.3,0.014,60.0,pause,labview_bridge
ARO-01,2026-05-28T23:03:06.982Z,1670,A_linear,healthy,pause,0.960,0.002,25.8,58.7,0.004,60.0,pause,labview_bridge
ARO-01,2026-05-28T23:03:07.982Z,1671,A_linear,healthy,pause,0.959,0.002,25.9,58.5,0.003,60.0,pause,labview_bridge
ARO-01,2026-05-28T23:03:08.983Z,1672,A_linear,healthy,ascent,0.967,0.563,25.9,58.4,1.016,60.0,ascent,labview_bridge
ARO-01,2026-05-28T23:03:09.984Z,1673,A_linear,healthy,ascent,0.998,0.566,25.9,58.0,1.022,60.0,ascent,labview_bridge
ARO-01,2026-05-28T23:03:10.985Z,1674,A_linear,healthy,ascent,0.990,0.573,25.9,58.3,1.033,60.0,ascent,labview_bridge
ARO-01,2026-05-28T23:03:11.986Z,1675,A_linear,healthy,ascent,0.988,0.566,26.0,58.3,1.021,60.0,ascent,labview_bridge
ARO-01,2026-05-28T23:03:12.986Z,1676,A_linear,healthy,ascent,1.028,0.561,26.1,58.7,1.013,60.0,ascent,labview_bridge
ARO-01,2026-05-28T23:03:13.987Z,1677,A_linear,healthy,ascent,1.009,0.567,26.1,58.5,1.022,60.0,ascent,labview_bridge
ARO-01,2026-05-28T23:03:14.988Z,1678,A_linear,healthy,ascent,1.010,0.561,26.0,58.6,1.013,60.0,ascent,labview_bridge
ARO-01,2026-05-28T23:03:15.988Z,1679,A_linear,healthy,ascent,1.012,0.568,26.1,58.6,1.024,60.0,ascent,labview_bridge
ARO-01,2026-05-28T23:03:16.989Z,1680,A_linear,healthy,ascent,1.036,0.565,26.2,58.5,1.020,60.0,ascent,labview_bridge
ARO-01,2026-05-28T23:03:17.990Z,1681,A_linear,healthy,ascent,0.979,0.558,26.2,58.6,1.007,60.0,ascent,labview_bridge
ARO-01,2026-05-28T23:03:18.991Z,1682,A_linear,healthy,ascent,1.021,0.565,26.2,58.7,1.020,60.0,ascent,labview_bridge
ARO-01,2026-05-28T23:03:19.991Z,1683,A_linear,healthy,ascent,0.995,0.571,26.1,58.7,1.031,60.0,ascent,labview_bridge
ARO-01,2026-05-28T23:03:20.992Z,1684,A_linear,healthy,descent,0.996,0.349,26.2,58.8,0.630,60.0,descent,labview_bridge
ARO-01,2026-05-28T23:03:21.993Z,1685,A_linear,healthy,descent,0.975,0.342,26.2,58.8,0.617,60.0,descent,labview_bridge
ARO-01,2026-05-28T23:03:22.994Z,1686,A_linear,healthy,descent,0.963,0.344,26.1,58.4,0.622,60.0,descent,labview_bridge
ARO-01,2026-05-28T23:03:23.994Z,1687,A_linear,healthy,descent,0.960,0.345,26.1,58.5,0.623,60.0,descent,labview_bridge
ARO-01,2026-05-28T23:03:24.995Z,1688,A_linear,healthy,descent,0.979,0.344,26.2,58.5,0.620,60.0,descent,labview_bridge
ARO-01,2026-05-28T23:03:25.996Z,1689,A_linear,healthy,descent,0.972,0.341,26.1,58.4,0.616,60.0,descent,labview_bridge
ARO-01,2026-05-28T23:03:26.996Z,1690,A_linear,healthy,descent,0.945,0.349,26.1,58.0,0.630,60.0,descent,labview_bridge
ARO-01,2026-05-28T23:03:27.997Z,1691,A_linear,healthy,descent,0.935,0.344,26.1,57.8,0.621,60.0,descent,labview_bridge
ARO-01,2026-05-28T23:03:28.998Z,1692,A_linear,healthy,descent,0.913,0.349,26.1,57.9,0.630,60.0,descent,labview_bridge
ARO-01,2026-05-28T23:03:29.999Z,1693,A_linear,healthy,descent,0.925,0.344,26.1,57.9,0.621,60.0,descent,labview_bridge
ARO-01,2026-05-28T23:03:31.000Z,1694,A_linear,healthy,descent,0.932,0.346,26.2,57.8,0.624,60.0,descent,labview_bridge
ARO-01,2026-05-28T23:03:32.000Z,1695,A_linear,healthy,descent,0.907,0.353,26.3,57.6,0.638,60.0,descent,labview_bridge
ARO-01,2026-05-28T23:03:33.001Z,1696,A_linear,healthy,pause,0.915,0.000,26.2,57.6,0.000,60.0,pause,labview_bridge
ARO-01,2026-05-28T23:03:34.002Z,1697,A_linear,healthy,pause,0.869,0.001,26.0,57.5,0.002,60.0,pause,labview_bridge
ARO-01,2026-05-28T23:03:35.002Z,1698,A_linear,healthy,pause,0.892,0.006,26.0,57.6,0.012,60.0,pause,labview_bridge
ARO-01,2026-05-28T23:03:36.003Z,1699,A_linear,healthy,pause,0.878,0.000,25.9,57.3,0.000,60.0,pause,labview_bridge
ARO-01,2026-05-28T23:03:37.004Z,1700,A_linear,healthy,pause,0.893,0.000,25.9,56.9,0.000,60.0,pause,labview_bridge
ARO-01,2026-05-28T23:03:38.004Z,1701,A_linear,healthy,pause,0.877,0.000,25.7,57.1,0.000,60.0,pause,labview_bridge
ARO-01,2026-05-28T23:03:39.005Z,1702,A_linear,healthy,pause,0.889,0.003,25.7,57.0,0.006,60.0,pause,labview_bridge
ARO-01,2026-05-28T23:03:40.005Z,1703,A_linear,healthy,pause,0.899,0.009,25.7,57.3,0.016,60.0,pause,labview_bridge
ARO-01,2026-05-28T23:03:41.006Z,1704,A_linear,healthy,pause,0.890,0.000,25.6,57.6,0.000,60.0,pause,labview_bridge
ARO-01,2026-05-28T23:03:42.007Z,1705,A_linear,healthy,pause,0.880,0.001,25.6,57.1,0.002,60.0,pause,labview_bridge
ARO-01,2026-05-28T23:03:43.008Z,1706,A_linear,healthy,pause,0.899,0.010,25.6,56.9,0.019,60.0,pause,labview_bridge
ARO-01,2026-05-28T23:03:44.008Z,1707,A_linear,healthy,pause,0.915,0.000,25.7,57.2,0.000,60.0,pause,labview_bridge
ARO-01,2026-05-28T23:03:45.009Z,1708,A_linear,healthy,pause,0.912,0.000,25.8,57.4,0.000,60.0,pause,labview_bridge
ARO-01,2026-05-28T23:03:46.010Z,1709,A_linear,healthy,pause,0.914,0.000,25.7,57.7,0.000,60.0,pause,labview_bridge
ARO-01,2026-05-28T23:03:47.011Z,1710,A_linear,healthy,pause,0.905,0.000,25.7,57.7,0.000,60.0,pause,labview_bridge
ARO-01,2026-05-28T23:03:48.012Z,1711,A_linear,healthy,pause,0.929,0.003,25.7,57.7,0.005,60.0,pause,labview_bridge
ARO-01,2026-05-28T23:03:49.012Z,1712,A_linear,healthy,pause,0.930,0.004,25.7,57.8,0.007,60.0,pause,labview_bridge
ARO-01,2026-05-28T23:03:50.013Z,1713,A_linear,healthy,pause,0.947,0.000,25.6,57.7,0.000,60.0,pause,labview_bridge
ARO-01,2026-05-28T23:03:51.014Z,1714,A_linear,healthy,pause,0.942,0.003,25.5,57.7,0.006,60.0,pause,labview_bridge
ARO-01,2026-05-28T23:03:52.014Z,1715,A_linear,healthy,pause,0.975,0.010,25.4,57.6,0.017,60.0,pause,labview_bridge
ARO-01,2026-05-28T23:03:53.015Z,1716,A_linear,healthy,ascent,0.972,0.557,25.5,57.2,1.005,60.0,ascent,labview_bridge
ARO-01,2026-05-28T23:03:54.016Z,1717,A_linear,healthy,ascent,0.994,0.561,25.6,57.1,1.011,60.0,ascent,labview_bridge
ARO-01,2026-05-28T23:03:55.017Z,1718,A_linear,healthy,ascent,0.991,0.561,25.5,57.2,1.012,60.0,ascent,labview_bridge
ARO-01,2026-05-28T23:03:56.017Z,1719,A_linear,healthy,ascent,1.006,0.567,25.6,57.3,1.023,60.0,ascent,labview_bridge
ARO-01,2026-05-28T23:03:57.018Z,1720,A_linear,healthy,ascent,0.993,0.559,25.7,57.4,1.009,60.0,ascent,labview_bridge
ARO-01,2026-05-28T23:03:58.018Z,1721,A_linear,healthy,ascent,0.995,0.565,25.8,57.8,1.020,60.0,ascent,labview_bridge
ARO-01,2026-05-28T23:03:59.019Z,1722,A_linear,healthy,ascent,1.000,0.566,25.9,57.4,1.022,60.0,ascent,labview_bridge
ARO-01,2026-05-28T23:04:00.019Z,1723,A_linear,healthy,ascent,0.987,0.551,25.9,57.3,0.994,60.0,ascent,labview_bridge
ARO-01,2026-05-28T23:04:01.020Z,1724,A_linear,healthy,ascent,0.991,0.555,25.9,56.9,1.002,60.0,ascent,labview_bridge
ARO-01,2026-05-28T23:04:02.021Z,1725,A_linear,healthy,ascent,0.999,0.553,25.9,56.8,0.997,60.0,ascent,labview_bridge
ARO-01,2026-05-28T23:04:03.022Z,1726,A_linear,healthy,ascent,0.995,0.563,25.9,56.8,1.016,60.0,ascent,labview_bridge
ARO-01,2026-05-28T23:04:04.023Z,1727,A_linear,healthy,ascent,0.988,0.565,25.8,56.8,1.019,60.0,ascent,labview_bridge
ARO-01,2026-05-28T23:04:05.024Z,1728,A_linear,healthy,descent,0.994,0.345,25.8,57.0,0.623,60.0,descent,labview_bridge
ARO-01,2026-05-28T23:04:06.024Z,1729,A_linear,healthy,descent,0.987,0.343,25.9,57.2,0.619,60.0,descent,labview_bridge
ARO-01,2026-05-28T23:04:07.025Z,1730,A_linear,healthy,descent,0.998,0.344,25.9,56.8,0.621,60.0,descent,labview_bridge
ARO-01,2026-05-28T23:04:08.027Z,1731,A_linear,healthy,descent,0.964,0.367,25.9,57.0,0.662,60.0,descent,labview_bridge
ARO-01,2026-05-28T23:04:09.027Z,1732,A_linear,healthy,descent,0.977,0.352,25.9,57.1,0.636,60.0,descent,labview_bridge
ARO-01,2026-05-28T23:04:10.028Z,1733,A_linear,healthy,descent,0.965,0.341,25.8,56.9,0.616,60.0,descent,labview_bridge
ARO-01,2026-05-28T23:04:11.028Z,1734,A_linear,healthy,descent,0.962,0.344,25.8,56.9,0.620,60.0,descent,labview_bridge
ARO-01,2026-05-28T23:04:12.029Z,1735,A_linear,healthy,descent,0.958,0.353,25.9,57.1,0.636,60.0,descent,labview_bridge
ARO-01,2026-05-28T23:04:13.030Z,1736,A_linear,healthy,descent,0.935,0.342,25.9,57.3,0.617,60.0,descent,labview_bridge
ARO-01,2026-05-28T23:04:14.031Z,1737,A_linear,healthy,descent,0.932,0.343,25.9,57.3,0.619,60.0,descent,labview_bridge
ARO-01,2026-05-28T23:04:15.032Z,1738,A_linear,healthy,descent,0.939,0.359,25.9,57.2,0.647,60.0,descent,labview_bridge
ARO-01,2026-05-28T23:04:16.033Z,1739,A_linear,healthy,descent,0.912,0.352,25.9,57.3,0.635,60.0,descent,labview_bridge
ARO-01,2026-05-28T23:04:17.033Z,1740,A_linear,healthy,pause,0.901,0.000,25.8,57.2,0.000,60.0,pause,labview_bridge
ARO-01,2026-05-28T23:04:18.034Z,1741,A_linear,healthy,pause,0.913,0.000,25.8,57.1,0.000,60.0,pause,labview_bridge
ARO-01,2026-05-28T23:04:19.035Z,1742,A_linear,healthy,pause,0.889,0.002,25.8,57.3,0.004,60.0,pause,labview_bridge
ARO-01,2026-05-28T23:04:20.035Z,1743,A_linear,healthy,pause,0.876,0.000,25.7,57.3,0.000,60.0,pause,labview_bridge
ARO-01,2026-05-28T23:04:21.036Z,1744,A_linear,healthy,pause,0.907,0.000,25.6,57.2,0.000,60.0,pause,labview_bridge
ARO-01,2026-05-28T23:04:22.037Z,1745,A_linear,healthy,pause,0.884,0.000,25.6,57.3,0.000,60.0,pause,labview_bridge
ARO-01,2026-05-28T23:04:23.038Z,1746,A_linear,healthy,pause,0.893,0.003,25.5,57.1,0.006,60.0,pause,labview_bridge
ARO-01,2026-05-28T23:04:24.039Z,1747,A_linear,healthy,pause,0.888,0.000,25.6,56.9,0.000,60.0,pause,labview_bridge
ARO-01,2026-05-28T23:04:25.039Z,1748,A_linear,healthy,pause,0.882,0.000,25.6,56.8,0.000,60.0,pause,labview_bridge
ARO-01,2026-05-28T23:04:26.040Z,1749,A_linear,healthy,pause,0.916,0.010,25.5,57.1,0.017,60.0,pause,labview_bridge
ARO-01,2026-05-28T23:04:27.041Z,1750,A_linear,healthy,pause,0.887,0.000,25.6,56.9,0.000,60.0,pause,labview_bridge
ARO-01,2026-05-28T23:04:28.041Z,1751,A_linear,healthy,pause,0.897,0.000,25.6,56.8,0.000,60.0,pause,labview_bridge
ARO-01,2026-05-28T23:04:29.042Z,1752,A_linear,healthy,pause,0.894,0.005,25.6,56.8,0.008,60.0,pause,labview_bridge
ARO-01,2026-05-28T23:04:30.043Z,1753,A_linear,healthy,pause,0.932,0.000,25.7,57.0,0.000,60.0,pause,labview_bridge
ARO-01,2026-05-28T23:04:31.044Z,1754,A_linear,healthy,pause,0.936,0.004,25.6,56.9,0.008,60.0,pause,labview_bridge
ARO-01,2026-05-28T23:04:32.044Z,1755,A_linear,healthy,pause,0.941,0.000,25.6,56.5,0.000,60.0,pause,labview_bridge
ARO-01,2026-05-28T23:04:33.045Z,1756,A_linear,healthy,pause,0.957,0.002,25.4,56.6,0.003,60.0,pause,labview_bridge
ARO-01,2026-05-28T23:04:34.046Z,1757,A_linear,healthy,pause,0.954,0.001,25.5,56.8,0.002,60.0,pause,labview_bridge
ARO-01,2026-05-28T23:04:35.046Z,1758,A_linear,healthy,pause,0.991,0.003,25.4,57.0,0.005,60.0,pause,labview_bridge
ARO-01,2026-05-28T23:04:36.047Z,1759,A_linear,healthy,pause,0.954,0.001,25.5,57.1,0.001,60.0,pause,labview_bridge
ARO-01,2026-05-28T23:04:37.048Z,1760,A_linear,healthy,ascent,0.988,0.566,25.6,57.0,1.022,60.0,ascent,labview_bridge
ARO-01,2026-05-28T23:04:38.049Z,1761,A_linear,healthy,ascent,0.977,0.563,25.5,57.0,1.017,60.0,ascent,labview_bridge
ARO-01,2026-05-28T23:04:39.049Z,1762,A_linear,healthy,ascent,0.998,0.572,25.5,56.9,1.033,60.0,ascent,labview_bridge
ARO-01,2026-05-28T23:04:40.050Z,1763,A_linear,healthy,ascent,1.006,0.568,25.5,56.8,1.025,60.0,ascent,labview_bridge
ARO-01,2026-05-28T23:04:41.050Z,1764,A_linear,healthy,ascent,0.995,0.569,25.5,56.9,1.027,60.0,ascent,labview_bridge
ARO-01,2026-05-28T23:04:42.051Z,1765,A_linear,healthy,ascent,1.015,0.565,25.4,56.9,1.020,60.0,ascent,labview_bridge
ARO-01,2026-05-28T23:04:43.052Z,1766,A_linear,healthy,ascent,1.022,0.565,25.5,57.2,1.019,60.0,ascent,labview_bridge
ARO-01,2026-05-28T23:04:44.053Z,1767,A_linear,healthy,ascent,1.002,0.571,25.6,57.1,1.030,60.0,ascent,labview_bridge
ARO-01,2026-05-28T23:04:45.053Z,1768,A_linear,healthy,ascent,0.996,0.561,25.7,57.0,1.013,60.0,ascent,labview_bridge
ARO-01,2026-05-28T23:04:46.054Z,1769,A_linear,healthy,ascent,0.978,0.565,25.8,57.3,1.019,60.0,ascent,labview_bridge
ARO-01,2026-05-28T23:04:47.055Z,1770,A_linear,healthy,ascent,1.010,0.571,25.8,57.4,1.030,60.0,ascent,labview_bridge
ARO-01,2026-05-28T23:04:48.055Z,1771,A_linear,healthy,ascent,0.993,0.573,25.8,57.6,1.033,60.0,ascent,labview_bridge
ARO-01,2026-05-28T23:04:49.056Z,1772,A_linear,healthy,descent,0.974,0.347,25.7,57.5,0.625,60.0,descent,labview_bridge
ARO-01,2026-05-28T23:04:50.057Z,1773,A_linear,healthy,descent,1.016,0.351,25.6,57.5,0.633,60.0,descent,labview_bridge
ARO-01,2026-05-28T23:04:51.057Z,1774,A_linear,healthy,descent,0.979,0.356,25.7,57.4,0.642,60.0,descent,labview_bridge
ARO-01,2026-05-28T23:04:52.058Z,1775,A_linear,healthy,descent,0.963,0.345,25.8,57.0,0.623,60.0,descent,labview_bridge
ARO-01,2026-05-28T23:04:53.059Z,1776,A_linear,healthy,descent,0.957,0.358,25.7,57.2,0.646,60.0,descent,labview_bridge
ARO-01,2026-05-28T23:04:54.060Z,1777,A_linear,healthy,descent,0.964,0.341,25.7,56.9,0.615,60.0,descent,labview_bridge
ARO-01,2026-05-28T23:04:55.061Z,1778,A_linear,healthy,descent,0.945,0.351,25.7,56.6,0.633,60.0,descent,labview_bridge
ARO-01,2026-05-28T23:04:56.062Z,1779,A_linear,healthy,descent,0.933,0.335,25.7,56.7,0.605,60.0,descent,labview_bridge
ARO-01,2026-05-28T23:04:57.062Z,1780,A_linear,healthy,descent,0.949,0.346,25.7,56.6,0.624,60.0,descent,labview_bridge
ARO-01,2026-05-28T23:04:58.063Z,1781,A_linear,healthy,descent,0.898,0.336,25.6,56.4,0.605,60.0,descent,labview_bridge
ARO-01,2026-05-28T23:04:59.064Z,1782,A_linear,healthy,descent,0.917,0.346,25.7,56.3,0.625,60.0,descent,labview_bridge
ARO-01,2026-05-28T23:05:00.064Z,1783,A_linear,healthy,descent,0.903,0.346,25.5,56.4,0.624,60.0,descent,labview_bridge
ARO-01,2026-05-28T23:05:01.065Z,1784,A_linear,healthy,pause,0.925,0.000,25.4,56.5,0.000,60.0,pause,labview_bridge
ARO-01,2026-05-28T23:05:02.066Z,1785,A_linear,healthy,pause,0.906,0.000,25.4,56.6,0.000,60.0,pause,labview_bridge
ARO-01,2026-05-28T23:05:03.067Z,1786,A_linear,healthy,pause,0.899,0.000,25.3,56.8,0.000,60.0,pause,labview_bridge
ARO-01,2026-05-28T23:05:04.067Z,1787,A_linear,healthy,pause,0.895,0.003,25.3,57.0,0.006,60.0,pause,labview_bridge
ARO-01,2026-05-28T23:05:05.068Z,1788,A_linear,healthy,pause,0.903,0.000,25.3,57.2,0.000,60.0,pause,labview_bridge
ARO-01,2026-05-28T23:05:06.069Z,1789,A_linear,healthy,pause,0.877,0.000,25.3,57.3,0.000,60.0,pause,labview_bridge
ARO-01,2026-05-28T23:05:07.070Z,1790,A_linear,healthy,pause,0.865,0.001,25.3,57.4,0.002,60.0,pause,labview_bridge
ARO-01,2026-05-28T23:05:08.070Z,1791,A_linear,healthy,pause,0.881,0.000,25.3,57.3,0.000,60.0,pause,labview_bridge
ARO-01,2026-05-28T23:05:09.071Z,1792,A_linear,healthy,pause,0.887,0.009,25.3,57.3,0.015,60.0,pause,labview_bridge
ARO-01,2026-05-28T23:05:10.072Z,1793,A_linear,healthy,pause,0.912,0.003,25.3,57.3,0.005,60.0,pause,labview_bridge
ARO-01,2026-05-28T23:05:11.073Z,1794,A_linear,healthy,pause,0.901,0.004,25.2,57.5,0.007,60.0,pause,labview_bridge
ARO-01,2026-05-28T23:05:12.073Z,1795,A_linear,healthy,pause,0.916,0.000,25.2,57.7,0.000,60.0,pause,labview_bridge
ARO-01,2026-05-28T23:05:13.074Z,1796,A_linear,healthy,pause,0.925,0.000,25.3,57.6,0.000,60.0,pause,labview_bridge
ARO-01,2026-05-28T23:05:14.075Z,1797,A_linear,healthy,pause,0.915,0.008,25.3,57.7,0.014,60.0,pause,labview_bridge
ARO-01,2026-05-28T23:05:15.076Z,1798,A_linear,healthy,pause,0.913,0.005,25.3,57.7,0.010,60.0,pause,labview_bridge
ARO-01,2026-05-28T23:05:16.077Z,1799,A_linear,healthy,pause,0.935,0.007,25.3,57.8,0.013,60.0,pause,labview_bridge
ARO-01,2026-05-28T23:05:17.077Z,1800,A_linear,healthy,pause,0.953,0.004,25.3,57.7,0.007,60.0,pause,labview_bridge
ARO-01,2026-05-28T23:05:18.078Z,1801,A_linear,healthy,pause,0.947,0.000,25.3,57.5,0.000,60.0,pause,labview_bridge
ARO-01,2026-05-28T23:05:19.079Z,1802,A_linear,healthy,pause,0.981,0.000,25.4,57.2,0.000,60.0,pause,labview_bridge
ARO-01,2026-05-28T23:05:20.079Z,1803,A_linear,healthy,pause,0.977,0.002,25.4,57.1,0.003,60.0,pause,labview_bridge
ARO-01,2026-05-28T23:05:21.080Z,1804,A_linear,healthy,ascent,0.979,0.564,25.6,56.6,1.017,60.0,ascent,labview_bridge
ARO-01,2026-05-28T23:05:22.080Z,1805,A_linear,healthy,ascent,1.010,0.573,25.6,56.8,1.034,60.0,ascent,labview_bridge
ARO-01,2026-05-28T23:05:23.081Z,1806,A_linear,healthy,ascent,1.005,0.568,25.7,56.9,1.025,60.0,ascent,labview_bridge
ARO-01,2026-05-28T23:05:24.081Z,1807,A_linear,healthy,ascent,0.980,0.575,25.7,57.0,1.037,60.0,ascent,labview_bridge
ARO-01,2026-05-28T23:05:25.082Z,1808,A_linear,healthy,ascent,0.972,0.567,25.6,56.5,1.023,60.0,ascent,labview_bridge
ARO-01,2026-05-28T23:05:26.083Z,1809,A_linear,healthy,ascent,1.016,0.556,25.7,56.7,1.003,60.0,ascent,labview_bridge
ARO-01,2026-05-28T23:05:27.083Z,1810,A_linear,healthy,ascent,1.009,0.554,25.6,56.7,0.999,60.0,ascent,labview_bridge
ARO-01,2026-05-28T23:05:28.084Z,1811,A_linear,healthy,ascent,0.984,0.567,25.7,56.6,1.022,60.0,ascent,labview_bridge
ARO-01,2026-05-28T23:05:29.084Z,1812,A_linear,healthy,ascent,1.016,0.558,25.7,56.4,1.007,60.0,ascent,labview_bridge
ARO-01,2026-05-28T23:05:30.085Z,1813,A_linear,healthy,ascent,1.001,0.566,25.8,56.5,1.021,60.0,ascent,labview_bridge
ARO-01,2026-05-28T23:05:31.086Z,1814,A_linear,healthy,ascent,1.017,0.568,25.8,56.5,1.025,60.0,ascent,labview_bridge
ARO-01,2026-05-28T23:05:32.087Z,1815,A_linear,healthy,ascent,0.992,0.563,25.8,56.4,1.015,60.0,ascent,labview_bridge
ARO-01,2026-05-28T23:05:33.087Z,1816,A_linear,healthy,descent,1.022,0.362,25.7,56.2,0.654,60.0,descent,labview_bridge
ARO-01,2026-05-28T23:05:34.088Z,1817,A_linear,healthy,descent,1.022,0.349,25.8,56.2,0.630,60.0,descent,labview_bridge
ARO-01,2026-05-28T23:05:35.088Z,1818,A_linear,healthy,descent,0.974,0.348,25.8,56.3,0.628,60.0,descent,labview_bridge
ARO-01,2026-05-28T23:05:36.089Z,1819,A_linear,healthy,descent,0.971,0.343,25.8,55.8,0.619,60.0,descent,labview_bridge
ARO-01,2026-05-28T23:05:37.090Z,1820,A_linear,healthy,descent,0.980,0.343,25.8,56.3,0.618,60.0,descent,labview_bridge
ARO-01,2026-05-28T23:05:38.090Z,1821,A_linear,healthy,descent,0.933,0.355,25.8,56.6,0.640,60.0,descent,labview_bridge
ARO-01,2026-05-28T23:05:39.092Z,1822,A_linear,healthy,descent,0.948,0.357,25.8,56.5,0.644,60.0,descent,labview_bridge
ARO-01,2026-05-28T23:05:40.093Z,1823,A_linear,healthy,descent,0.941,0.358,25.7,56.8,0.645,60.0,descent,labview_bridge
ARO-01,2026-05-28T23:05:41.093Z,1824,A_linear,healthy,descent,0.943,0.346,25.7,56.6,0.623,60.0,descent,labview_bridge
ARO-01,2026-05-28T23:05:42.094Z,1825,A_linear,healthy,descent,0.951,0.357,25.6,56.5,0.644,60.0,descent,labview_bridge
ARO-01,2026-05-28T23:05:43.095Z,1826,A_linear,healthy,descent,0.905,0.350,25.6,56.7,0.631,60.0,descent,labview_bridge
ARO-01,2026-05-28T23:05:44.095Z,1827,A_linear,healthy,descent,0.909,0.355,25.5,57.0,0.640,60.0,descent,labview_bridge
ARO-01,2026-05-28T23:05:45.096Z,1828,A_linear,healthy,pause,0.908,0.000,25.5,57.0,0.000,60.0,pause,labview_bridge
ARO-01,2026-05-28T23:05:46.097Z,1829,A_linear,healthy,pause,0.905,0.000,25.4,57.3,0.000,60.0,pause,labview_bridge
ARO-01,2026-05-28T23:05:47.098Z,1830,A_linear,healthy,pause,0.901,0.000,25.3,57.3,0.000,60.0,pause,labview_bridge
ARO-01,2026-05-28T23:05:48.098Z,1831,A_linear,healthy,pause,0.892,0.000,25.3,57.4,0.000,60.0,pause,labview_bridge
ARO-01,2026-05-28T23:05:49.099Z,1832,A_linear,healthy,pause,0.884,0.000,25.2,57.6,0.000,60.0,pause,labview_bridge
ARO-01,2026-05-28T23:05:50.099Z,1833,A_linear,healthy,pause,0.913,0.012,25.1,57.6,0.021,60.0,pause,labview_bridge
ARO-01,2026-05-28T23:05:51.100Z,1834,A_linear,healthy,pause,0.896,0.006,25.1,57.5,0.011,60.0,pause,labview_bridge
ARO-01,2026-05-28T23:05:52.100Z,1835,A_linear,healthy,pause,0.887,0.000,25.2,57.6,0.000,60.0,pause,labview_bridge
ARO-01,2026-05-28T23:05:53.101Z,1836,A_linear,healthy,pause,0.862,0.000,25.1,57.3,0.000,60.0,pause,labview_bridge
ARO-01,2026-05-28T23:05:54.101Z,1837,A_linear,healthy,pause,0.911,0.008,25.1,57.1,0.014,60.0,pause,labview_bridge
ARO-01,2026-05-28T23:05:55.101Z,1838,A_linear,healthy,pause,0.898,0.003,25.0,56.9,0.005,60.0,pause,labview_bridge
ARO-01,2026-05-28T23:05:56.102Z,1839,A_linear,healthy,pause,0.907,0.002,25.0,56.9,0.004,60.0,pause,labview_bridge
ARO-01,2026-05-28T23:05:57.102Z,1840,A_linear,healthy,pause,0.910,0.000,24.9,56.9,0.000,60.0,pause,labview_bridge
ARO-01,2026-05-28T23:05:58.103Z,1841,A_linear,healthy,pause,0.911,0.002,24.9,56.9,0.004,60.0,pause,labview_bridge
ARO-01,2026-05-28T23:05:59.103Z,1842,A_linear,healthy,pause,0.913,0.008,24.9,57.3,0.014,60.0,pause,labview_bridge
ARO-01,2026-05-28T23:06:00.104Z,1843,A_linear,healthy,pause,0.930,0.010,24.8,57.3,0.017,60.0,pause,labview_bridge
ARO-01,2026-05-28T23:06:01.104Z,1844,A_linear,healthy,pause,0.945,0.000,24.7,57.1,0.000,60.0,pause,labview_bridge
ARO-01,2026-05-28T23:06:02.105Z,1845,A_linear,healthy,pause,0.935,0.000,24.7,57.3,0.000,60.0,pause,labview_bridge
ARO-01,2026-05-28T23:06:03.106Z,1846,A_linear,healthy,pause,0.955,0.001,24.7,57.2,0.003,60.0,pause,labview_bridge
ARO-01,2026-05-28T23:06:04.106Z,1847,A_linear,healthy,pause,0.978,0.008,24.8,57.1,0.015,60.0,pause,labview_bridge
ARO-01,2026-05-28T23:06:05.106Z,1848,A_linear,healthy,ascent,0.979,0.567,24.8,56.9,1.023,60.0,ascent,labview_bridge
ARO-01,2026-05-28T23:06:06.107Z,1849,A_linear,healthy,ascent,0.985,0.562,24.8,57.0,1.014,60.0,ascent,labview_bridge
ARO-01,2026-05-28T23:06:07.107Z,1850,A_linear,healthy,ascent,1.008,0.567,24.9,57.0,1.024,60.0,ascent,labview_bridge
ARO-01,2026-05-28T23:06:08.108Z,1851,A_linear,healthy,ascent,0.999,0.571,24.9,56.8,1.031,60.0,ascent,labview_bridge
ARO-01,2026-05-28T23:06:09.108Z,1852,A_linear,healthy,ascent,0.997,0.566,25.0,56.6,1.021,60.0,ascent,labview_bridge
ARO-01,2026-05-28T23:06:10.108Z,1853,A_linear,healthy,ascent,0.995,0.569,25.0,56.6,1.026,60.0,ascent,labview_bridge
ARO-01,2026-05-28T23:06:11.109Z,1854,A_linear,healthy,ascent,1.013,0.576,25.0,56.5,1.038,60.0,ascent,labview_bridge
ARO-01,2026-05-28T23:06:12.109Z,1855,A_linear,healthy,ascent,0.998,0.571,25.1,56.7,1.030,60.0,ascent,labview_bridge
ARO-01,2026-05-28T23:06:13.110Z,1856,A_linear,healthy,ascent,1.002,0.577,25.1,56.6,1.041,60.0,ascent,labview_bridge
ARO-01,2026-05-28T23:06:14.110Z,1857,A_linear,healthy,ascent,1.006,0.562,25.1,56.4,1.014,60.0,ascent,labview_bridge
ARO-01,2026-05-28T23:06:15.111Z,1858,A_linear,healthy,ascent,0.990,0.566,25.1,56.2,1.022,60.0,ascent,labview_bridge
ARO-01,2026-05-28T23:06:16.112Z,1859,A_linear,healthy,ascent,0.988,0.571,25.1,56.3,1.029,60.0,ascent,labview_bridge
ARO-01,2026-05-28T23:06:17.112Z,1860,A_linear,healthy,descent,1.007,0.351,25.2,56.1,0.633,60.0,descent,labview_bridge
ARO-01,2026-05-28T23:06:18.112Z,1861,A_linear,healthy,descent,0.976,0.350,25.1,56.0,0.632,60.0,descent,labview_bridge
ARO-01,2026-05-28T23:06:19.113Z,1862,A_linear,healthy,descent,0.971,0.333,25.2,56.0,0.600,60.0,descent,labview_bridge
ARO-01,2026-05-28T23:06:20.114Z,1863,A_linear,healthy,descent,0.973,0.342,25.1,55.9,0.617,60.0,descent,labview_bridge
ARO-01,2026-05-28T23:06:21.114Z,1864,A_linear,healthy,descent,0.952,0.355,25.1,56.3,0.641,60.0,descent,labview_bridge
ARO-01,2026-05-28T23:06:22.115Z,1865,A_linear,healthy,descent,0.948,0.345,25.1,56.0,0.623,60.0,descent,labview_bridge
ARO-01,2026-05-28T23:06:23.115Z,1866,A_linear,healthy,descent,0.955,0.347,25.1,56.0,0.625,60.0,descent,labview_bridge
ARO-01,2026-05-28T23:06:24.116Z,1867,A_linear,healthy,descent,0.944,0.360,25.0,56.0,0.649,60.0,descent,labview_bridge
ARO-01,2026-05-28T23:06:25.116Z,1868,A_linear,healthy,descent,0.920,0.356,25.0,56.2,0.642,60.0,descent,labview_bridge
ARO-01,2026-05-28T23:06:26.117Z,1869,A_linear,healthy,descent,0.939,0.336,25.0,56.2,0.606,60.0,descent,labview_bridge
ARO-01,2026-05-28T23:06:27.118Z,1870,A_linear,healthy,descent,0.924,0.347,25.1,56.2,0.625,60.0,descent,labview_bridge
ARO-01,2026-05-28T23:06:28.118Z,1871,A_linear,healthy,descent,0.929,0.353,25.2,56.0,0.636,60.0,descent,labview_bridge
ARO-01,2026-05-28T23:06:29.119Z,1872,A_linear,healthy,pause,0.906,0.000,25.0,56.5,0.000,60.0,pause,labview_bridge
ARO-01,2026-05-28T23:06:30.120Z,1873,A_linear,healthy,pause,0.874,0.000,24.9,56.5,0.000,60.0,pause,labview_bridge
ARO-01,2026-05-28T23:06:31.121Z,1874,A_linear,healthy,pause,0.895,0.018,24.8,56.8,0.033,60.0,pause,labview_bridge
ARO-01,2026-05-28T23:06:32.121Z,1875,A_linear,healthy,pause,0.878,0.000,24.8,56.7,0.000,60.0,pause,labview_bridge
ARO-01,2026-05-28T23:06:33.122Z,1876,A_linear,healthy,pause,0.868,0.006,24.7,56.6,0.010,60.0,pause,labview_bridge
ARO-01,2026-05-28T23:06:34.122Z,1877,A_linear,healthy,pause,0.871,0.007,24.6,56.5,0.012,60.0,pause,labview_bridge
ARO-01,2026-05-28T23:06:35.123Z,1878,A_linear,healthy,pause,0.883,0.006,24.6,56.5,0.011,60.0,pause,labview_bridge
ARO-01,2026-05-28T23:06:36.123Z,1879,A_linear,healthy,pause,0.899,0.000,24.6,56.5,0.000,60.0,pause,labview_bridge
ARO-01,2026-05-28T23:06:37.124Z,1880,A_linear,healthy,pause,0.868,0.000,24.7,56.8,0.000,60.0,pause,labview_bridge
ARO-01,2026-05-28T23:06:38.124Z,1881,A_linear,healthy,pause,0.875,0.002,24.7,57.0,0.003,60.0,pause,labview_bridge
ARO-01,2026-05-28T23:06:39.124Z,1882,A_linear,healthy,pause,0.905,0.000,24.7,57.0,0.000,60.0,pause,labview_bridge
ARO-01,2026-05-28T23:06:40.125Z,1883,A_linear,healthy,pause,0.924,0.002,24.6,57.0,0.003,60.0,pause,labview_bridge
ARO-01,2026-05-28T23:06:41.126Z,1884,A_linear,healthy,pause,0.921,0.003,24.5,56.9,0.005,60.0,pause,labview_bridge
ARO-01,2026-05-28T23:06:42.126Z,1885,A_linear,healthy,pause,0.929,0.001,24.4,57.1,0.002,60.0,pause,labview_bridge
ARO-01,2026-05-28T23:06:43.127Z,1886,A_linear,healthy,pause,0.927,0.002,24.4,57.1,0.003,60.0,pause,labview_bridge
ARO-01,2026-05-28T23:06:44.127Z,1887,A_linear,healthy,pause,0.943,0.003,24.5,57.0,0.006,60.0,pause,labview_bridge
ARO-01,2026-05-28T23:06:45.127Z,1888,A_linear,healthy,pause,0.934,0.001,24.5,56.9,0.002,60.0,pause,labview_bridge
ARO-01,2026-05-28T23:06:46.128Z,1889,A_linear,healthy,pause,0.938,0.007,24.5,56.6,0.013,60.0,pause,labview_bridge
ARO-01,2026-05-28T23:06:47.128Z,1890,A_linear,healthy,pause,0.951,0.009,24.5,56.5,0.017,60.0,pause,labview_bridge
ARO-01,2026-05-28T23:06:48.129Z,1891,A_linear,healthy,pause,0.959,0.001,24.5,56.4,0.001,60.0,pause,labview_bridge
ARO-01,2026-05-28T23:06:49.129Z,1892,A_linear,healthy,ascent,0.963,0.570,24.7,55.9,1.029,60.0,ascent,labview_bridge
ARO-01,2026-05-28T23:06:50.130Z,1893,A_linear,healthy,ascent,0.994,0.557,24.7,55.9,1.005,60.0,ascent,labview_bridge
ARO-01,2026-05-28T23:06:51.131Z,1894,A_linear,healthy,ascent,0.986,0.563,24.7,55.9,1.016,60.0,ascent,labview_bridge
ARO-01,2026-05-28T23:06:52.131Z,1895,A_linear,healthy,ascent,1.000,0.563,24.7,56.0,1.016,60.0,ascent,labview_bridge
ARO-01,2026-05-28T23:06:53.131Z,1896,A_linear,healthy,ascent,1.018,0.564,24.6,56.3,1.017,60.0,ascent,labview_bridge
ARO-01,2026-05-28T23:06:54.132Z,1897,A_linear,healthy,ascent,1.010,0.582,24.6,56.2,1.051,60.0,ascent,labview_bridge
ARO-01,2026-05-28T23:06:55.132Z,1898,A_linear,healthy,ascent,1.002,0.573,24.6,56.5,1.035,60.0,ascent,labview_bridge
ARO-01,2026-05-28T23:06:56.132Z,1899,A_linear,healthy,ascent,1.025,0.562,24.6,56.4,1.015,60.0,ascent,labview_bridge
ARO-01,2026-05-28T23:06:57.133Z,1900,A_linear,healthy,ascent,0.989,0.574,24.5,56.1,1.035,60.0,ascent,labview_bridge
ARO-01,2026-05-28T23:06:58.133Z,1901,A_linear,healthy,ascent,1.008,0.575,24.5,56.0,1.037,60.0,ascent,labview_bridge
ARO-01,2026-05-28T23:06:59.134Z,1902,A_linear,healthy,ascent,1.011,0.569,24.4,55.8,1.027,60.0,ascent,labview_bridge
ARO-01,2026-05-28T23:07:00.134Z,1903,A_linear,healthy,ascent,0.989,0.561,24.4,55.9,1.013,60.0,ascent,labview_bridge
ARO-01,2026-05-28T23:07:01.134Z,1904,A_linear,healthy,descent,0.985,0.357,24.3,56.2,0.644,60.0,descent,labview_bridge
ARO-01,2026-05-28T23:07:02.135Z,1905,A_linear,healthy,descent,0.980,0.358,24.3,56.2,0.646,60.0,descent,labview_bridge
ARO-01,2026-05-28T23:07:03.135Z,1906,A_linear,healthy,descent,0.983,0.354,24.3,56.2,0.639,60.0,descent,labview_bridge
ARO-01,2026-05-28T23:07:04.136Z,1907,A_linear,healthy,descent,0.973,0.339,24.4,56.1,0.612,60.0,descent,labview_bridge
ARO-01,2026-05-28T23:07:05.136Z,1908,A_linear,healthy,descent,0.989,0.348,24.5,56.1,0.628,60.0,descent,labview_bridge
ARO-01,2026-05-28T23:07:06.137Z,1909,A_linear,healthy,descent,0.959,0.341,24.5,56.0,0.616,60.0,descent,labview_bridge
ARO-01,2026-05-28T23:07:07.137Z,1910,A_linear,healthy,descent,0.964,0.340,24.5,55.7,0.614,60.0,descent,labview_bridge
ARO-01,2026-05-28T23:07:08.138Z,1911,A_linear,healthy,descent,0.927,0.355,24.4,55.7,0.640,60.0,descent,labview_bridge
ARO-01,2026-05-28T23:07:09.139Z,1912,A_linear,healthy,descent,0.921,0.338,24.4,55.9,0.610,60.0,descent,labview_bridge
ARO-01,2026-05-28T23:07:10.141Z,1913,A_linear,healthy,descent,0.920,0.341,24.5,56.1,0.614,60.0,descent,labview_bridge
ARO-01,2026-05-28T23:07:11.141Z,1914,A_linear,healthy,descent,0.927,0.352,24.4,56.7,0.634,60.0,descent,labview_bridge
ARO-01,2026-05-28T23:07:12.142Z,1915,A_linear,healthy,descent,0.926,0.347,24.5,56.6,0.625,60.0,descent,labview_bridge
ARO-01,2026-05-28T23:07:13.143Z,1916,A_linear,healthy,pause,0.898,0.003,24.5,56.7,0.006,60.0,pause,labview_bridge
ARO-01,2026-05-28T23:07:14.143Z,1917,A_linear,healthy,pause,0.892,0.001,24.5,56.9,0.002,60.0,pause,labview_bridge
ARO-01,2026-05-28T23:07:15.144Z,1918,A_linear,healthy,pause,0.877,0.000,24.4,56.9,0.000,60.0,pause,labview_bridge
ARO-01,2026-05-28T23:07:16.144Z,1919,A_linear,healthy,pause,0.880,0.000,24.4,57.1,0.000,60.0,pause,labview_bridge
ARO-01,2026-05-28T23:07:17.145Z,1920,A_linear,healthy,pause,0.913,0.000,24.4,56.7,0.000,60.0,pause,labview_bridge
ARO-01,2026-05-28T23:07:18.146Z,1921,A_linear,healthy,pause,0.884,0.008,24.2,56.6,0.015,60.0,pause,labview_bridge
ARO-01,2026-05-28T23:07:19.146Z,1922,A_linear,healthy,pause,0.862,0.000,24.2,56.7,0.000,60.0,pause,labview_bridge
ARO-01,2026-05-28T23:07:20.147Z,1923,A_linear,healthy,pause,0.914,0.000,24.1,56.4,0.000,60.0,pause,labview_bridge
ARO-01,2026-05-28T23:07:21.147Z,1924,A_linear,healthy,pause,0.886,0.000,24.0,56.4,0.000,60.0,pause,labview_bridge
ARO-01,2026-05-28T23:07:22.148Z,1925,A_linear,healthy,pause,0.898,0.000,24.0,56.3,0.000,60.0,pause,labview_bridge
ARO-01,2026-05-28T23:07:23.148Z,1926,A_linear,healthy,pause,0.909,0.000,24.0,56.3,0.000,60.0,pause,labview_bridge
ARO-01,2026-05-28T23:07:24.149Z,1927,A_linear,healthy,pause,0.899,0.012,23.9,56.5,0.021,60.0,pause,labview_bridge
ARO-01,2026-05-28T23:07:25.150Z,1928,A_linear,healthy,pause,0.917,0.005,24.0,56.2,0.009,60.0,pause,labview_bridge
ARO-01,2026-05-28T23:07:26.150Z,1929,A_linear,healthy,pause,0.926,0.002,23.9,56.2,0.003,60.0,pause,labview_bridge
ARO-01,2026-05-28T23:07:27.151Z,1930,A_linear,healthy,pause,0.903,0.007,23.9,56.1,0.012,60.0,pause,labview_bridge
ARO-01,2026-05-28T23:07:28.152Z,1931,A_linear,healthy,pause,0.912,0.001,23.9,55.8,0.001,60.0,pause,labview_bridge
ARO-01,2026-05-28T23:07:29.152Z,1932,A_linear,healthy,pause,0.944,0.000,23.8,55.9,0.000,60.0,pause,labview_bridge
ARO-01,2026-05-28T23:07:30.153Z,1933,A_linear,healthy,pause,0.955,0.005,23.9,56.0,0.009,60.0,pause,labview_bridge
ARO-01,2026-05-28T23:07:31.154Z,1934,A_linear,healthy,pause,0.965,0.000,23.9,55.9,0.000,60.0,pause,labview_bridge
ARO-01,2026-05-28T23:07:32.155Z,1935,A_linear,healthy,pause,0.981,0.004,23.8,55.7,0.007,60.0,pause,labview_bridge
ARO-01,2026-05-28T23:07:33.156Z,1936,A_linear,healthy,ascent,0.971,0.705,23.9,55.7,1.271,90.0,ascent,labview_bridge
ARO-01,2026-05-28T23:07:34.156Z,1937,A_linear,healthy,ascent,1.001,0.690,24.0,56.1,1.245,90.0,ascent,labview_bridge
ARO-01,2026-05-28T23:07:35.157Z,1938,A_linear,healthy,ascent,0.981,0.691,24.1,56.0,1.247,90.0,ascent,labview_bridge
ARO-01,2026-05-28T23:07:36.158Z,1939,A_linear,healthy,ascent,0.998,0.694,24.2,55.6,1.252,90.0,ascent,labview_bridge
ARO-01,2026-05-28T23:07:37.159Z,1940,A_linear,healthy,ascent,1.004,0.688,24.2,55.3,1.241,90.0,ascent,labview_bridge
ARO-01,2026-05-28T23:07:38.159Z,1941,A_linear,healthy,ascent,1.013,0.687,24.2,55.4,1.239,90.0,ascent,labview_bridge
ARO-01,2026-05-28T23:07:39.160Z,1942,A_linear,healthy,ascent,1.009,0.690,24.1,55.6,1.246,90.0,ascent,labview_bridge
ARO-01,2026-05-28T23:07:40.161Z,1943,A_linear,healthy,ascent,1.006,0.688,24.2,55.5,1.241,90.0,ascent,labview_bridge
ARO-01,2026-05-28T23:07:41.161Z,1944,A_linear,healthy,ascent,0.993,0.697,24.2,55.7,1.258,90.0,ascent,labview_bridge
ARO-01,2026-05-28T23:07:42.162Z,1945,A_linear,healthy,ascent,1.008,0.682,24.3,55.7,1.230,90.0,ascent,labview_bridge
ARO-01,2026-05-28T23:07:43.162Z,1946,A_linear,healthy,ascent,0.986,0.695,24.3,55.4,1.253,90.0,ascent,labview_bridge
ARO-01,2026-05-28T23:07:44.163Z,1947,A_linear,healthy,ascent,0.988,0.689,24.3,55.7,1.243,90.0,ascent,labview_bridge
ARO-01,2026-05-28T23:07:45.164Z,1948,A_linear,healthy,descent,0.988,0.360,24.4,56.0,0.649,90.0,descent,labview_bridge
ARO-01,2026-05-28T23:07:46.165Z,1949,A_linear,healthy,descent,0.992,0.357,24.4,55.6,0.645,90.0,descent,labview_bridge
ARO-01,2026-05-28T23:07:47.166Z,1950,A_linear,healthy,descent,0.981,0.345,24.4,55.4,0.623,90.0,descent,labview_bridge
ARO-01,2026-05-28T23:07:48.167Z,1951,A_linear,healthy,descent,0.966,0.347,24.4,55.2,0.626,90.0,descent,labview_bridge
ARO-01,2026-05-28T23:07:49.168Z,1952,A_linear,healthy,descent,0.960,0.350,24.4,55.0,0.631,90.0,descent,labview_bridge
ARO-01,2026-05-28T23:07:50.168Z,1953,A_linear,healthy,descent,0.960,0.355,24.4,55.2,0.640,90.0,descent,labview_bridge
ARO-01,2026-05-28T23:07:51.170Z,1954,A_linear,healthy,descent,0.962,0.344,24.4,55.7,0.621,90.0,descent,labview_bridge
ARO-01,2026-05-28T23:07:52.170Z,1955,A_linear,healthy,descent,0.929,0.358,24.4,55.8,0.646,90.0,descent,labview_bridge
ARO-01,2026-05-28T23:07:53.171Z,1956,A_linear,healthy,descent,0.945,0.353,24.4,55.4,0.638,90.0,descent,labview_bridge
ARO-01,2026-05-28T23:07:54.172Z,1957,A_linear,healthy,descent,0.902,0.340,24.4,55.3,0.613,90.0,descent,labview_bridge
ARO-01,2026-05-28T23:07:55.172Z,1958,A_linear,healthy,descent,0.936,0.342,24.3,55.2,0.616,90.0,descent,labview_bridge
ARO-01,2026-05-28T23:07:56.173Z,1959,A_linear,healthy,descent,0.919,0.350,24.3,55.4,0.632,90.0,descent,labview_bridge
ARO-01,2026-05-28T23:07:57.174Z,1960,A_linear,healthy,pause,0.916,0.000,24.2,55.3,0.000,90.0,pause,labview_bridge
ARO-01,2026-05-28T23:07:58.174Z,1961,A_linear,healthy,pause,0.905,0.000,24.1,55.2,0.000,90.0,pause,labview_bridge
ARO-01,2026-05-28T23:07:59.175Z,1962,A_linear,healthy,pause,0.905,0.000,24.0,55.3,0.001,90.0,pause,labview_bridge
ARO-01,2026-05-28T23:08:00.176Z,1963,A_linear,healthy,pause,0.889,0.011,24.0,55.3,0.019,90.0,pause,labview_bridge
ARO-01,2026-05-28T23:08:01.177Z,1964,A_linear,healthy,pause,0.903,0.007,24.0,55.1,0.012,90.0,pause,labview_bridge
ARO-01,2026-05-28T23:08:02.178Z,1965,A_linear,healthy,pause,0.871,0.015,24.0,55.3,0.027,90.0,pause,labview_bridge
ARO-01,2026-05-28T23:08:03.179Z,1966,A_linear,healthy,pause,0.906,0.000,23.9,55.3,0.000,90.0,pause,labview_bridge
ARO-01,2026-05-28T23:08:04.180Z,1967,A_linear,healthy,pause,0.895,0.009,23.7,55.6,0.016,90.0,pause,labview_bridge
ARO-01,2026-05-28T23:08:05.180Z,1968,A_linear,healthy,pause,0.881,0.005,23.7,55.5,0.010,90.0,pause,labview_bridge
ARO-01,2026-05-28T23:08:06.181Z,1969,A_linear,healthy,pause,0.897,0.000,23.7,55.2,0.000,90.0,pause,labview_bridge
ARO-01,2026-05-28T23:08:07.181Z,1970,A_linear,healthy,pause,0.900,0.000,23.6,55.4,0.000,90.0,pause,labview_bridge
ARO-01,2026-05-28T23:08:08.182Z,1971,A_linear,healthy,pause,0.898,0.000,23.5,55.3,0.000,90.0,pause,labview_bridge
ARO-01,2026-05-28T23:08:09.183Z,1972,A_linear,healthy,pause,0.930,0.000,23.5,55.4,0.000,90.0,pause,labview_bridge
ARO-01,2026-05-28T23:08:10.184Z,1973,A_linear,healthy,pause,0.916,0.004,23.5,55.6,0.008,90.0,pause,labview_bridge
ARO-01,2026-05-28T23:08:11.185Z,1974,A_linear,healthy,pause,0.932,0.000,23.5,55.6,0.000,90.0,pause,labview_bridge
ARO-01,2026-05-28T23:08:12.185Z,1975,A_linear,healthy,pause,0.925,0.000,23.5,55.8,0.000,90.0,pause,labview_bridge
ARO-01,2026-05-28T23:08:13.186Z,1976,A_linear,healthy,pause,0.943,0.013,23.4,55.9,0.024,90.0,pause,labview_bridge
ARO-01,2026-05-28T23:08:14.187Z,1977,A_linear,healthy,pause,0.950,0.003,23.4,55.8,0.006,90.0,pause,labview_bridge
ARO-01,2026-05-28T23:08:15.188Z,1978,A_linear,healthy,pause,0.958,0.001,23.4,55.8,0.003,90.0,pause,labview_bridge
ARO-01,2026-05-28T23:08:16.189Z,1979,A_linear,healthy,pause,0.979,0.000,23.4,55.8,0.000,90.0,pause,labview_bridge
ARO-01,2026-05-28T23:08:17.190Z,1980,A_linear,healthy,ascent,0.981,0.689,23.6,55.6,1.244,90.0,ascent,labview_bridge
ARO-01,2026-05-28T23:08:18.191Z,1981,A_linear,healthy,ascent,1.000,0.701,23.7,55.5,1.265,90.0,ascent,labview_bridge
ARO-01,2026-05-28T23:08:19.191Z,1982,A_linear,healthy,ascent,0.994,0.687,23.8,55.5,1.240,90.0,ascent,labview_bridge
ARO-01,2026-05-28T23:08:20.192Z,1983,A_linear,healthy,ascent,0.969,0.691,23.8,55.7,1.246,90.0,ascent,labview_bridge
ARO-01,2026-05-28T23:08:21.193Z,1984,A_linear,healthy,ascent,1.001,0.697,23.8,55.5,1.257,90.0,ascent,labview_bridge
ARO-01,2026-05-28T23:08:22.193Z,1985,A_linear,healthy,ascent,0.996,0.693,23.9,55.5,1.250,90.0,ascent,labview_bridge
ARO-01,2026-05-28T23:08:23.194Z,1986,A_linear,healthy,ascent,1.004,0.702,24.0,55.6,1.266,90.0,ascent,labview_bridge
ARO-01,2026-05-28T23:08:24.195Z,1987,A_linear,healthy,ascent,1.022,0.702,23.9,55.7,1.266,90.0,ascent,labview_bridge
ARO-01,2026-05-28T23:08:25.196Z,1988,A_linear,healthy,ascent,1.011,0.709,23.8,55.6,1.278,90.0,ascent,labview_bridge
ARO-01,2026-05-28T23:08:26.196Z,1989,A_linear,healthy,ascent,0.999,0.699,23.9,55.7,1.261,90.0,ascent,labview_bridge
ARO-01,2026-05-28T23:08:27.197Z,1990,A_linear,healthy,ascent,1.027,0.698,23.9,56.1,1.259,90.0,ascent,labview_bridge
ARO-01,2026-05-28T23:08:28.198Z,1991,A_linear,healthy,ascent,1.008,0.703,23.8,56.1,1.269,90.0,ascent,labview_bridge
ARO-01,2026-05-28T23:08:29.199Z,1992,A_linear,healthy,descent,0.989,0.355,23.8,55.9,0.641,90.0,descent,labview_bridge
ARO-01,2026-05-28T23:08:30.199Z,1993,A_linear,healthy,descent,0.984,0.358,23.8,55.8,0.646,90.0,descent,labview_bridge
ARO-01,2026-05-28T23:08:31.200Z,1994,A_linear,healthy,descent,1.006,0.358,23.8,55.6,0.647,90.0,descent,labview_bridge
ARO-01,2026-05-28T23:08:32.201Z,1995,A_linear,healthy,descent,0.967,0.354,23.9,55.4,0.639,90.0,descent,labview_bridge
ARO-01,2026-05-28T23:08:33.202Z,1996,A_linear,healthy,descent,0.961,0.357,23.8,55.6,0.644,90.0,descent,labview_bridge
ARO-01,2026-05-28T23:08:34.202Z,1997,A_linear,healthy,descent,0.958,0.348,23.7,55.5,0.627,90.0,descent,labview_bridge
ARO-01,2026-05-28T23:08:35.203Z,1998,A_linear,healthy,descent,0.971,0.348,23.7,55.5,0.628,90.0,descent,labview_bridge
ARO-01,2026-05-28T23:08:36.204Z,1999,A_linear,healthy,descent,0.946,0.347,23.6,55.6,0.627,90.0,descent,labview_bridge
ARO-01,2026-05-28T23:08:37.205Z,2000,A_linear,healthy,descent,0.931,0.352,23.7,55.6,0.635,90.0,descent,labview_bridge
ARO-01,2026-05-28T23:08:38.205Z,2001,A_linear,healthy,descent,0.918,0.359,23.6,55.4,0.648,90.0,descent,labview_bridge
ARO-01,2026-05-28T23:08:39.206Z,2002,A_linear,healthy,descent,0.921,0.365,23.7,55.2,0.659,90.0,descent,labview_bridge
ARO-01,2026-05-28T23:08:40.207Z,2003,A_linear,healthy,descent,0.929,0.355,23.7,55.4,0.641,90.0,descent,labview_bridge
ARO-01,2026-05-28T23:08:41.211Z,2004,A_linear,healthy,pause,0.898,0.004,23.6,55.4,0.007,90.0,pause,labview_bridge
ARO-01,2026-05-28T23:08:42.211Z,2005,A_linear,healthy,pause,0.899,0.000,23.6,55.7,0.000,90.0,pause,labview_bridge
ARO-01,2026-05-28T23:08:43.212Z,2006,A_linear,healthy,pause,0.877,0.003,23.6,55.8,0.005,90.0,pause,labview_bridge
ARO-01,2026-05-28T23:08:44.213Z,2007,A_linear,healthy,pause,0.869,0.007,23.6,55.9,0.012,90.0,pause,labview_bridge
ARO-01,2026-05-28T23:08:45.214Z,2008,A_linear,healthy,pause,0.898,0.000,23.5,55.6,0.000,90.0,pause,labview_bridge
ARO-01,2026-05-28T23:08:46.215Z,2009,A_linear,healthy,pause,0.883,0.000,23.5,55.6,0.000,90.0,pause,labview_bridge
ARO-01,2026-05-28T23:08:47.215Z,2010,A_linear,healthy,pause,0.908,0.000,23.4,55.6,0.000,90.0,pause,labview_bridge
ARO-01,2026-05-28T23:08:48.216Z,2011,A_linear,healthy,pause,0.883,0.013,23.4,55.6,0.023,90.0,pause,labview_bridge
ARO-01,2026-05-28T23:08:49.216Z,2012,A_linear,healthy,pause,0.892,0.006,23.3,55.5,0.010,90.0,pause,labview_bridge
ARO-01,2026-05-28T23:08:50.217Z,2013,A_linear,healthy,pause,0.898,0.002,23.2,55.4,0.004,90.0,pause,labview_bridge
ARO-01,2026-05-28T23:08:51.218Z,2014,A_linear,healthy,pause,0.923,0.010,23.1,55.3,0.019,90.0,pause,labview_bridge
ARO-01,2026-05-28T23:08:52.219Z,2015,A_linear,healthy,pause,0.909,0.010,23.0,55.6,0.018,90.0,pause,labview_bridge
ARO-01,2026-05-28T23:08:53.223Z,2016,A_linear,healthy,pause,0.918,0.000,22.9,55.5,0.000,90.0,pause,labview_bridge
ARO-01,2026-05-28T23:08:54.224Z,2017,A_linear,healthy,pause,0.913,0.002,22.9,55.5,0.004,90.0,pause,labview_bridge
ARO-01,2026-05-28T23:08:55.224Z,2018,A_linear,healthy,pause,0.924,0.000,22.8,55.4,0.000,90.0,pause,labview_bridge
ARO-01,2026-05-28T23:08:56.225Z,2019,A_linear,healthy,pause,0.935,0.004,22.8,55.8,0.007,90.0,pause,labview_bridge
ARO-01,2026-05-28T23:08:57.226Z,2020,A_linear,healthy,pause,0.943,0.000,22.8,55.7,0.000,90.0,pause,labview_bridge
ARO-01,2026-05-28T23:08:58.227Z,2021,A_linear,healthy,pause,0.946,0.008,22.8,55.2,0.014,90.0,pause,labview_bridge
ARO-01,2026-05-28T23:08:59.228Z,2022,A_linear,healthy,pause,0.974,0.004,22.8,55.3,0.008,90.0,pause,labview_bridge
ARO-01,2026-05-28T23:09:00.229Z,2023,A_linear,healthy,pause,0.978,0.001,22.7,55.7,0.001,90.0,pause,labview_bridge
ARO-01,2026-05-28T23:09:01.229Z,2024,A_linear,healthy,ascent,0.964,0.699,22.6,55.8,1.260,90.0,ascent,labview_bridge
ARO-01,2026-05-28T23:09:02.230Z,2025,A_linear,healthy,ascent,1.012,0.693,22.8,55.6,1.251,90.0,ascent,labview_bridge
ARO-01,2026-05-28T23:09:03.231Z,2026,A_linear,healthy,ascent,1.017,0.697,22.8,55.8,1.258,90.0,ascent,labview_bridge
ARO-01,2026-05-28T23:09:04.231Z,2027,A_linear,healthy,ascent,0.995,0.698,22.9,55.7,1.259,90.0,ascent,labview_bridge
ARO-01,2026-05-28T23:09:05.232Z,2028,A_linear,healthy,ascent,1.020,0.694,23.0,55.5,1.252,90.0,ascent,labview_bridge
ARO-01,2026-05-28T23:09:06.233Z,2029,A_linear,healthy,ascent,0.995,0.691,23.0,55.3,1.247,90.0,ascent,labview_bridge
ARO-01,2026-05-28T23:09:07.234Z,2030,A_linear,healthy,ascent,1.016,0.683,23.1,55.3,1.233,90.0,ascent,labview_bridge
ARO-01,2026-05-28T23:09:08.234Z,2031,A_linear,healthy,ascent,1.015,0.681,23.2,55.3,1.228,90.0,ascent,labview_bridge
ARO-01,2026-05-28T23:09:09.235Z,2032,A_linear,healthy,ascent,1.020,0.682,23.1,55.0,1.231,90.0,ascent,labview_bridge
ARO-01,2026-05-28T23:09:10.236Z,2033,A_linear,healthy,ascent,1.008,0.693,23.3,55.0,1.251,90.0,ascent,labview_bridge
ARO-01,2026-05-28T23:09:11.236Z,2034,A_linear,healthy,ascent,1.011,0.702,23.3,55.0,1.266,90.0,ascent,labview_bridge
ARO-01,2026-05-28T23:09:12.237Z,2035,A_linear,healthy,ascent,1.007,0.697,23.3,55.2,1.257,90.0,ascent,labview_bridge
ARO-01,2026-05-28T23:09:13.238Z,2036,A_linear,healthy,descent,0.977,0.368,23.3,55.5,0.665,90.0,descent,labview_bridge
ARO-01,2026-05-28T23:09:14.238Z,2037,A_linear,healthy,descent,0.993,0.343,23.4,55.3,0.620,90.0,descent,labview_bridge
ARO-01,2026-05-28T23:09:15.239Z,2038,A_linear,healthy,descent,0.989,0.347,23.4,55.4,0.625,90.0,descent,labview_bridge
ARO-01,2026-05-28T23:09:16.239Z,2039,A_linear,healthy,descent,0.987,0.342,23.4,55.5,0.617,90.0,descent,labview_bridge
ARO-01,2026-05-28T23:09:17.240Z,2040,A_linear,healthy,descent,0.969,0.363,23.5,55.4,0.655,90.0,descent,labview_bridge
ARO-01,2026-05-28T23:09:18.241Z,2041,A_linear,healthy,descent,0.979,0.350,23.6,55.3,0.632,90.0,descent,labview_bridge
ARO-01,2026-05-28T23:09:19.242Z,2042,A_linear,healthy,descent,0.950,0.352,23.6,55.5,0.635,90.0,descent,labview_bridge
ARO-01,2026-05-28T23:09:20.243Z,2043,A_linear,healthy,descent,0.938,0.347,23.5,55.5,0.625,90.0,descent,labview_bridge
ARO-01,2026-05-28T23:09:21.243Z,2044,A_linear,healthy,descent,0.927,0.349,23.6,55.4,0.630,90.0,descent,labview_bridge
ARO-01,2026-05-28T23:09:22.244Z,2045,A_linear,healthy,descent,0.912,0.343,23.6,55.5,0.618,90.0,descent,labview_bridge
ARO-01,2026-05-28T23:09:23.245Z,2046,A_linear,healthy,descent,0.927,0.353,23.5,55.5,0.636,90.0,descent,labview_bridge
ARO-01,2026-05-28T23:09:24.246Z,2047,A_linear,healthy,descent,0.913,0.347,23.4,55.5,0.626,90.0,descent,labview_bridge
ARO-01,2026-05-28T23:09:25.247Z,2048,A_linear,healthy,pause,0.905,0.004,23.3,55.3,0.008,90.0,pause,labview_bridge
ARO-01,2026-05-28T23:09:26.248Z,2049,A_linear,healthy,pause,0.905,0.000,23.2,55.3,0.000,90.0,pause,labview_bridge
ARO-01,2026-05-28T23:09:27.248Z,2050,A_linear,healthy,pause,0.914,0.006,23.2,55.2,0.012,90.0,pause,labview_bridge
ARO-01,2026-05-28T23:09:28.249Z,2051,A_linear,healthy,pause,0.890,0.000,23.1,55.3,0.000,90.0,pause,labview_bridge
ARO-01,2026-05-28T23:09:29.250Z,2052,A_linear,healthy,pause,0.893,0.003,23.1,55.1,0.006,90.0,pause,labview_bridge
ARO-01,2026-05-28T23:09:30.251Z,2053,A_linear,healthy,pause,0.883,0.000,22.9,55.3,0.000,90.0,pause,labview_bridge
ARO-01,2026-05-28T23:09:31.252Z,2054,A_linear,healthy,pause,0.883,0.000,22.9,55.5,0.000,90.0,pause,labview_bridge
ARO-01,2026-05-28T23:09:32.252Z,2055,A_linear,healthy,pause,0.876,0.000,22.8,55.5,0.000,90.0,pause,labview_bridge
ARO-01,2026-05-28T23:09:33.253Z,2056,A_linear,healthy,pause,0.888,0.016,22.9,55.7,0.028,90.0,pause,labview_bridge
ARO-01,2026-05-28T23:09:34.254Z,2057,A_linear,healthy,pause,0.895,0.000,22.8,55.3,0.001,90.0,pause,labview_bridge
ARO-01,2026-05-28T23:09:35.255Z,2058,A_linear,healthy,pause,0.900,0.003,22.8,55.1,0.005,90.0,pause,labview_bridge
ARO-01,2026-05-28T23:09:36.256Z,2059,A_linear,healthy,pause,0.903,0.000,22.7,55.1,0.000,90.0,pause,labview_bridge
ARO-01,2026-05-28T23:09:37.257Z,2060,A_linear,healthy,pause,0.895,0.000,22.7,55.0,0.000,90.0,pause,labview_bridge
ARO-01,2026-05-28T23:09:38.258Z,2061,A_linear,healthy,pause,0.914,0.001,22.8,55.0,0.002,90.0,pause,labview_bridge
ARO-01,2026-05-28T23:09:39.259Z,2062,A_linear,healthy,pause,0.940,0.003,22.8,55.0,0.005,90.0,pause,labview_bridge
ARO-01,2026-05-28T23:09:40.259Z,2063,A_linear,healthy,pause,0.937,0.000,22.7,55.2,0.000,90.0,pause,labview_bridge
ARO-01,2026-05-28T23:09:41.260Z,2064,A_linear,healthy,pause,0.962,0.003,22.5,55.3,0.006,90.0,pause,labview_bridge
ARO-01,2026-05-28T23:09:42.260Z,2065,A_linear,healthy,pause,0.946,0.001,22.5,55.3,0.002,90.0,pause,labview_bridge
ARO-01,2026-05-28T23:09:43.261Z,2066,A_linear,healthy,pause,0.984,0.000,22.5,55.3,0.000,90.0,pause,labview_bridge
ARO-01,2026-05-28T23:09:44.262Z,2067,A_linear,healthy,pause,1.004,0.000,22.5,55.3,0.000,90.0,pause,labview_bridge
ARO-01,2026-05-28T23:09:45.263Z,2068,A_linear,healthy,ascent,0.972,0.680,22.6,55.1,1.227,90.0,ascent,labview_bridge
ARO-01,2026-05-28T23:09:46.263Z,2069,A_linear,healthy,ascent,0.991,0.700,22.7,55.3,1.262,90.0,ascent,labview_bridge
ARO-01,2026-05-28T23:09:47.264Z,2070,A_linear,healthy,ascent,0.991,0.705,22.8,55.3,1.271,90.0,ascent,labview_bridge
ARO-01,2026-05-28T23:09:48.265Z,2071,A_linear,healthy,ascent,1.000,0.701,22.8,55.2,1.264,90.0,ascent,labview_bridge
ARO-01,2026-05-28T23:09:49.271Z,2072,A_linear,healthy,ascent,1.012,0.685,22.9,55.4,1.236,90.0,ascent,labview_bridge
ARO-01,2026-05-28T23:09:50.271Z,2073,A_linear,healthy,ascent,1.014,0.700,23.0,55.2,1.264,90.0,ascent,labview_bridge
ARO-01,2026-05-28T23:09:51.272Z,2074,A_linear,healthy,ascent,0.986,0.718,23.0,55.0,1.296,90.0,ascent,labview_bridge
ARO-01,2026-05-28T23:09:52.273Z,2075,A_linear,healthy,ascent,0.998,0.697,23.1,55.0,1.257,90.0,ascent,labview_bridge
ARO-01,2026-05-28T23:09:53.274Z,2076,A_linear,healthy,ascent,1.015,0.697,23.1,55.0,1.258,90.0,ascent,labview_bridge
ARO-01,2026-05-28T23:09:54.275Z,2077,A_linear,healthy,ascent,0.999,0.682,23.2,55.0,1.231,90.0,ascent,labview_bridge
ARO-01,2026-05-28T23:09:55.276Z,2078,A_linear,healthy,ascent,1.008,0.697,23.3,55.2,1.257,90.0,ascent,labview_bridge
ARO-01,2026-05-28T23:09:56.277Z,2079,A_linear,healthy,ascent,0.999,0.698,23.4,55.2,1.260,90.0,ascent,labview_bridge
ARO-01,2026-05-28T23:09:57.277Z,2080,A_linear,healthy,descent,1.033,0.353,23.3,55.5,0.637,90.0,descent,labview_bridge
ARO-01,2026-05-28T23:09:58.278Z,2081,A_linear,healthy,descent,1.017,0.349,23.2,55.4,0.630,90.0,descent,labview_bridge
ARO-01,2026-05-28T23:09:59.279Z,2082,A_linear,healthy,descent,0.988,0.356,23.1,55.3,0.642,90.0,descent,labview_bridge
ARO-01,2026-05-28T23:10:00.279Z,2083,A_linear,healthy,descent,0.967,0.347,23.1,55.4,0.625,90.0,descent,labview_bridge
ARO-01,2026-05-28T23:10:01.280Z,2084,A_linear,healthy,descent,0.973,0.356,22.9,55.8,0.642,90.0,descent,labview_bridge
ARO-01,2026-05-28T23:10:02.281Z,2085,A_linear,healthy,descent,0.958,0.347,22.8,55.4,0.625,90.0,descent,labview_bridge
ARO-01,2026-05-28T23:10:03.281Z,2086,A_linear,healthy,descent,0.986,0.363,22.9,55.3,0.655,90.0,descent,labview_bridge
ARO-01,2026-05-28T23:10:04.282Z,2087,A_linear,healthy,descent,0.955,0.341,22.8,55.2,0.616,90.0,descent,labview_bridge
ARO-01,2026-05-28T23:10:05.282Z,2088,A_linear,healthy,descent,0.958,0.356,22.8,55.0,0.642,90.0,descent,labview_bridge
ARO-01,2026-05-28T23:10:06.283Z,2089,A_linear,healthy,descent,0.928,0.349,22.8,55.0,0.629,90.0,descent,labview_bridge
ARO-01,2026-05-28T23:10:07.289Z,2090,A_linear,healthy,descent,0.920,0.350,22.9,55.0,0.631,90.0,descent,labview_bridge
ARO-01,2026-05-28T23:10:08.289Z,2091,A_linear,healthy,descent,0.918,0.349,22.9,55.0,0.630,90.0,descent,labview_bridge
ARO-01,2026-05-28T23:10:09.290Z,2092,A_linear,healthy,pause,0.902,0.000,22.8,55.0,0.000,90.0,pause,labview_bridge
ARO-01,2026-05-28T23:10:10.291Z,2093,A_linear,healthy,pause,0.901,0.000,22.9,55.0,0.000,90.0,pause,labview_bridge
ARO-01,2026-05-28T23:10:11.292Z,2094,A_linear,healthy,pause,0.891,0.000,22.9,55.0,0.000,90.0,pause,labview_bridge
ARO-01,2026-05-28T23:10:12.296Z,2095,A_linear,healthy,pause,0.908,0.000,22.9,55.0,0.000,90.0,pause,labview_bridge
ARO-01,2026-05-28T23:10:13.297Z,2096,A_linear,healthy,pause,0.880,0.000,22.7,55.0,0.000,90.0,pause,labview_bridge
ARO-01,2026-05-28T23:10:14.297Z,2097,A_linear,healthy,pause,0.906,0.006,22.6,55.0,0.012,90.0,pause,labview_bridge
ARO-01,2026-05-28T23:10:15.298Z,2098,A_linear,healthy,pause,0.898,0.000,22.5,55.0,0.000,90.0,pause,labview_bridge
ARO-01,2026-05-28T23:10:16.306Z,2099,A_linear,healthy,pause,0.906,0.002,22.6,55.0,0.004,90.0,pause,labview_bridge
ARO-01,2026-05-28T23:10:17.307Z,2100,A_linear,healthy,pause,0.905,0.000,22.6,55.4,0.000,90.0,pause,labview_bridge
ARO-01,2026-05-28T23:10:18.308Z,2101,A_linear,healthy,pause,0.898,0.002,22.6,55.3,0.003,90.0,pause,labview_bridge
ARO-01,2026-05-28T23:10:19.308Z,2102,A_linear,healthy,pause,0.921,0.010,22.5,55.3,0.017,90.0,pause,labview_bridge
ARO-01,2026-05-28T23:10:20.309Z,2103,A_linear,healthy,pause,0.919,0.000,22.5,55.4,0.000,90.0,pause,labview_bridge
ARO-01,2026-05-28T23:10:21.310Z,2104,A_linear,healthy,pause,0.915,0.000,22.3,55.0,0.000,90.0,pause,labview_bridge
ARO-01,2026-05-28T23:10:22.310Z,2105,A_linear,healthy,pause,0.916,0.004,22.2,55.0,0.008,90.0,pause,labview_bridge
ARO-01,2026-05-28T23:10:23.311Z,2106,A_linear,healthy,pause,0.937,0.001,22.2,55.0,0.002,90.0,pause,labview_bridge
ARO-01,2026-05-28T23:10:24.312Z,2107,A_linear,healthy,pause,0.937,0.000,22.1,55.0,0.000,90.0,pause,labview_bridge
ARO-01,2026-05-28T23:10:25.312Z,2108,A_linear,healthy,pause,0.939,0.004,22.2,55.0,0.008,90.0,pause,labview_bridge
ARO-01,2026-05-28T23:10:26.312Z,2109,A_linear,healthy,pause,0.951,0.003,22.1,55.0,0.005,90.0,pause,labview_bridge
ARO-01,2026-05-28T23:10:27.313Z,2110,A_linear,healthy,pause,0.970,0.004,22.0,55.2,0.008,90.0,pause,labview_bridge
ARO-01,2026-05-28T23:10:28.314Z,2111,A_linear,healthy,pause,0.976,0.000,22.1,55.0,0.000,90.0,pause,labview_bridge
ARO-01,2026-05-28T23:10:29.315Z,2112,A_linear,healthy,ascent,1.001,0.690,22.1,55.0,1.246,90.0,ascent,labview_bridge
ARO-01,2026-05-28T23:10:30.315Z,2113,A_linear,healthy,ascent,1.011,0.693,22.1,55.2,1.250,90.0,ascent,labview_bridge
ARO-01,2026-05-28T23:10:31.316Z,2114,A_linear,healthy,ascent,0.990,0.692,22.2,55.0,1.248,90.0,ascent,labview_bridge
ARO-01,2026-05-28T23:10:32.317Z,2115,A_linear,healthy,ascent,1.020,0.695,22.3,55.2,1.254,90.0,ascent,labview_bridge
ARO-01,2026-05-28T23:10:33.317Z,2116,A_linear,healthy,ascent,1.008,0.698,22.3,55.3,1.260,90.0,ascent,labview_bridge
ARO-01,2026-05-28T23:10:34.322Z,2117,A_linear,healthy,ascent,1.020,0.688,22.2,55.1,1.241,90.0,ascent,labview_bridge
ARO-01,2026-05-28T23:10:35.323Z,2118,A_linear,healthy,ascent,1.008,0.707,22.3,55.0,1.276,90.0,ascent,labview_bridge
ARO-01,2026-05-28T23:10:36.324Z,2119,A_linear,healthy,ascent,1.000,0.694,22.4,55.0,1.252,90.0,ascent,labview_bridge
ARO-01,2026-05-28T23:10:37.325Z,2120,A_linear,healthy,ascent,1.005,0.689,22.4,55.2,1.242,90.0,ascent,labview_bridge
ARO-01,2026-05-28T23:10:38.326Z,2121,A_linear,healthy,ascent,1.016,0.701,22.4,55.0,1.264,90.0,ascent,labview_bridge
ARO-01,2026-05-28T23:10:39.327Z,2122,A_linear,healthy,ascent,0.991,0.684,22.4,55.0,1.233,90.0,ascent,labview_bridge
ARO-01,2026-05-28T23:10:40.327Z,2123,A_linear,healthy,ascent,1.002,0.684,22.4,55.1,1.234,90.0,ascent,labview_bridge
ARO-01,2026-05-28T23:10:41.328Z,2124,A_linear,healthy,descent,0.982,0.347,22.5,55.0,0.626,90.0,descent,labview_bridge
ARO-01,2026-05-28T23:10:42.328Z,2125,A_linear,healthy,descent,1.012,0.343,22.4,55.0,0.619,90.0,descent,labview_bridge
ARO-01,2026-05-28T23:10:43.329Z,2126,A_linear,healthy,descent,0.986,0.337,22.4,55.0,0.609,90.0,descent,labview_bridge
ARO-01,2026-05-28T23:10:44.330Z,2127,A_linear,healthy,descent,0.989,0.345,22.4,55.0,0.622,90.0,descent,labview_bridge
ARO-01,2026-05-28T23:10:45.331Z,2128,A_linear,healthy,descent,0.980,0.337,22.3,55.0,0.608,90.0,descent,labview_bridge
ARO-01,2026-05-28T23:10:46.331Z,2129,A_linear,healthy,descent,0.962,0.352,22.4,55.0,0.635,90.0,descent,labview_bridge
ARO-01,2026-05-28T23:10:47.332Z,2130,A_linear,healthy,descent,0.955,0.342,22.3,55.0,0.617,90.0,descent,labview_bridge
ARO-01,2026-05-28T23:10:48.333Z,2131,A_linear,healthy,descent,0.952,0.368,22.4,55.2,0.664,90.0,descent,labview_bridge
ARO-01,2026-05-28T23:10:49.334Z,2132,A_linear,healthy,descent,0.942,0.342,22.4,55.1,0.618,90.0,descent,labview_bridge
ARO-01,2026-05-28T23:10:50.335Z,2133,A_linear,healthy,descent,0.957,0.344,22.4,55.0,0.620,90.0,descent,labview_bridge
ARO-01,2026-05-28T23:10:51.336Z,2134,A_linear,healthy,descent,0.917,0.351,22.5,55.0,0.633,90.0,descent,labview_bridge
ARO-01,2026-05-28T23:10:52.339Z,2135,A_linear,healthy,descent,0.914,0.361,22.4,55.0,0.652,90.0,descent,labview_bridge
ARO-01,2026-05-28T23:10:53.340Z,2136,A_linear,healthy,pause,0.919,0.008,22.3,55.0,0.014,90.0,pause,labview_bridge
ARO-01,2026-05-28T23:10:54.341Z,2137,A_linear,healthy,pause,0.900,0.009,22.2,55.0,0.016,90.0,pause,labview_bridge
ARO-01,2026-05-28T23:10:55.341Z,2138,A_linear,healthy,pause,0.897,0.000,22.1,55.1,0.000,90.0,pause,labview_bridge
ARO-01,2026-05-28T23:10:56.342Z,2139,A_linear,healthy,pause,0.896,0.000,22.0,55.3,0.000,90.0,pause,labview_bridge
ARO-01,2026-05-28T23:10:57.343Z,2140,A_linear,healthy,pause,0.896,0.000,22.1,55.4,0.000,90.0,pause,labview_bridge
ARO-01,2026-05-28T23:10:58.343Z,2141,A_linear,healthy,pause,0.875,0.009,22.1,55.3,0.016,90.0,pause,labview_bridge
ARO-01,2026-05-28T23:10:59.344Z,2142,A_linear,healthy,pause,0.908,0.000,22.1,55.3,0.000,90.0,pause,labview_bridge
ARO-01,2026-05-28T23:11:00.345Z,2143,A_linear,healthy,pause,0.896,0.000,21.9,55.3,0.000,90.0,pause,labview_bridge
ARO-01,2026-05-28T23:11:01.345Z,2144,A_linear,healthy,pause,0.896,0.005,21.9,55.2,0.008,90.0,pause,labview_bridge
ARO-01,2026-05-28T23:11:02.346Z,2145,A_linear,healthy,pause,0.917,0.000,21.8,55.1,0.000,90.0,pause,labview_bridge
ARO-01,2026-05-28T23:11:03.347Z,2146,A_linear,healthy,pause,0.885,0.002,21.8,55.1,0.004,90.0,pause,labview_bridge
ARO-01,2026-05-28T23:11:04.348Z,2147,A_linear,healthy,pause,0.909,0.005,21.8,55.0,0.010,90.0,pause,labview_bridge
ARO-01,2026-05-28T23:11:05.348Z,2148,A_linear,healthy,pause,0.919,0.000,21.7,55.1,0.000,90.0,pause,labview_bridge
ARO-01,2026-05-28T23:11:06.349Z,2149,A_linear,healthy,pause,0.925,0.000,21.6,55.0,0.000,90.0,pause,labview_bridge
ARO-01,2026-05-28T23:11:07.350Z,2150,A_linear,healthy,pause,0.921,0.000,21.6,55.1,0.000,90.0,pause,labview_bridge
ARO-01,2026-05-28T23:11:08.350Z,2151,A_linear,healthy,pause,0.952,0.002,21.6,55.0,0.004,90.0,pause,labview_bridge
ARO-01,2026-05-28T23:11:09.351Z,2152,A_linear,healthy,pause,0.951,0.000,21.6,55.0,0.000,90.0,pause,labview_bridge
ARO-01,2026-05-28T23:11:10.355Z,2153,A_linear,healthy,pause,0.974,0.001,21.5,55.1,0.002,90.0,pause,labview_bridge
ARO-01,2026-05-28T23:11:11.355Z,2154,A_linear,healthy,pause,0.972,0.000,21.4,55.2,0.000,90.0,pause,labview_bridge
ARO-01,2026-05-28T23:11:12.356Z,2155,A_linear,healthy,pause,0.973,0.000,21.4,55.3,0.000,90.0,pause,labview_bridge
ARO-01,2026-05-28T23:11:13.357Z,2156,A_linear,healthy,ascent,0.987,0.374,21.4,55.3,0.674,15.0,ascent,labview_bridge
ARO-01,2026-05-28T23:11:14.357Z,2157,A_linear,healthy,ascent,1.001,0.372,21.4,55.6,0.671,15.0,ascent,labview_bridge
ARO-01,2026-05-28T23:11:15.358Z,2158,A_linear,healthy,ascent,0.965,0.382,21.5,55.2,0.689,15.0,ascent,labview_bridge
ARO-01,2026-05-28T23:11:16.359Z,2159,A_linear,healthy,ascent,1.007,0.379,21.5,55.1,0.684,15.0,ascent,labview_bridge
ARO-01,2026-05-28T23:11:17.360Z,2160,A_linear,healthy,ascent,1.006,0.385,21.6,55.0,0.695,15.0,ascent,labview_bridge
ARO-01,2026-05-28T23:11:18.360Z,2161,A_linear,healthy,ascent,1.011,0.372,21.7,55.1,0.671,15.0,ascent,labview_bridge
ARO-01,2026-05-28T23:11:19.361Z,2162,A_linear,healthy,ascent,1.023,0.371,21.7,55.2,0.669,15.0,ascent,labview_bridge
ARO-01,2026-05-28T23:11:20.361Z,2163,A_linear,healthy,ascent,1.011,0.370,21.7,55.4,0.667,15.0,ascent,labview_bridge
ARO-01,2026-05-28T23:11:21.362Z,2164,A_linear,healthy,ascent,1.015,0.375,21.8,55.3,0.677,15.0,ascent,labview_bridge
ARO-01,2026-05-28T23:11:22.363Z,2165,A_linear,healthy,ascent,1.010,0.380,21.9,55.3,0.686,15.0,ascent,labview_bridge
ARO-01,2026-05-28T23:11:23.363Z,2166,A_linear,healthy,ascent,1.023,0.376,22.0,55.3,0.679,15.0,ascent,labview_bridge
ARO-01,2026-05-28T23:11:24.364Z,2167,A_linear,healthy,ascent,1.016,0.378,22.0,55.3,0.682,15.0,ascent,labview_bridge
ARO-01,2026-05-28T23:11:25.364Z,2168,A_linear,healthy,descent,0.998,0.354,22.0,55.1,0.638,15.0,descent,labview_bridge
ARO-01,2026-05-28T23:11:26.365Z,2169,A_linear,healthy,descent,1.011,0.350,22.0,55.0,0.631,15.0,descent,labview_bridge
ARO-01,2026-05-28T23:11:27.366Z,2170,A_linear,healthy,descent,0.969,0.347,22.0,55.1,0.627,15.0,descent,labview_bridge
ARO-01,2026-05-28T23:11:28.371Z,2171,A_linear,healthy,descent,0.977,0.343,21.8,55.1,0.619,15.0,descent,labview_bridge
ARO-01,2026-05-28T23:11:29.372Z,2172,A_linear,healthy,descent,0.956,0.350,21.7,55.0,0.632,15.0,descent,labview_bridge
ARO-01,2026-05-28T23:11:30.372Z,2173,A_linear,healthy,descent,0.963,0.361,21.7,55.0,0.652,15.0,descent,labview_bridge
ARO-01,2026-05-28T23:11:31.373Z,2174,A_linear,healthy,descent,0.979,0.352,21.7,55.0,0.634,15.0,descent,labview_bridge
ARO-01,2026-05-28T23:11:32.374Z,2175,A_linear,healthy,descent,0.972,0.352,21.6,55.0,0.635,15.0,descent,labview_bridge
ARO-01,2026-05-28T23:11:33.375Z,2176,A_linear,healthy,descent,0.938,0.356,21.8,55.1,0.642,15.0,descent,labview_bridge
ARO-01,2026-05-28T23:11:34.375Z,2177,A_linear,healthy,descent,0.907,0.336,21.8,55.2,0.606,15.0,descent,labview_bridge
ARO-01,2026-05-28T23:11:35.376Z,2178,A_linear,healthy,descent,0.924,0.364,21.7,55.0,0.657,15.0,descent,labview_bridge
ARO-01,2026-05-28T23:11:36.377Z,2179,A_linear,healthy,descent,0.907,0.358,21.6,55.0,0.645,15.0,descent,labview_bridge
ARO-01,2026-05-28T23:11:37.377Z,2180,A_linear,healthy,pause,0.912,0.000,21.7,55.0,0.000,15.0,pause,labview_bridge
ARO-01,2026-05-28T23:11:38.378Z,2181,A_linear,healthy,pause,0.894,0.000,21.6,55.3,0.000,15.0,pause,labview_bridge
ARO-01,2026-05-28T23:11:39.379Z,2182,A_linear,healthy,pause,0.897,0.002,21.5,55.5,0.004,15.0,pause,labview_bridge
ARO-01,2026-05-28T23:11:40.380Z,2183,A_linear,healthy,pause,0.922,0.001,21.5,55.5,0.001,15.0,pause,labview_bridge
ARO-01,2026-05-28T23:11:41.380Z,2184,A_linear,healthy,pause,0.876,0.000,21.3,55.5,0.000,15.0,pause,labview_bridge
ARO-01,2026-05-28T23:11:42.381Z,2185,A_linear,healthy,pause,0.915,0.000,21.3,55.6,0.000,15.0,pause,labview_bridge
ARO-01,2026-05-28T23:11:43.385Z,2186,A_linear,healthy,pause,0.880,0.002,21.3,55.5,0.004,15.0,pause,labview_bridge
ARO-01,2026-05-28T23:11:44.386Z,2187,A_linear,healthy,pause,0.892,0.001,21.3,55.5,0.001,15.0,pause,labview_bridge
ARO-01,2026-05-28T23:11:45.386Z,2188,A_linear,healthy,pause,0.928,0.007,21.3,55.5,0.012,15.0,pause,labview_bridge
ARO-01,2026-05-28T23:11:46.387Z,2189,A_linear,healthy,pause,0.915,0.000,21.3,55.7,0.000,15.0,pause,labview_bridge
ARO-01,2026-05-28T23:11:47.388Z,2190,A_linear,healthy,pause,0.903,0.000,21.4,55.7,0.000,15.0,pause,labview_bridge
ARO-01,2026-05-28T23:11:48.388Z,2191,A_linear,healthy,pause,0.907,0.000,21.4,55.4,0.001,15.0,pause,labview_bridge
ARO-01,2026-05-28T23:11:49.389Z,2192,A_linear,healthy,pause,0.912,0.020,21.3,55.4,0.037,15.0,pause,labview_bridge
ARO-01,2026-05-28T23:11:50.390Z,2193,A_linear,healthy,pause,0.938,0.000,21.3,55.3,0.000,15.0,pause,labview_bridge
ARO-01,2026-05-28T23:11:51.391Z,2194,A_linear,healthy,pause,0.935,0.002,21.3,55.5,0.004,15.0,pause,labview_bridge
ARO-01,2026-05-28T23:11:52.392Z,2195,A_linear,healthy,pause,0.950,0.010,21.3,56.1,0.017,15.0,pause,labview_bridge
ARO-01,2026-05-28T23:11:53.393Z,2196,A_linear,healthy,pause,0.958,0.001,21.3,56.0,0.003,15.0,pause,labview_bridge
ARO-01,2026-05-28T23:11:54.394Z,2197,A_linear,healthy,pause,0.971,0.003,21.4,56.1,0.005,15.0,pause,labview_bridge
ARO-01,2026-05-28T23:11:55.394Z,2198,A_linear,healthy,pause,0.947,0.000,21.3,55.9,0.000,15.0,pause,labview_bridge
ARO-01,2026-05-28T23:11:56.395Z,2199,A_linear,healthy,pause,0.950,0.005,21.3,55.8,0.010,15.0,pause,labview_bridge
ARO-01,2026-05-28T23:11:57.396Z,2200,A_linear,healthy,ascent,0.983,0.377,21.3,55.8,0.680,15.0,ascent,labview_bridge
ARO-01,2026-05-28T23:11:58.397Z,2201,A_linear,healthy,ascent,0.994,0.374,21.3,55.9,0.674,15.0,ascent,labview_bridge
ARO-01,2026-05-28T23:11:59.398Z,2202,A_linear,healthy,ascent,1.002,0.387,21.3,55.7,0.698,15.0,ascent,labview_bridge
ARO-01,2026-05-28T23:12:00.399Z,2203,A_linear,healthy,ascent,1.010,0.369,21.4,55.9,0.666,15.0,ascent,labview_bridge
ARO-01,2026-05-28T23:12:01.399Z,2204,A_linear,healthy,ascent,1.027,0.389,21.4,55.9,0.701,15.0,ascent,labview_bridge
ARO-01,2026-05-28T23:12:02.400Z,2205,A_linear,healthy,ascent,1.010,0.384,21.5,56.2,0.693,15.0,ascent,labview_bridge
ARO-01,2026-05-28T23:12:03.400Z,2206,A_linear,healthy,ascent,1.004,0.374,21.5,55.9,0.675,15.0,ascent,labview_bridge
ARO-01,2026-05-28T23:12:04.403Z,2207,A_linear,healthy,ascent,1.022,0.372,21.6,56.0,0.670,15.0,ascent,labview_bridge
ARO-01,2026-05-28T23:12:05.404Z,2208,A_linear,healthy,ascent,1.002,0.383,21.5,56.0,0.692,15.0,ascent,labview_bridge
ARO-01,2026-05-28T23:12:06.404Z,2209,A_linear,healthy,ascent,0.997,0.356,21.5,55.7,0.643,15.0,ascent,labview_bridge
ARO-01,2026-05-28T23:12:07.405Z,2210,A_linear,healthy,ascent,1.022,0.381,21.6,55.8,0.687,15.0,ascent,labview_bridge
ARO-01,2026-05-28T23:12:08.406Z,2211,A_linear,healthy,ascent,1.009,0.375,21.6,55.7,0.676,15.0,ascent,labview_bridge
ARO-01,2026-05-28T23:12:09.407Z,2212,A_linear,healthy,descent,1.010,0.350,21.5,55.7,0.631,15.0,descent,labview_bridge
ARO-01,2026-05-28T23:12:10.407Z,2213,A_linear,healthy,descent,1.016,0.349,21.6,55.2,0.629,15.0,descent,labview_bridge
ARO-01,2026-05-28T23:12:11.408Z,2214,A_linear,healthy,descent,0.974,0.353,21.6,55.3,0.637,15.0,descent,labview_bridge
ARO-01,2026-05-28T23:12:12.409Z,2215,A_linear,healthy,descent,0.962,0.354,21.6,55.1,0.639,15.0,descent,labview_bridge
ARO-01,2026-05-28T23:12:13.409Z,2216,A_linear,healthy,descent,0.964,0.363,21.5,55.0,0.656,15.0,descent,labview_bridge
ARO-01,2026-05-28T23:12:14.410Z,2217,A_linear,healthy,descent,0.984,0.347,21.5,55.2,0.626,15.0,descent,labview_bridge
ARO-01,2026-05-28T23:12:15.411Z,2218,A_linear,healthy,descent,0.976,0.352,21.6,55.3,0.636,15.0,descent,labview_bridge
ARO-01,2026-05-28T23:12:16.411Z,2219,A_linear,healthy,descent,0.949,0.354,21.6,55.3,0.640,15.0,descent,labview_bridge
ARO-01,2026-05-28T23:12:17.412Z,2220,A_linear,healthy,descent,0.931,0.352,21.5,55.2,0.635,15.0,descent,labview_bridge
ARO-01,2026-05-28T23:12:18.413Z,2221,A_linear,healthy,descent,0.961,0.346,21.5,55.3,0.625,15.0,descent,labview_bridge
ARO-01,2026-05-28T23:12:19.414Z,2222,A_linear,healthy,descent,0.925,0.356,21.4,55.2,0.642,15.0,descent,labview_bridge
ARO-01,2026-05-28T23:12:20.415Z,2223,A_linear,healthy,descent,0.914,0.347,21.4,55.3,0.626,15.0,descent,labview_bridge
ARO-01,2026-05-28T23:12:21.415Z,2224,A_linear,healthy,pause,0.905,0.000,21.4,55.0,0.000,15.0,pause,labview_bridge
ARO-01,2026-05-28T23:12:22.416Z,2225,A_linear,healthy,pause,0.904,0.004,21.5,55.0,0.007,15.0,pause,labview_bridge
ARO-01,2026-05-28T23:12:23.417Z,2226,A_linear,healthy,pause,0.902,0.000,21.4,55.0,0.000,15.0,pause,labview_bridge
ARO-01,2026-05-28T23:12:24.418Z,2227,A_linear,healthy,pause,0.898,0.001,21.3,55.1,0.002,15.0,pause,labview_bridge
ARO-01,2026-05-28T23:12:25.418Z,2228,A_linear,healthy,pause,0.888,0.000,21.2,55.1,0.000,15.0,pause,labview_bridge
ARO-01,2026-05-28T23:12:26.419Z,2229,A_linear,healthy,pause,0.907,0.000,21.1,55.0,0.000,15.0,pause,labview_bridge
ARO-01,2026-05-28T23:12:27.420Z,2230,A_linear,healthy,pause,0.907,0.000,21.2,55.0,0.000,15.0,pause,labview_bridge
ARO-01,2026-05-28T23:12:28.420Z,2231,A_linear,healthy,pause,0.876,0.000,21.1,55.0,0.000,15.0,pause,labview_bridge
ARO-01,2026-05-28T23:12:29.421Z,2232,A_linear,healthy,pause,0.902,0.002,21.1,55.0,0.003,15.0,pause,labview_bridge
ARO-01,2026-05-28T23:12:30.422Z,2233,A_linear,healthy,pause,0.902,0.004,21.0,55.0,0.007,15.0,pause,labview_bridge
ARO-01,2026-05-28T23:12:31.423Z,2234,A_linear,healthy,pause,0.901,0.004,21.0,55.3,0.006,15.0,pause,labview_bridge
ARO-01,2026-05-28T23:12:32.423Z,2235,A_linear,healthy,pause,0.901,0.000,20.9,55.1,0.000,15.0,pause,labview_bridge
ARO-01,2026-05-28T23:12:33.424Z,2236,A_linear,healthy,pause,0.904,0.000,20.9,55.0,0.000,15.0,pause,labview_bridge
ARO-01,2026-05-28T23:12:34.428Z,2237,A_linear,healthy,pause,0.919,0.014,20.9,55.0,0.025,15.0,pause,labview_bridge
ARO-01,2026-05-28T23:12:35.429Z,2238,A_linear,healthy,pause,0.937,0.005,20.8,55.0,0.010,15.0,pause,labview_bridge
ARO-01,2026-05-28T23:12:36.429Z,2239,A_linear,healthy,pause,0.917,0.000,20.6,55.0,0.000,15.0,pause,labview_bridge
ARO-01,2026-05-28T23:12:37.430Z,2240,A_linear,healthy,pause,0.953,0.000,20.6,55.0,0.000,15.0,pause,labview_bridge
ARO-01,2026-05-28T23:12:38.431Z,2241,A_linear,healthy,pause,0.941,0.009,20.6,55.0,0.017,15.0,pause,labview_bridge
ARO-01,2026-05-28T23:12:39.432Z,2242,A_linear,healthy,pause,0.964,0.008,20.5,55.0,0.014,15.0,pause,labview_bridge
ARO-01,2026-05-28T23:12:40.432Z,2243,A_linear,healthy,pause,0.956,0.011,20.6,55.1,0.019,15.0,pause,labview_bridge
ARO-01,2026-05-28T23:12:41.433Z,2244,A_linear,healthy,ascent,0.978,0.372,20.6,55.0,0.671,15.0,ascent,labview_bridge
ARO-01,2026-05-28T23:12:42.434Z,2245,A_linear,healthy,ascent,0.972,0.377,20.7,55.0,0.680,15.0,ascent,labview_bridge
ARO-01,2026-05-28T23:12:43.435Z,2246,A_linear,healthy,ascent,0.993,0.372,20.7,55.0,0.672,15.0,ascent,labview_bridge
ARO-01,2026-05-28T23:12:44.435Z,2247,A_linear,healthy,ascent,0.992,0.376,20.7,55.1,0.678,15.0,ascent,labview_bridge
ARO-01,2026-05-28T23:12:45.436Z,2248,A_linear,healthy,ascent,1.019,0.372,20.9,55.2,0.671,15.0,ascent,labview_bridge
ARO-01,2026-05-28T23:12:46.437Z,2249,A_linear,healthy,ascent,1.001,0.371,20.8,55.3,0.669,15.0,ascent,labview_bridge
ARO-01,2026-05-28T23:12:47.437Z,2250,A_linear,healthy,ascent,1.010,0.378,20.9,55.4,0.681,15.0,ascent,labview_bridge
ARO-01,2026-05-28T23:12:48.438Z,2251,A_linear,healthy,ascent,1.012,0.381,20.8,55.5,0.687,15.0,ascent,labview_bridge
ARO-01,2026-05-28T23:12:49.439Z,2252,A_linear,healthy,ascent,1.008,0.378,20.9,55.5,0.681,15.0,ascent,labview_bridge
ARO-01,2026-05-28T23:12:50.440Z,2253,A_linear,healthy,ascent,0.997,0.381,20.8,55.4,0.687,15.0,ascent,labview_bridge
ARO-01,2026-05-28T23:12:51.441Z,2254,A_linear,healthy,ascent,1.019,0.378,20.8,55.2,0.682,15.0,ascent,labview_bridge
ARO-01,2026-05-28T23:12:52.442Z,2255,A_linear,healthy,ascent,1.003,0.377,20.9,55.3,0.681,15.0,ascent,labview_bridge
ARO-01,2026-05-28T23:12:53.444Z,2256,A_linear,healthy,descent,1.012,0.360,21.0,55.3,0.650,15.0,descent,labview_bridge
ARO-01,2026-05-28T23:12:54.445Z,2257,A_linear,healthy,descent,1.007,0.355,21.1,55.2,0.641,15.0,descent,labview_bridge
ARO-01,2026-05-28T23:12:55.446Z,2258,A_linear,healthy,descent,0.987,0.343,21.1,55.7,0.618,15.0,descent,labview_bridge
ARO-01,2026-05-28T23:12:56.446Z,2259,A_linear,healthy,descent,1.003,0.356,21.0,55.9,0.642,15.0,descent,labview_bridge
ARO-01,2026-05-28T23:12:57.453Z,2260,A_linear,healthy,descent,0.960,0.348,21.1,55.7,0.627,15.0,descent,labview_bridge
ARO-01,2026-05-28T23:12:58.454Z,2261,A_linear,healthy,descent,0.957,0.349,21.0,55.5,0.629,15.0,descent,labview_bridge
ARO-01,2026-05-28T23:12:59.455Z,2262,A_linear,healthy,descent,0.944,0.351,21.0,55.7,0.632,15.0,descent,labview_bridge
ARO-01,2026-05-28T23:13:00.455Z,2263,A_linear,healthy,descent,0.948,0.339,21.0,55.4,0.611,15.0,descent,labview_bridge
ARO-01,2026-05-28T23:13:01.455Z,2264,A_linear,healthy,descent,0.949,0.353,21.0,55.4,0.637,15.0,descent,labview_bridge
ARO-01,2026-05-28T23:13:02.456Z,2265,A_linear,healthy,descent,0.942,0.341,21.1,55.7,0.615,15.0,descent,labview_bridge
ARO-01,2026-05-28T23:13:03.457Z,2266,A_linear,healthy,descent,0.920,0.346,21.1,55.7,0.624,15.0,descent,labview_bridge
ARO-01,2026-05-28T23:13:04.457Z,2267,A_linear,healthy,descent,0.938,0.351,21.0,55.6,0.634,15.0,descent,labview_bridge
ARO-01,2026-05-28T23:13:05.458Z,2268,A_linear,healthy,pause,0.909,0.000,20.9,55.5,0.000,15.0,pause,labview_bridge
ARO-01,2026-05-28T23:13:06.459Z,2269,A_linear,healthy,pause,0.915,0.000,20.9,55.6,0.000,15.0,pause,labview_bridge
ARO-01,2026-05-28T23:13:07.459Z,2270,A_linear,healthy,pause,0.927,0.000,20.8,55.9,0.000,15.0,pause,labview_bridge
ARO-01,2026-05-28T23:13:08.460Z,2271,A_linear,healthy,pause,0.904,0.000,20.6,55.7,0.000,15.0,pause,labview_bridge
ARO-01,2026-05-28T23:13:09.460Z,2272,A_linear,healthy,pause,0.888,0.000,20.6,55.5,0.000,15.0,pause,labview_bridge
ARO-01,2026-05-28T23:13:10.461Z,2273,A_linear,healthy,pause,0.880,0.003,20.6,55.7,0.005,15.0,pause,labview_bridge
ARO-01,2026-05-28T23:13:11.462Z,2274,A_linear,healthy,pause,0.885,0.000,20.6,55.4,0.000,15.0,pause,labview_bridge
ARO-01,2026-05-28T23:13:12.463Z,2275,A_linear,healthy,pause,0.905,0.007,20.5,55.2,0.013,15.0,pause,labview_bridge
ARO-01,2026-05-28T23:13:13.470Z,2276,A_linear,healthy,pause,0.893,0.003,20.5,55.2,0.006,15.0,pause,labview_bridge
ARO-01,2026-05-28T23:13:14.474Z,2277,A_linear,healthy,pause,0.925,0.000,20.5,55.1,0.000,15.0,pause,labview_bridge
ARO-01,2026-05-28T23:13:15.474Z,2278,A_linear,healthy,pause,0.910,0.000,20.5,55.2,0.000,15.0,pause,labview_bridge
ARO-01,2026-05-28T23:13:16.475Z,2279,A_linear,healthy,pause,0.909,0.006,20.5,55.2,0.011,15.0,pause,labview_bridge
ARO-01,2026-05-28T23:13:17.476Z,2280,A_linear,healthy,pause,0.906,0.000,20.5,55.3,0.000,15.0,pause,labview_bridge
ARO-01,2026-05-28T23:13:18.477Z,2281,A_linear,healthy,pause,0.947,0.004,20.6,55.2,0.007,15.0,pause,labview_bridge
ARO-01,2026-05-28T23:13:19.478Z,2282,A_linear,healthy,pause,0.960,0.009,20.5,55.2,0.016,15.0,pause,labview_bridge
ARO-01,2026-05-28T23:13:20.478Z,2283,A_linear,healthy,pause,0.934,0.000,20.5,55.7,0.000,15.0,pause,labview_bridge
ARO-01,2026-05-28T23:13:21.479Z,2284,A_linear,healthy,pause,0.952,0.000,20.5,55.9,0.000,15.0,pause,labview_bridge
ARO-01,2026-05-28T23:13:22.509Z,2285,A_linear,healthy,pause,0.948,0.007,20.4,56.1,0.013,15.0,pause,labview_bridge
ARO-01,2026-05-28T23:13:23.510Z,2286,A_linear,healthy,pause,0.991,0.000,20.4,56.1,0.000,15.0,pause,labview_bridge
ARO-01,2026-05-28T23:13:24.511Z,2287,A_linear,healthy,pause,0.950,0.000,20.3,55.9,0.000,15.0,pause,labview_bridge
ARO-01,2026-05-28T23:13:25.511Z,2288,A_linear,healthy,ascent,0.981,0.573,20.5,56.1,1.033,60.0,ascent,labview_bridge
ARO-01,2026-05-28T23:13:26.512Z,2289,A_linear,healthy,ascent,0.987,0.577,20.5,56.2,1.041,60.0,ascent,labview_bridge
ARO-01,2026-05-28T23:13:27.512Z,2290,A_linear,healthy,ascent,0.973,0.576,20.6,56.1,1.040,60.0,ascent,labview_bridge
ARO-01,2026-05-28T23:13:28.513Z,2291,A_linear,healthy,ascent,1.009,0.572,20.6,56.1,1.031,60.0,ascent,labview_bridge
ARO-01,2026-05-28T23:13:29.514Z,2292,A_linear,healthy,ascent,1.004,0.565,20.7,56.0,1.019,60.0,ascent,labview_bridge
ARO-01,2026-05-28T23:13:30.514Z,2293,A_linear,healthy,ascent,1.012,0.572,20.8,55.8,1.033,60.0,ascent,labview_bridge
ARO-01,2026-05-28T23:13:31.515Z,2294,A_linear,healthy,ascent,1.043,0.564,20.9,55.8,1.018,60.0,ascent,labview_bridge
ARO-01,2026-05-28T23:13:32.516Z,2295,A_linear,healthy,ascent,1.036,0.565,20.9,55.7,1.019,60.0,ascent,labview_bridge
ARO-01,2026-05-28T23:13:33.517Z,2296,A_linear,healthy,ascent,1.024,0.563,20.9,55.9,1.015,60.0,ascent,labview_bridge
ARO-01,2026-05-28T23:13:34.517Z,2297,A_linear,healthy,ascent,0.989,0.550,20.8,55.7,0.993,60.0,ascent,labview_bridge
ARO-01,2026-05-28T23:13:35.518Z,2298,A_linear,healthy,ascent,1.010,0.564,20.9,56.0,1.017,60.0,ascent,labview_bridge
ARO-01,2026-05-28T23:13:36.519Z,2299,A_linear,healthy,ascent,0.994,0.568,20.9,55.9,1.025,60.0,ascent,labview_bridge
ARO-01,2026-05-28T23:13:37.519Z,2300,A_linear,healthy,descent,1.010,0.346,20.8,55.9,0.624,60.0,descent,labview_bridge
ARO-01,2026-05-28T23:13:38.520Z,2301,A_linear,healthy,descent,0.984,0.354,20.6,55.9,0.638,60.0,descent,labview_bridge
ARO-01,2026-05-28T23:13:39.521Z,2302,A_linear,healthy,descent,0.982,0.353,20.7,56.0,0.637,60.0,descent,labview_bridge
ARO-01,2026-05-28T23:13:40.521Z,2303,A_linear,healthy,descent,0.991,0.358,20.7,56.0,0.645,60.0,descent,labview_bridge
ARO-01,2026-05-28T23:13:41.522Z,2304,A_linear,healthy,descent,0.994,0.342,20.6,55.9,0.618,60.0,descent,labview_bridge
ARO-01,2026-05-28T23:13:42.523Z,2305,A_linear,healthy,descent,0.976,0.348,20.6,56.1,0.627,60.0,descent,labview_bridge
ARO-01,2026-05-28T23:13:43.523Z,2306,A_linear,healthy,descent,0.948,0.349,20.5,55.7,0.630,60.0,descent,labview_bridge
ARO-01,2026-05-28T23:13:44.524Z,2307,A_linear,healthy,descent,0.938,0.349,20.5,55.7,0.630,60.0,descent,labview_bridge
ARO-01,2026-05-28T23:13:45.525Z,2308,A_linear,healthy,descent,0.955,0.356,20.6,55.6,0.642,60.0,descent,labview_bridge
ARO-01,2026-05-28T23:13:46.526Z,2309,A_linear,healthy,descent,0.936,0.351,20.5,55.7,0.633,60.0,descent,labview_bridge
ARO-01,2026-05-28T23:13:47.526Z,2310,A_linear,healthy,descent,0.938,0.350,20.4,55.5,0.631,60.0,descent,labview_bridge
ARO-01,2026-05-28T23:13:48.527Z,2311,A_linear,healthy,descent,0.932,0.354,20.4,55.3,0.639,60.0,descent,labview_bridge
ARO-01,2026-05-28T23:13:49.528Z,2312,A_linear,healthy,pause,0.911,0.001,20.4,55.2,0.002,60.0,pause,labview_bridge
ARO-01,2026-05-28T23:13:50.529Z,2313,A_linear,healthy,pause,0.927,0.005,20.2,55.4,0.008,60.0,pause,labview_bridge
ARO-01,2026-05-28T23:13:51.530Z,2314,A_linear,healthy,pause,0.926,0.000,20.1,55.2,0.000,60.0,pause,labview_bridge
ARO-01,2026-05-28T23:13:52.537Z,2315,A_linear,healthy,pause,0.901,0.000,20.2,55.5,0.000,60.0,pause,labview_bridge
ARO-01,2026-05-28T23:13:53.538Z,2316,A_linear,healthy,pause,0.869,0.000,20.1,55.9,0.000,60.0,pause,labview_bridge
ARO-01,2026-05-28T23:13:54.539Z,2317,A_linear,healthy,pause,0.897,0.000,20.1,55.9,0.000,60.0,pause,labview_bridge
ARO-01,2026-05-28T23:13:55.539Z,2318,A_linear,healthy,pause,0.889,0.004,20.0,56.0,0.008,60.0,pause,labview_bridge
ARO-01,2026-05-28T23:13:56.540Z,2319,A_linear,healthy,pause,0.900,0.000,20.1,55.8,0.000,60.0,pause,labview_bridge
ARO-01,2026-05-28T23:13:57.541Z,2320,A_linear,healthy,pause,0.901,0.010,20.2,55.5,0.018,60.0,pause,labview_bridge
ARO-01,2026-05-28T23:13:58.541Z,2321,A_linear,healthy,pause,0.909,0.002,20.2,55.4,0.003,60.0,pause,labview_bridge
ARO-01,2026-05-28T23:13:59.542Z,2322,A_linear,healthy,pause,0.904,0.000,20.2,55.5,0.000,60.0,pause,labview_bridge
ARO-01,2026-05-28T23:14:00.542Z,2323,A_linear,healthy,pause,0.918,0.000,20.2,55.8,0.001,60.0,pause,labview_bridge
ARO-01,2026-05-28T23:14:01.543Z,2324,A_linear,healthy,pause,0.929,0.000,20.1,55.5,0.000,60.0,pause,labview_bridge
ARO-01,2026-05-28T23:14:02.543Z,2325,A_linear,healthy,pause,0.915,0.004,20.2,55.4,0.007,60.0,pause,labview_bridge
ARO-01,2026-05-28T23:14:03.544Z,2326,A_linear,healthy,pause,0.923,0.004,20.2,55.3,0.007,60.0,pause,labview_bridge
ARO-01,2026-05-28T23:14:04.545Z,2327,A_linear,healthy,pause,0.956,0.000,20.2,55.7,0.000,60.0,pause,labview_bridge
ARO-01,2026-05-28T23:14:05.545Z,2328,A_linear,healthy,pause,0.928,0.003,20.3,56.1,0.005,60.0,pause,labview_bridge
ARO-01,2026-05-28T23:14:06.552Z,2329,A_linear,healthy,pause,0.956,0.011,20.2,56.2,0.020,60.0,pause,labview_bridge
ARO-01,2026-05-28T23:14:07.553Z,2330,A_linear,healthy,pause,0.985,0.001,20.1,56.5,0.003,60.0,pause,labview_bridge
ARO-01,2026-05-28T23:14:08.554Z,2331,A_linear,healthy,pause,0.969,0.000,20.1,56.5,0.000,60.0,pause,labview_bridge
ARO-01,2026-05-28T23:14:09.555Z,2332,A_linear,healthy,ascent,0.956,0.571,20.2,56.5,1.030,60.0,ascent,labview_bridge
ARO-01,2026-05-28T23:14:10.555Z,2333,A_linear,healthy,ascent,1.010,0.577,20.1,56.3,1.041,60.0,ascent,labview_bridge
ARO-01,2026-05-28T23:14:11.556Z,2334,A_linear,healthy,ascent,1.025,0.565,20.2,56.1,1.020,60.0,ascent,labview_bridge
ARO-01,2026-05-28T23:14:12.557Z,2335,A_linear,healthy,ascent,1.000,0.561,20.1,55.9,1.011,60.0,ascent,labview_bridge
ARO-01,2026-05-28T23:14:13.558Z,2336,A_linear,healthy,ascent,1.005,0.559,20.1,55.8,1.009,60.0,ascent,labview_bridge
ARO-01,2026-05-28T23:14:14.559Z,2337,A_linear,healthy,ascent,1.015,0.575,20.3,55.8,1.037,60.0,ascent,labview_bridge
ARO-01,2026-05-28T23:14:15.559Z,2338,A_linear,healthy,ascent,1.032,0.575,20.3,56.0,1.037,60.0,ascent,labview_bridge
ARO-01,2026-05-28T23:14:16.560Z,2339,A_linear,healthy,ascent,1.020,0.572,20.3,55.9,1.033,60.0,ascent,labview_bridge
ARO-01,2026-05-28T23:14:17.561Z,2340,A_linear,healthy,ascent,1.036,0.577,20.3,56.0,1.042,60.0,ascent,labview_bridge
ARO-01,2026-05-28T23:14:18.562Z,2341,A_linear,healthy,ascent,0.994,0.565,20.2,56.1,1.019,60.0,ascent,labview_bridge
ARO-01,2026-05-28T23:14:19.563Z,2342,A_linear,healthy,ascent,1.027,0.576,20.2,55.8,1.040,60.0,ascent,labview_bridge
ARO-01,2026-05-28T23:14:20.563Z,2343,A_linear,healthy,ascent,0.996,0.570,20.2,55.7,1.029,60.0,ascent,labview_bridge
ARO-01,2026-05-28T23:14:21.564Z,2344,A_linear,healthy,descent,1.010,0.349,20.2,55.5,0.630,60.0,descent,labview_bridge
ARO-01,2026-05-28T23:14:22.565Z,2345,A_linear,healthy,descent,0.997,0.360,20.2,55.5,0.650,60.0,descent,labview_bridge
ARO-01,2026-05-28T23:14:23.565Z,2346,A_linear,healthy,descent,0.981,0.358,20.2,55.0,0.646,60.0,descent,labview_bridge
ARO-01,2026-05-28T23:14:24.566Z,2347,A_linear,healthy,descent,0.979,0.353,20.3,55.0,0.637,60.0,descent,labview_bridge
ARO-01,2026-05-28T23:14:25.567Z,2348,A_linear,healthy,descent,0.967,0.337,20.2,55.1,0.608,60.0,descent,labview_bridge
ARO-01,2026-05-28T23:14:26.567Z,2349,A_linear,healthy,descent,0.971,0.349,20.2,55.2,0.630,60.0,descent,labview_bridge
ARO-01,2026-05-28T23:14:27.568Z,2350,A_linear,healthy,descent,0.973,0.353,20.2,55.4,0.636,60.0,descent,labview_bridge
ARO-01,2026-05-28T23:14:28.568Z,2351,A_linear,healthy,descent,0.950,0.355,20.2,55.5,0.640,60.0,descent,labview_bridge
ARO-01,2026-05-28T23:14:29.569Z,2352,A_linear,healthy,descent,0.947,0.349,20.1,55.6,0.629,60.0,descent,labview_bridge
ARO-01,2026-05-28T23:14:30.569Z,2353,A_linear,healthy,descent,0.936,0.364,20.1,55.5,0.658,60.0,descent,labview_bridge
ARO-01,2026-05-28T23:14:31.570Z,2354,A_linear,healthy,descent,0.934,0.360,20.2,55.8,0.649,60.0,descent,labview_bridge
ARO-01,2026-05-28T23:14:32.570Z,2355,A_linear,healthy,descent,0.922,0.355,20.2,55.8,0.641,60.0,descent,labview_bridge
ARO-01,2026-05-28T23:14:33.571Z,2356,A_linear,healthy,pause,0.928,0.000,20.1,55.8,0.000,60.0,pause,labview_bridge
ARO-01,2026-05-28T23:14:34.571Z,2357,A_linear,healthy,pause,0.910,0.006,20.0,55.7,0.011,60.0,pause,labview_bridge
ARO-01,2026-05-28T23:14:35.572Z,2358,A_linear,healthy,pause,0.891,0.000,20.0,55.5,0.000,60.0,pause,labview_bridge
ARO-01,2026-05-28T23:14:36.573Z,2359,A_linear,healthy,pause,0.890,0.000,20.0,55.8,0.000,60.0,pause,labview_bridge
ARO-01,2026-05-28T23:14:37.574Z,2360,A_linear,healthy,pause,0.910,0.009,19.9,55.8,0.017,60.0,pause,labview_bridge
ARO-01,2026-05-28T23:14:38.574Z,2361,A_linear,healthy,pause,0.915,0.007,19.8,55.7,0.012,60.0,pause,labview_bridge
ARO-01,2026-05-28T23:14:39.575Z,2362,A_linear,healthy,pause,0.908,0.000,19.8,55.7,0.000,60.0,pause,labview_bridge
ARO-01,2026-05-28T23:14:40.576Z,2363,A_linear,healthy,pause,0.879,0.005,19.8,55.7,0.009,60.0,pause,labview_bridge
ARO-01,2026-05-28T23:14:41.576Z,2364,A_linear,healthy,pause,0.901,0.000,19.7,55.9,0.000,60.0,pause,labview_bridge
ARO-01,2026-05-28T23:14:42.578Z,2365,A_linear,healthy,pause,0.900,0.009,19.7,55.5,0.017,60.0,pause,labview_bridge
ARO-01,2026-05-28T23:14:43.579Z,2366,A_linear,healthy,pause,0.916,0.000,19.7,55.5,0.000,60.0,pause,labview_bridge
ARO-01,2026-05-28T23:14:44.585Z,2367,A_linear,healthy,pause,0.931,0.002,19.8,55.7,0.004,60.0,pause,labview_bridge
ARO-01,2026-05-28T23:14:45.593Z,2368,A_linear,healthy,pause,0.934,0.006,19.7,55.5,0.011,60.0,pause,labview_bridge
ARO-01,2026-05-28T23:14:46.601Z,2369,A_linear,healthy,pause,0.935,0.000,19.6,55.6,0.000,60.0,pause,labview_bridge
ARO-01,2026-05-28T23:14:47.602Z,2370,A_linear,healthy,pause,0.933,0.005,19.6,55.6,0.008,60.0,pause,labview_bridge
ARO-01,2026-05-28T23:14:48.603Z,2371,A_linear,healthy,pause,0.942,0.000,19.6,55.7,0.000,60.0,pause,labview_bridge
ARO-01,2026-05-28T23:14:49.603Z,2372,A_linear,healthy,pause,0.957,0.000,19.5,55.9,0.000,60.0,pause,labview_bridge
ARO-01,2026-05-28T23:14:50.604Z,2373,A_linear,healthy,pause,0.956,0.000,19.5,55.9,0.000,60.0,pause,labview_bridge
ARO-01,2026-05-28T23:14:51.604Z,2374,A_linear,healthy,pause,0.989,0.007,19.5,55.8,0.012,60.0,pause,labview_bridge
ARO-01,2026-05-28T23:14:52.605Z,2375,A_linear,healthy,pause,0.978,0.007,19.5,55.9,0.012,60.0,pause,labview_bridge
ARO-01,2026-05-28T23:14:53.605Z,2376,A_linear,healthy,ascent,0.960,0.575,19.5,56.0,1.038,60.0,ascent,labview_bridge
ARO-01,2026-05-28T23:14:54.606Z,2377,A_linear,healthy,ascent,0.994,0.561,19.5,55.9,1.011,60.0,ascent,labview_bridge
ARO-01,2026-05-28T23:14:55.606Z,2378,A_linear,healthy,ascent,0.992,0.567,19.5,55.8,1.022,60.0,ascent,labview_bridge
ARO-01,2026-05-28T23:14:56.607Z,2379,A_linear,healthy,ascent,1.006,0.570,19.5,55.6,1.028,60.0,ascent,labview_bridge
ARO-01,2026-05-28T23:14:57.608Z,2380,A_linear,healthy,ascent,1.005,0.576,19.5,55.4,1.039,60.0,ascent,labview_bridge
ARO-01,2026-05-28T23:14:58.609Z,2381,A_linear,healthy,ascent,1.016,0.575,19.6,55.3,1.037,60.0,ascent,labview_bridge
ARO-01,2026-05-28T23:14:59.609Z,2382,A_linear,healthy,ascent,1.012,0.580,19.6,55.4,1.047,60.0,ascent,labview_bridge
ARO-01,2026-05-28T23:15:00.610Z,2383,A_linear,healthy,ascent,1.010,0.573,19.7,55.1,1.034,60.0,ascent,labview_bridge
ARO-01,2026-05-28T23:15:01.611Z,2384,A_linear,healthy,ascent,1.026,0.572,19.8,55.3,1.031,60.0,ascent,labview_bridge
ARO-01,2026-05-28T23:15:02.611Z,2385,A_linear,healthy,ascent,1.037,0.572,19.8,55.3,1.032,60.0,ascent,labview_bridge
ARO-01,2026-05-28T23:15:03.612Z,2386,A_linear,healthy,ascent,1.022,0.567,19.9,55.3,1.024,60.0,ascent,labview_bridge
ARO-01,2026-05-28T23:15:04.612Z,2387,A_linear,healthy,ascent,1.004,0.563,20.0,55.2,1.015,60.0,ascent,labview_bridge
ARO-01,2026-05-28T23:15:05.613Z,2388,A_linear,healthy,descent,1.007,0.352,19.9,55.3,0.635,60.0,descent,labview_bridge
ARO-01,2026-05-28T23:15:06.613Z,2389,A_linear,healthy,descent,0.998,0.361,19.9,55.2,0.651,60.0,descent,labview_bridge
ARO-01,2026-05-28T23:15:07.614Z,2390,A_linear,healthy,descent,1.002,0.354,20.0,55.3,0.639,60.0,descent,labview_bridge
ARO-01,2026-05-28T23:15:08.615Z,2391,A_linear,healthy,descent,0.981,0.360,20.0,55.3,0.650,60.0,descent,labview_bridge
ARO-01,2026-05-28T23:15:09.616Z,2392,A_linear,healthy,descent,0.985,0.350,19.8,55.3,0.632,60.0,descent,labview_bridge
ARO-01,2026-05-28T23:15:10.617Z,2393,A_linear,healthy,descent,0.957,0.348,19.8,55.4,0.628,60.0,descent,labview_bridge
ARO-01,2026-05-28T23:15:11.617Z,2394,A_linear,healthy,descent,0.967,0.353,19.7,55.2,0.636,60.0,descent,labview_bridge
ARO-01,2026-05-28T23:15:12.618Z,2395,A_linear,healthy,descent,0.931,0.352,19.7,55.0,0.636,60.0,descent,labview_bridge
ARO-01,2026-05-28T23:15:13.618Z,2396,A_linear,healthy,descent,0.965,0.344,19.7,55.0,0.621,60.0,descent,labview_bridge
ARO-01,2026-05-28T23:15:14.619Z,2397,A_linear,healthy,descent,0.937,0.344,19.7,55.0,0.621,60.0,descent,labview_bridge
ARO-01,2026-05-28T23:15:15.620Z,2398,A_linear,healthy,descent,0.916,0.356,19.7,55.0,0.642,60.0,descent,labview_bridge
ARO-01,2026-05-28T23:15:16.620Z,2399,A_linear,healthy,descent,0.933,0.349,19.7,55.6,0.630,60.0,descent,labview_bridge
ARO-01,2026-05-28T23:15:17.621Z,2400,A_linear,healthy,pause,0.905,0.002,19.7,55.6,0.004,60.0,pause,labview_bridge
ARO-01,2026-05-28T23:15:18.622Z,2401,A_linear,healthy,pause,0.907,0.000,19.7,55.5,0.000,60.0,pause,labview_bridge
ARO-01,2026-05-28T23:15:19.623Z,2402,A_linear,healthy,pause,0.914,0.000,19.7,55.4,0.000,60.0,pause,labview_bridge
ARO-01,2026-05-28T23:15:20.623Z,2403,A_linear,healthy,pause,0.885,0.000,19.7,55.5,0.000,60.0,pause,labview_bridge
ARO-01,2026-05-28T23:15:21.624Z,2404,A_linear,healthy,pause,0.899,0.009,19.6,55.5,0.017,60.0,pause,labview_bridge
ARO-01,2026-05-28T23:15:22.625Z,2405,A_linear,healthy,pause,0.884,0.000,19.7,55.6,0.000,60.0,pause,labview_bridge
ARO-01,2026-05-28T23:15:23.626Z,2406,A_linear,healthy,pause,0.895,0.000,19.6,55.6,0.000,60.0,pause,labview_bridge
ARO-01,2026-05-28T23:15:24.626Z,2407,A_linear,healthy,pause,0.893,0.002,19.5,55.5,0.004,60.0,pause,labview_bridge
ARO-01,2026-05-28T23:15:25.627Z,2408,A_linear,healthy,pause,0.902,0.000,19.4,55.8,0.000,60.0,pause,labview_bridge
ARO-01,2026-05-28T23:15:26.628Z,2409,A_linear,healthy,pause,0.912,0.002,19.3,55.8,0.003,60.0,pause,labview_bridge
ARO-01,2026-05-28T23:15:27.628Z,2410,A_linear,healthy,pause,0.900,0.000,19.3,55.8,0.000,60.0,pause,labview_bridge
ARO-01,2026-05-28T23:15:28.629Z,2411,A_linear,healthy,pause,0.897,0.000,19.1,55.7,0.000,60.0,pause,labview_bridge
ARO-01,2026-05-28T23:15:29.630Z,2412,A_linear,healthy,pause,0.943,0.000,19.1,55.5,0.000,60.0,pause,labview_bridge
ARO-01,2026-05-28T23:15:30.631Z,2413,A_linear,healthy,pause,0.934,0.000,19.2,55.7,0.000,60.0,pause,labview_bridge
ARO-01,2026-05-28T23:15:31.632Z,2414,A_linear,healthy,pause,0.925,0.000,19.2,55.8,0.000,60.0,pause,labview_bridge
ARO-01,2026-05-28T23:15:32.632Z,2415,A_linear,healthy,pause,0.945,0.001,19.1,55.9,0.002,60.0,pause,labview_bridge
ARO-01,2026-05-28T23:15:33.633Z,2416,A_linear,healthy,pause,0.963,0.015,19.1,56.2,0.026,60.0,pause,labview_bridge
ARO-01,2026-05-28T23:15:34.634Z,2417,A_linear,healthy,pause,0.973,0.003,19.0,56.1,0.005,60.0,pause,labview_bridge
ARO-01,2026-05-28T23:15:35.634Z,2418,A_linear,healthy,pause,0.963,0.004,19.0,55.8,0.008,60.0,pause,labview_bridge
ARO-01,2026-05-28T23:15:36.635Z,2419,A_linear,healthy,pause,0.967,0.000,19.0,55.9,0.000,60.0,pause,labview_bridge
ARO-01,2026-05-28T23:15:37.636Z,2420,A_linear,healthy,ascent,0.981,0.567,19.0,55.8,1.024,60.0,ascent,labview_bridge
ARO-01,2026-05-28T23:15:38.637Z,2421,A_linear,healthy,ascent,0.977,0.568,19.1,56.0,1.025,60.0,ascent,labview_bridge
ARO-01,2026-05-28T23:15:39.637Z,2422,A_linear,healthy,ascent,0.976,0.559,19.2,55.7,1.009,60.0,ascent,labview_bridge
ARO-01,2026-05-28T23:15:40.638Z,2423,A_linear,healthy,ascent,1.004,0.575,19.2,55.6,1.038,60.0,ascent,labview_bridge
ARO-01,2026-05-28T23:15:41.639Z,2424,A_linear,healthy,ascent,1.008,0.569,19.2,55.7,1.026,60.0,ascent,labview_bridge
ARO-01,2026-05-28T23:15:42.639Z,2425,A_linear,healthy,ascent,1.002,0.581,19.2,55.6,1.049,60.0,ascent,labview_bridge
ARO-01,2026-05-28T23:15:43.640Z,2426,A_linear,healthy,ascent,1.023,0.561,19.4,55.5,1.012,60.0,ascent,labview_bridge
ARO-01,2026-05-28T23:15:44.641Z,2427,A_linear,healthy,ascent,1.031,0.563,19.3,55.6,1.015,60.0,ascent,labview_bridge
ARO-01,2026-05-28T23:15:45.641Z,2428,A_linear,healthy,ascent,1.010,0.557,19.3,55.6,1.006,60.0,ascent,labview_bridge
ARO-01,2026-05-28T23:15:46.642Z,2429,A_linear,healthy,ascent,1.012,0.563,19.3,55.5,1.015,60.0,ascent,labview_bridge
ARO-01,2026-05-28T23:15:47.643Z,2430,A_linear,healthy,ascent,1.024,0.571,19.3,55.4,1.031,60.0,ascent,labview_bridge
ARO-01,2026-05-28T23:15:48.644Z,2431,A_linear,healthy,ascent,1.004,0.572,19.3,55.4,1.033,60.0,ascent,labview_bridge
ARO-01,2026-05-28T23:15:49.644Z,2432,A_linear,healthy,descent,1.002,0.340,19.3,55.7,0.614,60.0,descent,labview_bridge
ARO-01,2026-05-28T23:15:50.645Z,2433,A_linear,healthy,descent,1.006,0.340,19.3,55.5,0.614,60.0,descent,labview_bridge
ARO-01,2026-05-28T23:15:51.645Z,2434,A_linear,healthy,descent,0.997,0.349,19.3,55.2,0.629,60.0,descent,labview_bridge
ARO-01,2026-05-28T23:15:52.646Z,2435,A_linear,healthy,descent,0.976,0.358,19.4,55.0,0.647,60.0,descent,labview_bridge
ARO-01,2026-05-28T23:15:53.646Z,2436,A_linear,healthy,descent,0.983,0.349,19.3,55.5,0.629,60.0,descent,labview_bridge
ARO-01,2026-05-28T23:15:54.647Z,2437,A_linear,healthy,descent,0.985,0.350,19.4,55.3,0.631,60.0,descent,labview_bridge
ARO-01,2026-05-28T23:15:55.648Z,2438,A_linear,healthy,descent,0.951,0.348,19.4,55.9,0.627,60.0,descent,labview_bridge
ARO-01,2026-05-28T23:15:56.649Z,2439,A_linear,healthy,descent,0.953,0.349,19.3,55.9,0.629,60.0,descent,labview_bridge
ARO-01,2026-05-28T23:15:57.650Z,2440,A_linear,healthy,descent,0.939,0.353,19.3,55.9,0.636,60.0,descent,labview_bridge
ARO-01,2026-05-28T23:15:58.651Z,2441,A_linear,healthy,descent,0.949,0.346,19.2,55.8,0.624,60.0,descent,labview_bridge
ARO-01,2026-05-28T23:15:59.652Z,2442,A_linear,healthy,descent,0.945,0.351,19.2,55.6,0.633,60.0,descent,labview_bridge
ARO-01,2026-05-28T23:16:00.652Z,2443,A_linear,healthy,descent,0.916,0.349,19.2,55.8,0.629,60.0,descent,labview_bridge
ARO-01,2026-05-28T23:16:01.653Z,2444,A_linear,healthy,pause,0.916,0.003,19.2,55.5,0.006,60.0,pause,labview_bridge
ARO-01,2026-05-28T23:16:02.654Z,2445,A_linear,healthy,pause,0.918,0.000,19.1,55.8,0.000,60.0,pause,labview_bridge
ARO-01,2026-05-28T23:16:03.654Z,2446,A_linear,healthy,pause,0.914,0.000,19.0,55.8,0.000,60.0,pause,labview_bridge
ARO-01,2026-05-28T23:16:04.655Z,2447,A_linear,healthy,pause,0.896,0.003,19.0,55.6,0.006,60.0,pause,labview_bridge
ARO-01,2026-05-28T23:16:05.656Z,2448,A_linear,healthy,pause,0.916,0.000,18.9,55.6,0.000,60.0,pause,labview_bridge
ARO-01,2026-05-28T23:16:06.656Z,2449,A_linear,healthy,pause,0.884,0.003,18.9,55.9,0.006,60.0,pause,labview_bridge
ARO-01,2026-05-28T23:16:07.657Z,2450,A_linear,healthy,pause,0.919,0.004,18.8,56.0,0.007,60.0,pause,labview_bridge
ARO-01,2026-05-28T23:16:08.658Z,2451,A_linear,healthy,pause,0.925,0.009,18.9,56.0,0.017,60.0,pause,labview_bridge
ARO-01,2026-05-28T23:16:09.659Z,2452,A_linear,healthy,pause,0.883,0.000,18.9,56.2,0.000,60.0,pause,labview_bridge
ARO-01,2026-05-28T23:16:10.659Z,2453,A_linear,healthy,pause,0.892,0.000,18.9,56.1,0.000,60.0,pause,labview_bridge
ARO-01,2026-05-28T23:16:11.660Z,2454,A_linear,healthy,pause,0.932,0.000,19.0,56.0,0.000,60.0,pause,labview_bridge
ARO-01,2026-05-28T23:16:12.661Z,2455,A_linear,healthy,pause,0.922,0.000,18.9,55.9,0.000,60.0,pause,labview_bridge
ARO-01,2026-05-28T23:16:13.661Z,2456,A_linear,healthy,pause,0.908,0.000,18.8,55.7,0.000,60.0,pause,labview_bridge
ARO-01,2026-05-28T23:16:14.662Z,2457,A_linear,healthy,pause,0.907,0.001,18.8,55.7,0.003,60.0,pause,labview_bridge
ARO-01,2026-05-28T23:16:15.663Z,2458,A_linear,healthy,pause,0.915,0.014,18.7,55.7,0.025,60.0,pause,labview_bridge
ARO-01,2026-05-28T23:16:16.664Z,2459,A_linear,healthy,pause,0.961,0.003,18.7,55.5,0.005,60.0,pause,labview_bridge
ARO-01,2026-05-28T23:16:17.665Z,2460,A_linear,healthy,pause,0.968,0.008,18.7,55.5,0.014,60.0,pause,labview_bridge
ARO-01,2026-05-28T23:16:18.666Z,2461,A_linear,healthy,pause,0.975,0.005,18.7,55.7,0.008,60.0,pause,labview_bridge
ARO-01,2026-05-28T23:16:19.666Z,2462,A_linear,healthy,pause,0.981,0.006,18.7,55.7,0.010,60.0,pause,labview_bridge
ARO-01,2026-05-28T23:16:20.667Z,2463,A_linear,healthy,pause,0.978,0.007,18.7,55.7,0.013,60.0,pause,labview_bridge
ARO-01,2026-05-28T23:16:21.667Z,2464,A_linear,healthy,ascent,0.972,0.945,18.7,55.5,1.704,150.0,ascent,labview_bridge
ARO-01,2026-05-28T23:16:22.668Z,2465,A_linear,healthy,ascent,1.002,0.952,18.9,55.5,1.717,150.0,ascent,labview_bridge
ARO-01,2026-05-28T23:16:23.669Z,2466,A_linear,healthy,ascent,0.990,0.944,19.0,55.4,1.703,150.0,ascent,labview_bridge
ARO-01,2026-05-28T23:16:24.669Z,2467,A_linear,healthy,ascent,1.023,0.960,19.1,55.3,1.731,150.0,ascent,labview_bridge
ARO-01,2026-05-28T23:16:25.670Z,2468,A_linear,healthy,ascent,1.024,0.944,19.3,55.2,1.704,150.0,ascent,labview_bridge
ARO-01,2026-05-28T23:16:26.671Z,2469,A_linear,healthy,ascent,1.024,0.943,19.3,55.6,1.701,150.0,ascent,labview_bridge
ARO-01,2026-05-28T23:16:27.672Z,2470,A_linear,healthy,ascent,1.024,0.948,19.4,55.7,1.710,150.0,ascent,labview_bridge
ARO-01,2026-05-28T23:16:28.672Z,2471,A_linear,healthy,ascent,1.038,0.956,19.6,55.9,1.724,150.0,ascent,labview_bridge
ARO-01,2026-05-28T23:16:29.673Z,2472,A_linear,healthy,ascent,1.047,0.949,19.6,55.8,1.713,150.0,ascent,labview_bridge
ARO-01,2026-05-28T23:16:30.674Z,2473,A_linear,healthy,ascent,1.013,0.956,19.5,55.9,1.725,150.0,ascent,labview_bridge
ARO-01,2026-05-28T23:16:31.674Z,2474,A_linear,healthy,ascent,1.002,0.946,19.4,55.8,1.707,150.0,ascent,labview_bridge
ARO-01,2026-05-28T23:16:32.675Z,2475,A_linear,healthy,ascent,0.986,0.944,19.5,55.6,1.704,150.0,ascent,labview_bridge
ARO-01,2026-05-28T23:16:33.676Z,2476,A_linear,healthy,descent,1.021,0.352,19.4,55.6,0.636,150.0,descent,labview_bridge
ARO-01,2026-05-28T23:16:34.676Z,2477,A_linear,healthy,descent,1.003,0.346,19.4,55.8,0.625,150.0,descent,labview_bridge
ARO-01,2026-05-28T23:16:35.677Z,2478,A_linear,healthy,descent,0.991,0.349,19.3,55.8,0.630,150.0,descent,labview_bridge
ARO-01,2026-05-28T23:16:36.677Z,2479,A_linear,healthy,descent,0.986,0.339,19.3,55.8,0.611,150.0,descent,labview_bridge
ARO-01,2026-05-28T23:16:37.678Z,2480,A_linear,healthy,descent,0.989,0.349,19.2,55.6,0.629,150.0,descent,labview_bridge
ARO-01,2026-05-28T23:16:38.678Z,2481,A_linear,healthy,descent,0.975,0.352,19.2,55.5,0.635,150.0,descent,labview_bridge
ARO-01,2026-05-28T23:16:39.679Z,2482,A_linear,healthy,descent,0.959,0.359,19.2,55.4,0.648,150.0,descent,labview_bridge
ARO-01,2026-05-28T23:16:40.680Z,2483,A_linear,healthy,descent,0.953,0.348,19.2,55.3,0.628,150.0,descent,labview_bridge
ARO-01,2026-05-28T23:16:41.680Z,2484,A_linear,healthy,descent,0.948,0.351,19.2,55.0,0.633,150.0,descent,labview_bridge
ARO-01,2026-05-28T23:16:42.681Z,2485,A_linear,healthy,descent,0.964,0.346,19.1,55.0,0.624,150.0,descent,labview_bridge
ARO-01,2026-05-28T23:16:43.682Z,2486,A_linear,healthy,descent,0.923,0.355,19.0,55.1,0.640,150.0,descent,labview_bridge
ARO-01,2026-05-28T23:16:44.682Z,2487,A_linear,healthy,descent,0.917,0.341,19.0,55.2,0.615,150.0,descent,labview_bridge
ARO-01,2026-05-28T23:16:45.683Z,2488,A_linear,healthy,pause,0.916,0.000,18.9,55.2,0.000,150.0,pause,labview_bridge
ARO-01,2026-05-28T23:16:46.684Z,2489,A_linear,healthy,pause,0.915,0.000,18.9,55.0,0.000,150.0,pause,labview_bridge
ARO-01,2026-05-28T23:16:47.685Z,2490,A_linear,healthy,pause,0.930,0.000,18.9,55.0,0.000,150.0,pause,labview_bridge
ARO-01,2026-05-28T23:16:48.686Z,2491,A_linear,healthy,pause,0.910,0.008,18.9,55.2,0.014,150.0,pause,labview_bridge
ARO-01,2026-05-28T23:16:49.686Z,2492,A_linear,healthy,pause,0.907,0.005,18.8,55.0,0.009,150.0,pause,labview_bridge
ARO-01,2026-05-28T23:16:50.687Z,2493,A_linear,healthy,pause,0.895,0.000,18.9,55.3,0.000,150.0,pause,labview_bridge
ARO-01,2026-05-28T23:16:51.688Z,2494,A_linear,healthy,pause,0.896,0.004,18.9,55.4,0.007,150.0,pause,labview_bridge
ARO-01,2026-05-28T23:16:52.688Z,2495,A_linear,healthy,pause,0.885,0.000,19.0,55.6,0.000,150.0,pause,labview_bridge
ARO-01,2026-05-28T23:16:53.689Z,2496,A_linear,healthy,pause,0.898,0.004,18.9,55.6,0.007,150.0,pause,labview_bridge
ARO-01,2026-05-28T23:16:54.690Z,2497,A_linear,healthy,pause,0.911,0.015,18.7,55.5,0.026,150.0,pause,labview_bridge
ARO-01,2026-05-28T23:16:55.691Z,2498,A_linear,healthy,pause,0.897,0.000,18.7,55.5,0.000,150.0,pause,labview_bridge
ARO-01,2026-05-28T23:16:56.692Z,2499,A_linear,healthy,pause,0.926,0.000,18.8,55.3,0.000,150.0,pause,labview_bridge
ARO-01,2026-05-28T23:16:57.693Z,2500,A_linear,healthy,pause,0.903,0.004,18.6,55.6,0.008,150.0,pause,labview_bridge
ARO-01,2026-05-28T23:16:58.694Z,2501,A_linear,healthy,pause,0.931,0.000,18.6,55.6,0.000,150.0,pause,labview_bridge
ARO-01,2026-05-28T23:16:59.694Z,2502,A_linear,healthy,pause,0.950,0.007,18.5,55.5,0.012,150.0,pause,labview_bridge
ARO-01,2026-05-28T23:17:00.695Z,2503,A_linear,healthy,pause,0.938,0.006,18.5,55.5,0.011,150.0,pause,labview_bridge
ARO-01,2026-05-28T23:17:01.696Z,2504,A_linear,healthy,pause,0.958,0.003,18.5,55.6,0.005,150.0,pause,labview_bridge
ARO-01,2026-05-28T23:17:02.696Z,2505,A_linear,healthy,pause,0.938,0.002,18.6,55.8,0.004,150.0,pause,labview_bridge
ARO-01,2026-05-28T23:17:03.697Z,2506,A_linear,healthy,pause,0.961,0.000,18.6,55.7,0.000,150.0,pause,labview_bridge
ARO-01,2026-05-28T23:17:04.698Z,2507,A_linear,healthy,pause,0.960,0.000,18.6,55.7,0.000,150.0,pause,labview_bridge
ARO-01,2026-05-28T23:17:05.699Z,2508,A_linear,healthy,ascent,1.013,0.566,18.7,55.6,1.021,60.0,ascent,labview_bridge
ARO-01,2026-05-28T23:17:06.699Z,2509,A_linear,healthy,ascent,1.009,0.566,18.6,55.4,1.022,60.0,ascent,labview_bridge
ARO-01,2026-05-28T23:17:07.700Z,2510,A_linear,healthy,ascent,0.995,0.568,18.7,55.6,1.024,60.0,ascent,labview_bridge
ARO-01,2026-05-28T23:17:08.701Z,2511,A_linear,healthy,ascent,0.994,0.573,18.8,55.5,1.034,60.0,ascent,labview_bridge
ARO-01,2026-05-28T23:17:09.702Z,2512,A_linear,healthy,ascent,1.003,0.577,18.7,55.5,1.041,60.0,ascent,labview_bridge
ARO-01,2026-05-28T23:17:10.703Z,2513,A_linear,healthy,ascent,0.993,0.576,18.8,55.7,1.039,60.0,ascent,labview_bridge
ARO-01,2026-05-28T23:17:11.703Z,2514,A_linear,healthy,ascent,1.017,0.570,18.8,55.5,1.029,60.0,ascent,labview_bridge
ARO-01,2026-05-28T23:17:12.704Z,2515,A_linear,healthy,ascent,0.980,0.567,18.8,55.6,1.023,60.0,ascent,labview_bridge
ARO-01,2026-05-28T23:17:13.704Z,2516,A_linear,healthy,ascent,1.015,0.579,18.8,55.8,1.045,60.0,ascent,labview_bridge
ARO-01,2026-05-28T23:17:14.705Z,2517,A_linear,healthy,ascent,1.000,0.576,18.7,56.0,1.040,60.0,ascent,labview_bridge
ARO-01,2026-05-28T23:17:15.705Z,2518,A_linear,healthy,ascent,1.006,0.579,18.8,56.1,1.044,60.0,ascent,labview_bridge
ARO-01,2026-05-28T23:17:16.706Z,2519,A_linear,healthy,ascent,1.008,0.575,18.7,56.0,1.037,60.0,ascent,labview_bridge
ARO-01,2026-05-28T23:17:17.707Z,2520,A_linear,healthy,descent,0.995,0.346,18.7,56.3,0.625,60.0,descent,labview_bridge
ARO-01,2026-05-28T23:17:18.708Z,2521,A_linear,healthy,descent,1.005,0.338,18.8,56.1,0.610,60.0,descent,labview_bridge
ARO-01,2026-05-28T23:17:19.708Z,2522,A_linear,healthy,descent,1.006,0.346,18.9,55.9,0.624,60.0,descent,labview_bridge
ARO-01,2026-05-28T23:17:20.709Z,2523,A_linear,healthy,descent,0.990,0.350,18.8,56.0,0.631,60.0,descent,labview_bridge
ARO-01,2026-05-28T23:17:21.710Z,2524,A_linear,healthy,descent,0.985,0.344,18.7,55.9,0.620,60.0,descent,labview_bridge
ARO-01,2026-05-28T23:17:22.710Z,2525,A_linear,healthy,descent,0.970,0.357,18.7,55.3,0.644,60.0,descent,labview_bridge
ARO-01,2026-05-28T23:17:23.711Z,2526,A_linear,healthy,descent,0.971,0.347,18.7,55.2,0.625,60.0,descent,labview_bridge
ARO-01,2026-05-28T23:17:24.712Z,2527,A_linear,healthy,descent,0.958,0.346,18.6,55.0,0.624,60.0,descent,labview_bridge
ARO-01,2026-05-28T23:17:25.713Z,2528,A_linear,healthy,descent,0.936,0.348,18.6,55.3,0.627,60.0,descent,labview_bridge
ARO-01,2026-05-28T23:17:26.714Z,2529,A_linear,healthy,descent,0.941,0.357,18.6,55.2,0.643,60.0,descent,labview_bridge
ARO-01,2026-05-28T23:17:27.714Z,2530,A_linear,healthy,descent,0.932,0.345,18.5,55.0,0.623,60.0,descent,labview_bridge
ARO-01,2026-05-28T23:17:28.715Z,2531,A_linear,healthy,descent,0.916,0.354,18.5,55.0,0.639,60.0,descent,labview_bridge
ARO-01,2026-05-28T23:17:29.716Z,2532,A_linear,healthy,pause,0.912,0.003,18.5,55.2,0.005,60.0,pause,labview_bridge
ARO-01,2026-05-28T23:17:30.717Z,2533,A_linear,healthy,pause,0.924,0.000,18.4,55.1,0.000,60.0,pause,labview_bridge
ARO-01,2026-05-28T23:17:31.718Z,2534,A_linear,healthy,pause,0.898,0.002,18.3,55.0,0.003,60.0,pause,labview_bridge
ARO-01,2026-05-28T23:17:32.718Z,2535,A_linear,healthy,pause,0.919,0.000,18.2,55.0,0.000,60.0,pause,labview_bridge
ARO-01,2026-05-28T23:17:33.719Z,2536,A_linear,healthy,pause,0.901,0.000,18.2,55.0,0.000,60.0,pause,labview_bridge
ARO-01,2026-05-28T23:17:34.720Z,2537,A_linear,healthy,pause,0.882,0.000,18.2,55.0,0.000,60.0,pause,labview_bridge
ARO-01,2026-05-28T23:17:35.720Z,2538,A_linear,healthy,pause,0.886,0.005,18.2,55.3,0.009,60.0,pause,labview_bridge
ARO-01,2026-05-28T23:17:36.721Z,2539,A_linear,healthy,pause,0.895,0.009,18.2,55.3,0.016,60.0,pause,labview_bridge
ARO-01,2026-05-28T23:17:37.722Z,2540,A_linear,healthy,pause,0.922,0.003,18.1,55.4,0.005,60.0,pause,labview_bridge
ARO-01,2026-05-28T23:17:38.723Z,2541,A_linear,healthy,pause,0.901,0.000,18.1,55.4,0.000,60.0,pause,labview_bridge
ARO-01,2026-05-28T23:17:39.724Z,2542,A_linear,healthy,pause,0.891,0.000,18.0,55.6,0.000,60.0,pause,labview_bridge
ARO-01,2026-05-28T23:17:40.725Z,2543,A_linear,healthy,pause,0.923,0.000,18.0,55.7,0.000,60.0,pause,labview_bridge
ARO-01,2026-05-28T23:17:41.726Z,2544,A_linear,healthy,pause,0.952,0.000,18.0,55.4,0.000,60.0,pause,labview_bridge
ARO-01,2026-05-28T23:17:42.726Z,2545,A_linear,healthy,pause,0.936,0.000,18.0,55.6,0.000,60.0,pause,labview_bridge
ARO-01,2026-05-28T23:17:43.727Z,2546,A_linear,healthy,pause,0.942,0.000,18.0,55.4,0.000,60.0,pause,labview_bridge
ARO-01,2026-05-28T23:17:44.728Z,2547,A_linear,healthy,pause,0.927,0.000,17.9,55.6,0.000,60.0,pause,labview_bridge
ARO-01,2026-05-28T23:17:45.729Z,2548,A_linear,healthy,pause,0.958,0.000,17.8,55.5,0.000,60.0,pause,labview_bridge
ARO-01,2026-05-28T23:17:46.731Z,2549,A_linear,healthy,pause,0.951,0.000,17.8,55.6,0.000,60.0,pause,labview_bridge
ARO-01,2026-05-28T23:17:47.731Z,2550,A_linear,healthy,pause,0.968,0.008,17.7,55.6,0.014,60.0,pause,labview_bridge
ARO-01,2026-05-28T23:17:48.732Z,2551,A_linear,healthy,pause,0.983,0.004,17.6,55.9,0.007,60.0,pause,labview_bridge
ARO-01,2026-05-28T23:17:49.732Z,2552,A_linear,healthy,ascent,0.980,0.571,17.7,55.9,1.030,60.0,ascent,labview_bridge
ARO-01,2026-05-28T23:17:50.733Z,2553,A_linear,healthy,ascent,0.979,0.569,17.9,55.8,1.026,60.0,ascent,labview_bridge
ARO-01,2026-05-28T23:17:51.734Z,2554,A_linear,healthy,ascent,1.017,0.570,17.9,55.7,1.028,60.0,ascent,labview_bridge
ARO-01,2026-05-28T23:17:52.734Z,2555,A_linear,healthy,ascent,1.024,0.573,18.0,55.6,1.034,60.0,ascent,labview_bridge
ARO-01,2026-05-28T23:17:53.735Z,2556,A_linear,healthy,ascent,0.989,0.563,18.0,55.7,1.016,60.0,ascent,labview_bridge
ARO-01,2026-05-28T23:17:54.736Z,2557,A_linear,healthy,ascent,0.991,0.575,18.1,55.5,1.037,60.0,ascent,labview_bridge
ARO-01,2026-05-28T23:17:55.736Z,2558,A_linear,healthy,ascent,1.016,0.569,18.1,55.7,1.027,60.0,ascent,labview_bridge
ARO-01,2026-05-28T23:17:56.737Z,2559,A_linear,healthy,ascent,1.004,0.566,18.1,55.9,1.020,60.0,ascent,labview_bridge
ARO-01,2026-05-28T23:17:57.737Z,2560,A_linear,healthy,ascent,1.025,0.578,18.1,56.3,1.042,60.0,ascent,labview_bridge
ARO-01,2026-05-28T23:17:58.738Z,2561,A_linear,healthy,ascent,1.013,0.561,18.0,56.2,1.013,60.0,ascent,labview_bridge
ARO-01,2026-05-28T23:17:59.739Z,2562,A_linear,healthy,ascent,1.013,0.561,18.1,56.2,1.013,60.0,ascent,labview_bridge
ARO-01,2026-05-28T23:18:00.740Z,2563,A_linear,healthy,ascent,1.023,0.578,18.1,55.9,1.043,60.0,ascent,labview_bridge
ARO-01,2026-05-28T23:18:01.740Z,2564,A_linear,healthy,descent,0.995,0.361,18.0,55.7,0.652,60.0,descent,labview_bridge
ARO-01,2026-05-28T23:18:02.741Z,2565,A_linear,healthy,descent,0.989,0.358,18.0,56.1,0.646,60.0,descent,labview_bridge
ARO-01,2026-05-28T23:18:03.742Z,2566,A_linear,healthy,descent,0.982,0.343,18.0,56.1,0.619,60.0,descent,labview_bridge
ARO-01,2026-05-28T23:18:04.742Z,2567,A_linear,healthy,descent,1.020,0.347,18.0,56.0,0.625,60.0,descent,labview_bridge
ARO-01,2026-05-28T23:18:05.743Z,2568,A_linear,healthy,descent,0.984,0.339,18.0,55.8,0.612,60.0,descent,labview_bridge
ARO-01,2026-05-28T23:18:06.744Z,2569,A_linear,healthy,descent,0.980,0.361,18.1,55.7,0.652,60.0,descent,labview_bridge
ARO-01,2026-05-28T23:18:07.744Z,2570,A_linear,healthy,descent,0.982,0.348,18.0,55.8,0.628,60.0,descent,labview_bridge
ARO-01,2026-05-28T23:18:08.745Z,2571,A_linear,healthy,descent,0.959,0.340,18.0,55.7,0.614,60.0,descent,labview_bridge
ARO-01,2026-05-28T23:18:09.745Z,2572,A_linear,healthy,descent,0.968,0.350,18.0,55.6,0.631,60.0,descent,labview_bridge
ARO-01,2026-05-28T23:18:10.746Z,2573,A_linear,healthy,descent,0.945,0.349,18.1,55.6,0.629,60.0,descent,labview_bridge
ARO-01,2026-05-28T23:18:11.746Z,2574,A_linear,healthy,descent,0.919,0.341,18.1,55.3,0.615,60.0,descent,labview_bridge
ARO-01,2026-05-28T23:18:12.747Z,2575,A_linear,healthy,descent,0.923,0.341,18.2,55.4,0.615,60.0,descent,labview_bridge
ARO-01,2026-05-28T23:18:13.748Z,2576,A_linear,healthy,pause,0.922,0.008,18.2,55.5,0.015,60.0,pause,labview_bridge
ARO-01,2026-05-28T23:18:14.749Z,2577,A_linear,healthy,pause,0.890,0.008,18.1,55.6,0.015,60.0,pause,labview_bridge
ARO-01,2026-05-28T23:18:15.750Z,2578,A_linear,healthy,pause,0.886,0.000,18.1,55.9,0.000,60.0,pause,labview_bridge
ARO-01,2026-05-28T23:18:16.750Z,2579,A_linear,healthy,pause,0.887,0.003,18.0,55.9,0.005,60.0,pause,labview_bridge
ARO-01,2026-05-28T23:18:17.751Z,2580,A_linear,healthy,pause,0.908,0.009,18.0,55.8,0.016,60.0,pause,labview_bridge
ARO-01,2026-05-28T23:18:18.752Z,2581,A_linear,healthy,pause,0.895,0.001,17.9,55.7,0.001,60.0,pause,labview_bridge
ARO-01,2026-05-28T23:18:19.752Z,2582,A_linear,healthy,pause,0.896,0.000,18.0,55.9,0.000,60.0,pause,labview_bridge
ARO-01,2026-05-28T23:18:20.753Z,2583,A_linear,healthy,pause,0.911,0.003,17.9,55.7,0.005,60.0,pause,labview_bridge
ARO-01,2026-05-28T23:18:21.754Z,2584,A_linear,healthy,pause,0.877,0.005,17.9,55.6,0.009,60.0,pause,labview_bridge
ARO-01,2026-05-28T23:18:22.754Z,2585,A_linear,healthy,pause,0.874,0.000,17.9,55.6,0.000,60.0,pause,labview_bridge
ARO-01,2026-05-28T23:18:23.755Z,2586,A_linear,healthy,pause,0.897,0.000,17.9,55.7,0.000,60.0,pause,labview_bridge
ARO-01,2026-05-28T23:18:24.756Z,2587,A_linear,healthy,pause,0.932,0.000,17.8,55.8,0.000,60.0,pause,labview_bridge
ARO-01,2026-05-28T23:18:25.756Z,2588,A_linear,healthy,pause,0.939,0.000,17.7,55.5,0.000,60.0,pause,labview_bridge
ARO-01,2026-05-28T23:18:26.757Z,2589,A_linear,healthy,pause,0.936,0.007,17.8,55.2,0.013,60.0,pause,labview_bridge
ARO-01,2026-05-28T23:18:27.757Z,2590,A_linear,healthy,pause,0.943,0.001,17.8,55.0,0.003,60.0,pause,labview_bridge
ARO-01,2026-05-28T23:18:28.758Z,2591,A_linear,healthy,pause,0.945,0.007,17.8,55.1,0.013,60.0,pause,labview_bridge
ARO-01,2026-05-28T23:18:29.758Z,2592,A_linear,healthy,pause,0.972,0.003,17.8,55.2,0.006,60.0,pause,labview_bridge
ARO-01,2026-05-28T23:18:30.759Z,2593,A_linear,healthy,pause,0.959,0.000,17.8,55.1,0.000,60.0,pause,labview_bridge
ARO-01,2026-05-28T23:18:31.760Z,2594,A_linear,healthy,pause,0.971,0.000,17.8,55.2,0.000,60.0,pause,labview_bridge
ARO-01,2026-05-28T23:18:32.761Z,2595,A_linear,healthy,pause,0.967,0.006,17.6,55.6,0.010,60.0,pause,labview_bridge
ARO-01,2026-05-28T23:18:33.762Z,2596,A_linear,healthy,ascent,1.000,0.557,17.7,55.4,1.004,60.0,ascent,labview_bridge
ARO-01,2026-05-28T23:18:34.763Z,2597,A_linear,healthy,ascent,1.008,0.588,17.8,55.6,1.060,60.0,ascent,labview_bridge
ARO-01,2026-05-28T23:18:35.764Z,2598,A_linear,healthy,ascent,0.983,0.573,17.7,55.5,1.034,60.0,ascent,labview_bridge
ARO-01,2026-05-28T23:18:36.765Z,2599,A_linear,healthy,ascent,1.013,0.581,17.8,55.9,1.047,60.0,ascent,labview_bridge
ARO-01,2026-05-28T23:18:37.765Z,2600,A_linear,healthy,ascent,1.023,0.560,17.7,55.7,1.011,60.0,ascent,labview_bridge
ARO-01,2026-05-28T23:18:38.766Z,2601,A_linear,healthy,ascent,1.020,0.575,17.8,55.7,1.037,60.0,ascent,labview_bridge
ARO-01,2026-05-28T23:18:39.767Z,2602,A_linear,healthy,ascent,1.012,0.579,17.9,55.9,1.044,60.0,ascent,labview_bridge
ARO-01,2026-05-28T23:18:40.768Z,2603,A_linear,healthy,ascent,1.011,0.580,17.9,55.6,1.047,60.0,ascent,labview_bridge
ARO-01,2026-05-28T23:18:41.768Z,2604,A_linear,healthy,ascent,1.039,0.565,17.9,55.5,1.019,60.0,ascent,labview_bridge
ARO-01,2026-05-28T23:18:42.769Z,2605,A_linear,healthy,ascent,1.013,0.573,17.9,55.6,1.034,60.0,ascent,labview_bridge
ARO-01,2026-05-28T23:18:43.770Z,2606,A_linear,healthy,ascent,1.010,0.580,17.8,55.6,1.046,60.0,ascent,labview_bridge
ARO-01,2026-05-28T23:18:44.770Z,2607,A_linear,healthy,ascent,1.006,0.568,17.8,55.7,1.025,60.0,ascent,labview_bridge
ARO-01,2026-05-28T23:18:45.771Z,2608,A_linear,healthy,descent,0.973,0.350,17.8,55.6,0.631,60.0,descent,labview_bridge
ARO-01,2026-05-28T23:18:46.772Z,2609,A_linear,healthy,descent,1.020,0.353,17.8,55.8,0.637,60.0,descent,labview_bridge
ARO-01,2026-05-28T23:18:47.772Z,2610,A_linear,healthy,descent,1.014,0.344,17.7,56.0,0.621,60.0,descent,labview_bridge
ARO-01,2026-05-28T23:18:48.773Z,2611,A_linear,healthy,descent,0.977,0.341,17.6,56.1,0.615,60.0,descent,labview_bridge
ARO-01,2026-05-28T23:18:49.774Z,2612,A_linear,healthy,descent,0.988,0.349,17.7,56.0,0.629,60.0,descent,labview_bridge
ARO-01,2026-05-28T23:18:50.774Z,2613,A_linear,healthy,descent,0.986,0.358,17.7,56.5,0.645,60.0,descent,labview_bridge
ARO-01,2026-05-28T23:18:51.775Z,2614,A_linear,healthy,descent,0.974,0.355,17.8,56.6,0.641,60.0,descent,labview_bridge
ARO-01,2026-05-28T23:18:52.776Z,2615,A_linear,healthy,descent,0.969,0.352,17.9,56.1,0.636,60.0,descent,labview_bridge
ARO-01,2026-05-28T23:18:53.777Z,2616,A_linear,healthy,descent,0.942,0.345,17.8,56.6,0.623,60.0,descent,labview_bridge
ARO-01,2026-05-28T23:18:54.777Z,2617,A_linear,healthy,descent,0.948,0.356,17.9,56.6,0.643,60.0,descent,labview_bridge
ARO-01,2026-05-28T23:18:55.778Z,2618,A_linear,healthy,descent,0.950,0.363,17.8,56.5,0.656,60.0,descent,labview_bridge
ARO-01,2026-05-28T23:18:56.780Z,2619,A_linear,healthy,descent,0.937,0.360,17.7,56.4,0.649,60.0,descent,labview_bridge
ARO-01,2026-05-28T23:18:57.781Z,2620,A_linear,healthy,pause,0.921,0.000,17.7,56.3,0.000,60.0,pause,labview_bridge
ARO-01,2026-05-28T23:18:58.781Z,2621,A_linear,healthy,pause,0.907,0.000,17.6,56.0,0.000,60.0,pause,labview_bridge
ARO-01,2026-05-28T23:18:59.782Z,2622,A_linear,healthy,pause,0.906,0.002,17.6,55.7,0.004,60.0,pause,labview_bridge
ARO-01,2026-05-28T23:19:00.782Z,2623,A_linear,healthy,pause,0.915,0.007,17.5,55.7,0.013,60.0,pause,labview_bridge
ARO-01,2026-05-28T23:19:01.782Z,2624,A_linear,healthy,pause,0.920,0.000,17.4,55.9,0.000,60.0,pause,labview_bridge
ARO-01,2026-05-28T23:19:02.783Z,2625,A_linear,healthy,pause,0.915,0.014,17.4,55.9,0.026,60.0,pause,labview_bridge
ARO-01,2026-05-28T23:19:03.784Z,2626,A_linear,healthy,pause,0.890,0.000,17.5,56.1,0.000,60.0,pause,labview_bridge
ARO-01,2026-05-28T23:19:04.784Z,2627,A_linear,healthy,pause,0.889,0.000,17.5,56.0,0.000,60.0,pause,labview_bridge
ARO-01,2026-05-28T23:19:05.785Z,2628,A_linear,healthy,pause,0.922,0.001,17.4,56.0,0.002,60.0,pause,labview_bridge
ARO-01,2026-05-28T23:19:06.786Z,2629,A_linear,healthy,pause,0.916,0.001,17.4,56.1,0.002,60.0,pause,labview_bridge
ARO-01,2026-05-28T23:19:07.786Z,2630,A_linear,healthy,pause,0.918,0.000,17.4,56.3,0.000,60.0,pause,labview_bridge
ARO-01,2026-05-28T23:19:08.787Z,2631,A_linear,healthy,pause,0.923,0.000,17.5,56.5,0.000,60.0,pause,labview_bridge
ARO-01,2026-05-28T23:19:09.788Z,2632,A_linear,healthy,pause,0.940,0.002,17.5,56.5,0.003,60.0,pause,labview_bridge
ARO-01,2026-05-28T23:19:10.789Z,2633,A_linear,healthy,pause,0.946,0.000,17.5,56.7,0.000,60.0,pause,labview_bridge
ARO-01,2026-05-28T23:19:11.796Z,2634,A_linear,healthy,pause,0.925,0.000,17.3,56.4,0.000,60.0,pause,labview_bridge
ARO-01,2026-05-28T23:19:12.797Z,2635,A_linear,healthy,pause,0.959,0.005,17.2,56.6,0.010,60.0,pause,labview_bridge
ARO-01,2026-05-28T23:19:13.798Z,2636,A_linear,healthy,pause,0.966,0.004,17.2,56.7,0.007,60.0,pause,labview_bridge
ARO-01,2026-05-28T23:19:14.798Z,2637,A_linear,healthy,pause,0.972,0.003,17.1,56.4,0.005,60.0,pause,labview_bridge
ARO-01,2026-05-28T23:19:15.799Z,2638,A_linear,healthy,pause,0.976,0.003,17.1,56.7,0.005,60.0,pause,labview_bridge
ARO-01,2026-05-28T23:19:16.799Z,2639,A_linear,healthy,pause,0.985,0.004,17.1,56.7,0.008,60.0,pause,labview_bridge
ARO-01,2026-05-28T23:19:17.803Z,2640,A_linear,healthy,ascent,1.008,0.644,17.1,56.9,1.161,75.0,ascent,labview_bridge
ARO-01,2026-05-28T23:19:18.804Z,2641,A_linear,healthy,ascent,1.019,0.639,17.2,56.9,1.153,75.0,ascent,labview_bridge
ARO-01,2026-05-28T23:19:19.805Z,2642,A_linear,healthy,ascent,1.017,0.638,17.1,57.2,1.151,75.0,ascent,labview_bridge
ARO-01,2026-05-28T23:19:20.805Z,2643,A_linear,healthy,ascent,0.995,0.639,17.2,57.1,1.153,75.0,ascent,labview_bridge
ARO-01,2026-05-28T23:19:21.806Z,2644,A_linear,healthy,ascent,1.008,0.641,17.2,57.1,1.157,75.0,ascent,labview_bridge
ARO-01,2026-05-28T23:19:22.807Z,2645,A_linear,healthy,ascent,1.033,0.633,17.3,57.1,1.142,75.0,ascent,labview_bridge
ARO-01,2026-05-28T23:19:23.807Z,2646,A_linear,healthy,ascent,1.034,0.641,17.2,56.9,1.157,75.0,ascent,labview_bridge
ARO-01,2026-05-28T23:19:24.808Z,2647,A_linear,healthy,ascent,1.032,0.634,17.2,56.7,1.144,75.0,ascent,labview_bridge
ARO-01,2026-05-28T23:19:25.809Z,2648,A_linear,healthy,ascent,1.038,0.624,17.3,56.5,1.126,75.0,ascent,labview_bridge
ARO-01,2026-05-28T23:19:26.809Z,2649,A_linear,healthy,ascent,1.036,0.641,17.3,56.9,1.156,75.0,ascent,labview_bridge
ARO-01,2026-05-28T23:19:27.813Z,2650,A_linear,healthy,ascent,1.023,0.634,17.5,56.8,1.145,75.0,ascent,labview_bridge
ARO-01,2026-05-28T23:19:28.814Z,2651,A_linear,healthy,ascent,1.020,0.628,17.5,57.0,1.133,75.0,ascent,labview_bridge
ARO-01,2026-05-28T23:19:29.815Z,2652,A_linear,healthy,descent,1.004,0.360,17.5,56.9,0.649,75.0,descent,labview_bridge
ARO-01,2026-05-28T23:19:30.815Z,2653,A_linear,healthy,descent,0.987,0.340,17.4,56.8,0.613,75.0,descent,labview_bridge
ARO-01,2026-05-28T23:19:31.816Z,2654,A_linear,healthy,descent,0.995,0.358,17.4,56.4,0.647,75.0,descent,labview_bridge
ARO-01,2026-05-28T23:19:32.817Z,2655,A_linear,healthy,descent,0.989,0.343,17.3,56.4,0.619,75.0,descent,labview_bridge
ARO-01,2026-05-28T23:19:33.818Z,2656,A_linear,healthy,descent,1.012,0.347,17.3,56.6,0.626,75.0,descent,labview_bridge
ARO-01,2026-05-28T23:19:34.819Z,2657,A_linear,healthy,descent,0.985,0.347,17.4,56.8,0.626,75.0,descent,labview_bridge
ARO-01,2026-05-28T23:19:35.819Z,2658,A_linear,healthy,descent,0.970,0.348,17.4,56.8,0.627,75.0,descent,labview_bridge
ARO-01,2026-05-28T23:19:36.820Z,2659,A_linear,healthy,descent,0.970,0.349,17.5,57.1,0.630,75.0,descent,labview_bridge
ARO-01,2026-05-28T23:19:37.821Z,2660,A_linear,healthy,descent,0.967,0.350,17.3,56.7,0.632,75.0,descent,labview_bridge
ARO-01,2026-05-28T23:19:38.821Z,2661,A_linear,healthy,descent,0.950,0.353,17.2,56.6,0.638,75.0,descent,labview_bridge
ARO-01,2026-05-28T23:19:39.822Z,2662,A_linear,healthy,descent,0.935,0.365,17.2,56.2,0.658,75.0,descent,labview_bridge
ARO-01,2026-05-28T23:19:40.823Z,2663,A_linear,healthy,descent,0.930,0.345,17.1,56.4,0.623,75.0,descent,labview_bridge
ARO-01,2026-05-28T23:19:41.829Z,2664,A_linear,healthy,pause,0.939,0.000,17.1,56.6,0.000,75.0,pause,labview_bridge
ARO-01,2026-05-28T23:19:42.830Z,2665,A_linear,healthy,pause,0.907,0.003,17.1,57.0,0.006,75.0,pause,labview_bridge
ARO-01,2026-05-28T23:19:43.831Z,2666,A_linear,healthy,pause,0.935,0.000,17.1,56.7,0.000,75.0,pause,labview_bridge
ARO-01,2026-05-28T23:19:44.832Z,2667,A_linear,healthy,pause,0.895,0.000,17.1,56.9,0.000,75.0,pause,labview_bridge
ARO-01,2026-05-28T23:19:45.832Z,2668,A_linear,healthy,pause,0.907,0.000,17.1,56.9,0.000,75.0,pause,labview_bridge
ARO-01,2026-05-28T23:19:46.833Z,2669,A_linear,healthy,pause,0.895,0.000,17.1,57.3,0.001,75.0,pause,labview_bridge
ARO-01,2026-05-28T23:19:47.834Z,2670,A_linear,healthy,pause,0.903,0.000,17.0,57.3,0.000,75.0,pause,labview_bridge
ARO-01,2026-05-28T23:19:48.835Z,2671,A_linear,healthy,pause,0.903,0.004,17.0,57.3,0.006,75.0,pause,labview_bridge
ARO-01,2026-05-28T23:19:49.836Z,2672,A_linear,healthy,pause,0.911,0.000,17.0,57.5,0.000,75.0,pause,labview_bridge
ARO-01,2026-05-28T23:19:50.836Z,2673,A_linear,healthy,pause,0.920,0.000,17.1,57.5,0.000,75.0,pause,labview_bridge
ARO-01,2026-05-28T23:19:51.837Z,2674,A_linear,healthy,pause,0.906,0.007,17.0,57.6,0.013,75.0,pause,labview_bridge
ARO-01,2026-05-28T23:19:52.838Z,2675,A_linear,healthy,pause,0.941,0.000,16.9,57.6,0.000,75.0,pause,labview_bridge
ARO-01,2026-05-28T23:19:53.845Z,2676,A_linear,healthy,pause,0.944,0.000,17.0,57.3,0.000,75.0,pause,labview_bridge
ARO-01,2026-05-28T23:19:54.846Z,2677,A_linear,healthy,pause,0.941,0.000,17.0,57.0,0.000,75.0,pause,labview_bridge
ARO-01,2026-05-28T23:19:55.847Z,2678,A_linear,healthy,pause,0.961,0.010,16.9,56.8,0.018,75.0,pause,labview_bridge
ARO-01,2026-05-28T23:19:56.848Z,2679,A_linear,healthy,pause,0.942,0.008,16.8,57.0,0.014,75.0,pause,labview_bridge
ARO-01,2026-05-28T23:19:57.849Z,2680,A_linear,healthy,pause,0.952,0.000,16.8,57.5,0.000,75.0,pause,labview_bridge
ARO-01,2026-05-28T23:19:58.849Z,2681,A_linear,healthy,pause,0.966,0.000,16.7,57.3,0.000,75.0,pause,labview_bridge
ARO-01,2026-05-28T23:19:59.850Z,2682,A_linear,healthy,pause,0.977,0.000,16.7,57.5,0.000,75.0,pause,labview_bridge
ARO-01,2026-05-28T23:20:00.851Z,2683,A_linear,healthy,pause,0.993,0.007,16.8,57.2,0.013,75.0,pause,labview_bridge
ARO-01,2026-05-28T23:20:01.851Z,2684,A_linear,healthy,ascent,0.975,0.637,16.9,57.0,1.149,75.0,ascent,labview_bridge
ARO-01,2026-05-28T23:20:02.852Z,2685,A_linear,healthy,ascent,1.024,0.639,17.0,56.9,1.154,75.0,ascent,labview_bridge
ARO-01,2026-05-28T23:20:03.855Z,2686,A_linear,healthy,ascent,1.017,0.636,17.0,56.8,1.148,75.0,ascent,labview_bridge
ARO-01,2026-05-28T23:20:04.856Z,2687,A_linear,healthy,ascent,1.012,0.630,17.2,57.0,1.136,75.0,ascent,labview_bridge
ARO-01,2026-05-28T23:20:05.856Z,2688,A_linear,healthy,ascent,1.003,0.629,17.2,56.9,1.134,75.0,ascent,labview_bridge
ARO-01,2026-05-28T23:20:06.857Z,2689,A_linear,healthy,ascent,1.031,0.627,17.2,56.7,1.132,75.0,ascent,labview_bridge
ARO-01,2026-05-28T23:20:07.857Z,2690,A_linear,healthy,ascent,1.027,0.637,17.1,56.9,1.150,75.0,ascent,labview_bridge
ARO-01,2026-05-28T23:20:08.858Z,2691,A_linear,healthy,ascent,1.045,0.629,17.2,56.9,1.135,75.0,ascent,labview_bridge
ARO-01,2026-05-28T23:20:09.862Z,2692,A_linear,healthy,ascent,1.008,0.641,17.3,56.6,1.156,75.0,ascent,labview_bridge
ARO-01,2026-05-28T23:20:10.862Z,2693,A_linear,healthy,ascent,1.010,0.631,17.2,56.7,1.138,75.0,ascent,labview_bridge
ARO-01,2026-05-28T23:20:11.863Z,2694,A_linear,healthy,ascent,1.017,0.634,17.1,56.8,1.144,75.0,ascent,labview_bridge
ARO-01,2026-05-28T23:20:12.864Z,2695,A_linear,healthy,ascent,1.017,0.630,17.1,57.0,1.136,75.0,ascent,labview_bridge
ARO-01,2026-05-28T23:20:13.865Z,2696,A_linear,healthy,descent,1.021,0.340,17.1,56.9,0.613,75.0,descent,labview_bridge
ARO-01,2026-05-28T23:20:14.865Z,2697,A_linear,healthy,descent,1.006,0.358,16.9,57.0,0.645,75.0,descent,labview_bridge
ARO-01,2026-05-28T23:20:15.866Z,2698,A_linear,healthy,descent,1.021,0.351,16.9,56.8,0.634,75.0,descent,labview_bridge
ARO-01,2026-05-28T23:20:16.867Z,2699,A_linear,healthy,descent,1.006,0.349,16.8,57.2,0.629,75.0,descent,labview_bridge
ARO-01,2026-05-28T23:20:17.867Z,2700,A_linear,healthy,descent,0.979,0.349,16.8,57.2,0.630,75.0,descent,labview_bridge
ARO-01,2026-05-28T23:20:18.868Z,2701,A_linear,healthy,descent,0.979,0.362,16.8,57.0,0.653,75.0,descent,labview_bridge
ARO-01,2026-05-28T23:20:19.868Z,2702,A_linear,healthy,descent,0.975,0.348,16.8,57.5,0.627,75.0,descent,labview_bridge
ARO-01,2026-05-28T23:20:20.869Z,2703,A_linear,healthy,descent,0.963,0.345,16.9,57.6,0.623,75.0,descent,labview_bridge
ARO-01,2026-05-28T23:20:21.869Z,2704,A_linear,healthy,descent,0.942,0.351,16.8,57.4,0.633,75.0,descent,labview_bridge
ARO-01,2026-05-28T23:20:22.870Z,2705,A_linear,healthy,descent,0.929,0.351,16.8,57.5,0.633,75.0,descent,labview_bridge
ARO-01,2026-05-28T23:20:23.871Z,2706,A_linear,healthy,descent,0.931,0.342,16.8,57.7,0.617,75.0,descent,labview_bridge
ARO-01,2026-05-28T23:20:24.871Z,2707,A_linear,healthy,descent,0.926,0.350,16.8,58.0,0.631,75.0,descent,labview_bridge
ARO-01,2026-05-28T23:20:25.872Z,2708,A_linear,healthy,pause,0.927,0.000,16.9,58.0,0.000,75.0,pause,labview_bridge
ARO-01,2026-05-28T23:20:26.873Z,2709,A_linear,healthy,pause,0.919,0.000,16.8,57.9,0.000,75.0,pause,labview_bridge
ARO-01,2026-05-28T23:20:27.873Z,2710,A_linear,healthy,pause,0.884,0.001,16.8,57.8,0.002,75.0,pause,labview_bridge
ARO-01,2026-05-28T23:20:28.874Z,2711,A_linear,healthy,pause,0.897,0.007,16.9,57.7,0.012,75.0,pause,labview_bridge
ARO-01,2026-05-28T23:20:29.874Z,2712,A_linear,healthy,pause,0.897,0.005,16.8,57.9,0.009,75.0,pause,labview_bridge
ARO-01,2026-05-28T23:20:30.875Z,2713,A_linear,healthy,pause,0.908,0.000,16.7,58.3,0.000,75.0,pause,labview_bridge
ARO-01,2026-05-28T23:20:31.876Z,2714,A_linear,healthy,pause,0.913,0.000,16.7,58.4,0.000,75.0,pause,labview_bridge
ARO-01,2026-05-28T23:20:32.876Z,2715,A_linear,healthy,pause,0.899,0.000,16.6,58.6,0.000,75.0,pause,labview_bridge
ARO-01,2026-05-28T23:20:33.879Z,2716,A_linear,healthy,pause,0.906,0.001,16.8,58.6,0.003,75.0,pause,labview_bridge
ARO-01,2026-05-28T23:20:34.880Z,2717,A_linear,healthy,pause,0.922,0.000,16.8,58.7,0.000,75.0,pause,labview_bridge
ARO-01,2026-05-28T23:20:35.880Z,2718,A_linear,healthy,pause,0.911,0.000,16.6,58.7,0.000,75.0,pause,labview_bridge
ARO-01,2026-05-28T23:20:36.881Z,2719,A_linear,healthy,pause,0.888,0.007,16.6,58.7,0.012,75.0,pause,labview_bridge
ARO-01,2026-05-28T23:20:37.882Z,2720,A_linear,healthy,pause,0.934,0.000,16.6,58.7,0.000,75.0,pause,labview_bridge
ARO-01,2026-05-28T23:20:38.883Z,2721,A_linear,healthy,pause,0.923,0.000,16.5,58.6,0.000,75.0,pause,labview_bridge
ARO-01,2026-05-28T23:20:39.883Z,2722,A_linear,healthy,pause,0.937,0.000,16.5,58.6,0.000,75.0,pause,labview_bridge
ARO-01,2026-05-28T23:20:40.883Z,2723,A_linear,healthy,pause,0.957,0.003,16.5,58.5,0.005,75.0,pause,labview_bridge
ARO-01,2026-05-28T23:20:41.884Z,2724,A_linear,healthy,pause,0.966,0.000,16.4,58.6,0.000,75.0,pause,labview_bridge
ARO-01,2026-05-28T23:20:42.885Z,2725,A_linear,healthy,pause,0.980,0.001,16.5,58.5,0.003,75.0,pause,labview_bridge
ARO-01,2026-05-28T23:20:43.886Z,2726,A_linear,healthy,pause,0.957,0.000,16.6,58.6,0.000,75.0,pause,labview_bridge
ARO-01,2026-05-28T23:20:44.887Z,2727,A_linear,healthy,pause,0.985,0.000,16.5,58.4,0.000,75.0,pause,labview_bridge
ARO-01,2026-05-28T23:20:45.887Z,2728,A_linear,healthy,ascent,0.993,0.701,16.6,58.3,1.265,90.0,ascent,labview_bridge
ARO-01,2026-05-28T23:20:46.888Z,2729,A_linear,healthy,ascent,1.023,0.697,16.7,58.5,1.258,90.0,ascent,labview_bridge
ARO-01,2026-05-28T23:20:47.895Z,2730,A_linear,healthy,ascent,1.004,0.702,16.6,58.8,1.266,90.0,ascent,labview_bridge
ARO-01,2026-05-28T23:20:48.899Z,2731,A_linear,healthy,ascent,1.023,0.698,16.6,58.4,1.260,90.0,ascent,labview_bridge
ARO-01,2026-05-28T23:20:49.899Z,2732,A_linear,healthy,ascent,1.009,0.700,16.7,58.3,1.262,90.0,ascent,labview_bridge
ARO-01,2026-05-28T23:20:50.900Z,2733,A_linear,healthy,ascent,1.019,0.699,16.8,58.2,1.262,90.0,ascent,labview_bridge
ARO-01,2026-05-28T23:20:51.900Z,2734,A_linear,healthy,ascent,1.022,0.701,16.9,58.2,1.264,90.0,ascent,labview_bridge
ARO-01,2026-05-28T23:20:52.901Z,2735,A_linear,healthy,ascent,1.043,0.702,16.9,57.9,1.267,90.0,ascent,labview_bridge
ARO-01,2026-05-28T23:20:53.902Z,2736,A_linear,healthy,ascent,1.034,0.692,16.9,57.9,1.248,90.0,ascent,labview_bridge
ARO-01,2026-05-28T23:20:54.903Z,2737,A_linear,healthy,ascent,1.024,0.700,17.0,57.6,1.263,90.0,ascent,labview_bridge
ARO-01,2026-05-28T23:20:55.911Z,2738,A_linear,healthy,ascent,1.016,0.695,17.0,57.4,1.254,90.0,ascent,labview_bridge
ARO-01,2026-05-28T23:20:56.912Z,2739,A_linear,healthy,ascent,1.024,0.701,17.0,57.7,1.265,90.0,ascent,labview_bridge
ARO-01,2026-05-28T23:20:57.912Z,2740,A_linear,healthy,descent,1.017,0.351,17.1,57.9,0.632,90.0,descent,labview_bridge
ARO-01,2026-05-28T23:20:58.913Z,2741,A_linear,healthy,descent,0.994,0.350,17.1,57.7,0.632,90.0,descent,labview_bridge
ARO-01,2026-05-28T23:20:59.914Z,2742,A_linear,healthy,descent,0.999,0.346,16.9,57.5,0.624,90.0,descent,labview_bridge
ARO-01,2026-05-28T23:21:00.914Z,2743,A_linear,healthy,descent,0.971,0.357,16.9,57.4,0.645,90.0,descent,labview_bridge
ARO-01,2026-05-28T23:21:01.915Z,2744,A_linear,healthy,descent,1.002,0.348,16.8,57.7,0.628,90.0,descent,labview_bridge
ARO-01,2026-05-28T23:21:02.916Z,2745,A_linear,healthy,descent,0.972,0.355,16.8,58.1,0.641,90.0,descent,labview_bridge
ARO-01,2026-05-28T23:21:03.916Z,2746,A_linear,healthy,descent,0.957,0.353,16.8,58.2,0.636,90.0,descent,labview_bridge
ARO-01,2026-05-28T23:21:04.917Z,2747,A_linear,healthy,descent,0.964,0.343,16.7,58.0,0.619,90.0,descent,labview_bridge
ARO-01,2026-05-28T23:21:05.918Z,2748,A_linear,healthy,descent,0.960,0.353,16.6,57.8,0.637,90.0,descent,labview_bridge
ARO-01,2026-05-28T23:21:06.919Z,2749,A_linear,healthy,descent,0.947,0.342,16.6,58.2,0.617,90.0,descent,labview_bridge
ARO-01,2026-05-28T23:21:07.919Z,2750,A_linear,healthy,descent,0.950,0.340,16.6,58.0,0.613,90.0,descent,labview_bridge
ARO-01,2026-05-28T23:21:08.920Z,2751,A_linear,healthy,descent,0.953,0.345,16.6,58.1,0.622,90.0,descent,labview_bridge
ARO-01,2026-05-28T23:21:09.928Z,2752,A_linear,healthy,pause,0.943,0.000,16.6,58.0,0.000,90.0,pause,labview_bridge
ARO-01,2026-05-28T23:21:10.929Z,2753,A_linear,healthy,pause,0.898,0.005,16.6,58.0,0.009,90.0,pause,labview_bridge
ARO-01,2026-05-28T23:21:11.929Z,2754,A_linear,healthy,pause,0.932,0.000,16.5,57.9,0.000,90.0,pause,labview_bridge
ARO-01,2026-05-28T23:21:12.930Z,2755,A_linear,healthy,pause,0.895,0.002,16.6,57.9,0.003,90.0,pause,labview_bridge
ARO-01,2026-05-28T23:21:13.931Z,2756,A_linear,healthy,pause,0.921,0.000,16.6,57.8,0.000,90.0,pause,labview_bridge
ARO-01,2026-05-28T23:21:14.932Z,2757,A_linear,healthy,pause,0.899,0.001,16.6,57.7,0.002,90.0,pause,labview_bridge
ARO-01,2026-05-28T23:21:15.932Z,2758,A_linear,healthy,pause,0.897,0.000,16.5,57.9,0.000,90.0,pause,labview_bridge
ARO-01,2026-05-28T23:21:16.933Z,2759,A_linear,healthy,pause,0.899,0.000,16.4,57.8,0.000,90.0,pause,labview_bridge
ARO-01,2026-05-28T23:21:17.934Z,2760,A_linear,healthy,pause,0.881,0.000,16.3,58.1,0.000,90.0,pause,labview_bridge
ARO-01,2026-05-28T23:21:18.934Z,2761,A_linear,healthy,pause,0.908,0.003,16.4,58.0,0.005,90.0,pause,labview_bridge
ARO-01,2026-05-28T23:21:19.935Z,2762,A_linear,healthy,pause,0.901,0.005,16.3,58.3,0.009,90.0,pause,labview_bridge
ARO-01,2026-05-28T23:21:20.935Z,2763,A_linear,healthy,pause,0.934,0.004,16.3,58.4,0.008,90.0,pause,labview_bridge
ARO-01,2026-05-28T23:21:21.936Z,2764,A_linear,healthy,pause,0.908,0.000,16.4,58.4,0.000,90.0,pause,labview_bridge
ARO-01,2026-05-28T23:21:22.937Z,2765,A_linear,healthy,pause,0.948,0.000,16.2,58.5,0.000,90.0,pause,labview_bridge
ARO-01,2026-05-28T23:21:23.938Z,2766,A_linear,healthy,pause,0.932,0.004,16.2,58.8,0.007,90.0,pause,labview_bridge
ARO-01,2026-05-28T23:21:24.938Z,2767,A_linear,healthy,pause,0.948,0.000,16.2,59.3,0.000,90.0,pause,labview_bridge
ARO-01,2026-05-28T23:21:25.940Z,2768,A_linear,healthy,pause,0.962,0.001,16.2,59.1,0.002,90.0,pause,labview_bridge
ARO-01,2026-05-28T23:21:26.941Z,2769,A_linear,healthy,pause,0.980,0.000,16.2,59.3,0.000,90.0,pause,labview_bridge
ARO-01,2026-05-28T23:21:27.941Z,2770,A_linear,healthy,pause,0.971,0.012,16.2,59.1,0.021,90.0,pause,labview_bridge
ARO-01,2026-05-28T23:21:28.941Z,2771,A_linear,healthy,pause,1.007,0.001,16.2,59.2,0.002,90.0,pause,labview_bridge
ARO-01,2026-05-28T23:21:29.942Z,2772,A_linear,healthy,ascent,1.005,0.702,16.2,59.3,1.267,90.0,ascent,labview_bridge
ARO-01,2026-05-28T23:21:30.945Z,2773,A_linear,healthy,ascent,1.028,0.704,16.3,59.1,1.270,90.0,ascent,labview_bridge
ARO-01,2026-05-28T23:21:31.946Z,2774,A_linear,healthy,ascent,0.998,0.699,16.4,58.9,1.262,90.0,ascent,labview_bridge
ARO-01,2026-05-28T23:21:32.946Z,2775,A_linear,healthy,ascent,1.006,0.694,16.4,58.7,1.251,90.0,ascent,labview_bridge
ARO-01,2026-05-28T23:21:33.947Z,2776,A_linear,healthy,ascent,1.034,0.695,16.5,58.8,1.253,90.0,ascent,labview_bridge
ARO-01,2026-05-28T23:21:34.948Z,2777,A_linear,healthy,ascent,0.994,0.702,16.5,58.6,1.267,90.0,ascent,labview_bridge
ARO-01,2026-05-28T23:21:35.948Z,2778,A_linear,healthy,ascent,1.019,0.694,16.5,58.8,1.252,90.0,ascent,labview_bridge
ARO-01,2026-05-28T23:21:36.949Z,2779,A_linear,healthy,ascent,1.032,0.700,16.6,58.6,1.264,90.0,ascent,labview_bridge
ARO-01,2026-05-28T23:21:37.950Z,2780,A_linear,healthy,ascent,1.009,0.713,16.7,58.7,1.287,90.0,ascent,labview_bridge
ARO-01,2026-05-28T23:21:38.951Z,2781,A_linear,healthy,ascent,1.056,0.701,16.6,58.6,1.266,90.0,ascent,labview_bridge
ARO-01,2026-05-28T23:21:39.951Z,2782,A_linear,healthy,ascent,1.034,0.691,16.6,58.6,1.247,90.0,ascent,labview_bridge
ARO-01,2026-05-28T23:21:40.952Z,2783,A_linear,healthy,ascent,1.008,0.703,16.5,58.5,1.269,90.0,ascent,labview_bridge
ARO-01,2026-05-28T23:21:41.952Z,2784,A_linear,healthy,descent,1.010,0.366,16.4,58.6,0.660,90.0,descent,labview_bridge
ARO-01,2026-05-28T23:21:42.953Z,2785,A_linear,healthy,descent,1.012,0.351,16.5,58.5,0.632,90.0,descent,labview_bridge
ARO-01,2026-05-28T23:21:43.954Z,2786,A_linear,healthy,descent,0.989,0.335,16.6,58.5,0.604,90.0,descent,labview_bridge
ARO-01,2026-05-28T23:21:44.954Z,2787,A_linear,healthy,descent,0.988,0.357,16.5,58.6,0.644,90.0,descent,labview_bridge
ARO-01,2026-05-28T23:21:45.955Z,2788,A_linear,healthy,descent,0.980,0.361,16.5,59.0,0.651,90.0,descent,labview_bridge
ARO-01,2026-05-28T23:21:46.955Z,2789,A_linear,healthy,descent,0.986,0.361,16.4,59.2,0.652,90.0,descent,labview_bridge
ARO-01,2026-05-28T23:21:47.956Z,2790,A_linear,healthy,descent,0.991,0.343,16.4,59.4,0.619,90.0,descent,labview_bridge
ARO-01,2026-05-28T23:21:48.957Z,2791,A_linear,healthy,descent,0.949,0.364,16.4,59.3,0.657,90.0,descent,labview_bridge
ARO-01,2026-05-28T23:21:49.958Z,2792,A_linear,healthy,descent,0.948,0.353,16.4,58.9,0.636,90.0,descent,labview_bridge
ARO-01,2026-05-28T23:21:50.961Z,2793,A_linear,healthy,descent,0.943,0.345,16.5,58.8,0.623,90.0,descent,labview_bridge
ARO-01,2026-05-28T23:21:51.961Z,2794,A_linear,healthy,descent,0.930,0.348,16.4,58.9,0.627,90.0,descent,labview_bridge
ARO-01,2026-05-28T23:21:52.962Z,2795,A_linear,healthy,descent,0.918,0.356,16.4,58.7,0.642,90.0,descent,labview_bridge
ARO-01,2026-05-28T23:21:53.963Z,2796,A_linear,healthy,pause,0.907,0.000,16.3,58.8,0.000,90.0,pause,labview_bridge
ARO-01,2026-05-28T23:21:54.964Z,2797,A_linear,healthy,pause,0.910,0.006,16.3,58.9,0.010,90.0,pause,labview_bridge
ARO-01,2026-05-28T23:21:55.965Z,2798,A_linear,healthy,pause,0.934,0.002,16.2,58.6,0.003,90.0,pause,labview_bridge
ARO-01,2026-05-28T23:21:56.965Z,2799,A_linear,healthy,pause,0.923,0.001,16.1,58.2,0.001,90.0,pause,labview_bridge
ARO-01,2026-05-28T23:21:57.966Z,2800,A_linear,healthy,pause,0.886,0.000,16.0,58.2,0.000,90.0,pause,labview_bridge
ARO-01,2026-05-28T23:21:58.966Z,2801,A_linear,healthy,pause,0.914,0.006,16.1,58.2,0.010,90.0,pause,labview_bridge
ARO-01,2026-05-28T23:21:59.967Z,2802,A_linear,healthy,pause,0.909,0.002,15.9,58.5,0.004,90.0,pause,labview_bridge
ARO-01,2026-05-28T23:22:00.968Z,2803,A_linear,healthy,pause,0.909,0.000,15.9,58.7,0.000,90.0,pause,labview_bridge
ARO-01,2026-05-28T23:22:01.968Z,2804,A_linear,healthy,pause,0.915,0.006,15.8,58.9,0.010,90.0,pause,labview_bridge
ARO-01,2026-05-28T23:22:02.969Z,2805,A_linear,healthy,pause,0.900,0.000,15.9,58.8,0.000,90.0,pause,labview_bridge
ARO-01,2026-05-28T23:22:03.970Z,2806,A_linear,healthy,pause,0.926,0.006,15.9,58.6,0.011,90.0,pause,labview_bridge
ARO-01,2026-05-28T23:22:04.970Z,2807,A_linear,healthy,pause,0.931,0.000,15.9,58.8,0.000,90.0,pause,labview_bridge
ARO-01,2026-05-28T23:22:05.971Z,2808,A_linear,healthy,pause,0.932,0.000,16.0,58.6,0.000,90.0,pause,labview_bridge
ARO-01,2026-05-28T23:22:06.972Z,2809,A_linear,healthy,pause,0.929,0.000,15.9,58.5,0.000,90.0,pause,labview_bridge
ARO-01,2026-05-28T23:22:07.973Z,2810,A_linear,healthy,pause,0.951,0.002,15.9,58.3,0.003,90.0,pause,labview_bridge
ARO-01,2026-05-28T23:22:08.978Z,2811,A_linear,healthy,pause,0.950,0.000,16.0,58.6,0.000,90.0,pause,labview_bridge
ARO-01,2026-05-28T23:22:09.979Z,2812,A_linear,healthy,pause,0.935,0.000,16.0,58.7,0.000,90.0,pause,labview_bridge
ARO-01,2026-05-28T23:22:10.979Z,2813,A_linear,healthy,pause,0.962,0.010,15.9,58.7,0.018,90.0,pause,labview_bridge
ARO-01,2026-05-28T23:22:11.980Z,2814,A_linear,healthy,pause,0.968,0.000,15.9,58.9,0.000,90.0,pause,labview_bridge
ARO-01,2026-05-28T23:22:12.984Z,2815,A_linear,healthy,pause,0.978,0.001,15.8,58.8,0.002,90.0,pause,labview_bridge
ARO-01,2026-05-28T23:22:13.985Z,2816,A_linear,healthy,ascent,0.982,0.640,15.9,58.9,1.155,75.0,ascent,labview_bridge
ARO-01,2026-05-28T23:22:14.986Z,2817,A_linear,healthy,ascent,0.991,0.624,16.0,58.8,1.126,75.0,ascent,labview_bridge
ARO-01,2026-05-28T23:22:15.987Z,2818,A_linear,healthy,ascent,1.014,0.632,16.0,58.6,1.140,75.0,ascent,labview_bridge
ARO-01,2026-05-28T23:22:16.994Z,2819,A_linear,healthy,ascent,1.031,0.634,16.0,58.8,1.144,75.0,ascent,labview_bridge
ARO-01,2026-05-28T23:22:17.995Z,2820,A_linear,healthy,ascent,1.010,0.623,16.1,59.0,1.124,75.0,ascent,labview_bridge
ARO-01,2026-05-28T23:22:18.996Z,2821,A_linear,healthy,ascent,1.030,0.631,16.3,58.9,1.139,75.0,ascent,labview_bridge
ARO-01,2026-05-28T23:22:20.000Z,2822,A_linear,healthy,ascent,1.024,0.646,16.4,58.9,1.165,75.0,ascent,labview_bridge
ARO-01,2026-05-28T23:22:21.001Z,2823,A_linear,healthy,ascent,1.031,0.646,16.4,59.0,1.165,75.0,ascent,labview_bridge
ARO-01,2026-05-28T23:22:22.001Z,2824,A_linear,healthy,ascent,1.006,0.625,16.5,59.1,1.128,75.0,ascent,labview_bridge
ARO-01,2026-05-28T23:22:23.002Z,2825,A_linear,healthy,ascent,1.014,0.631,16.6,59.0,1.138,75.0,ascent,labview_bridge
ARO-01,2026-05-28T23:22:24.002Z,2826,A_linear,healthy,ascent,1.014,0.632,16.6,58.8,1.141,75.0,ascent,labview_bridge
ARO-01,2026-05-28T23:22:25.010Z,2827,A_linear,healthy,ascent,1.024,0.633,16.6,58.6,1.141,75.0,ascent,labview_bridge
ARO-01,2026-05-28T23:22:26.011Z,2828,A_linear,healthy,descent,1.025,0.353,16.5,58.6,0.637,75.0,descent,labview_bridge
ARO-01,2026-05-28T23:22:27.012Z,2829,A_linear,healthy,descent,0.984,0.361,16.5,58.6,0.652,75.0,descent,labview_bridge
ARO-01,2026-05-28T23:22:28.013Z,2830,A_linear,healthy,descent,1.008,0.341,16.5,58.8,0.615,75.0,descent,labview_bridge
ARO-01,2026-05-28T23:22:29.013Z,2831,A_linear,healthy,descent,0.995,0.344,16.5,58.7,0.621,75.0,descent,labview_bridge
ARO-01,2026-05-28T23:22:30.014Z,2832,A_linear,healthy,descent,0.986,0.354,16.4,58.9,0.638,75.0,descent,labview_bridge
ARO-01,2026-05-28T23:22:31.015Z,2833,A_linear,healthy,descent,0.977,0.357,16.4,58.4,0.644,75.0,descent,labview_bridge
ARO-01,2026-05-28T23:22:32.018Z,2834,A_linear,healthy,descent,0.969,0.344,16.3,58.5,0.620,75.0,descent,labview_bridge
ARO-01,2026-05-28T23:22:33.018Z,2835,A_linear,healthy,descent,0.961,0.350,16.4,58.8,0.631,75.0,descent,labview_bridge
ARO-01,2026-05-28T23:22:34.019Z,2836,A_linear,healthy,descent,0.965,0.358,16.4,58.9,0.646,75.0,descent,labview_bridge
ARO-01,2026-05-28T23:22:35.020Z,2837,A_linear,healthy,descent,0.950,0.351,16.4,58.9,0.633,75.0,descent,labview_bridge
ARO-01,2026-05-28T23:22:36.021Z,2838,A_linear,healthy,descent,0.926,0.349,16.4,58.9,0.629,75.0,descent,labview_bridge
ARO-01,2026-05-28T23:22:37.021Z,2839,A_linear,healthy,descent,0.918,0.357,16.5,58.6,0.643,75.0,descent,labview_bridge
ARO-01,2026-05-28T23:22:38.022Z,2840,A_linear,healthy,pause,0.942,0.000,16.3,58.6,0.000,75.0,pause,labview_bridge
ARO-01,2026-05-28T23:22:39.026Z,2841,A_linear,healthy,pause,0.928,0.007,16.3,58.4,0.013,75.0,pause,labview_bridge
ARO-01,2026-05-28T23:22:40.027Z,2842,A_linear,healthy,pause,0.925,0.004,16.1,58.6,0.007,75.0,pause,labview_bridge
ARO-01,2026-05-28T23:22:41.027Z,2843,A_linear,healthy,pause,0.888,0.000,16.1,58.5,0.000,75.0,pause,labview_bridge
ARO-01,2026-05-28T23:22:42.029Z,2844,A_linear,healthy,pause,0.913,0.000,16.1,58.9,0.000,75.0,pause,labview_bridge
ARO-01,2026-05-28T23:22:43.029Z,2845,A_linear,healthy,pause,0.897,0.000,16.0,58.7,0.000,75.0,pause,labview_bridge
ARO-01,2026-05-28T23:22:44.030Z,2846,A_linear,healthy,pause,0.898,0.002,15.9,58.9,0.003,75.0,pause,labview_bridge
ARO-01,2026-05-28T23:22:45.031Z,2847,A_linear,healthy,pause,0.926,0.000,16.0,58.6,0.000,75.0,pause,labview_bridge
ARO-01,2026-05-28T23:22:46.031Z,2848,A_linear,healthy,pause,0.919,0.000,15.9,58.8,0.000,75.0,pause,labview_bridge
ARO-01,2026-05-28T23:22:47.032Z,2849,A_linear,healthy,pause,0.909,0.005,15.9,58.9,0.008,75.0,pause,labview_bridge
ARO-01,2026-05-28T23:22:48.033Z,2850,A_linear,healthy,pause,0.919,0.000,15.9,59.0,0.000,75.0,pause,labview_bridge
ARO-01,2026-05-28T23:22:49.033Z,2851,A_linear,healthy,pause,0.937,0.000,15.8,59.3,0.000,75.0,pause,labview_bridge
ARO-01,2026-05-28T23:22:50.034Z,2852,A_linear,healthy,pause,0.921,0.004,15.8,59.3,0.007,75.0,pause,labview_bridge
ARO-01,2026-05-28T23:22:51.035Z,2853,A_linear,healthy,pause,0.963,0.000,15.7,59.2,0.000,75.0,pause,labview_bridge
ARO-01,2026-05-28T23:22:52.035Z,2854,A_linear,healthy,pause,0.951,0.000,15.7,59.4,0.000,75.0,pause,labview_bridge
ARO-01,2026-05-28T23:22:53.043Z,2855,A_linear,healthy,pause,0.938,0.000,15.7,59.4,0.000,75.0,pause,labview_bridge
ARO-01,2026-05-28T23:22:54.043Z,2856,A_linear,healthy,pause,0.981,0.000,15.6,59.6,0.000,75.0,pause,labview_bridge
ARO-01,2026-05-28T23:22:55.044Z,2857,A_linear,healthy,pause,0.981,0.000,15.6,59.7,0.000,75.0,pause,labview_bridge
ARO-01,2026-05-28T23:22:56.044Z,2858,A_linear,healthy,pause,0.985,0.013,15.5,59.8,0.023,75.0,pause,labview_bridge
ARO-01,2026-05-28T23:22:57.045Z,2859,A_linear,healthy,pause,0.996,0.000,15.5,60.2,0.000,75.0,pause,labview_bridge
ARO-01,2026-05-28T23:22:58.045Z,2860,A_linear,healthy,ascent,0.998,0.635,15.5,60.4,1.145,75.0,ascent,labview_bridge
ARO-01,2026-05-28T23:22:59.046Z,2861,A_linear,healthy,ascent,1.017,0.643,15.6,60.3,1.160,75.0,ascent,labview_bridge
ARO-01,2026-05-28T23:23:00.046Z,2862,A_linear,healthy,ascent,1.001,0.639,15.8,60.0,1.152,75.0,ascent,labview_bridge
ARO-01,2026-05-28T23:23:01.047Z,2863,A_linear,healthy,ascent,1.016,0.634,15.8,59.8,1.145,75.0,ascent,labview_bridge
ARO-01,2026-05-28T23:23:02.047Z,2864,A_linear,healthy,ascent,1.052,0.631,15.9,59.9,1.138,75.0,ascent,labview_bridge
ARO-01,2026-05-28T23:23:03.048Z,2865,A_linear,healthy,ascent,1.016,0.638,15.8,59.7,1.150,75.0,ascent,labview_bridge
ARO-01,2026-05-28T23:23:04.048Z,2866,A_linear,healthy,ascent,1.032,0.620,15.9,60.0,1.119,75.0,ascent,labview_bridge
ARO-01,2026-05-28T23:23:05.049Z,2867,A_linear,healthy,ascent,1.030,0.637,16.0,59.9,1.149,75.0,ascent,labview_bridge
ARO-01,2026-05-28T23:23:06.049Z,2868,A_linear,healthy,ascent,1.054,0.645,16.1,59.7,1.164,75.0,ascent,labview_bridge
ARO-01,2026-05-28T23:23:07.050Z,2869,A_linear,healthy,ascent,1.018,0.622,16.1,59.6,1.123,75.0,ascent,labview_bridge
ARO-01,2026-05-28T23:23:08.051Z,2870,A_linear,healthy,ascent,1.027,0.637,16.2,59.4,1.149,75.0,ascent,labview_bridge
ARO-01,2026-05-28T23:23:09.052Z,2871,A_linear,healthy,ascent,1.043,0.642,16.2,59.2,1.158,75.0,ascent,labview_bridge
ARO-01,2026-05-28T23:23:10.052Z,2872,A_linear,healthy,descent,1.010,0.350,16.2,59.0,0.631,75.0,descent,labview_bridge
ARO-01,2026-05-28T23:23:11.060Z,2873,A_linear,healthy,descent,1.025,0.373,16.2,59.1,0.673,75.0,descent,labview_bridge
ARO-01,2026-05-28T23:23:12.060Z,2874,A_linear,healthy,descent,0.986,0.353,16.1,59.1,0.636,75.0,descent,labview_bridge
ARO-01,2026-05-28T23:23:13.061Z,2875,A_linear,healthy,descent,1.020,0.357,16.0,59.2,0.645,75.0,descent,labview_bridge
ARO-01,2026-05-28T23:23:14.061Z,2876,A_linear,healthy,descent,0.980,0.347,16.0,59.3,0.625,75.0,descent,labview_bridge
ARO-01,2026-05-28T23:23:15.062Z,2877,A_linear,healthy,descent,0.997,0.356,16.0,59.4,0.642,75.0,descent,labview_bridge
ARO-01,2026-05-28T23:23:16.062Z,2878,A_linear,healthy,descent,0.952,0.356,16.0,59.6,0.643,75.0,descent,labview_bridge
ARO-01,2026-05-28T23:23:17.063Z,2879,A_linear,healthy,descent,0.968,0.346,16.0,59.5,0.624,75.0,descent,labview_bridge
ARO-01,2026-05-28T23:23:18.064Z,2880,A_linear,healthy,descent,0.951,0.348,16.0,59.5,0.627,75.0,descent,labview_bridge
ARO-01,2026-05-28T23:23:19.065Z,2881,A_linear,healthy,descent,0.973,0.350,16.0,59.8,0.631,75.0,descent,labview_bridge
ARO-01,2026-05-28T23:23:20.065Z,2882,A_linear,healthy,descent,0.957,0.354,16.1,59.7,0.639,75.0,descent,labview_bridge
ARO-01,2026-05-28T23:23:21.066Z,2883,A_linear,healthy,descent,0.921,0.349,16.1,59.7,0.629,75.0,descent,labview_bridge
ARO-01,2026-05-28T23:23:22.067Z,2884,A_linear,healthy,pause,0.929,0.003,15.9,60.0,0.005,75.0,pause,labview_bridge
ARO-01,2026-05-28T23:23:23.068Z,2885,A_linear,healthy,pause,0.918,0.001,15.9,60.2,0.001,75.0,pause,labview_bridge
ARO-01,2026-05-28T23:23:24.068Z,2886,A_linear,healthy,pause,0.910,0.012,15.9,60.3,0.022,75.0,pause,labview_bridge
ARO-01,2026-05-28T23:23:25.069Z,2887,A_linear,healthy,pause,0.922,0.006,15.8,60.1,0.011,75.0,pause,labview_bridge
ARO-01,2026-05-28T23:23:26.069Z,2888,A_linear,healthy,pause,0.916,0.009,15.8,59.9,0.016,75.0,pause,labview_bridge
ARO-01,2026-05-28T23:23:27.070Z,2889,A_linear,healthy,pause,0.925,0.000,15.8,59.8,0.000,75.0,pause,labview_bridge
ARO-01,2026-05-28T23:23:28.070Z,2890,A_linear,healthy,pause,0.896,0.000,15.8,59.8,0.000,75.0,pause,labview_bridge
ARO-01,2026-05-28T23:23:29.071Z,2891,A_linear,healthy,pause,0.909,0.007,15.7,59.6,0.013,75.0,pause,labview_bridge
ARO-01,2026-05-28T23:23:30.072Z,2892,A_linear,healthy,pause,0.894,0.000,15.5,59.6,0.000,75.0,pause,labview_bridge
ARO-01,2026-05-28T23:23:31.076Z,2893,A_linear,healthy,pause,0.930,0.004,15.5,59.7,0.007,75.0,pause,labview_bridge
ARO-01,2026-05-28T23:23:32.077Z,2894,A_linear,healthy,pause,0.916,0.000,15.5,59.9,0.000,75.0,pause,labview_bridge
ARO-01,2026-05-28T23:23:33.078Z,2895,A_linear,healthy,pause,0.931,0.002,15.5,59.8,0.004,75.0,pause,labview_bridge
ARO-01,2026-05-28T23:23:34.078Z,2896,A_linear,healthy,pause,0.950,0.000,15.5,60.2,0.000,75.0,pause,labview_bridge
ARO-01,2026-05-28T23:23:35.079Z,2897,A_linear,healthy,pause,0.936,0.009,15.3,60.5,0.017,75.0,pause,labview_bridge
ARO-01,2026-05-28T23:23:36.080Z,2898,A_linear,healthy,pause,0.954,0.004,15.4,60.6,0.007,75.0,pause,labview_bridge
ARO-01,2026-05-28T23:23:37.080Z,2899,A_linear,healthy,pause,0.953,0.009,15.4,60.8,0.015,75.0,pause,labview_bridge
ARO-01,2026-05-28T23:23:38.081Z,2900,A_linear,healthy,pause,0.956,0.000,15.4,60.7,0.000,75.0,pause,labview_bridge
ARO-01,2026-05-28T23:23:39.082Z,2901,A_linear,healthy,pause,0.962,0.000,15.3,60.7,0.000,75.0,pause,labview_bridge
ARO-01,2026-05-28T23:23:40.082Z,2902,A_linear,healthy,pause,0.981,0.000,15.3,60.9,0.000,75.0,pause,labview_bridge
ARO-01,2026-05-28T23:23:41.083Z,2903,A_linear,healthy,pause,0.995,0.000,15.2,60.9,0.000,75.0,pause,labview_bridge
ARO-01,2026-05-28T23:23:42.084Z,2904,A_linear,healthy,ascent,0.999,0.650,15.3,60.8,1.173,75.0,ascent,labview_bridge
ARO-01,2026-05-28T23:23:43.084Z,2905,A_linear,healthy,ascent,0.991,0.630,15.3,60.9,1.136,75.0,ascent,labview_bridge
ARO-01,2026-05-28T23:23:44.085Z,2906,A_linear,healthy,ascent,1.016,0.625,15.4,60.8,1.128,75.0,ascent,labview_bridge
ARO-01,2026-05-28T23:23:45.090Z,2907,A_linear,healthy,ascent,1.010,0.637,15.6,60.7,1.149,75.0,ascent,labview_bridge
ARO-01,2026-05-28T23:23:46.092Z,2908,A_linear,healthy,ascent,1.038,0.639,15.6,60.6,1.153,75.0,ascent,labview_bridge
ARO-01,2026-05-28T23:23:47.093Z,2909,A_linear,healthy,ascent,1.017,0.633,15.6,60.7,1.142,75.0,ascent,labview_bridge
ARO-01,2026-05-28T23:23:48.094Z,2910,A_linear,healthy,ascent,1.006,0.640,15.7,60.4,1.154,75.0,ascent,labview_bridge
ARO-01,2026-05-28T23:23:49.095Z,2911,A_linear,healthy,ascent,1.045,0.638,15.7,60.3,1.151,75.0,ascent,labview_bridge
ARO-01,2026-05-28T23:23:50.095Z,2912,A_linear,healthy,ascent,1.030,0.627,15.7,60.2,1.132,75.0,ascent,labview_bridge
ARO-01,2026-05-28T23:23:51.099Z,2913,A_linear,healthy,ascent,1.030,0.641,15.7,60.2,1.156,75.0,ascent,labview_bridge
ARO-01,2026-05-28T23:23:52.100Z,2914,A_linear,healthy,ascent,1.026,0.641,15.7,59.9,1.157,75.0,ascent,labview_bridge
ARO-01,2026-05-28T23:23:53.101Z,2915,A_linear,healthy,ascent,1.026,0.642,15.8,60.1,1.158,75.0,ascent,labview_bridge
ARO-01,2026-05-28T23:23:54.102Z,2916,A_linear,healthy,descent,1.044,0.333,15.9,60.3,0.600,75.0,descent,labview_bridge
ARO-01,2026-05-28T23:23:55.109Z,2917,A_linear,healthy,descent,1.012,0.355,15.9,60.1,0.640,75.0,descent,labview_bridge
ARO-01,2026-05-28T23:23:56.110Z,2918,A_linear,healthy,descent,1.033,0.357,15.7,60.1,0.644,75.0,descent,labview_bridge
ARO-01,2026-05-28T23:23:57.110Z,2919,A_linear,healthy,descent,0.995,0.353,15.8,60.3,0.638,75.0,descent,labview_bridge
ARO-01,2026-05-28T23:23:58.111Z,2920,A_linear,healthy,descent,0.978,0.359,15.7,60.4,0.648,75.0,descent,labview_bridge
ARO-01,2026-05-28T23:23:59.112Z,2921,A_linear,healthy,descent,0.969,0.354,15.8,60.1,0.638,75.0,descent,labview_bridge
ARO-01,2026-05-28T23:24:00.112Z,2922,A_linear,healthy,descent,0.986,0.355,15.8,60.2,0.641,75.0,descent,labview_bridge
ARO-01,2026-05-28T23:24:01.113Z,2923,A_linear,healthy,descent,0.976,0.346,15.9,60.3,0.624,75.0,descent,labview_bridge
ARO-01,2026-05-28T23:24:02.114Z,2924,A_linear,healthy,descent,0.963,0.350,15.8,60.2,0.632,75.0,descent,labview_bridge
ARO-01,2026-05-28T23:24:03.115Z,2925,A_linear,healthy,descent,0.961,0.365,15.8,60.0,0.659,75.0,descent,labview_bridge
ARO-01,2026-05-28T23:24:04.115Z,2926,A_linear,healthy,descent,0.945,0.352,15.8,60.2,0.635,75.0,descent,labview_bridge
ARO-01,2026-05-28T23:24:05.116Z,2927,A_linear,healthy,descent,0.934,0.359,15.8,60.4,0.648,75.0,descent,labview_bridge
ARO-01,2026-05-28T23:24:06.116Z,2928,A_linear,healthy,pause,0.918,0.003,15.7,60.8,0.006,75.0,pause,labview_bridge
ARO-01,2026-05-28T23:24:07.117Z,2929,A_linear,healthy,pause,0.942,0.000,15.6,60.4,0.000,75.0,pause,labview_bridge
ARO-01,2026-05-28T23:24:08.118Z,2930,A_linear,healthy,pause,0.914,0.000,15.6,60.4,0.000,75.0,pause,labview_bridge
ARO-01,2026-05-28T23:24:09.118Z,2931,A_linear,healthy,pause,0.921,0.000,15.5,60.5,0.000,75.0,pause,labview_bridge
ARO-01,2026-05-28T23:24:10.119Z,2932,A_linear,healthy,pause,0.931,0.004,15.4,60.4,0.008,75.0,pause,labview_bridge
ARO-01,2026-05-28T23:24:11.119Z,2933,A_linear,healthy,pause,0.925,0.000,15.4,60.4,0.000,75.0,pause,labview_bridge
ARO-01,2026-05-28T23:24:12.120Z,2934,A_linear,healthy,pause,0.902,0.000,15.3,60.8,0.000,75.0,pause,labview_bridge
ARO-01,2026-05-28T23:24:13.121Z,2935,A_linear,healthy,pause,0.908,0.000,15.2,60.8,0.000,75.0,pause,labview_bridge
ARO-01,2026-05-28T23:24:14.121Z,2936,A_linear,healthy,pause,0.896,0.009,15.1,61.0,0.016,75.0,pause,labview_bridge
ARO-01,2026-05-28T23:24:15.122Z,2937,A_linear,healthy,pause,0.919,0.000,15.1,60.9,0.000,75.0,pause,labview_bridge
ARO-01,2026-05-28T23:24:16.123Z,2938,A_linear,healthy,pause,0.919,0.002,15.2,60.9,0.004,75.0,pause,labview_bridge
ARO-01,2026-05-28T23:24:17.124Z,2939,A_linear,healthy,pause,0.929,0.000,15.3,60.7,0.000,75.0,pause,labview_bridge
ARO-01,2026-05-28T23:24:18.125Z,2940,A_linear,healthy,pause,0.928,0.000,15.2,60.9,0.000,75.0,pause,labview_bridge
ARO-01,2026-05-28T23:24:19.125Z,2941,A_linear,healthy,pause,0.936,0.000,15.1,61.0,0.000,75.0,pause,labview_bridge
ARO-01,2026-05-28T23:24:20.126Z,2942,A_linear,healthy,pause,0.960,0.007,15.1,61.0,0.013,75.0,pause,labview_bridge
ARO-01,2026-05-28T23:24:21.126Z,2943,A_linear,healthy,pause,0.950,0.000,15.0,61.3,0.000,75.0,pause,labview_bridge
ARO-01,2026-05-28T23:24:22.127Z,2944,A_linear,healthy,pause,0.967,0.001,15.1,61.3,0.003,75.0,pause,labview_bridge
ARO-01,2026-05-28T23:24:23.128Z,2945,A_linear,healthy,pause,0.965,0.000,15.2,61.4,0.000,75.0,pause,labview_bridge
ARO-01,2026-05-28T23:24:24.128Z,2946,A_linear,healthy,pause,0.977,0.005,15.1,61.2,0.008,75.0,pause,labview_bridge
ARO-01,2026-05-28T23:24:25.129Z,2947,A_linear,healthy,pause,0.991,0.000,15.2,61.2,0.000,75.0,pause,labview_bridge
ARO-01,2026-05-28T23:24:26.130Z,2948,A_linear,healthy,ascent,0.970,0.445,15.2,61.2,0.802,30.0,ascent,labview_bridge
ARO-01,2026-05-28T23:24:27.131Z,2949,A_linear,healthy,ascent,1.010,0.434,15.2,61.0,0.783,30.0,ascent,labview_bridge
ARO-01,2026-05-28T23:24:28.131Z,2950,A_linear,healthy,ascent,1.015,0.441,15.4,61.1,0.795,30.0,ascent,labview_bridge
ARO-01,2026-05-28T23:24:29.132Z,2951,A_linear,healthy,ascent,1.000,0.441,15.4,60.9,0.796,30.0,ascent,labview_bridge
ARO-01,2026-05-28T23:24:30.133Z,2952,A_linear,healthy,ascent,1.013,0.443,15.3,61.0,0.799,30.0,ascent,labview_bridge
ARO-01,2026-05-28T23:24:31.133Z,2953,A_linear,healthy,ascent,1.024,0.444,15.3,60.6,0.801,30.0,ascent,labview_bridge
ARO-01,2026-05-28T23:24:32.134Z,2954,A_linear,healthy,ascent,1.024,0.444,15.3,60.7,0.802,30.0,ascent,labview_bridge
ARO-01,2026-05-28T23:24:33.135Z,2955,A_linear,healthy,ascent,1.051,0.449,15.3,60.8,0.809,30.0,ascent,labview_bridge
ARO-01,2026-05-28T23:24:34.135Z,2956,A_linear,healthy,ascent,1.009,0.443,15.3,61.1,0.800,30.0,ascent,labview_bridge
ARO-01,2026-05-28T23:24:35.136Z,2957,A_linear,healthy,ascent,1.026,0.447,15.3,61.2,0.806,30.0,ascent,labview_bridge
ARO-01,2026-05-28T23:24:36.137Z,2958,A_linear,healthy,ascent,1.015,0.449,15.2,61.4,0.811,30.0,ascent,labview_bridge
ARO-01,2026-05-28T23:24:37.138Z,2959,A_linear,healthy,ascent,1.036,0.434,15.2,61.2,0.783,30.0,ascent,labview_bridge
ARO-01,2026-05-28T23:24:38.138Z,2960,A_linear,healthy,descent,1.019,0.346,15.2,61.2,0.624,30.0,descent,labview_bridge
ARO-01,2026-05-28T23:24:39.141Z,2961,A_linear,healthy,descent,0.995,0.347,15.1,60.8,0.625,30.0,descent,labview_bridge
ARO-01,2026-05-28T23:24:40.142Z,2962,A_linear,healthy,descent,0.995,0.358,15.2,61.1,0.646,30.0,descent,labview_bridge
ARO-01,2026-05-28T23:24:41.143Z,2963,A_linear,healthy,descent,0.996,0.344,15.2,61.4,0.621,30.0,descent,labview_bridge
ARO-01,2026-05-28T23:24:42.147Z,2964,A_linear,healthy,descent,1.016,0.364,15.2,61.4,0.658,30.0,descent,labview_bridge
ARO-01,2026-05-28T23:24:43.147Z,2965,A_linear,healthy,descent,0.979,0.354,15.2,61.7,0.639,30.0,descent,labview_bridge
ARO-01,2026-05-28T23:24:44.148Z,2966,A_linear,healthy,descent,0.988,0.352,15.2,61.5,0.636,30.0,descent,labview_bridge
ARO-01,2026-05-28T23:24:45.148Z,2967,A_linear,healthy,descent,0.958,0.351,15.4,61.4,0.634,30.0,descent,labview_bridge
ARO-01,2026-05-28T23:24:46.149Z,2968,A_linear,healthy,descent,0.954,0.355,15.4,61.5,0.640,30.0,descent,labview_bridge
ARO-01,2026-05-28T23:24:47.150Z,2969,A_linear,healthy,descent,0.946,0.349,15.3,61.4,0.629,30.0,descent,labview_bridge
ARO-01,2026-05-28T23:24:48.151Z,2970,A_linear,healthy,descent,0.971,0.357,15.3,61.5,0.644,30.0,descent,labview_bridge
ARO-01,2026-05-28T23:24:49.152Z,2971,A_linear,healthy,descent,0.947,0.360,15.3,61.4,0.650,30.0,descent,labview_bridge
ARO-01,2026-05-28T23:24:50.152Z,2972,A_linear,healthy,pause,0.929,0.013,15.3,61.3,0.024,30.0,pause,labview_bridge
ARO-01,2026-05-28T23:24:51.153Z,2973,A_linear,healthy,pause,0.908,0.004,15.2,61.6,0.008,30.0,pause,labview_bridge
ARO-01,2026-05-28T23:24:52.153Z,2974,A_linear,healthy,pause,0.914,0.003,15.1,61.4,0.005,30.0,pause,labview_bridge
ARO-01,2026-05-28T23:24:53.154Z,2975,A_linear,healthy,pause,0.915,0.006,15.1,61.6,0.011,30.0,pause,labview_bridge
ARO-01,2026-05-28T23:24:54.157Z,2976,A_linear,healthy,pause,0.918,0.000,15.1,61.6,0.000,30.0,pause,labview_bridge
ARO-01,2026-05-28T23:24:55.160Z,2977,A_linear,healthy,pause,0.917,0.000,14.9,61.6,0.000,30.0,pause,labview_bridge
ARO-01,2026-05-28T23:24:56.161Z,2978,A_linear,healthy,pause,0.916,0.000,14.9,61.9,0.000,30.0,pause,labview_bridge
ARO-01,2026-05-28T23:24:57.162Z,2979,A_linear,healthy,pause,0.924,0.008,14.9,61.9,0.014,30.0,pause,labview_bridge
ARO-01,2026-05-28T23:24:58.162Z,2980,A_linear,healthy,pause,0.907,0.005,14.8,62.1,0.008,30.0,pause,labview_bridge
ARO-01,2026-05-28T23:24:59.167Z,2981,A_linear,healthy,pause,0.925,0.000,14.7,62.2,0.000,30.0,pause,labview_bridge
ARO-01,2026-05-28T23:25:00.168Z,2982,A_linear,healthy,pause,0.914,0.000,14.7,62.1,0.000,30.0,pause,labview_bridge
ARO-01,2026-05-28T23:25:01.168Z,2983,A_linear,healthy,pause,0.929,0.002,14.7,62.0,0.004,30.0,pause,labview_bridge
ARO-01,2026-05-28T23:25:02.183Z,2984,A_linear,healthy,pause,0.929,0.008,14.7,61.8,0.014,30.0,pause,labview_bridge
ARO-01,2026-05-28T23:25:03.191Z,2985,A_linear,healthy,pause,0.936,0.009,14.7,61.6,0.016,30.0,pause,labview_bridge
ARO-01,2026-05-28T23:25:04.191Z,2986,A_linear,healthy,pause,0.948,0.000,14.7,61.8,0.000,30.0,pause,labview_bridge
ARO-01,2026-05-28T23:25:05.192Z,2987,A_linear,healthy,pause,0.975,0.000,14.6,61.7,0.000,30.0,pause,labview_bridge
ARO-01,2026-05-28T23:25:06.193Z,2988,A_linear,healthy,pause,0.937,0.000,14.6,61.9,0.000,30.0,pause,labview_bridge
ARO-01,2026-05-28T23:25:07.193Z,2989,A_linear,healthy,pause,0.993,0.002,14.7,61.7,0.004,30.0,pause,labview_bridge
ARO-01,2026-05-28T23:25:08.194Z,2990,A_linear,healthy,pause,0.993,0.009,14.7,61.7,0.017,30.0,pause,labview_bridge
ARO-01,2026-05-28T23:25:09.195Z,2991,A_linear,healthy,pause,0.981,0.000,14.8,61.9,0.000,30.0,pause,labview_bridge
ARO-01,2026-05-28T23:25:10.195Z,2992,A_linear,healthy,ascent,0.986,0.442,14.9,62.1,0.798,30.0,ascent,labview_bridge
ARO-01,2026-05-28T23:25:11.196Z,2993,A_linear,healthy,ascent,1.021,0.444,15.0,62.1,0.801,30.0,ascent,labview_bridge
ARO-01,2026-05-28T23:25:12.197Z,2994,A_linear,healthy,ascent,1.024,0.444,15.0,62.2,0.802,30.0,ascent,labview_bridge
ARO-01,2026-05-28T23:25:13.197Z,2995,A_linear,healthy,ascent,1.020,0.448,15.0,62.1,0.808,30.0,ascent,labview_bridge
ARO-01,2026-05-28T23:25:14.198Z,2996,A_linear,healthy,ascent,1.006,0.440,15.0,61.8,0.794,30.0,ascent,labview_bridge
ARO-01,2026-05-28T23:25:15.198Z,2997,A_linear,healthy,ascent,1.039,0.452,15.0,61.7,0.815,30.0,ascent,labview_bridge
ARO-01,2026-05-28T23:25:16.199Z,2998,A_linear,healthy,ascent,1.023,0.445,15.1,61.8,0.802,30.0,ascent,labview_bridge
ARO-01,2026-05-28T23:25:17.200Z,2999,A_linear,healthy,ascent,1.018,0.448,15.2,61.9,0.808,30.0,ascent,labview_bridge
ARO-01,2026-05-28T23:25:18.200Z,3000,A_linear,healthy,ascent,1.012,0.447,15.3,62.1,0.807,30.0,ascent,labview_bridge
ARO-01,2026-05-28T23:25:19.207Z,3001,A_linear,healthy,ascent,1.038,0.441,15.4,62.2,0.796,30.0,ascent,labview_bridge
ARO-01,2026-05-28T23:25:20.208Z,3002,A_linear,healthy,ascent,0.984,0.442,15.4,62.3,0.798,30.0,ascent,labview_bridge
ARO-01,2026-05-28T23:25:21.209Z,3003,A_linear,healthy,ascent,1.017,0.441,15.4,62.3,0.796,30.0,ascent,labview_bridge
ARO-01,2026-05-28T23:25:22.213Z,3004,A_linear,healthy,descent,0.996,0.355,15.4,62.3,0.640,30.0,descent,labview_bridge
ARO-01,2026-05-28T23:25:23.214Z,3005,A_linear,healthy,descent,1.024,0.357,15.3,62.5,0.645,30.0,descent,labview_bridge
ARO-01,2026-05-28T23:25:24.214Z,3006,A_linear,healthy,descent,0.990,0.350,15.3,62.5,0.632,30.0,descent,labview_bridge
ARO-01,2026-05-28T23:25:25.215Z,3007,A_linear,healthy,descent,1.014,0.357,15.2,62.4,0.644,30.0,descent,labview_bridge
ARO-01,2026-05-28T23:25:26.216Z,3008,A_linear,healthy,descent,0.976,0.370,15.2,62.1,0.668,30.0,descent,labview_bridge
ARO-01,2026-05-28T23:25:27.217Z,3009,A_linear,healthy,descent,0.969,0.354,15.1,62.0,0.638,30.0,descent,labview_bridge
ARO-01,2026-05-28T23:25:28.224Z,3010,A_linear,healthy,descent,0.960,0.356,15.1,61.9,0.642,30.0,descent,labview_bridge
ARO-01,2026-05-28T23:25:29.225Z,3011,A_linear,healthy,descent,0.971,0.342,15.0,62.2,0.617,30.0,descent,labview_bridge
ARO-01,2026-05-28T23:25:30.229Z,3012,A_linear,healthy,descent,0.962,0.364,14.9,62.0,0.656,30.0,descent,labview_bridge
ARO-01,2026-05-28T23:25:31.230Z,3013,A_linear,healthy,descent,0.966,0.350,15.0,61.8,0.631,30.0,descent,labview_bridge
ARO-01,2026-05-28T23:25:32.230Z,3014,A_linear,healthy,descent,0.952,0.360,15.0,61.9,0.650,30.0,descent,labview_bridge
ARO-01,2026-05-28T23:25:33.232Z,3015,A_linear,healthy,descent,0.938,0.356,15.0,62.0,0.642,30.0,descent,labview_bridge
ARO-01,2026-05-28T23:25:34.232Z,3016,A_linear,healthy,pause,0.935,0.000,15.0,62.3,0.000,30.0,pause,labview_bridge
ARO-01,2026-05-28T23:25:35.233Z,3017,A_linear,healthy,pause,0.957,0.000,15.0,62.3,0.000,30.0,pause,labview_bridge
ARO-01,2026-05-28T23:25:36.234Z,3018,A_linear,healthy,pause,0.920,0.003,15.0,62.4,0.005,30.0,pause,labview_bridge
ARO-01,2026-05-28T23:25:37.234Z,3019,A_linear,healthy,pause,0.908,0.004,14.9,62.0,0.008,30.0,pause,labview_bridge
ARO-01,2026-05-28T23:25:38.235Z,3020,A_linear,healthy,pause,0.911,0.000,15.0,62.1,0.000,30.0,pause,labview_bridge
ARO-01,2026-05-28T23:25:39.235Z,3021,A_linear,healthy,pause,0.922,0.000,15.0,62.1,0.000,30.0,pause,labview_bridge
ARO-01,2026-05-28T23:25:40.239Z,3022,A_linear,healthy,pause,0.902,0.000,15.0,61.8,0.000,30.0,pause,labview_bridge
ARO-01,2026-05-28T23:25:41.240Z,3023,A_linear,healthy,pause,0.910,0.003,15.0,62.1,0.006,30.0,pause,labview_bridge
ARO-01,2026-05-28T23:25:42.241Z,3024,A_linear,healthy,pause,0.926,0.000,15.0,62.2,0.000,30.0,pause,labview_bridge
ARO-01,2026-05-28T23:25:43.249Z,3025,A_linear,healthy,pause,0.881,0.006,14.9,62.1,0.011,30.0,pause,labview_bridge
ARO-01,2026-05-28T23:25:44.257Z,3026,A_linear,healthy,pause,0.920,0.007,14.9,62.1,0.012,30.0,pause,labview_bridge
ARO-01,2026-05-28T23:25:45.258Z,3027,A_linear,healthy,pause,0.924,0.000,14.9,62.1,0.000,30.0,pause,labview_bridge
ARO-01,2026-05-28T23:25:46.258Z,3028,A_linear,healthy,pause,0.949,0.000,15.0,62.0,0.001,30.0,pause,labview_bridge
ARO-01,2026-05-28T23:25:47.259Z,3029,A_linear,healthy,pause,0.947,0.000,14.9,62.1,0.000,30.0,pause,labview_bridge
ARO-01,2026-05-28T23:25:48.260Z,3030,A_linear,healthy,pause,0.950,0.000,14.8,62.2,0.000,30.0,pause,labview_bridge
ARO-01,2026-05-28T23:25:49.261Z,3031,A_linear,healthy,pause,0.966,0.000,14.8,62.3,0.000,30.0,pause,labview_bridge
ARO-01,2026-05-28T23:25:50.262Z,3032,A_linear,healthy,pause,0.966,0.012,14.8,62.6,0.022,30.0,pause,labview_bridge
ARO-01,2026-05-28T23:25:51.263Z,3033,A_linear,healthy,pause,0.975,0.000,14.7,62.8,0.000,30.0,pause,labview_bridge
ARO-01,2026-05-28T23:25:52.263Z,3034,A_linear,healthy,pause,0.989,0.004,14.8,63.0,0.007,30.0,pause,labview_bridge
ARO-01,2026-05-28T23:25:53.264Z,3035,A_linear,healthy,pause,0.959,0.005,14.8,63.0,0.010,30.0,pause,labview_bridge
ARO-01,2026-05-28T23:25:54.264Z,3036,A_linear,healthy,ascent,0.987,0.503,14.8,63.0,0.907,45.0,ascent,labview_bridge
ARO-01,2026-05-28T23:25:55.265Z,3037,A_linear,healthy,ascent,1.010,0.507,14.8,62.8,0.915,45.0,ascent,labview_bridge
ARO-01,2026-05-28T23:25:56.266Z,3038,A_linear,healthy,ascent,0.998,0.503,14.8,62.7,0.907,45.0,ascent,labview_bridge
ARO-01,2026-05-28T23:25:57.267Z,3039,A_linear,healthy,ascent,1.007,0.509,14.8,62.8,0.918,45.0,ascent,labview_bridge
ARO-01,2026-05-28T23:25:58.268Z,3040,A_linear,healthy,ascent,1.024,0.506,14.8,62.7,0.913,45.0,ascent,labview_bridge
ARO-01,2026-05-28T23:25:59.268Z,3041,A_linear,healthy,ascent,0.995,0.519,14.9,62.6,0.936,45.0,ascent,labview_bridge
ARO-01,2026-05-28T23:26:00.274Z,3042,A_linear,healthy,ascent,1.037,0.516,15.0,62.5,0.931,45.0,ascent,labview_bridge
ARO-01,2026-05-28T23:26:01.282Z,3043,A_linear,healthy,ascent,1.021,0.501,14.9,63.0,0.905,45.0,ascent,labview_bridge
ARO-01,2026-05-28T23:26:02.282Z,3044,A_linear,healthy,ascent,1.046,0.492,15.0,63.0,0.887,45.0,ascent,labview_bridge
ARO-01,2026-05-28T23:26:03.290Z,3045,A_linear,healthy,ascent,1.006,0.510,14.9,62.7,0.920,45.0,ascent,labview_bridge
ARO-01,2026-05-28T23:26:04.290Z,3046,A_linear,healthy,ascent,1.014,0.514,14.9,62.8,0.928,45.0,ascent,labview_bridge
ARO-01,2026-05-28T23:26:05.291Z,3047,A_linear,healthy,ascent,1.045,0.513,14.9,62.5,0.925,45.0,ascent,labview_bridge
ARO-01,2026-05-28T23:26:06.292Z,3048,A_linear,healthy,descent,1.031,0.337,14.8,62.6,0.609,45.0,descent,labview_bridge
ARO-01,2026-05-28T23:26:07.293Z,3049,A_linear,healthy,descent,1.021,0.352,14.7,62.5,0.636,45.0,descent,labview_bridge
ARO-01,2026-05-28T23:26:08.293Z,3050,A_linear,healthy,descent,0.989,0.348,14.7,62.3,0.629,45.0,descent,labview_bridge
ARO-01,2026-05-28T23:26:09.294Z,3051,A_linear,healthy,descent,1.005,0.354,14.7,62.3,0.640,45.0,descent,labview_bridge
ARO-01,2026-05-28T23:26:10.295Z,3052,A_linear,healthy,descent,0.978,0.348,14.7,62.2,0.628,45.0,descent,labview_bridge
ARO-01,2026-05-28T23:26:11.295Z,3053,A_linear,healthy,descent,0.986,0.353,14.7,62.1,0.637,45.0,descent,labview_bridge
ARO-01,2026-05-28T23:26:12.296Z,3054,A_linear,healthy,descent,0.969,0.354,14.8,62.8,0.639,45.0,descent,labview_bridge
ARO-01,2026-05-28T23:26:13.297Z,3055,A_linear,healthy,descent,0.968,0.350,14.8,62.8,0.632,45.0,descent,labview_bridge
ARO-01,2026-05-28T23:26:14.298Z,3056,A_linear,healthy,descent,0.940,0.354,14.8,62.7,0.639,45.0,descent,labview_bridge
ARO-01,2026-05-28T23:26:15.299Z,3057,A_linear,healthy,descent,0.956,0.346,14.8,62.7,0.624,45.0,descent,labview_bridge
ARO-01,2026-05-28T23:26:16.299Z,3058,A_linear,healthy,descent,0.920,0.355,14.8,62.7,0.640,45.0,descent,labview_bridge
ARO-01,2026-05-28T23:26:17.300Z,3059,A_linear,healthy,descent,0.928,0.357,14.9,62.7,0.644,45.0,descent,labview_bridge
ARO-01,2026-05-28T23:26:18.301Z,3060,A_linear,healthy,pause,0.946,0.006,14.9,62.4,0.011,45.0,pause,labview_bridge
ARO-01,2026-05-28T23:26:19.302Z,3061,A_linear,healthy,pause,0.927,0.001,14.8,62.7,0.003,45.0,pause,labview_bridge
ARO-01,2026-05-28T23:26:20.302Z,3062,A_linear,healthy,pause,0.918,0.007,14.8,62.7,0.013,45.0,pause,labview_bridge
ARO-01,2026-05-28T23:26:21.303Z,3063,A_linear,healthy,pause,0.903,0.002,14.8,62.5,0.004,45.0,pause,labview_bridge
ARO-01,2026-05-28T23:26:22.304Z,3064,A_linear,healthy,pause,0.919,0.006,14.7,62.3,0.011,45.0,pause,labview_bridge
ARO-01,2026-05-28T23:26:23.305Z,3065,A_linear,healthy,pause,0.893,0.001,14.7,62.6,0.001,45.0,pause,labview_bridge
ARO-01,2026-05-28T23:26:24.306Z,3066,A_linear,healthy,pause,0.918,0.000,14.8,62.5,0.000,45.0,pause,labview_bridge
ARO-01,2026-05-28T23:26:25.307Z,3067,A_linear,healthy,pause,0.917,0.000,14.8,62.5,0.001,45.0,pause,labview_bridge
ARO-01,2026-05-28T23:26:26.307Z,3068,A_linear,healthy,pause,0.909,0.000,14.7,62.7,0.000,45.0,pause,labview_bridge
ARO-01,2026-05-28T23:26:27.308Z,3069,A_linear,healthy,pause,0.924,0.000,14.7,62.9,0.000,45.0,pause,labview_bridge
ARO-01,2026-05-28T23:26:28.308Z,3070,A_linear,healthy,pause,0.915,0.000,14.6,62.9,0.000,45.0,pause,labview_bridge
ARO-01,2026-05-28T23:26:29.309Z,3071,A_linear,healthy,pause,0.944,0.000,14.7,63.3,0.000,45.0,pause,labview_bridge
ARO-01,2026-05-28T23:26:30.310Z,3072,A_linear,healthy,pause,0.927,0.000,14.6,63.3,0.000,45.0,pause,labview_bridge
ARO-01,2026-05-28T23:26:31.310Z,3073,A_linear,healthy,pause,0.928,0.000,14.6,63.2,0.000,45.0,pause,labview_bridge
ARO-01,2026-05-28T23:26:32.311Z,3074,A_linear,healthy,pause,0.961,0.000,14.6,62.8,0.000,45.0,pause,labview_bridge
ARO-01,2026-05-28T23:26:33.311Z,3075,A_linear,healthy,pause,0.953,0.004,14.4,62.9,0.007,45.0,pause,labview_bridge
ARO-01,2026-05-28T23:26:34.312Z,3076,A_linear,healthy,pause,0.972,0.003,14.5,63.0,0.005,45.0,pause,labview_bridge
ARO-01,2026-05-28T23:26:35.312Z,3077,A_linear,healthy,pause,0.979,0.000,14.5,63.1,0.000,45.0,pause,labview_bridge
ARO-01,2026-05-28T23:26:36.313Z,3078,A_linear,healthy,pause,1.011,0.000,14.3,63.2,0.000,45.0,pause,labview_bridge
ARO-01,2026-05-28T23:26:37.313Z,3079,A_linear,healthy,pause,1.001,0.000,14.3,63.1,0.000,45.0,pause,labview_bridge
ARO-01,2026-05-28T23:26:38.314Z,3080,A_linear,healthy,ascent,1.018,0.884,14.5,63.2,1.595,135.0,ascent,labview_bridge
ARO-01,2026-05-28T23:26:39.314Z,3081,A_linear,healthy,ascent,1.012,0.896,14.7,63.1,1.617,135.0,ascent,labview_bridge
ARO-01,2026-05-28T23:26:40.315Z,3082,A_linear,healthy,ascent,0.998,0.891,14.8,62.8,1.607,135.0,ascent,labview_bridge
ARO-01,2026-05-28T23:26:41.315Z,3083,A_linear,healthy,ascent,1.025,0.899,15.0,63.0,1.622,135.0,ascent,labview_bridge
ARO-01,2026-05-28T23:26:42.316Z,3084,A_linear,healthy,ascent,1.001,0.892,15.0,62.8,1.610,135.0,ascent,labview_bridge
ARO-01,2026-05-28T23:26:43.316Z,3085,A_linear,healthy,ascent,1.028,0.894,15.1,63.0,1.614,135.0,ascent,labview_bridge
ARO-01,2026-05-28T23:26:44.317Z,3086,A_linear,healthy,ascent,1.022,0.893,15.2,63.5,1.612,135.0,ascent,labview_bridge
ARO-01,2026-05-28T23:26:45.318Z,3087,A_linear,healthy,ascent,1.036,0.899,15.1,63.1,1.621,135.0,ascent,labview_bridge
ARO-01,2026-05-28T23:26:46.318Z,3088,A_linear,healthy,ascent,1.025,0.887,15.2,63.0,1.601,135.0,ascent,labview_bridge
ARO-01,2026-05-28T23:26:47.319Z,3089,A_linear,healthy,ascent,1.028,0.891,15.3,63.1,1.608,135.0,ascent,labview_bridge
ARO-01,2026-05-28T23:26:48.319Z,3090,A_linear,healthy,ascent,1.011,0.889,15.3,62.9,1.603,135.0,ascent,labview_bridge
ARO-01,2026-05-28T23:26:49.319Z,3091,A_linear,healthy,ascent,0.994,0.889,15.3,62.9,1.604,135.0,ascent,labview_bridge
ARO-01,2026-05-28T23:26:50.320Z,3092,A_linear,healthy,descent,1.024,0.349,15.3,63.0,0.629,135.0,descent,labview_bridge
ARO-01,2026-05-28T23:26:51.321Z,3093,A_linear,healthy,descent,1.008,0.344,15.3,63.0,0.620,135.0,descent,labview_bridge
ARO-01,2026-05-28T23:26:52.322Z,3094,A_linear,healthy,descent,1.021,0.353,15.3,63.2,0.637,135.0,descent,labview_bridge
ARO-01,2026-05-28T23:26:53.323Z,3095,A_linear,healthy,descent,0.987,0.340,15.3,63.7,0.613,135.0,descent,labview_bridge
ARO-01,2026-05-28T23:26:54.323Z,3096,A_linear,healthy,descent,0.997,0.343,15.3,63.8,0.619,135.0,descent,labview_bridge
ARO-01,2026-05-28T23:26:55.325Z,3097,A_linear,healthy,descent,0.961,0.354,15.3,63.9,0.639,135.0,descent,labview_bridge
ARO-01,2026-05-28T23:26:56.325Z,3098,A_linear,healthy,descent,0.964,0.349,15.2,63.8,0.630,135.0,descent,labview_bridge
ARO-01,2026-05-28T23:26:57.326Z,3099,A_linear,healthy,descent,0.981,0.350,15.2,63.7,0.631,135.0,descent,labview_bridge
ARO-01,2026-05-28T23:26:58.327Z,3100,A_linear,healthy,descent,0.947,0.346,15.2,63.4,0.624,135.0,descent,labview_bridge
ARO-01,2026-05-28T23:26:59.327Z,3101,A_linear,healthy,descent,0.960,0.351,15.2,63.6,0.633,135.0,descent,labview_bridge
ARO-01,2026-05-28T23:27:00.328Z,3102,A_linear,healthy,descent,0.946,0.345,15.1,63.5,0.622,135.0,descent,labview_bridge
ARO-01,2026-05-28T23:27:01.328Z,3103,A_linear,healthy,descent,0.939,0.351,15.1,63.2,0.634,135.0,descent,labview_bridge
ARO-01,2026-05-28T23:27:02.329Z,3104,A_linear,healthy,pause,0.929,0.007,15.0,63.1,0.013,135.0,pause,labview_bridge
ARO-01,2026-05-28T23:27:03.330Z,3105,A_linear,healthy,pause,0.942,0.004,15.0,62.9,0.008,135.0,pause,labview_bridge
ARO-01,2026-05-28T23:27:04.331Z,3106,A_linear,healthy,pause,0.913,0.000,15.0,63.1,0.000,135.0,pause,labview_bridge
ARO-01,2026-05-28T23:27:05.331Z,3107,A_linear,healthy,pause,0.916,0.000,14.9,63.1,0.000,135.0,pause,labview_bridge
ARO-01,2026-05-28T23:27:06.332Z,3108,A_linear,healthy,pause,0.926,0.001,14.8,63.3,0.001,135.0,pause,labview_bridge
ARO-01,2026-05-28T23:27:07.332Z,3109,A_linear,healthy,pause,0.933,0.005,14.9,63.3,0.009,135.0,pause,labview_bridge
ARO-01,2026-05-28T23:27:08.333Z,3110,A_linear,healthy,pause,0.920,0.003,14.9,63.3,0.005,135.0,pause,labview_bridge
ARO-01,2026-05-28T23:27:09.333Z,3111,A_linear,healthy,pause,0.913,0.000,14.8,63.2,0.000,135.0,pause,labview_bridge
ARO-01,2026-05-28T23:27:10.334Z,3112,A_linear,healthy,pause,0.913,0.000,14.8,63.3,0.000,135.0,pause,labview_bridge
ARO-01,2026-05-28T23:27:11.335Z,3113,A_linear,healthy,pause,0.908,0.002,14.6,63.2,0.004,135.0,pause,labview_bridge
ARO-01,2026-05-28T23:27:12.336Z,3114,A_linear,healthy,pause,0.927,0.000,14.6,63.1,0.000,135.0,pause,labview_bridge
ARO-01,2026-05-28T23:27:13.336Z,3115,A_linear,healthy,pause,0.915,0.008,14.5,63.3,0.014,135.0,pause,labview_bridge
ARO-01,2026-05-28T23:27:14.337Z,3116,A_linear,healthy,pause,0.941,0.012,14.6,63.3,0.021,135.0,pause,labview_bridge
ARO-01,2026-05-28T23:27:15.338Z,3117,A_linear,healthy,pause,0.918,0.001,14.5,63.6,0.002,135.0,pause,labview_bridge
ARO-01,2026-05-28T23:27:16.339Z,3118,A_linear,healthy,pause,0.942,0.000,14.4,63.7,0.000,135.0,pause,labview_bridge
ARO-01,2026-05-28T23:27:17.339Z,3119,A_linear,healthy,pause,0.953,0.001,14.4,63.6,0.003,135.0,pause,labview_bridge
ARO-01,2026-05-28T23:27:18.340Z,3120,A_linear,healthy,pause,0.971,0.000,14.5,63.6,0.000,135.0,pause,labview_bridge
ARO-01,2026-05-28T23:27:19.340Z,3121,A_linear,healthy,pause,0.981,0.000,14.6,63.8,0.000,135.0,pause,labview_bridge
ARO-01,2026-05-28T23:27:20.341Z,3122,A_linear,healthy,pause,0.992,0.000,14.5,63.7,0.000,135.0,pause,labview_bridge
ARO-01,2026-05-28T23:27:21.341Z,3123,A_linear,healthy,pause,1.006,0.005,14.5,63.4,0.009,135.0,pause,labview_bridge
ARO-01,2026-05-28T23:27:22.342Z,3124,A_linear,healthy,ascent,0.999,0.762,14.7,63.4,1.375,105.0,ascent,labview_bridge
ARO-01,2026-05-28T23:27:23.343Z,3125,A_linear,healthy,ascent,1.009,0.760,14.6,63.4,1.371,105.0,ascent,labview_bridge
ARO-01,2026-05-28T23:27:24.343Z,3126,A_linear,healthy,ascent,1.015,0.765,14.7,63.2,1.381,105.0,ascent,labview_bridge
ARO-01,2026-05-28T23:27:25.344Z,3127,A_linear,healthy,ascent,1.006,0.770,14.7,63.4,1.390,105.0,ascent,labview_bridge
ARO-01,2026-05-28T23:27:26.345Z,3128,A_linear,healthy,ascent,1.005,0.772,14.8,63.2,1.392,105.0,ascent,labview_bridge
ARO-01,2026-05-28T23:27:27.346Z,3129,A_linear,healthy,ascent,1.032,0.765,14.8,63.4,1.379,105.0,ascent,labview_bridge
ARO-01,2026-05-28T23:27:28.346Z,3130,A_linear,healthy,ascent,1.022,0.761,14.9,63.8,1.373,105.0,ascent,labview_bridge
ARO-01,2026-05-28T23:27:29.347Z,3131,A_linear,healthy,ascent,1.018,0.761,15.0,63.7,1.373,105.0,ascent,labview_bridge
ARO-01,2026-05-28T23:27:30.348Z,3132,A_linear,healthy,ascent,1.045,0.760,15.0,63.7,1.372,105.0,ascent,labview_bridge
ARO-01,2026-05-28T23:27:31.348Z,3133,A_linear,healthy,ascent,1.008,0.762,15.1,63.7,1.375,105.0,ascent,labview_bridge
ARO-01,2026-05-28T23:27:32.349Z,3134,A_linear,healthy,ascent,1.008,0.757,15.2,63.6,1.367,105.0,ascent,labview_bridge
ARO-01,2026-05-28T23:27:33.350Z,3135,A_linear,healthy,ascent,1.038,0.772,15.2,63.7,1.392,105.0,ascent,labview_bridge
ARO-01,2026-05-28T23:27:34.350Z,3136,A_linear,healthy,descent,1.019,0.358,15.2,64.1,0.645,105.0,descent,labview_bridge
ARO-01,2026-05-28T23:27:35.351Z,3137,A_linear,healthy,descent,1.029,0.348,15.3,64.2,0.628,105.0,descent,labview_bridge
ARO-01,2026-05-28T23:27:36.352Z,3138,A_linear,healthy,descent,1.003,0.361,15.2,64.4,0.651,105.0,descent,labview_bridge
ARO-01,2026-05-28T23:27:37.353Z,3139,A_linear,healthy,descent,1.009,0.359,15.2,64.2,0.647,105.0,descent,labview_bridge
ARO-01,2026-05-28T23:27:38.353Z,3140,A_linear,healthy,descent,1.016,0.354,15.2,64.1,0.638,105.0,descent,labview_bridge
ARO-01,2026-05-28T23:27:39.354Z,3141,A_linear,healthy,descent,0.984,0.351,15.1,64.0,0.632,105.0,descent,labview_bridge
ARO-01,2026-05-28T23:27:40.355Z,3142,A_linear,healthy,descent,0.996,0.350,15.2,64.0,0.632,105.0,descent,labview_bridge
ARO-01,2026-05-28T23:27:41.359Z,3143,A_linear,healthy,descent,0.979,0.352,15.1,63.9,0.635,105.0,descent,labview_bridge
ARO-01,2026-05-28T23:27:42.359Z,3144,A_linear,healthy,descent,0.969,0.353,15.1,64.0,0.637,105.0,descent,labview_bridge
ARO-01,2026-05-28T23:27:43.360Z,3145,A_linear,healthy,descent,0.958,0.352,15.0,63.7,0.635,105.0,descent,labview_bridge
ARO-01,2026-05-28T23:27:44.361Z,3146,A_linear,healthy,descent,0.949,0.361,14.9,64.0,0.652,105.0,descent,labview_bridge
ARO-01,2026-05-28T23:27:45.361Z,3147,A_linear,healthy,descent,0.924,0.352,15.0,64.2,0.636,105.0,descent,labview_bridge
ARO-01,2026-05-28T23:27:46.362Z,3148,A_linear,healthy,pause,0.931,0.000,14.9,64.3,0.000,105.0,pause,labview_bridge
ARO-01,2026-05-28T23:27:47.363Z,3149,A_linear,healthy,pause,0.946,0.014,14.9,64.6,0.025,105.0,pause,labview_bridge
ARO-01,2026-05-28T23:27:48.363Z,3150,A_linear,healthy,pause,0.925,0.010,14.9,64.6,0.018,105.0,pause,labview_bridge
ARO-01,2026-05-28T23:27:49.364Z,3151,A_linear,healthy,pause,0.916,0.014,14.9,65.0,0.024,105.0,pause,labview_bridge
ARO-01,2026-05-28T23:27:50.364Z,3152,A_linear,healthy,pause,0.912,0.002,14.8,64.7,0.004,105.0,pause,labview_bridge
ARO-01,2026-05-28T23:27:51.365Z,3153,A_linear,healthy,pause,0.919,0.000,14.7,64.4,0.000,105.0,pause,labview_bridge
ARO-01,2026-05-28T23:27:52.365Z,3154,A_linear,healthy,pause,0.903,0.005,14.6,64.3,0.008,105.0,pause,labview_bridge
ARO-01,2026-05-28T23:27:53.366Z,3155,A_linear,healthy,pause,0.904,0.002,14.5,64.1,0.003,105.0,pause,labview_bridge
ARO-01,2026-05-28T23:27:54.366Z,3156,A_linear,healthy,pause,0.919,0.000,14.6,64.1,0.000,105.0,pause,labview_bridge
ARO-01,2026-05-28T23:27:55.367Z,3157,A_linear,healthy,pause,0.915,0.004,14.5,64.2,0.008,105.0,pause,labview_bridge
ARO-01,2026-05-28T23:27:56.368Z,3158,A_linear,healthy,pause,0.909,0.014,14.5,64.1,0.025,105.0,pause,labview_bridge
ARO-01,2026-05-28T23:27:57.369Z,3159,A_linear,healthy,pause,0.941,0.000,14.4,64.3,0.000,105.0,pause,labview_bridge
ARO-01,2026-05-28T23:27:58.369Z,3160,A_linear,healthy,pause,0.928,0.000,14.3,64.4,0.000,105.0,pause,labview_bridge
ARO-01,2026-05-28T23:27:59.370Z,3161,A_linear,healthy,pause,0.950,0.005,14.3,64.5,0.010,105.0,pause,labview_bridge
ARO-01,2026-05-28T23:28:00.371Z,3162,A_linear,healthy,pause,0.938,0.000,14.3,64.8,0.000,105.0,pause,labview_bridge
ARO-01,2026-05-28T23:28:01.372Z,3163,A_linear,healthy,pause,0.988,0.000,14.4,65.0,0.000,105.0,pause,labview_bridge
ARO-01,2026-05-28T23:28:02.373Z,3164,A_linear,healthy,pause,0.971,0.000,14.4,64.9,0.000,105.0,pause,labview_bridge
ARO-01,2026-05-28T23:28:03.373Z,3165,A_linear,healthy,pause,0.976,0.008,14.3,65.0,0.014,105.0,pause,labview_bridge
ARO-01,2026-05-28T23:28:04.374Z,3166,A_linear,healthy,pause,0.981,0.000,14.2,64.9,0.000,105.0,pause,labview_bridge
ARO-01,2026-05-28T23:28:05.374Z,3167,A_linear,healthy,pause,1.006,0.000,14.3,65.0,0.000,105.0,pause,labview_bridge
ARO-01,2026-05-28T23:28:06.375Z,3168,A_linear,healthy,ascent,1.001,0.699,14.3,65.0,1.261,90.0,ascent,labview_bridge
ARO-01,2026-05-28T23:28:07.376Z,3169,A_linear,healthy,ascent,1.007,0.698,14.4,64.6,1.259,90.0,ascent,labview_bridge
ARO-01,2026-05-28T23:28:08.376Z,3170,A_linear,healthy,ascent,1.044,0.694,14.5,64.7,1.251,90.0,ascent,labview_bridge
ARO-01,2026-05-28T23:28:09.377Z,3171,A_linear,healthy,ascent,1.022,0.697,14.5,64.8,1.258,90.0,ascent,labview_bridge
ARO-01,2026-05-28T23:28:10.378Z,3172,A_linear,healthy,ascent,1.026,0.710,14.5,64.8,1.282,90.0,ascent,labview_bridge
ARO-01,2026-05-28T23:28:11.378Z,3173,A_linear,healthy,ascent,1.032,0.704,14.5,64.7,1.270,90.0,ascent,labview_bridge
ARO-01,2026-05-28T23:28:12.379Z,3174,A_linear,healthy,ascent,1.042,0.702,14.6,64.5,1.267,90.0,ascent,labview_bridge
ARO-01,2026-05-28T23:28:13.380Z,3175,A_linear,healthy,ascent,1.027,0.699,14.7,64.2,1.261,90.0,ascent,labview_bridge
ARO-01,2026-05-28T23:28:14.380Z,3176,A_linear,healthy,ascent,1.052,0.701,14.8,64.3,1.265,90.0,ascent,labview_bridge
ARO-01,2026-05-28T23:28:15.381Z,3177,A_linear,healthy,ascent,1.036,0.696,14.9,64.7,1.256,90.0,ascent,labview_bridge
ARO-01,2026-05-28T23:28:16.382Z,3178,A_linear,healthy,ascent,1.026,0.689,14.9,64.7,1.243,90.0,ascent,labview_bridge
ARO-01,2026-05-28T23:28:17.383Z,3179,A_linear,healthy,ascent,1.024,0.697,15.0,64.9,1.258,90.0,ascent,labview_bridge
ARO-01,2026-05-28T23:28:18.383Z,3180,A_linear,healthy,descent,1.015,0.357,14.9,64.9,0.643,90.0,descent,labview_bridge
ARO-01,2026-05-28T23:28:19.384Z,3181,A_linear,healthy,descent,1.013,0.359,15.1,64.5,0.648,90.0,descent,labview_bridge
ARO-01,2026-05-28T23:28:20.385Z,3182,A_linear,healthy,descent,1.018,0.348,14.9,64.5,0.629,90.0,descent,labview_bridge
ARO-01,2026-05-28T23:28:21.386Z,3183,A_linear,healthy,descent,0.999,0.340,14.8,64.7,0.614,90.0,descent,labview_bridge
ARO-01,2026-05-28T23:28:22.390Z,3184,A_linear,healthy,descent,1.008,0.342,14.8,65.0,0.617,90.0,descent,labview_bridge
ARO-01,2026-05-28T23:28:23.390Z,3185,A_linear,healthy,descent,0.986,0.345,14.8,65.0,0.623,90.0,descent,labview_bridge
ARO-01,2026-05-28T23:28:24.391Z,3186,A_linear,healthy,descent,0.966,0.347,14.7,65.1,0.626,90.0,descent,labview_bridge
ARO-01,2026-05-28T23:28:25.392Z,3187,A_linear,healthy,descent,0.968,0.339,14.7,65.3,0.611,90.0,descent,labview_bridge
ARO-01,2026-05-28T23:28:26.393Z,3188,A_linear,healthy,descent,0.975,0.352,14.7,65.3,0.634,90.0,descent,labview_bridge
ARO-01,2026-05-28T23:28:27.394Z,3189,A_linear,healthy,descent,0.930,0.348,14.7,65.6,0.629,90.0,descent,labview_bridge
ARO-01,2026-05-28T23:28:28.395Z,3190,A_linear,healthy,descent,0.953,0.355,14.6,65.7,0.641,90.0,descent,labview_bridge
ARO-01,2026-05-28T23:28:29.395Z,3191,A_linear,healthy,descent,0.924,0.353,14.6,65.8,0.637,90.0,descent,labview_bridge
ARO-01,2026-05-28T23:28:30.396Z,3192,A_linear,healthy,pause,0.926,0.000,14.5,66.1,0.000,90.0,pause,labview_bridge
ARO-01,2026-05-28T23:28:31.397Z,3193,A_linear,healthy,pause,0.904,0.000,14.5,65.7,0.000,90.0,pause,labview_bridge
ARO-01,2026-05-28T23:28:32.397Z,3194,A_linear,healthy,pause,0.913,0.000,14.4,65.8,0.000,90.0,pause,labview_bridge
ARO-01,2026-05-28T23:28:33.398Z,3195,A_linear,healthy,pause,0.943,0.000,14.4,65.5,0.000,90.0,pause,labview_bridge
ARO-01,2026-05-28T23:28:34.398Z,3196,A_linear,healthy,pause,0.915,0.002,14.3,65.5,0.003,90.0,pause,labview_bridge
ARO-01,2026-05-28T23:28:35.399Z,3197,A_linear,healthy,pause,0.902,0.000,14.3,65.4,0.000,90.0,pause,labview_bridge
ARO-01,2026-05-28T23:28:36.407Z,3198,A_linear,healthy,pause,0.924,0.000,14.2,65.1,0.000,90.0,pause,labview_bridge
ARO-01,2026-05-28T23:28:37.407Z,3199,A_linear,healthy,pause,0.930,0.005,14.1,65.1,0.008,90.0,pause,labview_bridge
ARO-01,2026-05-28T23:28:38.408Z,3200,A_linear,healthy,pause,0.915,0.010,14.2,65.0,0.017,90.0,pause,labview_bridge
ARO-01,2026-05-28T23:28:39.409Z,3201,A_linear,healthy,pause,0.910,0.000,14.1,65.1,0.000,90.0,pause,labview_bridge
ARO-01,2026-05-28T23:28:40.410Z,3202,A_linear,healthy,pause,0.940,0.000,14.2,65.1,0.000,90.0,pause,labview_bridge
ARO-01,2026-05-28T23:28:41.410Z,3203,A_linear,healthy,pause,0.949,0.000,14.3,65.4,0.000,90.0,pause,labview_bridge
ARO-01,2026-05-28T23:28:42.411Z,3204,A_linear,healthy,pause,0.924,0.001,14.3,65.5,0.001,90.0,pause,labview_bridge
ARO-01,2026-05-28T23:28:43.411Z,3205,A_linear,healthy,pause,0.937,0.006,14.3,65.5,0.012,90.0,pause,labview_bridge
ARO-01,2026-05-28T23:28:44.412Z,3206,A_linear,healthy,pause,0.950,0.000,14.2,65.8,0.000,90.0,pause,labview_bridge
ARO-01,2026-05-28T23:28:45.412Z,3207,A_linear,healthy,pause,0.981,0.002,14.3,65.4,0.004,90.0,pause,labview_bridge
ARO-01,2026-05-28T23:28:46.413Z,3208,A_linear,healthy,pause,0.993,0.010,14.4,65.4,0.017,90.0,pause,labview_bridge
ARO-01,2026-05-28T23:28:47.413Z,3209,A_linear,healthy,pause,0.965,0.000,14.3,65.3,0.000,90.0,pause,labview_bridge
ARO-01,2026-05-28T23:28:48.414Z,3210,A_linear,healthy,pause,1.008,0.000,14.2,65.5,0.000,90.0,pause,labview_bridge
ARO-01,2026-05-28T23:28:49.414Z,3211,A_linear,healthy,pause,1.008,0.000,14.2,65.4,0.000,90.0,pause,labview_bridge
ARO-01,2026-05-28T23:28:50.415Z,3212,A_linear,healthy,ascent,1.009,0.701,14.2,65.2,1.265,90.0,ascent,labview_bridge
ARO-01,2026-05-28T23:28:51.416Z,3213,A_linear,healthy,ascent,1.014,0.701,14.3,64.9,1.265,90.0,ascent,labview_bridge
ARO-01,2026-05-28T23:28:52.416Z,3214,A_linear,healthy,ascent,1.004,0.692,14.3,64.7,1.249,90.0,ascent,labview_bridge
ARO-01,2026-05-28T23:28:53.417Z,3215,A_linear,healthy,ascent,1.019,0.697,14.3,64.7,1.258,90.0,ascent,labview_bridge
ARO-01,2026-05-28T23:28:54.417Z,3216,A_linear,healthy,ascent,1.041,0.701,14.4,64.5,1.266,90.0,ascent,labview_bridge
ARO-01,2026-05-28T23:28:55.421Z,3217,A_linear,healthy,ascent,1.018,0.696,14.5,64.4,1.255,90.0,ascent,labview_bridge
ARO-01,2026-05-28T23:28:56.421Z,3218,A_linear,healthy,ascent,1.038,0.706,14.5,64.4,1.274,90.0,ascent,labview_bridge
ARO-01,2026-05-28T23:28:57.422Z,3219,A_linear,healthy,ascent,1.033,0.715,14.7,64.4,1.289,90.0,ascent,labview_bridge
ARO-01,2026-05-28T23:28:58.423Z,3220,A_linear,healthy,ascent,1.020,0.693,14.5,64.4,1.251,90.0,ascent,labview_bridge
ARO-01,2026-05-28T23:28:59.424Z,3221,A_linear,healthy,ascent,1.031,0.699,14.5,64.4,1.261,90.0,ascent,labview_bridge
ARO-01,2026-05-28T23:29:00.424Z,3222,A_linear,healthy,ascent,1.024,0.692,14.6,64.6,1.249,90.0,ascent,labview_bridge
ARO-01,2026-05-28T23:29:01.425Z,3223,A_linear,healthy,ascent,1.030,0.696,14.7,64.9,1.256,90.0,ascent,labview_bridge
ARO-01,2026-05-28T23:29:02.425Z,3224,A_linear,healthy,descent,1.026,0.353,14.7,64.7,0.637,90.0,descent,labview_bridge
ARO-01,2026-05-28T23:29:03.426Z,3225,A_linear,healthy,descent,1.021,0.342,14.8,64.6,0.617,90.0,descent,labview_bridge
ARO-01,2026-05-28T23:29:04.427Z,3226,A_linear,healthy,descent,0.990,0.350,14.8,64.9,0.631,90.0,descent,labview_bridge
ARO-01,2026-05-28T23:29:05.428Z,3227,A_linear,healthy,descent,0.999,0.345,14.8,64.9,0.622,90.0,descent,labview_bridge
ARO-01,2026-05-28T23:29:06.429Z,3228,A_linear,healthy,descent,1.006,0.343,14.8,65.2,0.619,90.0,descent,labview_bridge
ARO-01,2026-05-28T23:29:07.437Z,3229,A_linear,healthy,descent,1.019,0.359,14.9,65.3,0.647,90.0,descent,labview_bridge
ARO-01,2026-05-28T23:29:08.438Z,3230,A_linear,healthy,descent,0.989,0.353,14.8,65.7,0.636,90.0,descent,labview_bridge
ARO-01,2026-05-28T23:29:09.438Z,3231,A_linear,healthy,descent,0.973,0.347,14.9,65.6,0.626,90.0,descent,labview_bridge
ARO-01,2026-05-28T23:29:10.438Z,3232,A_linear,healthy,descent,0.948,0.344,14.9,65.5,0.621,90.0,descent,labview_bridge
ARO-01,2026-05-28T23:29:11.439Z,3233,A_linear,healthy,descent,0.953,0.347,14.9,65.7,0.626,90.0,descent,labview_bridge
ARO-01,2026-05-28T23:29:12.439Z,3234,A_linear,healthy,descent,0.941,0.358,14.9,66.0,0.647,90.0,descent,labview_bridge
ARO-01,2026-05-28T23:29:13.440Z,3235,A_linear,healthy,descent,0.943,0.340,15.0,66.0,0.614,90.0,descent,labview_bridge
ARO-01,2026-05-28T23:29:14.441Z,3236,A_linear,healthy,pause,0.931,0.002,14.9,66.2,0.003,90.0,pause,labview_bridge
ARO-01,2026-05-28T23:29:15.442Z,3237,A_linear,healthy,pause,0.894,0.001,14.8,66.2,0.001,90.0,pause,labview_bridge
ARO-01,2026-05-28T23:29:16.442Z,3238,A_linear,healthy,pause,0.939,0.000,14.7,66.2,0.000,90.0,pause,labview_bridge
ARO-01,2026-05-28T23:29:17.443Z,3239,A_linear,healthy,pause,0.905,0.008,14.6,66.0,0.014,90.0,pause,labview_bridge
ARO-01,2026-05-28T23:29:18.444Z,3240,A_linear,healthy,pause,0.919,0.003,14.5,65.9,0.006,90.0,pause,labview_bridge
ARO-01,2026-05-28T23:29:19.444Z,3241,A_linear,healthy,pause,0.932,0.000,14.6,66.0,0.000,90.0,pause,labview_bridge
ARO-01,2026-05-28T23:29:20.445Z,3242,A_linear,healthy,pause,0.908,0.004,14.5,65.9,0.006,90.0,pause,labview_bridge
ARO-01,2026-05-28T23:29:21.449Z,3243,A_linear,healthy,pause,0.932,0.010,14.4,65.9,0.018,90.0,pause,labview_bridge
ARO-01,2026-05-28T23:29:22.450Z,3244,A_linear,healthy,pause,0.940,0.001,14.4,65.9,0.003,90.0,pause,labview_bridge
ARO-01,2026-05-28T23:29:23.450Z,3245,A_linear,healthy,pause,0.924,0.000,14.4,65.7,0.000,90.0,pause,labview_bridge
ARO-01,2026-05-28T23:29:24.451Z,3246,A_linear,healthy,pause,0.931,0.012,14.3,65.5,0.021,90.0,pause,labview_bridge
ARO-01,2026-05-28T23:29:25.452Z,3247,A_linear,healthy,pause,0.915,0.000,14.3,65.6,0.000,90.0,pause,labview_bridge
ARO-01,2026-05-28T23:29:26.452Z,3248,A_linear,healthy,pause,0.938,0.007,14.3,65.9,0.012,90.0,pause,labview_bridge
ARO-01,2026-05-28T23:29:27.453Z,3249,A_linear,healthy,pause,0.937,0.006,14.3,65.8,0.011,90.0,pause,labview_bridge
ARO-01,2026-05-28T23:29:28.453Z,3250,A_linear,healthy,pause,0.948,0.000,14.3,66.0,0.000,90.0,pause,labview_bridge
ARO-01,2026-05-28T23:29:29.454Z,3251,A_linear,healthy,pause,0.968,0.013,14.3,66.4,0.024,90.0,pause,labview_bridge
ARO-01,2026-05-28T23:29:30.455Z,3252,A_linear,healthy,pause,0.958,0.000,14.3,66.2,0.000,90.0,pause,labview_bridge
ARO-01,2026-05-28T23:29:31.456Z,3253,A_linear,healthy,pause,0.990,0.000,14.2,66.0,0.000,90.0,pause,labview_bridge
ARO-01,2026-05-28T23:29:32.456Z,3254,A_linear,healthy,pause,0.998,0.001,14.2,65.9,0.002,90.0,pause,labview_bridge
ARO-01,2026-05-28T23:29:33.457Z,3255,A_linear,healthy,pause,1.020,0.001,14.1,65.8,0.001,90.0,pause,labview_bridge
ARO-01,2026-05-28T23:29:34.458Z,3256,A_linear,healthy,ascent,0.991,0.637,14.3,65.7,1.148,75.0,ascent,labview_bridge
ARO-01,2026-05-28T23:29:35.458Z,3257,A_linear,healthy,ascent,1.034,0.633,14.3,65.4,1.142,75.0,ascent,labview_bridge
ARO-01,2026-05-28T23:29:36.459Z,3258,A_linear,healthy,ascent,1.020,0.622,14.3,65.6,1.123,75.0,ascent,labview_bridge
ARO-01,2026-05-28T23:29:37.460Z,3259,A_linear,healthy,ascent,1.028,0.642,14.3,65.6,1.157,75.0,ascent,labview_bridge
ARO-01,2026-05-28T23:29:38.461Z,3260,A_linear,healthy,ascent,1.054,0.637,14.4,65.5,1.150,75.0,ascent,labview_bridge
ARO-01,2026-05-28T23:29:39.461Z,3261,A_linear,healthy,ascent,1.033,0.637,14.4,65.7,1.150,75.0,ascent,labview_bridge
ARO-01,2026-05-28T23:29:40.462Z,3262,A_linear,healthy,ascent,1.016,0.639,14.6,65.6,1.153,75.0,ascent,labview_bridge
ARO-01,2026-05-28T23:29:41.463Z,3263,A_linear,healthy,ascent,1.035,0.635,14.5,65.7,1.145,75.0,ascent,labview_bridge
ARO-01,2026-05-28T23:29:42.463Z,3264,A_linear,healthy,ascent,1.047,0.636,14.4,66.2,1.147,75.0,ascent,labview_bridge
ARO-01,2026-05-28T23:29:43.464Z,3265,A_linear,healthy,ascent,1.029,0.624,14.4,66.0,1.127,75.0,ascent,labview_bridge
ARO-01,2026-05-28T23:29:44.465Z,3266,A_linear,healthy,ascent,1.058,0.628,14.5,66.2,1.133,75.0,ascent,labview_bridge
ARO-01,2026-05-28T23:29:45.465Z,3267,A_linear,healthy,ascent,1.041,0.644,14.6,66.2,1.162,75.0,ascent,labview_bridge
ARO-01,2026-05-28T23:29:46.466Z,3268,A_linear,healthy,descent,1.043,0.339,14.6,66.2,0.611,75.0,descent,labview_bridge
ARO-01,2026-05-28T23:29:47.467Z,3269,A_linear,healthy,descent,1.031,0.339,14.6,66.2,0.612,75.0,descent,labview_bridge
ARO-01,2026-05-28T23:29:48.467Z,3270,A_linear,healthy,descent,1.006,0.350,14.6,66.2,0.631,75.0,descent,labview_bridge
ARO-01,2026-05-28T23:29:49.468Z,3271,A_linear,healthy,descent,1.013,0.348,14.5,66.2,0.628,75.0,descent,labview_bridge
ARO-01,2026-05-28T23:29:50.468Z,3272,A_linear,healthy,descent,0.989,0.355,14.4,66.1,0.640,75.0,descent,labview_bridge
ARO-01,2026-05-28T23:29:51.469Z,3273,A_linear,healthy,descent,0.983,0.348,14.4,66.3,0.627,75.0,descent,labview_bridge
ARO-01,2026-05-28T23:29:52.469Z,3274,A_linear,healthy,descent,0.980,0.350,14.3,66.7,0.631,75.0,descent,labview_bridge
ARO-01,2026-05-28T23:29:53.483Z,3275,A_linear,healthy,descent,0.987,0.351,14.3,66.7,0.633,75.0,descent,labview_bridge
ARO-01,2026-05-28T23:29:54.483Z,3276,A_linear,healthy,descent,0.944,0.351,14.4,66.7,0.633,75.0,descent,labview_bridge
ARO-01,2026-05-28T23:29:55.484Z,3277,A_linear,healthy,descent,0.945,0.350,14.3,66.7,0.631,75.0,descent,labview_bridge
ARO-01,2026-05-28T23:29:56.485Z,3278,A_linear,healthy,descent,0.940,0.354,14.2,66.4,0.638,75.0,descent,labview_bridge
ARO-01,2026-05-28T23:29:57.486Z,3279,A_linear,healthy,descent,0.933,0.349,14.2,66.3,0.629,75.0,descent,labview_bridge
ARO-01,2026-05-28T23:29:58.486Z,3280,A_linear,healthy,pause,0.940,0.000,14.0,66.3,0.000,75.0,pause,labview_bridge
ARO-01,2026-05-28T23:29:59.487Z,3281,A_linear,healthy,pause,0.943,0.000,14.0,66.4,0.000,75.0,pause,labview_bridge
ARO-01,2026-05-28T23:30:00.488Z,3282,A_linear,healthy,pause,0.939,0.000,13.9,66.6,0.000,75.0,pause,labview_bridge
ARO-01,2026-05-28T23:30:01.488Z,3283,A_linear,healthy,pause,0.917,0.000,14.0,66.6,0.000,75.0,pause,labview_bridge
ARO-01,2026-05-28T23:30:02.489Z,3284,A_linear,healthy,pause,0.914,0.000,14.0,66.8,0.000,75.0,pause,labview_bridge
ARO-01,2026-05-28T23:30:03.489Z,3285,A_linear,healthy,pause,0.898,0.000,14.0,67.0,0.000,75.0,pause,labview_bridge
ARO-01,2026-05-28T23:30:04.490Z,3286,A_linear,healthy,pause,0.922,0.000,14.0,67.2,0.000,75.0,pause,labview_bridge
ARO-01,2026-05-28T23:30:05.491Z,3287,A_linear,healthy,pause,0.940,0.002,14.1,67.1,0.004,75.0,pause,labview_bridge
ARO-01,2026-05-28T23:30:06.491Z,3288,A_linear,healthy,pause,0.915,0.008,14.1,67.0,0.014,75.0,pause,labview_bridge
ARO-01,2026-05-28T23:30:07.492Z,3289,A_linear,healthy,pause,0.927,0.000,14.0,66.9,0.000,75.0,pause,labview_bridge
ARO-01,2026-05-28T23:30:08.493Z,3290,A_linear,healthy,pause,0.926,0.000,14.1,66.9,0.000,75.0,pause,labview_bridge
ARO-01,2026-05-28T23:30:09.493Z,3291,A_linear,healthy,pause,0.935,0.002,14.1,66.7,0.004,75.0,pause,labview_bridge
ARO-01,2026-05-28T23:30:10.494Z,3292,A_linear,healthy,pause,0.942,0.005,14.1,66.6,0.008,75.0,pause,labview_bridge
ARO-01,2026-05-28T23:30:11.494Z,3293,A_linear,healthy,pause,0.928,0.009,14.1,66.2,0.017,75.0,pause,labview_bridge
ARO-01,2026-05-28T23:30:12.502Z,3294,A_linear,healthy,pause,0.951,0.000,14.0,66.2,0.000,75.0,pause,labview_bridge
ARO-01,2026-05-28T23:30:13.503Z,3295,A_linear,healthy,pause,0.971,0.000,14.0,66.3,0.001,75.0,pause,labview_bridge
ARO-01,2026-05-28T23:30:14.503Z,3296,A_linear,healthy,pause,0.964,0.000,14.0,66.7,0.000,75.0,pause,labview_bridge
ARO-01,2026-05-28T23:30:15.504Z,3297,A_linear,healthy,pause,0.977,0.000,14.0,66.5,0.000,75.0,pause,labview_bridge
ARO-01,2026-05-28T23:30:16.505Z,3298,A_linear,healthy,pause,0.981,0.000,14.0,66.6,0.000,75.0,pause,labview_bridge
ARO-01,2026-05-28T23:30:17.505Z,3299,A_linear,healthy,pause,0.985,0.000,13.9,67.1,0.000,75.0,pause,labview_bridge
ARO-01,2026-05-28T23:30:18.506Z,3300,A_linear,healthy,ascent,1.005,0.638,14.0,67.2,1.152,75.0,ascent,labview_bridge
ARO-01,2026-05-28T23:30:19.507Z,3301,A_linear,healthy,ascent,0.995,0.632,13.9,67.2,1.140,75.0,ascent,labview_bridge
ARO-01,2026-05-28T23:30:20.508Z,3302,A_linear,healthy,ascent,1.011,0.618,14.1,67.4,1.115,75.0,ascent,labview_bridge
ARO-01,2026-05-28T23:30:21.508Z,3303,A_linear,healthy,ascent,1.014,0.633,14.2,66.9,1.143,75.0,ascent,labview_bridge
ARO-01,2026-05-28T23:30:22.508Z,3304,A_linear,healthy,ascent,1.028,0.642,14.2,66.8,1.158,75.0,ascent,labview_bridge
ARO-01,2026-05-28T23:30:23.509Z,3305,A_linear,healthy,ascent,1.035,0.630,14.3,66.7,1.137,75.0,ascent,labview_bridge
ARO-01,2026-05-28T23:30:24.510Z,3306,A_linear,healthy,ascent,1.036,0.628,14.3,66.8,1.132,75.0,ascent,labview_bridge
ARO-01,2026-05-28T23:30:25.511Z,3307,A_linear,healthy,ascent,1.025,0.640,14.4,66.9,1.155,75.0,ascent,labview_bridge
ARO-01,2026-05-28T23:30:26.511Z,3308,A_linear,healthy,ascent,1.054,0.646,14.4,66.7,1.165,75.0,ascent,labview_bridge
ARO-01,2026-05-28T23:30:27.512Z,3309,A_linear,healthy,ascent,1.055,0.636,14.5,66.6,1.148,75.0,ascent,labview_bridge
ARO-01,2026-05-28T23:30:28.513Z,3310,A_linear,healthy,ascent,1.033,0.630,14.6,66.7,1.136,75.0,ascent,labview_bridge
ARO-01,2026-05-28T23:30:29.513Z,3311,A_linear,healthy,ascent,1.029,0.641,14.6,67.1,1.157,75.0,ascent,labview_bridge
ARO-01,2026-05-28T23:30:30.519Z,3312,A_linear,healthy,descent,1.004,0.353,14.6,67.0,0.636,75.0,descent,labview_bridge
ARO-01,2026-05-28T23:30:31.520Z,3313,A_linear,healthy,descent,1.019,0.350,14.6,67.1,0.631,75.0,descent,labview_bridge
ARO-01,2026-05-28T23:30:32.520Z,3314,A_linear,healthy,descent,1.024,0.356,14.5,66.8,0.641,75.0,descent,labview_bridge
ARO-01,2026-05-28T23:30:33.521Z,3315,A_linear,healthy,descent,0.998,0.341,14.6,66.8,0.616,75.0,descent,labview_bridge
ARO-01,2026-05-28T23:30:34.522Z,3316,A_linear,healthy,descent,0.976,0.354,14.6,67.0,0.639,75.0,descent,labview_bridge
ARO-01,2026-05-28T23:30:35.528Z,3317,A_linear,healthy,descent,0.986,0.345,14.5,66.8,0.623,75.0,descent,labview_bridge
ARO-01,2026-05-28T23:30:36.529Z,3318,A_linear,healthy,descent,0.994,0.354,14.4,67.0,0.638,75.0,descent,labview_bridge
ARO-01,2026-05-28T23:30:37.530Z,3319,A_linear,healthy,descent,0.980,0.342,14.6,66.9,0.618,75.0,descent,labview_bridge
ARO-01,2026-05-28T23:30:38.530Z,3320,A_linear,healthy,descent,0.985,0.341,14.5,67.4,0.615,75.0,descent,labview_bridge
ARO-01,2026-05-28T23:30:39.531Z,3321,A_linear,healthy,descent,0.960,0.356,14.6,67.4,0.642,75.0,descent,labview_bridge
ARO-01,2026-05-28T23:30:40.532Z,3322,A_linear,healthy,descent,0.952,0.356,14.5,67.1,0.643,75.0,descent,labview_bridge
ARO-01,2026-05-28T23:30:41.532Z,3323,A_linear,healthy,descent,0.938,0.353,14.5,67.4,0.637,75.0,descent,labview_bridge
ARO-01,2026-05-28T23:30:42.533Z,3324,A_linear,healthy,pause,0.936,0.000,14.5,67.4,0.000,75.0,pause,labview_bridge
ARO-01,2026-05-28T23:30:43.533Z,3325,A_linear,healthy,pause,0.944,0.000,14.3,67.3,0.000,75.0,pause,labview_bridge
ARO-01,2026-05-28T23:30:44.534Z,3326,A_linear,healthy,pause,0.930,0.000,14.3,67.2,0.000,75.0,pause,labview_bridge
ARO-01,2026-05-28T23:30:45.541Z,3327,A_linear,healthy,pause,0.921,0.002,14.2,67.5,0.003,75.0,pause,labview_bridge
ARO-01,2026-05-28T23:30:46.548Z,3328,A_linear,healthy,pause,0.929,0.000,14.2,67.6,0.000,75.0,pause,labview_bridge
ARO-01,2026-05-28T23:30:47.549Z,3329,A_linear,healthy,pause,0.928,0.006,14.2,67.4,0.010,75.0,pause,labview_bridge
ARO-01,2026-05-28T23:30:48.550Z,3330,A_linear,healthy,pause,0.901,0.001,14.2,67.6,0.002,75.0,pause,labview_bridge
ARO-01,2026-05-28T23:30:49.551Z,3331,A_linear,healthy,pause,0.931,0.004,14.2,67.5,0.007,75.0,pause,labview_bridge
ARO-01,2026-05-28T23:30:50.551Z,3332,A_linear,healthy,pause,0.915,0.000,14.2,67.6,0.000,75.0,pause,labview_bridge
ARO-01,2026-05-28T23:30:51.568Z,3333,A_linear,healthy,pause,0.924,0.008,14.2,67.6,0.014,75.0,pause,labview_bridge
ARO-01,2026-05-28T23:30:52.570Z,3334,A_linear,healthy,pause,0.923,0.000,14.3,67.9,0.000,75.0,pause,labview_bridge
ARO-01,2026-05-28T23:30:53.571Z,3335,A_linear,healthy,pause,0.960,0.000,14.3,67.6,0.000,75.0,pause,labview_bridge
ARO-01,2026-05-28T23:30:54.571Z,3336,A_linear,healthy,pause,0.944,0.000,14.3,67.9,0.000,75.0,pause,labview_bridge
ARO-01,2026-05-28T23:30:55.572Z,3337,A_linear,healthy,pause,0.936,0.010,14.3,67.7,0.018,75.0,pause,labview_bridge
ARO-01,2026-05-28T23:30:56.573Z,3338,A_linear,healthy,pause,0.965,0.004,14.3,67.6,0.008,75.0,pause,labview_bridge
ARO-01,2026-05-28T23:30:57.573Z,3339,A_linear,healthy,pause,0.961,0.000,14.2,68.0,0.000,75.0,pause,labview_bridge
ARO-01,2026-05-28T23:30:58.574Z,3340,A_linear,healthy,pause,0.949,0.003,14.1,68.0,0.005,75.0,pause,labview_bridge
ARO-01,2026-05-28T23:30:59.575Z,3341,A_linear,healthy,pause,1.004,0.000,14.1,68.1,0.000,75.0,pause,labview_bridge
ARO-01,2026-05-28T23:31:00.575Z,3342,A_linear,healthy,pause,0.999,0.001,14.1,68.2,0.002,75.0,pause,labview_bridge
ARO-01,2026-05-28T23:31:01.576Z,3343,A_linear,healthy,pause,0.998,0.001,14.1,68.0,0.002,75.0,pause,labview_bridge
ARO-01,2026-05-28T23:31:02.577Z,3344,A_linear,healthy,ascent,1.014,0.647,14.1,68.1,1.168,75.0,ascent,labview_bridge
ARO-01,2026-05-28T23:31:03.577Z,3345,A_linear,healthy,ascent,1.023,0.639,14.1,68.0,1.153,75.0,ascent,labview_bridge
ARO-01,2026-05-28T23:31:04.578Z,3346,A_linear,healthy,ascent,1.040,0.650,14.1,68.1,1.172,75.0,ascent,labview_bridge
ARO-01,2026-05-28T23:31:05.579Z,3347,A_linear,healthy,ascent,1.023,0.638,14.2,68.3,1.151,75.0,ascent,labview_bridge
ARO-01,2026-05-28T23:31:06.579Z,3348,A_linear,healthy,ascent,1.041,0.640,14.2,68.6,1.154,75.0,ascent,labview_bridge
ARO-01,2026-05-28T23:31:07.580Z,3349,A_linear,healthy,ascent,1.008,0.641,14.3,68.3,1.157,75.0,ascent,labview_bridge
ARO-01,2026-05-28T23:31:08.581Z,3350,A_linear,healthy,ascent,1.055,0.644,14.5,68.1,1.162,75.0,ascent,labview_bridge
ARO-01,2026-05-28T23:31:09.581Z,3351,A_linear,healthy,ascent,1.041,0.644,14.5,68.2,1.161,75.0,ascent,labview_bridge
ARO-01,2026-05-28T23:31:10.582Z,3352,A_linear,healthy,ascent,1.021,0.639,14.7,68.4,1.154,75.0,ascent,labview_bridge
ARO-01,2026-05-28T23:31:11.582Z,3353,A_linear,healthy,ascent,1.053,0.636,14.7,68.4,1.148,75.0,ascent,labview_bridge
ARO-01,2026-05-28T23:31:12.583Z,3354,A_linear,healthy,ascent,1.042,0.637,14.7,68.6,1.148,75.0,ascent,labview_bridge
ARO-01,2026-05-28T23:31:13.584Z,3355,A_linear,healthy,ascent,1.045,0.636,14.8,68.5,1.148,75.0,ascent,labview_bridge
ARO-01,2026-05-28T23:31:14.585Z,3356,A_linear,healthy,descent,1.020,0.342,14.7,68.0,0.616,75.0,descent,labview_bridge
ARO-01,2026-05-28T23:31:15.585Z,3357,A_linear,healthy,descent,1.011,0.359,14.7,68.1,0.648,75.0,descent,labview_bridge
ARO-01,2026-05-28T23:31:16.586Z,3358,A_linear,healthy,descent,1.005,0.350,14.6,68.2,0.632,75.0,descent,labview_bridge
ARO-01,2026-05-28T23:31:17.586Z,3359,A_linear,healthy,descent,0.996,0.353,14.6,68.2,0.638,75.0,descent,labview_bridge
ARO-01,2026-05-28T23:31:18.587Z,3360,A_linear,healthy,descent,1.029,0.360,14.6,67.9,0.649,75.0,descent,labview_bridge
ARO-01,2026-05-28T23:31:19.588Z,3361,A_linear,healthy,descent,0.986,0.355,14.6,67.9,0.641,75.0,descent,labview_bridge
ARO-01,2026-05-28T23:31:20.588Z,3362,A_linear,healthy,descent,0.972,0.346,14.6,67.7,0.624,75.0,descent,labview_bridge
ARO-01,2026-05-28T23:31:21.589Z,3363,A_linear,healthy,descent,0.973,0.355,14.6,67.9,0.641,75.0,descent,labview_bridge
ARO-01,2026-05-28T23:31:22.589Z,3364,A_linear,healthy,descent,0.980,0.359,14.6,68.0,0.647,75.0,descent,labview_bridge
ARO-01,2026-05-28T23:31:23.590Z,3365,A_linear,healthy,descent,0.940,0.362,14.6,68.0,0.653,75.0,descent,labview_bridge
ARO-01,2026-05-28T23:31:24.594Z,3366,A_linear,healthy,descent,0.941,0.350,14.7,68.0,0.632,75.0,descent,labview_bridge
ARO-01,2026-05-28T23:31:25.594Z,3367,A_linear,healthy,descent,0.943,0.349,14.6,67.7,0.629,75.0,descent,labview_bridge
ARO-01,2026-05-28T23:31:26.595Z,3368,A_linear,healthy,pause,0.945,0.000,14.6,67.8,0.000,75.0,pause,labview_bridge
ARO-01,2026-05-28T23:31:27.596Z,3369,A_linear,healthy,pause,0.929,0.000,14.6,67.9,0.000,75.0,pause,labview_bridge
ARO-01,2026-05-28T23:31:28.596Z,3370,A_linear,healthy,pause,0.913,0.000,14.6,67.8,0.000,75.0,pause,labview_bridge
ARO-01,2026-05-28T23:31:29.597Z,3371,A_linear,healthy,pause,0.921,0.010,14.5,67.7,0.019,75.0,pause,labview_bridge
ARO-01,2026-05-28T23:31:30.597Z,3372,A_linear,healthy,pause,0.925,0.000,14.4,67.9,0.000,75.0,pause,labview_bridge
ARO-01,2026-05-28T23:31:31.598Z,3373,A_linear,healthy,pause,0.907,0.000,14.3,67.8,0.000,75.0,pause,labview_bridge
ARO-01,2026-05-28T23:31:32.599Z,3374,A_linear,healthy,pause,0.924,0.005,14.3,67.8,0.010,75.0,pause,labview_bridge
ARO-01,2026-05-28T23:31:33.600Z,3375,A_linear,healthy,pause,0.934,0.000,14.4,67.9,0.000,75.0,pause,labview_bridge
ARO-01,2026-05-28T23:31:34.601Z,3376,A_linear,healthy,pause,0.946,0.011,14.5,68.2,0.020,75.0,pause,labview_bridge
ARO-01,2026-05-28T23:31:35.601Z,3377,A_linear,healthy,pause,0.913,0.002,14.3,68.3,0.004,75.0,pause,labview_bridge
ARO-01,2026-05-28T23:31:36.602Z,3378,A_linear,healthy,pause,0.921,0.000,14.2,68.4,0.000,75.0,pause,labview_bridge
ARO-01,2026-05-28T23:31:37.602Z,3379,A_linear,healthy,pause,0.925,0.009,14.2,68.5,0.017,75.0,pause,labview_bridge
ARO-01,2026-05-28T23:31:38.603Z,3380,A_linear,healthy,pause,0.955,0.002,14.2,68.6,0.003,75.0,pause,labview_bridge
ARO-01,2026-05-28T23:31:39.604Z,3381,A_linear,healthy,pause,0.949,0.000,14.2,68.6,0.001,75.0,pause,labview_bridge
ARO-01,2026-05-28T23:31:40.605Z,3382,A_linear,healthy,pause,0.955,0.000,14.2,68.9,0.000,75.0,pause,labview_bridge
ARO-01,2026-05-28T23:31:41.606Z,3383,A_linear,healthy,pause,0.960,0.000,14.1,68.8,0.000,75.0,pause,labview_bridge
ARO-01,2026-05-28T23:31:42.606Z,3384,A_linear,healthy,pause,0.994,0.002,14.1,68.8,0.004,75.0,pause,labview_bridge
ARO-01,2026-05-28T23:31:43.607Z,3385,A_linear,healthy,pause,0.993,0.005,14.2,68.6,0.008,75.0,pause,labview_bridge
ARO-01,2026-05-28T23:31:44.608Z,3386,A_linear,healthy,pause,0.985,0.014,14.2,68.2,0.026,75.0,pause,labview_bridge
ARO-01,2026-05-28T23:31:45.609Z,3387,A_linear,healthy,pause,0.986,0.002,14.2,68.3,0.003,75.0,pause,labview_bridge
ARO-01,2026-05-28T23:31:46.610Z,3388,A_linear,healthy,ascent,0.995,0.626,14.3,68.0,1.130,75.0,ascent,labview_bridge
ARO-01,2026-05-28T23:31:47.617Z,3389,A_linear,healthy,ascent,1.023,0.639,14.3,68.0,1.153,75.0,ascent,labview_bridge
ARO-01,2026-05-28T23:31:48.618Z,3390,A_linear,healthy,ascent,1.016,0.641,14.4,67.9,1.157,75.0,ascent,labview_bridge
ARO-01,2026-05-28T23:31:49.618Z,3391,A_linear,healthy,ascent,1.020,0.638,14.4,67.9,1.151,75.0,ascent,labview_bridge
ARO-01,2026-05-28T23:31:50.619Z,3392,A_linear,healthy,ascent,1.018,0.632,14.5,67.9,1.141,75.0,ascent,labview_bridge
ARO-01,2026-05-28T23:31:51.619Z,3393,A_linear,healthy,ascent,1.019,0.639,14.4,67.9,1.153,75.0,ascent,labview_bridge
ARO-01,2026-05-28T23:31:52.619Z,3394,A_linear,healthy,ascent,1.048,0.629,14.5,67.8,1.135,75.0,ascent,labview_bridge
ARO-01,2026-05-28T23:31:53.620Z,3395,A_linear,healthy,ascent,1.047,0.652,14.7,68.1,1.176,75.0,ascent,labview_bridge
ARO-01,2026-05-28T23:31:54.621Z,3396,A_linear,healthy,ascent,1.050,0.648,14.7,68.1,1.170,75.0,ascent,labview_bridge
ARO-01,2026-05-28T23:31:55.621Z,3397,A_linear,healthy,ascent,1.028,0.644,14.8,68.0,1.161,75.0,ascent,labview_bridge
ARO-01,2026-05-28T23:31:56.622Z,3398,A_linear,healthy,ascent,1.042,0.635,14.8,67.6,1.146,75.0,ascent,labview_bridge
ARO-01,2026-05-28T23:31:57.622Z,3399,A_linear,healthy,ascent,1.034,0.635,14.8,67.5,1.145,75.0,ascent,labview_bridge
ARO-01,2026-05-28T23:31:58.623Z,3400,A_linear,healthy,descent,1.024,0.349,14.8,67.6,0.630,75.0,descent,labview_bridge
ARO-01,2026-05-28T23:31:59.624Z,3401,A_linear,healthy,descent,1.027,0.353,14.8,67.6,0.638,75.0,descent,labview_bridge
ARO-01,2026-05-28T23:32:00.625Z,3402,A_linear,healthy,descent,1.001,0.348,14.8,67.7,0.629,75.0,descent,labview_bridge
ARO-01,2026-05-28T23:32:01.626Z,3403,A_linear,healthy,descent,1.014,0.359,14.7,67.6,0.648,75.0,descent,labview_bridge
ARO-01,2026-05-28T23:32:02.634Z,3404,A_linear,healthy,descent,0.976,0.342,14.6,67.4,0.618,75.0,descent,labview_bridge
ARO-01,2026-05-28T23:32:03.635Z,3405,A_linear,healthy,descent,0.999,0.362,14.6,67.4,0.654,75.0,descent,labview_bridge
ARO-01,2026-05-28T23:32:04.636Z,3406,A_linear,healthy,descent,0.995,0.353,14.7,67.6,0.637,75.0,descent,labview_bridge
ARO-01,2026-05-28T23:32:05.636Z,3407,A_linear,healthy,descent,0.957,0.351,14.6,68.0,0.634,75.0,descent,labview_bridge
ARO-01,2026-05-28T23:32:06.637Z,3408,A_linear,healthy,descent,0.962,0.347,14.7,68.0,0.626,75.0,descent,labview_bridge
ARO-01,2026-05-28T23:32:07.637Z,3409,A_linear,healthy,descent,0.949,0.342,14.8,68.1,0.616,75.0,descent,labview_bridge
ARO-01,2026-05-28T23:32:08.637Z,3410,A_linear,healthy,descent,0.937,0.358,14.8,68.3,0.646,75.0,descent,labview_bridge
ARO-01,2026-05-28T23:32:09.638Z,3411,A_linear,healthy,descent,0.947,0.347,14.7,68.5,0.626,75.0,descent,labview_bridge
ARO-01,2026-05-28T23:32:10.639Z,3412,A_linear,healthy,pause,0.916,0.000,14.6,68.9,0.001,75.0,pause,labview_bridge
ARO-01,2026-05-28T23:32:11.639Z,3413,A_linear,healthy,pause,0.942,0.007,14.6,69.2,0.012,75.0,pause,labview_bridge
ARO-01,2026-05-28T23:32:12.640Z,3414,A_linear,healthy,pause,0.929,0.000,14.6,69.2,0.000,75.0,pause,labview_bridge
ARO-01,2026-05-28T23:32:13.641Z,3415,A_linear,healthy,pause,0.898,0.000,14.6,69.7,0.000,75.0,pause,labview_bridge
ARO-01,2026-05-28T23:32:14.641Z,3416,A_linear,healthy,pause,0.921,0.001,14.6,69.8,0.002,75.0,pause,labview_bridge
ARO-01,2026-05-28T23:32:15.642Z,3417,A_linear,healthy,pause,0.932,0.000,14.5,69.8,0.000,75.0,pause,labview_bridge
ARO-01,2026-05-28T23:32:16.643Z,3418,A_linear,healthy,pause,0.948,0.004,14.5,69.7,0.007,75.0,pause,labview_bridge
ARO-01,2026-05-28T23:32:17.644Z,3419,A_linear,healthy,pause,0.929,0.006,14.4,70.3,0.011,75.0,pause,labview_bridge
ARO-01,2026-05-28T23:32:18.644Z,3420,A_linear,healthy,pause,0.902,0.000,14.2,70.1,0.000,75.0,pause,labview_bridge
ARO-01,2026-05-28T23:32:19.645Z,3421,A_linear,healthy,pause,0.921,0.000,14.2,70.2,0.000,75.0,pause,labview_bridge
ARO-01,2026-05-28T23:32:20.646Z,3422,A_linear,healthy,pause,0.936,0.011,14.2,70.3,0.019,75.0,pause,labview_bridge
ARO-01,2026-05-28T23:32:21.646Z,3423,A_linear,healthy,pause,0.932,0.000,14.2,70.6,0.000,75.0,pause,labview_bridge
ARO-01,2026-05-28T23:32:22.647Z,3424,A_linear,healthy,pause,0.926,0.000,14.2,70.4,0.000,75.0,pause,labview_bridge
ARO-01,2026-05-28T23:32:23.647Z,3425,A_linear,healthy,pause,0.943,0.003,14.2,70.3,0.006,75.0,pause,labview_bridge
ARO-01,2026-05-28T23:32:24.648Z,3426,A_linear,healthy,pause,0.960,0.000,14.3,70.3,0.000,75.0,pause,labview_bridge
ARO-01,2026-05-28T23:32:25.649Z,3427,A_linear,healthy,pause,0.959,0.011,14.4,70.3,0.019,75.0,pause,labview_bridge
ARO-01,2026-05-28T23:32:26.649Z,3428,A_linear,healthy,pause,0.989,0.000,14.4,70.3,0.000,75.0,pause,labview_bridge
ARO-01,2026-05-28T23:32:27.650Z,3429,A_linear,healthy,pause,0.991,0.000,14.4,70.3,0.000,75.0,pause,labview_bridge
ARO-01,2026-05-28T23:32:28.651Z,3430,A_linear,healthy,pause,0.980,0.006,14.3,70.1,0.012,75.0,pause,labview_bridge
ARO-01,2026-05-28T23:32:29.652Z,3431,A_linear,healthy,pause,1.016,0.005,14.4,70.3,0.009,75.0,pause,labview_bridge
ARO-01,2026-05-28T23:32:30.653Z,3432,A_linear,healthy,ascent,1.000,0.623,14.5,69.8,1.125,75.0,ascent,labview_bridge
ARO-01,2026-05-28T23:32:31.653Z,3433,A_linear,healthy,ascent,1.005,0.646,14.5,70.0,1.166,75.0,ascent,labview_bridge
ARO-01,2026-05-28T23:32:32.653Z,3434,A_linear,healthy,ascent,1.043,0.627,14.5,70.2,1.131,75.0,ascent,labview_bridge
ARO-01,2026-05-28T23:32:33.654Z,3435,A_linear,healthy,ascent,1.020,0.635,14.7,70.0,1.146,75.0,ascent,labview_bridge
ARO-01,2026-05-28T23:32:34.655Z,3436,A_linear,healthy,ascent,1.036,0.634,14.7,69.9,1.144,75.0,ascent,labview_bridge
ARO-01,2026-05-28T23:32:35.655Z,3437,A_linear,healthy,ascent,1.053,0.644,14.7,69.6,1.161,75.0,ascent,labview_bridge
ARO-01,2026-05-28T23:32:36.656Z,3438,A_linear,healthy,ascent,1.028,0.639,14.8,69.6,1.152,75.0,ascent,labview_bridge
ARO-01,2026-05-28T23:32:37.657Z,3439,A_linear,healthy,ascent,1.036,0.642,14.9,69.5,1.159,75.0,ascent,labview_bridge
ARO-01,2026-05-28T23:32:38.658Z,3440,A_linear,healthy,ascent,1.052,0.645,14.9,69.7,1.163,75.0,ascent,labview_bridge
ARO-01,2026-05-28T23:32:39.658Z,3441,A_linear,healthy,ascent,1.036,0.627,15.0,69.6,1.132,75.0,ascent,labview_bridge
ARO-01,2026-05-28T23:32:40.659Z,3442,A_linear,healthy,ascent,1.037,0.630,15.0,69.4,1.137,75.0,ascent,labview_bridge
ARO-01,2026-05-28T23:32:41.659Z,3443,A_linear,healthy,ascent,1.057,0.645,15.1,69.3,1.164,75.0,ascent,labview_bridge
ARO-01,2026-05-28T23:32:42.660Z,3444,A_linear,healthy,descent,1.019,0.353,15.1,69.3,0.637,75.0,descent,labview_bridge
ARO-01,2026-05-28T23:32:43.661Z,3445,A_linear,healthy,descent,1.009,0.357,15.0,69.5,0.644,75.0,descent,labview_bridge
ARO-01,2026-05-28T23:32:44.661Z,3446,A_linear,healthy,descent,1.016,0.354,14.9,69.6,0.639,75.0,descent,labview_bridge
ARO-01,2026-05-28T23:32:45.662Z,3447,A_linear,healthy,descent,1.026,0.348,15.0,69.8,0.629,75.0,descent,labview_bridge
ARO-01,2026-05-28T23:32:46.662Z,3448,A_linear,healthy,descent,1.003,0.368,15.0,69.3,0.663,75.0,descent,labview_bridge
ARO-01,2026-05-28T23:32:47.663Z,3449,A_linear,healthy,descent,0.996,0.344,15.0,69.4,0.621,75.0,descent,labview_bridge
ARO-01,2026-05-28T23:32:48.664Z,3450,A_linear,healthy,descent,0.978,0.341,15.0,69.5,0.616,75.0,descent,labview_bridge
ARO-01,2026-05-28T23:32:49.667Z,3451,A_linear,healthy,descent,0.967,0.350,14.9,69.7,0.631,75.0,descent,labview_bridge
ARO-01,2026-05-28T23:32:50.667Z,3452,A_linear,healthy,descent,0.970,0.347,14.9,69.7,0.626,75.0,descent,labview_bridge
ARO-01,2026-05-28T23:32:51.668Z,3453,A_linear,healthy,descent,0.982,0.355,14.9,69.6,0.640,75.0,descent,labview_bridge
ARO-01,2026-05-28T23:32:52.668Z,3454,A_linear,healthy,descent,0.956,0.352,14.8,69.4,0.635,75.0,descent,labview_bridge
ARO-01,2026-05-28T23:32:53.669Z,3455,A_linear,healthy,descent,0.935,0.356,14.8,69.4,0.643,75.0,descent,labview_bridge
ARO-01,2026-05-28T23:32:54.670Z,3456,A_linear,healthy,pause,0.945,0.016,14.7,69.4,0.029,75.0,pause,labview_bridge
ARO-01,2026-05-28T23:32:55.672Z,3457,A_linear,healthy,pause,0.915,0.011,14.8,69.4,0.020,75.0,pause,labview_bridge
ARO-01,2026-05-28T23:32:56.672Z,3458,A_linear,healthy,pause,0.928,0.003,14.7,68.9,0.005,75.0,pause,labview_bridge
ARO-01,2026-05-28T23:32:57.673Z,3459,A_linear,healthy,pause,0.915,0.000,14.7,68.9,0.000,75.0,pause,labview_bridge
ARO-01,2026-05-28T23:32:58.673Z,3460,A_linear,healthy,pause,0.925,0.001,14.6,69.1,0.001,75.0,pause,labview_bridge
ARO-01,2026-05-28T23:32:59.674Z,3461,A_linear,healthy,pause,0.905,0.000,14.6,69.4,0.000,75.0,pause,labview_bridge
ARO-01,2026-05-28T23:33:00.674Z,3462,A_linear,healthy,pause,0.929,0.000,14.6,69.4,0.000,75.0,pause,labview_bridge
ARO-01,2026-05-28T23:33:01.675Z,3463,A_linear,healthy,pause,0.917,0.006,14.6,69.5,0.011,75.0,pause,labview_bridge
ARO-01,2026-05-28T23:33:02.683Z,3464,A_linear,healthy,pause,0.945,0.000,14.6,69.5,0.000,75.0,pause,labview_bridge
ARO-01,2026-05-28T23:33:03.684Z,3465,A_linear,healthy,pause,0.928,0.002,14.7,69.5,0.003,75.0,pause,labview_bridge
ARO-01,2026-05-28T23:33:04.684Z,3466,A_linear,healthy,pause,0.931,0.000,14.6,69.2,0.000,75.0,pause,labview_bridge
ARO-01,2026-05-28T23:33:05.685Z,3467,A_linear,healthy,pause,0.920,0.006,14.6,69.4,0.010,75.0,pause,labview_bridge
ARO-01,2026-05-28T23:33:06.686Z,3468,A_linear,healthy,pause,0.926,0.000,14.5,69.8,0.000,75.0,pause,labview_bridge
ARO-01,2026-05-28T23:33:07.687Z,3469,A_linear,healthy,pause,0.933,0.001,14.5,70.0,0.003,75.0,pause,labview_bridge
ARO-01,2026-05-28T23:33:08.688Z,3470,A_linear,healthy,pause,0.965,0.000,14.5,70.1,0.000,75.0,pause,labview_bridge
ARO-01,2026-05-28T23:33:09.688Z,3471,A_linear,healthy,pause,0.957,0.009,14.4,70.1,0.017,75.0,pause,labview_bridge
ARO-01,2026-05-28T23:33:10.689Z,3472,A_linear,healthy,pause,0.975,0.000,14.3,70.1,0.000,75.0,pause,labview_bridge
ARO-01,2026-05-28T23:33:11.689Z,3473,A_linear,healthy,pause,1.003,0.000,14.3,70.2,0.000,75.0,pause,labview_bridge
ARO-01,2026-05-28T23:33:12.690Z,3474,A_linear,healthy,pause,0.980,0.000,14.3,70.6,0.000,75.0,pause,labview_bridge
ARO-01,2026-05-28T23:33:13.691Z,3475,A_linear,healthy,pause,0.988,0.000,14.4,70.4,0.000,75.0,pause,labview_bridge
ARO-01,2026-05-28T23:33:14.691Z,3476,A_linear,healthy,ascent,1.008,0.631,14.5,70.4,1.139,75.0,ascent,labview_bridge
ARO-01,2026-05-28T23:33:15.692Z,3477,A_linear,healthy,ascent,0.999,0.635,14.7,70.5,1.146,75.0,ascent,labview_bridge
ARO-01,2026-05-28T23:33:16.693Z,3478,A_linear,healthy,ascent,1.038,0.636,14.7,70.4,1.148,75.0,ascent,labview_bridge
ARO-01,2026-05-28T23:33:17.693Z,3479,A_linear,healthy,ascent,1.030,0.641,14.9,70.5,1.156,75.0,ascent,labview_bridge
ARO-01,2026-05-28T23:33:18.694Z,3480,A_linear,healthy,ascent,1.047,0.642,15.0,71.0,1.158,75.0,ascent,labview_bridge
ARO-01,2026-05-28T23:33:19.695Z,3481,A_linear,healthy,ascent,1.028,0.634,14.9,70.8,1.144,75.0,ascent,labview_bridge
ARO-01,2026-05-28T23:33:20.695Z,3482,A_linear,healthy,ascent,1.030,0.634,14.9,70.8,1.144,75.0,ascent,labview_bridge
ARO-01,2026-05-28T23:33:21.696Z,3483,A_linear,healthy,ascent,1.020,0.629,15.0,70.6,1.136,75.0,ascent,labview_bridge
ARO-01,2026-05-28T23:33:22.697Z,3484,A_linear,healthy,ascent,1.010,0.646,15.1,70.6,1.165,75.0,ascent,labview_bridge
ARO-01,2026-05-28T23:33:23.698Z,3485,A_linear,healthy,ascent,1.049,0.631,15.1,70.9,1.138,75.0,ascent,labview_bridge
ARO-01,2026-05-28T23:33:24.699Z,3486,A_linear,healthy,ascent,1.043,0.634,15.2,70.6,1.144,75.0,ascent,labview_bridge
ARO-01,2026-05-28T23:33:25.700Z,3487,A_linear,healthy,ascent,1.039,0.636,15.2,70.8,1.147,75.0,ascent,labview_bridge
ARO-01,2026-05-28T23:33:26.700Z,3488,A_linear,healthy,descent,1.009,0.351,15.2,70.7,0.633,75.0,descent,labview_bridge
ARO-01,2026-05-28T23:33:27.701Z,3489,A_linear,healthy,descent,1.023,0.342,15.1,70.5,0.616,75.0,descent,labview_bridge
ARO-01,2026-05-28T23:33:28.702Z,3490,A_linear,healthy,descent,1.003,0.349,15.0,70.5,0.630,75.0,descent,labview_bridge
ARO-01,2026-05-28T23:33:29.702Z,3491,A_linear,healthy,descent,1.002,0.361,15.0,70.4,0.651,75.0,descent,labview_bridge
ARO-01,2026-05-28T23:33:30.703Z,3492,A_linear,healthy,descent,0.995,0.356,15.0,70.6,0.643,75.0,descent,labview_bridge
ARO-01,2026-05-28T23:33:31.703Z,3493,A_linear,healthy,descent,0.986,0.352,15.0,70.7,0.634,75.0,descent,labview_bridge
ARO-01,2026-05-28T23:33:32.704Z,3494,A_linear,healthy,descent,0.996,0.346,15.0,70.8,0.623,75.0,descent,labview_bridge
ARO-01,2026-05-28T23:33:33.705Z,3495,A_linear,healthy,descent,0.985,0.354,15.0,70.8,0.638,75.0,descent,labview_bridge
ARO-01,2026-05-28T23:33:34.705Z,3496,A_linear,healthy,descent,0.972,0.351,15.1,70.6,0.633,75.0,descent,labview_bridge
ARO-01,2026-05-28T23:33:35.706Z,3497,A_linear,healthy,descent,0.938,0.342,15.0,70.4,0.618,75.0,descent,labview_bridge
ARO-01,2026-05-28T23:33:36.707Z,3498,A_linear,healthy,descent,0.938,0.348,15.1,70.2,0.629,75.0,descent,labview_bridge
ARO-01,2026-05-28T23:33:37.708Z,3499,A_linear,healthy,descent,0.959,0.353,15.1,70.3,0.636,75.0,descent,labview_bridge
ARO-01,2026-05-28T23:33:38.708Z,3500,A_linear,healthy,pause,0.949,0.007,15.1,70.2,0.012,75.0,pause,labview_bridge
ARO-01,2026-05-28T23:33:39.709Z,3501,A_linear,healthy,pause,0.926,0.000,15.0,70.2,0.000,75.0,pause,labview_bridge
ARO-01,2026-05-28T23:33:40.710Z,3502,A_linear,healthy,pause,0.921,0.001,14.9,70.4,0.001,75.0,pause,labview_bridge
ARO-01,2026-05-28T23:33:41.711Z,3503,A_linear,healthy,pause,0.922,0.000,14.8,70.4,0.000,75.0,pause,labview_bridge
ARO-01,2026-05-28T23:33:42.711Z,3504,A_linear,healthy,pause,0.918,0.002,14.7,70.5,0.004,75.0,pause,labview_bridge
ARO-01,2026-05-28T23:33:43.712Z,3505,A_linear,healthy,pause,0.925,0.000,14.7,70.6,0.000,75.0,pause,labview_bridge
ARO-01,2026-05-28T23:33:44.713Z,3506,A_linear,healthy,pause,0.911,0.000,14.6,70.7,0.000,75.0,pause,labview_bridge
ARO-01,2026-05-28T23:33:45.714Z,3507,A_linear,healthy,pause,0.919,0.000,14.5,70.6,0.000,75.0,pause,labview_bridge
ARO-01,2026-05-28T23:33:46.714Z,3508,A_linear,healthy,pause,0.932,0.000,14.5,70.6,0.000,75.0,pause,labview_bridge
ARO-01,2026-05-28T23:33:47.715Z,3509,A_linear,healthy,pause,0.925,0.000,14.6,71.0,0.000,75.0,pause,labview_bridge
ARO-01,2026-05-28T23:33:48.715Z,3510,A_linear,healthy,pause,0.933,0.000,14.6,71.0,0.000,75.0,pause,labview_bridge
ARO-01,2026-05-28T23:33:49.716Z,3511,A_linear,healthy,pause,0.943,0.005,14.5,70.5,0.009,75.0,pause,labview_bridge
ARO-01,2026-05-28T23:33:50.717Z,3512,A_linear,healthy,pause,0.935,0.000,14.4,70.7,0.000,75.0,pause,labview_bridge
ARO-01,2026-05-28T23:33:51.717Z,3513,A_linear,healthy,pause,0.959,0.005,14.4,70.8,0.009,75.0,pause,labview_bridge
ARO-01,2026-05-28T23:33:52.718Z,3514,A_linear,healthy,pause,0.940,0.000,14.5,70.8,0.001,75.0,pause,labview_bridge
ARO-01,2026-05-28T23:33:53.719Z,3515,A_linear,healthy,pause,0.979,0.000,14.4,70.8,0.000,75.0,pause,labview_bridge
ARO-01,2026-05-28T23:33:54.719Z,3516,A_linear,healthy,pause,0.973,0.000,14.5,71.0,0.000,75.0,pause,labview_bridge
ARO-01,2026-05-28T23:33:55.720Z,3517,A_linear,healthy,pause,0.998,0.008,14.4,71.2,0.015,75.0,pause,labview_bridge
ARO-01,2026-05-28T23:33:56.721Z,3518,A_linear,healthy,pause,0.999,0.000,14.3,70.8,0.000,75.0,pause,labview_bridge
ARO-01,2026-05-28T23:33:57.722Z,3519,A_linear,healthy,pause,1.008,0.009,14.4,71.0,0.016,75.0,pause,labview_bridge
ARO-01,2026-05-28T23:33:58.722Z,3520,A_linear,healthy,ascent,0.999,0.559,14.5,70.8,1.009,60.0,ascent,labview_bridge
ARO-01,2026-05-28T23:33:59.723Z,3521,A_linear,healthy,ascent,1.037,0.584,14.6,70.8,1.054,60.0,ascent,labview_bridge
ARO-01,2026-05-28T23:34:00.724Z,3522,A_linear,healthy,ascent,1.049,0.565,14.7,70.8,1.020,60.0,ascent,labview_bridge
ARO-01,2026-05-28T23:34:01.725Z,3523,A_linear,healthy,ascent,1.031,0.583,14.7,70.8,1.051,60.0,ascent,labview_bridge
ARO-01,2026-05-28T23:34:02.726Z,3524,A_linear,healthy,ascent,1.028,0.571,14.7,70.7,1.030,60.0,ascent,labview_bridge
ARO-01,2026-05-28T23:34:03.726Z,3525,A_linear,healthy,ascent,1.037,0.575,14.8,70.7,1.038,60.0,ascent,labview_bridge
ARO-01,2026-05-28T23:34:04.727Z,3526,A_linear,healthy,ascent,1.047,0.576,14.9,70.5,1.040,60.0,ascent,labview_bridge
ARO-01,2026-05-28T23:34:05.728Z,3527,A_linear,healthy,ascent,1.017,0.579,14.8,70.7,1.045,60.0,ascent,labview_bridge
ARO-01,2026-05-28T23:34:06.728Z,3528,A_linear,healthy,ascent,1.057,0.586,15.0,70.7,1.058,60.0,ascent,labview_bridge
ARO-01,2026-05-28T23:34:07.729Z,3529,A_linear,healthy,ascent,1.039,0.579,15.0,70.5,1.044,60.0,ascent,labview_bridge
ARO-01,2026-05-28T23:34:08.730Z,3530,A_linear,healthy,ascent,1.024,0.571,15.0,70.4,1.030,60.0,ascent,labview_bridge
ARO-01,2026-05-28T23:34:09.731Z,3531,A_linear,healthy,ascent,1.034,0.579,15.1,70.2,1.045,60.0,ascent,labview_bridge
ARO-01,2026-05-28T23:34:10.731Z,3532,A_linear,healthy,descent,1.015,0.352,15.1,70.3,0.635,60.0,descent,labview_bridge
ARO-01,2026-05-28T23:34:11.732Z,3533,A_linear,healthy,descent,1.029,0.344,15.1,70.3,0.621,60.0,descent,labview_bridge
ARO-01,2026-05-28T23:34:12.732Z,3534,A_linear,healthy,descent,1.018,0.345,15.0,70.2,0.623,60.0,descent,labview_bridge
ARO-01,2026-05-28T23:34:13.733Z,3535,A_linear,healthy,descent,1.010,0.333,15.0,70.2,0.600,60.0,descent,labview_bridge
ARO-01,2026-05-28T23:34:14.733Z,3536,A_linear,healthy,descent,0.988,0.350,15.1,70.3,0.631,60.0,descent,labview_bridge
ARO-01,2026-05-28T23:34:15.733Z,3537,A_linear,healthy,descent,0.980,0.346,15.0,70.4,0.625,60.0,descent,labview_bridge
ARO-01,2026-05-28T23:34:16.738Z,3538,A_linear,healthy,descent,0.972,0.357,15.0,70.1,0.645,60.0,descent,labview_bridge
ARO-01,2026-05-28T23:34:17.738Z,3539,A_linear,healthy,descent,0.987,0.348,15.1,70.5,0.628,60.0,descent,labview_bridge
ARO-01,2026-05-28T23:34:18.739Z,3540,A_linear,healthy,descent,0.974,0.357,15.1,70.5,0.645,60.0,descent,labview_bridge
ARO-01,2026-05-28T23:34:19.740Z,3541,A_linear,healthy,descent,0.962,0.348,15.1,70.6,0.627,60.0,descent,labview_bridge
ARO-01,2026-05-28T23:34:20.740Z,3542,A_linear,healthy,descent,0.940,0.343,15.1,70.3,0.619,60.0,descent,labview_bridge
ARO-01,2026-05-28T23:34:21.740Z,3543,A_linear,healthy,descent,0.959,0.362,15.2,70.5,0.653,60.0,descent,labview_bridge
ARO-01,2026-05-28T23:34:22.741Z,3544,A_linear,healthy,pause,0.931,0.000,15.1,70.7,0.000,60.0,pause,labview_bridge
ARO-01,2026-05-28T23:34:23.748Z,3545,A_linear,healthy,pause,0.949,0.004,15.0,70.6,0.007,60.0,pause,labview_bridge
ARO-01,2026-05-28T23:34:24.749Z,3546,A_linear,healthy,pause,0.911,0.003,14.9,70.8,0.006,60.0,pause,labview_bridge
ARO-01,2026-05-28T23:34:25.750Z,3547,A_linear,healthy,pause,0.925,0.006,14.9,70.7,0.011,60.0,pause,labview_bridge
ARO-01,2026-05-28T23:34:26.754Z,3548,A_linear,healthy,pause,0.917,0.000,14.9,70.7,0.000,60.0,pause,labview_bridge
ARO-01,2026-05-28T23:34:27.755Z,3549,A_linear,healthy,pause,0.908,0.009,14.9,70.8,0.016,60.0,pause,labview_bridge
ARO-01,2026-05-28T23:34:28.755Z,3550,A_linear,healthy,pause,0.934,0.000,14.9,70.7,0.000,60.0,pause,labview_bridge
ARO-01,2026-05-28T23:34:29.756Z,3551,A_linear,healthy,pause,0.924,0.000,15.0,70.6,0.000,60.0,pause,labview_bridge
ARO-01,2026-05-28T23:34:30.757Z,3552,A_linear,healthy,pause,0.913,0.001,15.1,70.7,0.003,60.0,pause,labview_bridge
ARO-01,2026-05-28T23:34:31.758Z,3553,A_linear,healthy,pause,0.939,0.003,15.0,70.9,0.005,60.0,pause,labview_bridge
ARO-01,2026-05-28T23:34:32.758Z,3554,A_linear,healthy,pause,0.939,0.000,14.9,71.2,0.000,60.0,pause,labview_bridge
ARO-01,2026-05-28T23:34:33.759Z,3555,A_linear,healthy,pause,0.932,0.000,14.8,71.3,0.000,60.0,pause,labview_bridge
ARO-01,2026-05-28T23:34:34.760Z,3556,A_linear,healthy,pause,0.961,0.000,14.7,71.4,0.000,60.0,pause,labview_bridge
ARO-01,2026-05-28T23:34:35.761Z,3557,A_linear,healthy,pause,0.945,0.007,14.6,71.1,0.013,60.0,pause,labview_bridge
ARO-01,2026-05-28T23:34:36.761Z,3558,A_linear,healthy,pause,0.960,0.000,14.5,71.5,0.000,60.0,pause,labview_bridge
ARO-01,2026-05-28T23:34:37.762Z,3559,A_linear,healthy,pause,0.971,0.006,14.5,71.5,0.011,60.0,pause,labview_bridge
ARO-01,2026-05-28T23:34:38.763Z,3560,A_linear,healthy,pause,0.969,0.000,14.5,71.4,0.000,60.0,pause,labview_bridge
ARO-01,2026-05-28T23:34:39.764Z,3561,A_linear,healthy,pause,0.979,0.004,14.5,71.4,0.008,60.0,pause,labview_bridge
ARO-01,2026-05-28T23:34:40.765Z,3562,A_linear,healthy,pause,0.988,0.004,14.5,71.0,0.007,60.0,pause,labview_bridge
ARO-01,2026-05-28T23:34:41.766Z,3563,A_linear,healthy,pause,1.018,0.000,14.5,71.3,0.000,60.0,pause,labview_bridge
ARO-01,2026-05-28T23:34:42.767Z,3564,A_linear,healthy,ascent,1.008,0.687,14.5,71.5,1.239,90.0,ascent,labview_bridge
ARO-01,2026-05-28T23:34:43.767Z,3565,A_linear,healthy,ascent,1.020,0.698,14.7,71.7,1.258,90.0,ascent,labview_bridge
ARO-01,2026-05-28T23:34:44.768Z,3566,A_linear,healthy,ascent,1.025,0.699,14.8,71.9,1.262,90.0,ascent,labview_bridge
ARO-01,2026-05-28T23:34:45.769Z,3567,A_linear,healthy,ascent,1.024,0.702,14.8,71.8,1.266,90.0,ascent,labview_bridge
ARO-01,2026-05-28T23:34:46.769Z,3568,A_linear,healthy,ascent,1.022,0.700,14.9,71.8,1.262,90.0,ascent,labview_bridge
ARO-01,2026-05-28T23:34:47.770Z,3569,A_linear,healthy,ascent,1.026,0.703,15.1,71.9,1.268,90.0,ascent,labview_bridge
ARO-01,2026-05-28T23:34:48.771Z,3570,A_linear,healthy,ascent,1.050,0.712,15.0,71.7,1.285,90.0,ascent,labview_bridge
ARO-01,2026-05-28T23:34:49.771Z,3571,A_linear,healthy,ascent,1.036,0.708,15.3,71.6,1.277,90.0,ascent,labview_bridge
ARO-01,2026-05-28T23:34:50.772Z,3572,A_linear,healthy,ascent,1.050,0.692,15.3,71.6,1.248,90.0,ascent,labview_bridge
ARO-01,2026-05-28T23:34:51.773Z,3573,A_linear,healthy,ascent,1.034,0.705,15.4,71.5,1.272,90.0,ascent,labview_bridge
ARO-01,2026-05-28T23:34:52.774Z,3574,A_linear,healthy,ascent,1.044,0.695,15.5,71.5,1.253,90.0,ascent,labview_bridge
ARO-01,2026-05-28T23:34:53.774Z,3575,A_linear,healthy,ascent,1.031,0.693,15.5,71.3,1.250,90.0,ascent,labview_bridge
ARO-01,2026-05-28T23:34:54.775Z,3576,A_linear,healthy,descent,1.042,0.340,15.4,71.4,0.613,90.0,descent,labview_bridge
ARO-01,2026-05-28T23:34:55.776Z,3577,A_linear,healthy,descent,1.015,0.355,15.4,71.4,0.641,90.0,descent,labview_bridge
ARO-01,2026-05-28T23:34:56.777Z,3578,A_linear,healthy,descent,1.032,0.347,15.4,71.4,0.626,90.0,descent,labview_bridge
ARO-01,2026-05-28T23:34:57.777Z,3579,A_linear,healthy,descent,0.995,0.338,15.4,70.9,0.610,90.0,descent,labview_bridge
ARO-01,2026-05-28T23:34:58.778Z,3580,A_linear,healthy,descent,0.987,0.359,15.4,70.9,0.648,90.0,descent,labview_bridge
ARO-01,2026-05-28T23:34:59.778Z,3581,A_linear,healthy,descent,0.991,0.350,15.4,71.0,0.632,90.0,descent,labview_bridge
ARO-01,2026-05-28T23:35:00.779Z,3582,A_linear,healthy,descent,1.002,0.357,15.4,70.9,0.644,90.0,descent,labview_bridge
ARO-01,2026-05-28T23:35:01.779Z,3583,A_linear,healthy,descent,0.967,0.352,15.2,70.9,0.635,90.0,descent,labview_bridge
ARO-01,2026-05-28T23:35:02.780Z,3584,A_linear,healthy,descent,0.978,0.354,15.2,71.1,0.638,90.0,descent,labview_bridge
ARO-01,2026-05-28T23:35:03.781Z,3585,A_linear,healthy,descent,0.972,0.361,15.3,71.2,0.651,90.0,descent,labview_bridge
ARO-01,2026-05-28T23:35:04.782Z,3586,A_linear,healthy,descent,0.950,0.343,15.3,71.2,0.618,90.0,descent,labview_bridge
ARO-01,2026-05-28T23:35:05.783Z,3587,A_linear,healthy,descent,0.963,0.347,15.4,71.7,0.626,90.0,descent,labview_bridge
ARO-01,2026-05-28T23:35:06.783Z,3588,A_linear,healthy,pause,0.950,0.004,15.3,71.7,0.008,90.0,pause,labview_bridge
ARO-01,2026-05-28T23:35:07.783Z,3589,A_linear,healthy,pause,0.919,0.000,15.4,71.8,0.000,90.0,pause,labview_bridge
ARO-01,2026-05-28T23:35:08.791Z,3590,A_linear,healthy,pause,0.944,0.000,15.3,71.7,0.000,90.0,pause,labview_bridge
ARO-01,2026-05-28T23:35:09.791Z,3591,A_linear,healthy,pause,0.925,0.010,15.1,71.6,0.018,90.0,pause,labview_bridge
ARO-01,2026-05-28T23:35:10.792Z,3592,A_linear,healthy,pause,0.932,0.008,15.1,71.4,0.015,90.0,pause,labview_bridge
ARO-01,2026-05-28T23:35:11.793Z,3593,A_linear,healthy,pause,0.925,0.000,15.0,71.5,0.000,90.0,pause,labview_bridge
ARO-01,2026-05-28T23:35:12.793Z,3594,A_linear,healthy,pause,0.928,0.000,15.0,71.7,0.000,90.0,pause,labview_bridge
ARO-01,2026-05-28T23:35:13.794Z,3595,A_linear,healthy,pause,0.925,0.000,15.1,71.8,0.000,90.0,pause,labview_bridge
ARO-01,2026-05-28T23:35:14.795Z,3596,A_linear,healthy,pause,0.922,0.000,15.0,71.8,0.000,90.0,pause,labview_bridge
ARO-01,2026-05-28T23:35:15.795Z,3597,A_linear,healthy,pause,0.909,0.003,15.1,71.9,0.006,90.0,pause,labview_bridge
ARO-01,2026-05-28T23:35:16.796Z,3598,A_linear,healthy,pause,0.932,0.005,15.1,72.3,0.009,90.0,pause,labview_bridge
ARO-01,2026-05-28T23:35:17.797Z,3599,A_linear,healthy,pause,0.924,0.009,15.1,72.3,0.016,90.0,pause,labview_bridge
ARO-01,2026-05-28T23:35:18.799Z,3600,A_linear,healthy,pause,0.944,0.000,15.1,72.1,0.000,90.0,pause,labview_bridge
ARO-01,2026-05-28T23:35:19.800Z,3601,A_linear,healthy,pause,0.966,0.001,15.1,72.0,0.002,90.0,pause,labview_bridge
ARO-01,2026-05-28T23:35:20.800Z,3602,A_linear,healthy,pause,0.972,0.000,15.2,72.0,0.000,90.0,pause,labview_bridge
ARO-01,2026-05-28T23:35:21.801Z,3603,A_linear,healthy,pause,0.978,0.008,15.2,72.1,0.015,90.0,pause,labview_bridge
ARO-01,2026-05-28T23:35:22.801Z,3604,A_linear,healthy,pause,0.981,0.000,15.1,72.1,0.000,90.0,pause,labview_bridge
ARO-01,2026-05-28T23:35:23.802Z,3605,A_linear,healthy,pause,0.975,0.002,15.1,72.1,0.003,90.0,pause,labview_bridge
ARO-01,2026-05-28T23:35:24.803Z,3606,A_linear,healthy,pause,0.987,0.011,15.0,72.1,0.019,90.0,pause,labview_bridge
ARO-01,2026-05-28T23:35:25.804Z,3607,A_linear,healthy,pause,1.012,0.000,15.0,72.1,0.000,90.0,pause,labview_bridge
ARO-01,2026-05-28T23:35:26.804Z,3608,A_linear,healthy,ascent,1.018,0.702,15.0,71.9,1.267,90.0,ascent,labview_bridge
ARO-01,2026-05-28T23:35:27.805Z,3609,A_linear,healthy,ascent,1.017,0.702,15.1,72.1,1.267,90.0,ascent,labview_bridge
ARO-01,2026-05-28T23:35:28.805Z,3610,A_linear,healthy,ascent,1.019,0.704,15.1,72.1,1.270,90.0,ascent,labview_bridge
ARO-01,2026-05-28T23:35:29.806Z,3611,A_linear,healthy,ascent,1.035,0.703,15.2,72.3,1.268,90.0,ascent,labview_bridge
ARO-01,2026-05-28T23:35:30.806Z,3612,A_linear,healthy,ascent,1.004,0.712,15.2,72.3,1.285,90.0,ascent,labview_bridge
ARO-01,2026-05-28T23:35:31.807Z,3613,A_linear,healthy,ascent,1.050,0.694,15.3,72.5,1.253,90.0,ascent,labview_bridge
ARO-01,2026-05-28T23:35:32.808Z,3614,A_linear,healthy,ascent,1.058,0.699,15.5,72.5,1.261,90.0,ascent,labview_bridge
ARO-01,2026-05-28T23:35:33.809Z,3615,A_linear,healthy,ascent,1.043,0.704,15.6,72.6,1.270,90.0,ascent,labview_bridge
ARO-01,2026-05-28T23:35:34.810Z,3616,A_linear,healthy,ascent,1.039,0.700,15.6,72.6,1.263,90.0,ascent,labview_bridge
ARO-01,2026-05-28T23:35:35.810Z,3617,A_linear,healthy,ascent,1.051,0.709,15.6,72.3,1.280,90.0,ascent,labview_bridge
ARO-01,2026-05-28T23:35:36.811Z,3618,A_linear,healthy,ascent,1.038,0.699,15.6,72.6,1.261,90.0,ascent,labview_bridge
ARO-01,2026-05-28T23:35:37.812Z,3619,A_linear,healthy,ascent,1.054,0.688,15.7,72.5,1.242,90.0,ascent,labview_bridge
ARO-01,2026-05-28T23:35:38.813Z,3620,A_linear,healthy,descent,1.010,0.347,15.7,72.6,0.625,90.0,descent,labview_bridge
ARO-01,2026-05-28T23:35:39.814Z,3621,A_linear,healthy,descent,1.014,0.338,15.6,72.6,0.609,90.0,descent,labview_bridge
ARO-01,2026-05-28T23:35:40.814Z,3622,A_linear,healthy,descent,1.045,0.348,15.6,72.7,0.628,90.0,descent,labview_bridge
ARO-01,2026-05-28T23:35:41.815Z,3623,A_linear,healthy,descent,0.998,0.338,15.5,72.6,0.610,90.0,descent,labview_bridge
ARO-01,2026-05-28T23:35:42.815Z,3624,A_linear,healthy,descent,0.998,0.345,15.4,72.9,0.623,90.0,descent,labview_bridge
ARO-01,2026-05-28T23:35:43.816Z,3625,A_linear,healthy,descent,0.996,0.353,15.4,73.1,0.637,90.0,descent,labview_bridge
ARO-01,2026-05-28T23:35:44.817Z,3626,A_linear,healthy,descent,0.982,0.348,15.5,73.0,0.627,90.0,descent,labview_bridge
ARO-01,2026-05-28T23:35:45.818Z,3627,A_linear,healthy,descent,0.981,0.351,15.6,73.1,0.633,90.0,descent,labview_bridge
ARO-01,2026-05-28T23:35:46.818Z,3628,A_linear,healthy,descent,0.986,0.352,15.6,73.4,0.635,90.0,descent,labview_bridge
ARO-01,2026-05-28T23:35:47.819Z,3629,A_linear,healthy,descent,0.972,0.348,15.6,73.7,0.627,90.0,descent,labview_bridge
ARO-01,2026-05-28T23:35:48.820Z,3630,A_linear,healthy,descent,0.952,0.351,15.6,73.5,0.633,90.0,descent,labview_bridge
ARO-01,2026-05-28T23:35:49.821Z,3631,A_linear,healthy,descent,0.941,0.348,15.6,73.5,0.628,90.0,descent,labview_bridge
ARO-01,2026-05-28T23:35:50.822Z,3632,A_linear,healthy,pause,0.933,0.000,15.6,73.3,0.000,90.0,pause,labview_bridge
ARO-01,2026-05-28T23:35:51.823Z,3633,A_linear,healthy,pause,0.934,0.000,15.5,73.6,0.000,90.0,pause,labview_bridge
ARO-01,2026-05-28T23:35:52.823Z,3634,A_linear,healthy,pause,0.925,0.003,15.5,73.5,0.005,90.0,pause,labview_bridge
ARO-01,2026-05-28T23:35:53.824Z,3635,A_linear,healthy,pause,0.919,0.000,15.5,73.2,0.000,90.0,pause,labview_bridge
ARO-01,2026-05-28T23:35:54.824Z,3636,A_linear,healthy,pause,0.930,0.001,15.5,73.0,0.002,90.0,pause,labview_bridge
ARO-01,2026-05-28T23:35:55.825Z,3637,A_linear,healthy,pause,0.937,0.000,15.5,72.9,0.000,90.0,pause,labview_bridge
ARO-01,2026-05-28T23:35:56.825Z,3638,A_linear,healthy,pause,0.913,0.004,15.4,72.9,0.008,90.0,pause,labview_bridge
ARO-01,2026-05-28T23:35:57.830Z,3639,A_linear,healthy,pause,0.938,0.000,15.2,72.7,0.000,90.0,pause,labview_bridge
ARO-01,2026-05-28T23:35:58.831Z,3640,A_linear,healthy,pause,0.941,0.003,15.1,72.8,0.005,90.0,pause,labview_bridge
ARO-01,2026-05-28T23:35:59.831Z,3641,A_linear,healthy,pause,0.929,0.005,15.2,72.9,0.008,90.0,pause,labview_bridge
ARO-01,2026-05-28T23:36:00.832Z,3642,A_linear,healthy,pause,0.953,0.006,15.2,73.1,0.011,90.0,pause,labview_bridge
ARO-01,2026-05-28T23:36:01.833Z,3643,A_linear,healthy,pause,0.928,0.005,15.3,73.2,0.008,90.0,pause,labview_bridge
ARO-01,2026-05-28T23:36:02.833Z,3644,A_linear,healthy,pause,0.976,0.007,15.3,73.3,0.012,90.0,pause,labview_bridge
ARO-01,2026-05-28T23:36:03.834Z,3645,A_linear,healthy,pause,0.947,0.002,15.3,73.6,0.004,90.0,pause,labview_bridge
ARO-01,2026-05-28T23:36:04.834Z,3646,A_linear,healthy,pause,0.950,0.001,15.3,73.6,0.001,90.0,pause,labview_bridge
ARO-01,2026-05-28T23:36:05.835Z,3647,A_linear,healthy,pause,0.968,0.001,15.3,73.5,0.003,90.0,pause,labview_bridge
ARO-01,2026-05-28T23:36:06.835Z,3648,A_linear,healthy,pause,0.969,0.006,15.3,73.9,0.011,90.0,pause,labview_bridge
ARO-01,2026-05-28T23:36:07.836Z,3649,A_linear,healthy,pause,0.994,0.000,15.2,73.6,0.000,90.0,pause,labview_bridge
ARO-01,2026-05-28T23:36:08.836Z,3650,A_linear,healthy,pause,0.978,0.004,15.1,73.6,0.007,90.0,pause,labview_bridge
ARO-01,2026-05-28T23:36:09.837Z,3651,A_linear,healthy,pause,1.009,0.000,15.0,73.6,0.000,90.0,pause,labview_bridge
ARO-01,2026-05-28T23:36:10.838Z,3652,A_linear,healthy,ascent,1.011,0.454,15.2,73.6,0.819,30.0,ascent,labview_bridge
ARO-01,2026-05-28T23:36:11.838Z,3653,A_linear,healthy,ascent,1.024,0.441,15.2,73.7,0.795,30.0,ascent,labview_bridge
ARO-01,2026-05-28T23:36:12.839Z,3654,A_linear,healthy,ascent,1.018,0.451,15.3,73.6,0.813,30.0,ascent,labview_bridge
ARO-01,2026-05-28T23:36:13.840Z,3655,A_linear,healthy,ascent,1.046,0.446,15.4,73.3,0.804,30.0,ascent,labview_bridge
ARO-01,2026-05-28T23:36:14.840Z,3656,A_linear,healthy,ascent,1.052,0.449,15.4,73.3,0.810,30.0,ascent,labview_bridge
ARO-01,2026-05-28T23:36:15.841Z,3657,A_linear,healthy,ascent,1.029,0.443,15.5,73.0,0.799,30.0,ascent,labview_bridge
ARO-01,2026-05-28T23:36:16.841Z,3658,A_linear,healthy,ascent,1.042,0.448,15.5,72.8,0.809,30.0,ascent,labview_bridge
ARO-01,2026-05-28T23:36:17.842Z,3659,A_linear,healthy,ascent,1.063,0.447,15.5,72.9,0.806,30.0,ascent,labview_bridge
ARO-01,2026-05-28T23:36:18.843Z,3660,A_linear,healthy,ascent,1.040,0.452,15.5,72.8,0.816,30.0,ascent,labview_bridge
ARO-01,2026-05-28T23:36:19.843Z,3661,A_linear,healthy,ascent,1.043,0.444,15.6,72.9,0.802,30.0,ascent,labview_bridge
ARO-01,2026-05-28T23:36:20.844Z,3662,A_linear,healthy,ascent,1.032,0.448,15.7,73.0,0.809,30.0,ascent,labview_bridge
ARO-01,2026-05-28T23:36:21.845Z,3663,A_linear,healthy,ascent,1.010,0.446,15.7,73.0,0.804,30.0,ascent,labview_bridge
ARO-01,2026-05-28T23:36:22.845Z,3664,A_linear,healthy,descent,1.032,0.356,15.7,73.1,0.642,30.0,descent,labview_bridge
ARO-01,2026-05-28T23:36:23.846Z,3665,A_linear,healthy,descent,1.015,0.347,15.7,73.3,0.627,30.0,descent,labview_bridge
ARO-01,2026-05-28T23:36:24.846Z,3666,A_linear,healthy,descent,1.010,0.349,15.7,73.2,0.630,30.0,descent,labview_bridge
ARO-01,2026-05-28T23:36:25.847Z,3667,A_linear,healthy,descent,1.034,0.350,15.7,73.4,0.632,30.0,descent,labview_bridge
ARO-01,2026-05-28T23:36:26.847Z,3668,A_linear,healthy,descent,0.999,0.351,15.7,73.1,0.633,30.0,descent,labview_bridge
ARO-01,2026-05-28T23:36:27.848Z,3669,A_linear,healthy,descent,0.991,0.349,15.6,73.4,0.630,30.0,descent,labview_bridge
ARO-01,2026-05-28T23:36:28.848Z,3670,A_linear,healthy,descent,0.991,0.346,15.6,73.4,0.624,30.0,descent,labview_bridge
ARO-01,2026-05-28T23:36:29.849Z,3671,A_linear,healthy,descent,0.975,0.353,15.7,73.7,0.637,30.0,descent,labview_bridge
ARO-01,2026-05-28T23:36:30.849Z,3672,A_linear,healthy,descent,0.980,0.345,15.7,73.4,0.623,30.0,descent,labview_bridge
ARO-01,2026-05-28T23:36:31.850Z,3673,A_linear,healthy,descent,0.955,0.350,15.6,73.7,0.632,30.0,descent,labview_bridge
ARO-01,2026-05-28T23:36:32.850Z,3674,A_linear,healthy,descent,0.973,0.338,15.6,73.6,0.611,30.0,descent,labview_bridge
ARO-01,2026-05-28T23:36:33.852Z,3675,A_linear,healthy,descent,0.975,0.347,15.6,73.6,0.625,30.0,descent,labview_bridge
ARO-01,2026-05-28T23:36:34.852Z,3676,A_linear,healthy,pause,0.943,0.003,15.6,73.8,0.005,30.0,pause,labview_bridge
ARO-01,2026-05-28T23:36:35.853Z,3677,A_linear,healthy,pause,0.943,0.000,15.5,73.8,0.000,30.0,pause,labview_bridge
ARO-01,2026-05-28T23:36:36.854Z,3678,A_linear,healthy,pause,0.926,0.000,15.5,73.6,0.000,30.0,pause,labview_bridge
ARO-01,2026-05-28T23:36:37.855Z,3679,A_linear,healthy,pause,0.906,0.003,15.3,74.1,0.005,30.0,pause,labview_bridge
ARO-01,2026-05-28T23:36:38.855Z,3680,A_linear,healthy,pause,0.929,0.000,15.3,74.1,0.000,30.0,pause,labview_bridge
ARO-01,2026-05-28T23:36:39.856Z,3681,A_linear,healthy,pause,0.928,0.000,15.3,74.0,0.000,30.0,pause,labview_bridge
ARO-01,2026-05-28T23:36:40.857Z,3682,A_linear,healthy,pause,0.908,0.000,15.3,73.8,0.000,30.0,pause,labview_bridge
ARO-01,2026-05-28T23:36:41.857Z,3683,A_linear,healthy,pause,0.905,0.004,15.3,73.9,0.008,30.0,pause,labview_bridge
ARO-01,2026-05-28T23:36:42.858Z,3684,A_linear,healthy,pause,0.927,0.005,15.3,74.1,0.009,30.0,pause,labview_bridge
ARO-01,2026-05-28T23:36:43.859Z,3685,A_linear,healthy,pause,0.934,0.008,15.3,74.2,0.015,30.0,pause,labview_bridge
ARO-01,2026-05-28T23:36:44.859Z,3686,A_linear,healthy,pause,0.930,0.007,15.2,74.0,0.012,30.0,pause,labview_bridge
ARO-01,2026-05-28T23:36:45.860Z,3687,A_linear,healthy,pause,0.933,0.000,15.3,74.2,0.000,30.0,pause,labview_bridge
ARO-01,2026-05-28T23:36:46.861Z,3688,A_linear,healthy,pause,0.951,0.003,15.3,73.9,0.006,30.0,pause,labview_bridge
ARO-01,2026-05-28T23:36:47.862Z,3689,A_linear,healthy,pause,0.961,0.000,15.2,73.5,0.000,30.0,pause,labview_bridge
ARO-01,2026-05-28T23:36:48.863Z,3690,A_linear,healthy,pause,0.942,0.000,15.3,73.6,0.000,30.0,pause,labview_bridge
ARO-01,2026-05-28T23:36:49.863Z,3691,A_linear,healthy,pause,0.977,0.005,15.4,73.6,0.009,30.0,pause,labview_bridge
ARO-01,2026-05-28T23:36:50.864Z,3692,A_linear,healthy,pause,0.993,0.010,15.5,73.9,0.017,30.0,pause,labview_bridge
ARO-01,2026-05-28T23:36:51.865Z,3693,A_linear,healthy,pause,0.987,0.008,15.4,73.7,0.014,30.0,pause,labview_bridge
ARO-01,2026-05-28T23:36:52.865Z,3694,A_linear,healthy,pause,0.996,0.013,15.4,73.9,0.023,30.0,pause,labview_bridge
ARO-01,2026-05-28T23:36:53.866Z,3695,A_linear,healthy,pause,0.978,0.000,15.3,74.2,0.000,30.0,pause,labview_bridge
ARO-01,2026-05-28T23:36:54.867Z,3696,A_linear,healthy,ascent,1.020,0.642,15.4,74.2,1.158,75.0,ascent,labview_bridge
ARO-01,2026-05-28T23:36:55.867Z,3697,A_linear,healthy,ascent,1.027,0.626,15.4,74.2,1.130,75.0,ascent,labview_bridge
ARO-01,2026-05-28T23:36:56.868Z,3698,A_linear,healthy,ascent,1.027,0.624,15.4,74.0,1.126,75.0,ascent,labview_bridge
ARO-01,2026-05-28T23:36:57.869Z,3699,A_linear,healthy,ascent,1.029,0.645,15.5,73.9,1.163,75.0,ascent,labview_bridge
ARO-01,2026-05-28T23:36:58.869Z,3700,A_linear,healthy,ascent,1.042,0.642,15.7,74.2,1.159,75.0,ascent,labview_bridge
ARO-01,2026-05-28T23:36:59.870Z,3701,A_linear,healthy,ascent,1.036,0.638,15.8,74.0,1.151,75.0,ascent,labview_bridge
ARO-01,2026-05-28T23:37:00.870Z,3702,A_linear,healthy,ascent,1.038,0.634,15.9,73.9,1.143,75.0,ascent,labview_bridge
ARO-01,2026-05-28T23:37:01.871Z,3703,A_linear,healthy,ascent,1.020,0.624,15.8,74.0,1.126,75.0,ascent,labview_bridge
ARO-01,2026-05-28T23:37:02.871Z,3704,A_linear,healthy,ascent,1.051,0.631,15.8,73.5,1.139,75.0,ascent,labview_bridge
ARO-01,2026-05-28T23:37:03.879Z,3705,A_linear,healthy,ascent,1.061,0.634,15.8,73.3,1.144,75.0,ascent,labview_bridge
ARO-01,2026-05-28T23:37:04.880Z,3706,A_linear,healthy,ascent,1.044,0.652,15.7,73.3,1.176,75.0,ascent,labview_bridge
ARO-01,2026-05-28T23:37:05.880Z,3707,A_linear,healthy,ascent,1.020,0.648,15.8,73.6,1.169,75.0,ascent,labview_bridge
ARO-01,2026-05-28T23:37:06.880Z,3708,A_linear,healthy,descent,1.043,0.351,15.9,73.6,0.633,75.0,descent,labview_bridge
ARO-01,2026-05-28T23:37:07.881Z,3709,A_linear,healthy,descent,1.026,0.353,15.8,73.7,0.636,75.0,descent,labview_bridge
ARO-01,2026-05-28T23:37:08.882Z,3710,A_linear,healthy,descent,1.007,0.344,15.8,73.7,0.620,75.0,descent,labview_bridge
ARO-01,2026-05-28T23:37:09.882Z,3711,A_linear,healthy,descent,1.000,0.352,15.8,73.9,0.634,75.0,descent,labview_bridge
ARO-01,2026-05-28T23:37:10.883Z,3712,A_linear,healthy,descent,1.002,0.351,15.8,74.0,0.633,75.0,descent,labview_bridge
ARO-01,2026-05-28T23:37:11.884Z,3713,A_linear,healthy,descent,1.007,0.355,15.8,73.5,0.640,75.0,descent,labview_bridge
ARO-01,2026-05-28T23:37:12.885Z,3714,A_linear,healthy,descent,0.996,0.350,15.7,73.6,0.631,75.0,descent,labview_bridge
ARO-01,2026-05-28T23:37:13.886Z,3715,A_linear,healthy,descent,0.970,0.361,15.6,74.1,0.652,75.0,descent,labview_bridge
ARO-01,2026-05-28T23:37:14.887Z,3716,A_linear,healthy,descent,0.951,0.344,15.5,73.9,0.620,75.0,descent,labview_bridge
ARO-01,2026-05-28T23:37:15.887Z,3717,A_linear,healthy,descent,0.939,0.348,15.5,73.6,0.627,75.0,descent,labview_bridge
ARO-01,2026-05-28T23:37:16.888Z,3718,A_linear,healthy,descent,0.944,0.350,15.6,74.0,0.631,75.0,descent,labview_bridge
ARO-01,2026-05-28T23:37:17.889Z,3719,A_linear,healthy,descent,0.946,0.351,15.6,74.0,0.633,75.0,descent,labview_bridge
ARO-01,2026-05-28T23:37:18.889Z,3720,A_linear,healthy,pause,0.936,0.000,15.5,73.9,0.000,75.0,pause,labview_bridge
ARO-01,2026-05-28T23:37:19.890Z,3721,A_linear,healthy,pause,0.927,0.000,15.4,74.0,0.000,75.0,pause,labview_bridge
ARO-01,2026-05-28T23:37:20.890Z,3722,A_linear,healthy,pause,0.931,0.005,15.5,74.0,0.008,75.0,pause,labview_bridge
ARO-01,2026-05-28T23:37:21.891Z,3723,A_linear,healthy,pause,0.912,0.000,15.4,74.3,0.000,75.0,pause,labview_bridge
ARO-01,2026-05-28T23:37:22.891Z,3724,A_linear,healthy,pause,0.925,0.000,15.4,74.1,0.000,75.0,pause,labview_bridge
ARO-01,2026-05-28T23:37:23.892Z,3725,A_linear,healthy,pause,0.935,0.000,15.3,74.5,0.000,75.0,pause,labview_bridge
ARO-01,2026-05-28T23:37:24.893Z,3726,A_linear,healthy,pause,0.931,0.000,15.4,74.2,0.000,75.0,pause,labview_bridge
ARO-01,2026-05-28T23:37:25.893Z,3727,A_linear,healthy,pause,0.920,0.004,15.5,74.2,0.007,75.0,pause,labview_bridge
ARO-01,2026-05-28T23:37:26.894Z,3728,A_linear,healthy,pause,0.921,0.000,15.4,74.2,0.000,75.0,pause,labview_bridge
ARO-01,2026-05-28T23:37:27.895Z,3729,A_linear,healthy,pause,0.952,0.000,15.3,74.3,0.000,75.0,pause,labview_bridge
ARO-01,2026-05-28T23:37:28.897Z,3730,A_linear,healthy,pause,0.929,0.006,15.3,74.2,0.011,75.0,pause,labview_bridge
ARO-01,2026-05-28T23:37:29.897Z,3731,A_linear,healthy,pause,0.946,0.000,15.3,74.2,0.000,75.0,pause,labview_bridge
ARO-01,2026-05-28T23:37:30.898Z,3732,A_linear,healthy,pause,0.957,0.000,15.3,74.3,0.000,75.0,pause,labview_bridge
ARO-01,2026-05-28T23:37:31.899Z,3733,A_linear,healthy,pause,0.939,0.000,15.2,74.3,0.000,75.0,pause,labview_bridge
ARO-01,2026-05-28T23:37:32.899Z,3734,A_linear,healthy,pause,0.950,0.005,15.2,74.5,0.009,75.0,pause,labview_bridge
ARO-01,2026-05-28T23:37:33.900Z,3735,A_linear,healthy,pause,0.967,0.008,15.2,74.5,0.015,75.0,pause,labview_bridge
ARO-01,2026-05-28T23:37:34.900Z,3736,A_linear,healthy,pause,0.982,0.003,15.1,74.8,0.006,75.0,pause,labview_bridge
ARO-01,2026-05-28T23:37:35.901Z,3737,A_linear,healthy,pause,0.989,0.000,15.1,74.7,0.000,75.0,pause,labview_bridge
ARO-01,2026-05-28T23:37:36.901Z,3738,A_linear,healthy,pause,1.001,0.000,15.1,74.5,0.000,75.0,pause,labview_bridge
ARO-01,2026-05-28T23:37:37.902Z,3739,A_linear,healthy,pause,1.012,0.000,15.2,74.5,0.000,75.0,pause,labview_bridge
ARO-01,2026-05-28T23:37:38.903Z,3740,A_linear,healthy,ascent,1.026,0.828,15.4,74.7,1.494,120.0,ascent,labview_bridge
ARO-01,2026-05-28T23:37:39.904Z,3741,A_linear,healthy,ascent,1.043,0.832,15.6,74.6,1.502,120.0,ascent,labview_bridge
ARO-01,2026-05-28T23:37:40.904Z,3742,A_linear,healthy,ascent,1.013,0.820,15.7,74.6,1.480,120.0,ascent,labview_bridge
ARO-01,2026-05-28T23:37:41.905Z,3743,A_linear,healthy,ascent,1.011,0.838,15.9,74.5,1.513,120.0,ascent,labview_bridge
ARO-01,2026-05-28T23:37:42.906Z,3744,A_linear,healthy,ascent,1.038,0.834,16.0,74.4,1.505,120.0,ascent,labview_bridge
ARO-01,2026-05-28T23:37:43.906Z,3745,A_linear,healthy,ascent,1.024,0.837,16.0,74.5,1.509,120.0,ascent,labview_bridge
ARO-01,2026-05-28T23:37:44.907Z,3746,A_linear,healthy,ascent,1.041,0.833,16.1,74.3,1.503,120.0,ascent,labview_bridge
ARO-01,2026-05-28T23:37:45.908Z,3747,A_linear,healthy,ascent,1.059,0.837,16.2,74.3,1.510,120.0,ascent,labview_bridge
ARO-01,2026-05-28T23:37:46.909Z,3748,A_linear,healthy,ascent,1.049,0.840,16.2,73.9,1.516,120.0,ascent,labview_bridge
ARO-01,2026-05-28T23:37:47.909Z,3749,A_linear,healthy,ascent,1.036,0.825,16.3,74.0,1.489,120.0,ascent,labview_bridge
ARO-01,2026-05-28T23:37:48.910Z,3750,A_linear,healthy,ascent,1.060,0.834,16.3,74.1,1.504,120.0,ascent,labview_bridge
ARO-01,2026-05-28T23:37:49.911Z,3751,A_linear,healthy,ascent,1.052,0.820,16.4,74.0,1.480,120.0,ascent,labview_bridge
ARO-01,2026-05-28T23:37:50.911Z,3752,A_linear,healthy,descent,1.024,0.346,16.3,74.2,0.624,120.0,descent,labview_bridge
ARO-01,2026-05-28T23:37:51.912Z,3753,A_linear,healthy,descent,1.027,0.346,16.3,74.0,0.624,120.0,descent,labview_bridge
ARO-01,2026-05-28T23:37:52.912Z,3754,A_linear,healthy,descent,1.004,0.352,16.2,74.4,0.635,120.0,descent,labview_bridge
ARO-01,2026-05-28T23:37:53.913Z,3755,A_linear,healthy,descent,1.010,0.339,16.2,74.3,0.611,120.0,descent,labview_bridge
ARO-01,2026-05-28T23:37:54.914Z,3756,A_linear,healthy,descent,1.001,0.354,16.1,74.6,0.639,120.0,descent,labview_bridge
ARO-01,2026-05-28T23:37:55.914Z,3757,A_linear,healthy,descent,0.994,0.360,16.1,74.5,0.650,120.0,descent,labview_bridge
ARO-01,2026-05-28T23:37:56.915Z,3758,A_linear,healthy,descent,0.986,0.352,16.1,74.3,0.635,120.0,descent,labview_bridge
ARO-01,2026-05-28T23:37:57.916Z,3759,A_linear,healthy,descent,0.983,0.337,16.0,74.4,0.608,120.0,descent,labview_bridge
ARO-01,2026-05-28T23:37:58.916Z,3760,A_linear,healthy,descent,0.990,0.346,16.0,74.4,0.624,120.0,descent,labview_bridge
ARO-01,2026-05-28T23:37:59.917Z,3761,A_linear,healthy,descent,0.967,0.352,16.0,74.6,0.635,120.0,descent,labview_bridge
ARO-01,2026-05-28T23:38:00.917Z,3762,A_linear,healthy,descent,0.925,0.339,16.0,74.6,0.612,120.0,descent,labview_bridge
ARO-01,2026-05-28T23:38:01.918Z,3763,A_linear,healthy,descent,0.946,0.334,16.0,74.5,0.603,120.0,descent,labview_bridge
ARO-01,2026-05-28T23:38:02.918Z,3764,A_linear,healthy,pause,0.949,0.000,16.0,74.3,0.000,120.0,pause,labview_bridge
ARO-01,2026-05-28T23:38:03.919Z,3765,A_linear,healthy,pause,0.959,0.006,16.0,74.4,0.010,120.0,pause,labview_bridge
ARO-01,2026-05-28T23:38:04.920Z,3766,A_linear,healthy,pause,0.914,0.000,15.9,74.7,0.000,120.0,pause,labview_bridge
ARO-01,2026-05-28T23:38:05.921Z,3767,A_linear,healthy,pause,0.930,0.000,15.8,74.8,0.000,120.0,pause,labview_bridge
ARO-01,2026-05-28T23:38:06.922Z,3768,A_linear,healthy,pause,0.925,0.002,15.8,74.9,0.004,120.0,pause,labview_bridge
ARO-01,2026-05-28T23:38:07.922Z,3769,A_linear,healthy,pause,0.939,0.004,15.7,75.0,0.007,120.0,pause,labview_bridge
ARO-01,2026-05-28T23:38:08.923Z,3770,A_linear,healthy,pause,0.914,0.000,15.6,74.9,0.000,120.0,pause,labview_bridge
ARO-01,2026-05-28T23:38:09.924Z,3771,A_linear,healthy,pause,0.926,0.000,15.6,74.9,0.000,120.0,pause,labview_bridge
ARO-01,2026-05-28T23:38:10.924Z,3772,A_linear,healthy,pause,0.936,0.008,15.5,74.8,0.014,120.0,pause,labview_bridge
ARO-01,2026-05-28T23:38:11.925Z,3773,A_linear,healthy,pause,0.930,0.000,15.6,75.0,0.000,120.0,pause,labview_bridge
ARO-01,2026-05-28T23:38:12.926Z,3774,A_linear,healthy,pause,0.946,0.006,15.6,74.8,0.010,120.0,pause,labview_bridge
ARO-01,2026-05-28T23:38:13.927Z,3775,A_linear,healthy,pause,0.935,0.000,15.6,74.7,0.000,120.0,pause,labview_bridge
ARO-01,2026-05-28T23:38:14.928Z,3776,A_linear,healthy,pause,0.960,0.000,15.6,74.9,0.000,120.0,pause,labview_bridge
ARO-01,2026-05-28T23:38:15.929Z,3777,A_linear,healthy,pause,0.963,0.000,15.6,74.7,0.000,120.0,pause,labview_bridge
ARO-01,2026-05-28T23:38:16.929Z,3778,A_linear,healthy,pause,0.960,0.012,15.5,74.9,0.021,120.0,pause,labview_bridge
ARO-01,2026-05-28T23:38:17.930Z,3779,A_linear,healthy,pause,0.950,0.000,15.5,74.8,0.000,120.0,pause,labview_bridge
ARO-01,2026-05-28T23:38:18.930Z,3780,A_linear,healthy,pause,0.974,0.008,15.5,74.8,0.014,120.0,pause,labview_bridge
ARO-01,2026-05-28T23:38:19.931Z,3781,A_linear,healthy,pause,1.004,0.000,15.6,74.8,0.000,120.0,pause,labview_bridge
ARO-01,2026-05-28T23:38:20.932Z,3782,A_linear,healthy,pause,0.990,0.000,15.6,74.8,0.000,120.0,pause,labview_bridge
ARO-01,2026-05-28T23:38:21.932Z,3783,A_linear,healthy,pause,1.022,0.000,15.6,74.8,0.000,120.0,pause,labview_bridge
ARO-01,2026-05-28T23:38:22.933Z,3784,A_linear,healthy,ascent,1.031,0.825,15.7,74.7,1.489,120.0,ascent,labview_bridge
ARO-01,2026-05-28T23:38:23.934Z,3785,A_linear,healthy,ascent,1.018,0.841,15.8,74.7,1.517,120.0,ascent,labview_bridge
ARO-01,2026-05-28T23:38:24.935Z,3786,A_linear,healthy,ascent,1.023,0.830,15.7,75.1,1.498,120.0,ascent,labview_bridge
ARO-01,2026-05-28T23:38:25.935Z,3787,A_linear,healthy,ascent,1.046,0.833,16.0,74.8,1.502,120.0,ascent,labview_bridge
ARO-01,2026-05-28T23:38:26.936Z,3788,A_linear,healthy,ascent,1.040,0.828,16.1,74.8,1.494,120.0,ascent,labview_bridge
ARO-01,2026-05-28T23:38:27.937Z,3789,A_linear,healthy,ascent,1.067,0.837,16.3,74.8,1.509,120.0,ascent,labview_bridge
ARO-01,2026-05-28T23:38:28.938Z,3790,A_linear,healthy,ascent,1.057,0.828,16.3,75.1,1.494,120.0,ascent,labview_bridge
ARO-01,2026-05-28T23:38:29.939Z,3791,A_linear,healthy,ascent,1.055,0.825,16.4,74.9,1.488,120.0,ascent,labview_bridge
ARO-01,2026-05-28T23:38:30.939Z,3792,A_linear,healthy,ascent,1.044,0.835,16.4,74.9,1.506,120.0,ascent,labview_bridge
ARO-01,2026-05-28T23:38:31.940Z,3793,A_linear,healthy,ascent,1.034,0.831,16.4,74.7,1.500,120.0,ascent,labview_bridge
ARO-01,2026-05-28T23:38:32.941Z,3794,A_linear,healthy,ascent,1.051,0.819,16.4,74.7,1.477,120.0,ascent,labview_bridge
ARO-01,2026-05-28T23:38:33.941Z,3795,A_linear,healthy,ascent,1.036,0.829,16.5,74.9,1.496,120.0,ascent,labview_bridge
ARO-01,2026-05-28T23:38:34.942Z,3796,A_linear,healthy,descent,1.007,0.353,16.4,75.0,0.636,120.0,descent,labview_bridge
ARO-01,2026-05-28T23:38:35.943Z,3797,A_linear,healthy,descent,1.040,0.345,16.4,74.8,0.622,120.0,descent,labview_bridge
ARO-01,2026-05-28T23:38:36.943Z,3798,A_linear,healthy,descent,1.049,0.339,16.4,74.7,0.612,120.0,descent,labview_bridge
ARO-01,2026-05-28T23:38:37.944Z,3799,A_linear,healthy,descent,1.010,0.356,16.4,74.8,0.643,120.0,descent,labview_bridge
ARO-01,2026-05-28T23:38:38.945Z,3800,A_linear,healthy,descent,0.987,0.355,16.4,75.0,0.641,120.0,descent,labview_bridge
ARO-01,2026-05-28T23:38:39.945Z,3801,A_linear,healthy,descent,0.987,0.344,16.3,75.2,0.620,120.0,descent,labview_bridge
ARO-01,2026-05-28T23:38:40.946Z,3802,A_linear,healthy,descent,0.998,0.358,16.5,75.4,0.646,120.0,descent,labview_bridge
ARO-01,2026-05-28T23:38:41.947Z,3803,A_linear,healthy,descent,1.000,0.341,16.5,75.5,0.615,120.0,descent,labview_bridge
ARO-01,2026-05-28T23:38:42.947Z,3804,A_linear,healthy,descent,0.985,0.339,16.5,75.5,0.612,120.0,descent,labview_bridge
ARO-01,2026-05-28T23:38:43.948Z,3805,A_linear,healthy,descent,0.962,0.343,16.6,75.6,0.619,120.0,descent,labview_bridge
ARO-01,2026-05-28T23:38:44.948Z,3806,A_linear,healthy,descent,0.962,0.348,16.6,75.9,0.628,120.0,descent,labview_bridge
ARO-01,2026-05-28T23:38:45.949Z,3807,A_linear,healthy,descent,0.944,0.356,16.6,76.1,0.643,120.0,descent,labview_bridge
ARO-01,2026-05-28T23:38:46.950Z,3808,A_linear,healthy,pause,0.949,0.004,16.6,76.0,0.008,120.0,pause,labview_bridge
ARO-01,2026-05-28T23:38:47.951Z,3809,A_linear,healthy,pause,0.955,0.003,16.6,75.8,0.006,120.0,pause,labview_bridge
ARO-01,2026-05-28T23:38:48.952Z,3810,A_linear,healthy,pause,0.932,0.005,16.6,75.9,0.009,120.0,pause,labview_bridge
ARO-01,2026-05-28T23:38:49.953Z,3811,A_linear,healthy,pause,0.922,0.000,16.4,75.7,0.000,120.0,pause,labview_bridge
ARO-01,2026-05-28T23:38:50.953Z,3812,A_linear,healthy,pause,0.945,0.000,16.5,75.6,0.000,120.0,pause,labview_bridge
ARO-01,2026-05-28T23:38:51.954Z,3813,A_linear,healthy,pause,0.927,0.020,16.4,75.3,0.036,120.0,pause,labview_bridge
ARO-01,2026-05-28T23:38:52.955Z,3814,A_linear,healthy,pause,0.937,0.000,16.4,75.2,0.000,120.0,pause,labview_bridge
ARO-01,2026-05-28T23:38:53.956Z,3815,A_linear,healthy,pause,0.948,0.000,16.3,75.6,0.000,120.0,pause,labview_bridge
ARO-01,2026-05-28T23:38:54.956Z,3816,A_linear,healthy,pause,0.937,0.012,16.3,75.8,0.022,120.0,pause,labview_bridge
ARO-01,2026-05-28T23:38:55.959Z,3817,A_linear,healthy,pause,0.955,0.003,16.3,75.7,0.005,120.0,pause,labview_bridge
ARO-01,2026-05-28T23:38:56.960Z,3818,A_linear,healthy,pause,0.930,0.000,16.2,76.0,0.000,120.0,pause,labview_bridge
ARO-01,2026-05-28T23:38:57.961Z,3819,A_linear,healthy,pause,0.953,0.000,16.2,75.9,0.000,120.0,pause,labview_bridge
ARO-01,2026-05-28T23:38:58.966Z,3820,A_linear,healthy,pause,0.961,0.007,16.1,75.6,0.013,120.0,pause,labview_bridge
ARO-01,2026-05-28T23:38:59.966Z,3821,A_linear,healthy,pause,0.949,0.000,16.0,75.5,0.000,120.0,pause,labview_bridge
ARO-01,2026-05-28T23:39:00.967Z,3822,A_linear,healthy,pause,0.988,0.000,16.1,75.5,0.000,120.0,pause,labview_bridge
ARO-01,2026-05-28T23:39:01.968Z,3823,A_linear,healthy,pause,0.988,0.000,16.1,75.7,0.000,120.0,pause,labview_bridge
ARO-01,2026-05-28T23:39:02.968Z,3824,A_linear,healthy,pause,0.973,0.000,16.1,75.8,0.000,120.0,pause,labview_bridge
ARO-01,2026-05-28T23:39:03.969Z,3825,A_linear,healthy,pause,0.980,0.000,16.0,75.8,0.000,120.0,pause,labview_bridge
ARO-01,2026-05-28T23:39:04.969Z,3826,A_linear,healthy,pause,0.985,0.000,16.1,76.1,0.000,120.0,pause,labview_bridge
ARO-01,2026-05-28T23:39:05.970Z,3827,A_linear,healthy,pause,1.002,0.000,16.1,76.2,0.000,120.0,pause,labview_bridge
ARO-01,2026-05-28T23:39:06.971Z,3828,A_linear,healthy,ascent,1.014,0.570,16.2,76.5,1.029,60.0,ascent,labview_bridge
ARO-01,2026-05-28T23:39:07.972Z,3829,A_linear,healthy,ascent,1.044,0.585,16.4,76.4,1.056,60.0,ascent,labview_bridge
ARO-01,2026-05-28T23:39:08.973Z,3830,A_linear,healthy,ascent,1.038,0.573,16.4,76.1,1.034,60.0,ascent,labview_bridge
ARO-01,2026-05-28T23:39:09.974Z,3831,A_linear,healthy,ascent,1.033,0.572,16.5,75.9,1.032,60.0,ascent,labview_bridge
ARO-01,2026-05-28T23:39:10.974Z,3832,A_linear,healthy,ascent,1.058,0.584,16.5,75.8,1.054,60.0,ascent,labview_bridge
ARO-01,2026-05-28T23:39:11.975Z,3833,A_linear,healthy,ascent,1.029,0.572,16.4,75.8,1.032,60.0,ascent,labview_bridge
ARO-01,2026-05-28T23:39:12.976Z,3834,A_linear,healthy,ascent,1.023,0.574,16.4,75.9,1.035,60.0,ascent,labview_bridge
ARO-01,2026-05-28T23:39:13.977Z,3835,A_linear,healthy,ascent,1.060,0.576,16.4,76.0,1.039,60.0,ascent,labview_bridge
ARO-01,2026-05-28T23:39:14.977Z,3836,A_linear,healthy,ascent,1.045,0.580,16.5,76.0,1.047,60.0,ascent,labview_bridge
ARO-01,2026-05-28T23:39:15.978Z,3837,A_linear,healthy,ascent,1.041,0.569,16.4,76.1,1.027,60.0,ascent,labview_bridge
ARO-01,2026-05-28T23:39:16.979Z,3838,A_linear,healthy,ascent,1.022,0.568,16.4,76.1,1.024,60.0,ascent,labview_bridge
ARO-01,2026-05-28T23:39:17.979Z,3839,A_linear,healthy,ascent,1.033,0.579,16.4,76.0,1.044,60.0,ascent,labview_bridge
ARO-01,2026-05-28T23:39:18.980Z,3840,A_linear,healthy,descent,1.041,0.366,16.5,76.0,0.660,60.0,descent,labview_bridge
ARO-01,2026-05-28T23:39:19.980Z,3841,A_linear,healthy,descent,1.019,0.345,16.5,76.0,0.622,60.0,descent,labview_bridge
ARO-01,2026-05-28T23:39:20.981Z,3842,A_linear,healthy,descent,1.018,0.346,16.6,75.6,0.623,60.0,descent,labview_bridge
ARO-01,2026-05-28T23:39:21.981Z,3843,A_linear,healthy,descent,1.004,0.350,16.6,75.5,0.632,60.0,descent,labview_bridge
ARO-01,2026-05-28T23:39:22.982Z,3844,A_linear,healthy,descent,1.015,0.342,16.6,75.4,0.618,60.0,descent,labview_bridge
ARO-01,2026-05-28T23:39:23.983Z,3845,A_linear,healthy,descent,0.985,0.351,16.6,75.6,0.633,60.0,descent,labview_bridge
ARO-01,2026-05-28T23:39:24.984Z,3846,A_linear,healthy,descent,0.995,0.350,16.5,75.6,0.632,60.0,descent,labview_bridge
ARO-01,2026-05-28T23:39:25.984Z,3847,A_linear,healthy,descent,0.957,0.344,16.5,75.9,0.620,60.0,descent,labview_bridge
ARO-01,2026-05-28T23:39:26.985Z,3848,A_linear,healthy,descent,0.974,0.360,16.5,75.7,0.650,60.0,descent,labview_bridge
ARO-01,2026-05-28T23:39:27.985Z,3849,A_linear,healthy,descent,0.946,0.364,16.6,75.9,0.657,60.0,descent,labview_bridge
ARO-01,2026-05-28T23:39:28.986Z,3850,A_linear,healthy,descent,0.944,0.353,16.6,75.7,0.637,60.0,descent,labview_bridge
ARO-01,2026-05-28T23:39:29.987Z,3851,A_linear,healthy,descent,0.962,0.340,16.6,75.9,0.614,60.0,descent,labview_bridge
ARO-01,2026-05-28T23:39:30.988Z,3852,A_linear,healthy,pause,0.952,0.000,16.6,76.0,0.000,60.0,pause,labview_bridge
ARO-01,2026-05-28T23:39:31.988Z,3853,A_linear,healthy,pause,0.930,0.000,16.5,76.0,0.000,60.0,pause,labview_bridge
ARO-01,2026-05-28T23:39:32.989Z,3854,A_linear,healthy,pause,0.916,0.000,16.5,76.4,0.000,60.0,pause,labview_bridge
ARO-01,2026-05-28T23:39:33.990Z,3855,A_linear,healthy,pause,0.918,0.007,16.5,76.3,0.013,60.0,pause,labview_bridge
ARO-01,2026-05-28T23:39:34.990Z,3856,A_linear,healthy,pause,0.907,0.000,16.5,76.5,0.000,60.0,pause,labview_bridge
ARO-01,2026-05-28T23:39:35.991Z,3857,A_linear,healthy,pause,0.915,0.000,16.6,76.5,0.000,60.0,pause,labview_bridge
ARO-01,2026-05-28T23:39:36.992Z,3858,A_linear,healthy,pause,0.926,0.003,16.7,76.3,0.006,60.0,pause,labview_bridge
ARO-01,2026-05-28T23:39:37.992Z,3859,A_linear,healthy,pause,0.922,0.000,16.7,76.1,0.000,60.0,pause,labview_bridge
ARO-01,2026-05-28T23:39:38.993Z,3860,A_linear,healthy,pause,0.911,0.000,16.6,76.1,0.000,60.0,pause,labview_bridge
ARO-01,2026-05-28T23:39:39.993Z,3861,A_linear,healthy,pause,0.938,0.000,16.6,76.0,0.000,60.0,pause,labview_bridge
ARO-01,2026-05-28T23:39:40.994Z,3862,A_linear,healthy,pause,0.932,0.005,16.6,76.0,0.010,60.0,pause,labview_bridge
ARO-01,2026-05-28T23:39:41.995Z,3863,A_linear,healthy,pause,0.953,0.000,16.6,76.0,0.000,60.0,pause,labview_bridge
ARO-01,2026-05-28T23:39:42.995Z,3864,A_linear,healthy,pause,0.939,0.000,16.5,76.1,0.000,60.0,pause,labview_bridge
ARO-01,2026-05-28T23:39:43.996Z,3865,A_linear,healthy,pause,0.957,0.002,16.6,76.4,0.004,60.0,pause,labview_bridge
ARO-01,2026-05-28T23:39:44.996Z,3866,A_linear,healthy,pause,0.955,0.000,16.6,76.7,0.000,60.0,pause,labview_bridge
ARO-01,2026-05-28T23:39:45.997Z,3867,A_linear,healthy,pause,0.974,0.000,16.5,76.5,0.000,60.0,pause,labview_bridge
ARO-01,2026-05-28T23:39:46.998Z,3868,A_linear,healthy,pause,0.978,0.000,16.5,76.4,0.000,60.0,pause,labview_bridge
ARO-01,2026-05-28T23:39:47.998Z,3869,A_linear,healthy,pause,0.992,0.008,16.6,76.4,0.014,60.0,pause,labview_bridge
ARO-01,2026-05-28T23:39:48.999Z,3870,A_linear,healthy,pause,1.006,0.000,16.6,76.8,0.000,60.0,pause,labview_bridge
ARO-01,2026-05-28T23:39:50.000Z,3871,A_linear,healthy,pause,1.020,0.000,16.5,76.9,0.000,60.0,pause,labview_bridge
ARO-01,2026-05-28T23:39:51.001Z,3872,A_linear,healthy,ascent,1.013,0.584,16.6,76.9,1.053,60.0,ascent,labview_bridge
ARO-01,2026-05-28T23:39:52.001Z,3873,A_linear,healthy,ascent,1.007,0.575,16.7,76.9,1.038,60.0,ascent,labview_bridge
ARO-01,2026-05-28T23:39:53.002Z,3874,A_linear,healthy,ascent,1.050,0.575,16.8,76.9,1.037,60.0,ascent,labview_bridge
ARO-01,2026-05-28T23:39:54.003Z,3875,A_linear,healthy,ascent,1.031,0.571,16.8,77.0,1.031,60.0,ascent,labview_bridge
ARO-01,2026-05-28T23:39:55.003Z,3876,A_linear,healthy,ascent,1.042,0.571,16.7,76.8,1.031,60.0,ascent,labview_bridge
ARO-01,2026-05-28T23:39:56.004Z,3877,A_linear,healthy,ascent,1.044,0.563,16.8,76.7,1.017,60.0,ascent,labview_bridge
ARO-01,2026-05-28T23:39:57.005Z,3878,A_linear,healthy,ascent,1.049,0.578,16.8,76.6,1.043,60.0,ascent,labview_bridge
ARO-01,2026-05-28T23:39:58.006Z,3879,A_linear,healthy,ascent,1.037,0.586,16.9,76.3,1.057,60.0,ascent,labview_bridge
ARO-01,2026-05-28T23:39:59.006Z,3880,A_linear,healthy,ascent,1.059,0.571,16.9,76.2,1.031,60.0,ascent,labview_bridge
ARO-01,2026-05-28T23:40:00.007Z,3881,A_linear,healthy,ascent,1.025,0.569,16.9,76.0,1.026,60.0,ascent,labview_bridge
ARO-01,2026-05-28T23:40:01.007Z,3882,A_linear,healthy,ascent,1.061,0.575,16.9,76.1,1.038,60.0,ascent,labview_bridge
ARO-01,2026-05-28T23:40:02.008Z,3883,A_linear,healthy,ascent,1.030,0.569,17.0,76.2,1.027,60.0,ascent,labview_bridge
ARO-01,2026-05-28T23:40:03.008Z,3884,A_linear,healthy,descent,1.054,0.345,17.0,76.3,0.622,60.0,descent,labview_bridge
ARO-01,2026-05-28T23:40:04.009Z,3885,A_linear,healthy,descent,1.028,0.341,17.0,76.3,0.615,60.0,descent,labview_bridge
ARO-01,2026-05-28T23:40:05.010Z,3886,A_linear,healthy,descent,1.042,0.343,16.9,76.2,0.618,60.0,descent,labview_bridge
ARO-01,2026-05-28T23:40:06.010Z,3887,A_linear,healthy,descent,1.009,0.347,16.9,76.0,0.626,60.0,descent,labview_bridge
ARO-01,2026-05-28T23:40:07.010Z,3888,A_linear,healthy,descent,1.032,0.345,16.9,76.2,0.623,60.0,descent,labview_bridge
ARO-01,2026-05-28T23:40:08.011Z,3889,A_linear,healthy,descent,0.977,0.351,17.0,76.5,0.632,60.0,descent,labview_bridge
ARO-01,2026-05-28T23:40:09.011Z,3890,A_linear,healthy,descent,0.993,0.354,17.0,76.4,0.639,60.0,descent,labview_bridge
ARO-01,2026-05-28T23:40:10.012Z,3891,A_linear,healthy,descent,0.969,0.347,16.9,76.4,0.626,60.0,descent,labview_bridge
ARO-01,2026-05-28T23:40:11.012Z,3892,A_linear,healthy,descent,0.960,0.354,16.9,76.3,0.639,60.0,descent,labview_bridge
ARO-01,2026-05-28T23:40:12.013Z,3893,A_linear,healthy,descent,0.983,0.368,16.9,76.5,0.664,60.0,descent,labview_bridge
ARO-01,2026-05-28T23:40:13.014Z,3894,A_linear,healthy,descent,0.967,0.363,16.9,76.4,0.655,60.0,descent,labview_bridge
ARO-01,2026-05-28T23:40:14.015Z,3895,A_linear,healthy,descent,0.974,0.349,16.9,76.6,0.630,60.0,descent,labview_bridge
ARO-01,2026-05-28T23:40:15.015Z,3896,A_linear,healthy,pause,0.942,0.000,16.8,77.0,0.000,60.0,pause,labview_bridge
ARO-01,2026-05-28T23:40:16.016Z,3897,A_linear,healthy,pause,0.948,0.000,16.8,76.9,0.000,60.0,pause,labview_bridge
ARO-01,2026-05-28T23:40:17.017Z,3898,A_linear,healthy,pause,0.940,0.002,16.8,76.9,0.004,60.0,pause,labview_bridge
ARO-01,2026-05-28T23:40:18.018Z,3899,A_linear,healthy,pause,0.923,0.002,16.9,76.9,0.004,60.0,pause,labview_bridge
ARO-01,2026-05-28T23:40:19.018Z,3900,A_linear,healthy,pause,0.923,0.000,16.8,76.8,0.000,60.0,pause,labview_bridge
ARO-01,2026-05-28T23:40:20.019Z,3901,A_linear,healthy,pause,0.928,0.000,16.8,76.8,0.000,60.0,pause,labview_bridge
ARO-01,2026-05-28T23:40:21.019Z,3902,A_linear,healthy,pause,0.921,0.005,16.8,76.5,0.009,60.0,pause,labview_bridge
ARO-01,2026-05-28T23:40:22.020Z,3903,A_linear,healthy,pause,0.947,0.001,16.8,76.2,0.002,60.0,pause,labview_bridge
ARO-01,2026-05-28T23:40:23.020Z,3904,A_linear,healthy,pause,0.936,0.005,16.8,76.4,0.009,60.0,pause,labview_bridge
ARO-01,2026-05-28T23:40:24.021Z,3905,A_linear,healthy,pause,0.938,0.000,16.6,76.4,0.000,60.0,pause,labview_bridge
ARO-01,2026-05-28T23:40:25.021Z,3906,A_linear,healthy,pause,0.947,0.012,16.6,76.5,0.021,60.0,pause,labview_bridge
ARO-01,2026-05-28T23:40:26.022Z,3907,A_linear,healthy,pause,0.959,0.010,16.5,76.9,0.017,60.0,pause,labview_bridge
ARO-01,2026-05-28T23:40:27.022Z,3908,A_linear,healthy,pause,0.964,0.000,16.6,77.0,0.000,60.0,pause,labview_bridge
ARO-01,2026-05-28T23:40:28.023Z,3909,A_linear,healthy,pause,0.938,0.006,16.6,77.1,0.010,60.0,pause,labview_bridge
ARO-01,2026-05-28T23:40:29.024Z,3910,A_linear,healthy,pause,0.987,0.001,16.7,76.9,0.002,60.0,pause,labview_bridge
ARO-01,2026-05-28T23:40:30.028Z,3911,A_linear,healthy,pause,0.993,0.000,16.8,77.0,0.000,60.0,pause,labview_bridge
ARO-01,2026-05-28T23:40:31.029Z,3912,A_linear,healthy,pause,1.004,0.004,16.7,77.0,0.007,60.0,pause,labview_bridge
ARO-01,2026-05-28T23:40:32.029Z,3913,A_linear,healthy,pause,0.994,0.000,16.7,76.9,0.000,60.0,pause,labview_bridge
ARO-01,2026-05-28T23:40:33.030Z,3914,A_linear,healthy,pause,0.982,0.003,16.7,76.9,0.005,60.0,pause,labview_bridge
ARO-01,2026-05-28T23:40:34.030Z,3915,A_linear,healthy,pause,1.013,0.000,16.7,76.8,0.000,60.0,pause,labview_bridge
ARO-01,2026-05-28T23:40:35.031Z,3916,A_linear,healthy,ascent,1.010,0.580,16.8,76.8,1.046,60.0,ascent,labview_bridge
ARO-01,2026-05-28T23:40:36.032Z,3917,A_linear,healthy,ascent,1.022,0.584,16.8,76.8,1.053,60.0,ascent,labview_bridge
ARO-01,2026-05-28T23:40:37.033Z,3918,A_linear,healthy,ascent,1.044,0.577,16.8,76.7,1.040,60.0,ascent,labview_bridge
ARO-01,2026-05-28T23:40:38.033Z,3919,A_linear,healthy,ascent,1.028,0.576,16.9,76.4,1.039,60.0,ascent,labview_bridge
ARO-01,2026-05-28T23:40:39.034Z,3920,A_linear,healthy,ascent,1.035,0.572,16.8,76.6,1.033,60.0,ascent,labview_bridge
ARO-01,2026-05-28T23:40:40.034Z,3921,A_linear,healthy,ascent,1.060,0.570,16.9,76.0,1.028,60.0,ascent,labview_bridge
ARO-01,2026-05-28T23:40:41.035Z,3922,A_linear,healthy,ascent,1.057,0.567,16.8,76.1,1.023,60.0,ascent,labview_bridge
ARO-01,2026-05-28T23:40:42.036Z,3923,A_linear,healthy,ascent,1.048,0.566,16.9,76.1,1.021,60.0,ascent,labview_bridge
ARO-01,2026-05-28T23:40:43.036Z,3924,A_linear,healthy,ascent,1.060,0.572,16.9,75.9,1.031,60.0,ascent,labview_bridge
ARO-01,2026-05-28T23:40:44.037Z,3925,A_linear,healthy,ascent,1.029,0.578,16.9,76.2,1.042,60.0,ascent,labview_bridge
ARO-01,2026-05-28T23:40:45.037Z,3926,A_linear,healthy,ascent,1.052,0.568,17.0,76.3,1.025,60.0,ascent,labview_bridge
ARO-01,2026-05-28T23:40:46.038Z,3927,A_linear,healthy,ascent,1.019,0.567,17.1,76.3,1.022,60.0,ascent,labview_bridge
ARO-01,2026-05-28T23:40:47.038Z,3928,A_linear,healthy,descent,1.047,0.355,17.0,76.4,0.640,60.0,descent,labview_bridge
ARO-01,2026-05-28T23:40:48.039Z,3929,A_linear,healthy,descent,1.042,0.329,17.1,76.4,0.594,60.0,descent,labview_bridge
ARO-01,2026-05-28T23:40:49.040Z,3930,A_linear,healthy,descent,1.009,0.347,17.0,76.8,0.627,60.0,descent,labview_bridge
ARO-01,2026-05-28T23:40:50.040Z,3931,A_linear,healthy,descent,1.040,0.345,16.9,77.1,0.622,60.0,descent,labview_bridge
ARO-01,2026-05-28T23:40:51.041Z,3932,A_linear,healthy,descent,1.000,0.350,16.9,77.1,0.631,60.0,descent,labview_bridge
ARO-01,2026-05-28T23:40:52.041Z,3933,A_linear,healthy,descent,0.995,0.354,17.0,77.4,0.638,60.0,descent,labview_bridge
ARO-01,2026-05-28T23:40:53.042Z,3934,A_linear,healthy,descent,0.983,0.346,17.0,77.4,0.624,60.0,descent,labview_bridge
ARO-01,2026-05-28T23:40:54.043Z,3935,A_linear,healthy,descent,0.979,0.347,17.1,77.4,0.625,60.0,descent,labview_bridge
ARO-01,2026-05-28T23:40:55.043Z,3936,A_linear,healthy,descent,0.967,0.362,17.0,76.8,0.652,60.0,descent,labview_bridge
ARO-01,2026-05-28T23:40:56.044Z,3937,A_linear,healthy,descent,0.960,0.356,17.1,76.9,0.643,60.0,descent,labview_bridge
ARO-01,2026-05-28T23:40:57.045Z,3938,A_linear,healthy,descent,0.956,0.354,17.0,77.1,0.638,60.0,descent,labview_bridge
ARO-01,2026-05-28T23:40:58.045Z,3939,A_linear,healthy,descent,0.959,0.348,17.1,77.2,0.627,60.0,descent,labview_bridge
ARO-01,2026-05-28T23:40:59.046Z,3940,A_linear,healthy,pause,0.962,0.000,17.1,77.3,0.000,60.0,pause,labview_bridge
ARO-01,2026-05-28T23:41:00.046Z,3941,A_linear,healthy,pause,0.926,0.008,17.1,77.1,0.015,60.0,pause,labview_bridge
ARO-01,2026-05-28T23:41:01.046Z,3942,A_linear,healthy,pause,0.945,0.000,17.1,77.4,0.000,60.0,pause,labview_bridge
ARO-01,2026-05-28T23:41:02.047Z,3943,A_linear,healthy,pause,0.905,0.000,17.0,77.4,0.000,60.0,pause,labview_bridge
ARO-01,2026-05-28T23:41:03.048Z,3944,A_linear,healthy,pause,0.929,0.014,17.1,77.5,0.025,60.0,pause,labview_bridge
ARO-01,2026-05-28T23:41:04.049Z,3945,A_linear,healthy,pause,0.910,0.000,17.0,77.9,0.000,60.0,pause,labview_bridge
ARO-01,2026-05-28T23:41:05.050Z,3946,A_linear,healthy,pause,0.930,0.002,16.9,77.8,0.003,60.0,pause,labview_bridge
ARO-01,2026-05-28T23:41:06.050Z,3947,A_linear,healthy,pause,0.914,0.000,16.9,77.6,0.000,60.0,pause,labview_bridge
ARO-01,2026-05-28T23:41:07.051Z,3948,A_linear,healthy,pause,0.927,0.007,17.0,77.6,0.013,60.0,pause,labview_bridge
ARO-01,2026-05-28T23:41:08.051Z,3949,A_linear,healthy,pause,0.950,0.000,16.9,77.7,0.000,60.0,pause,labview_bridge
ARO-01,2026-05-28T23:41:09.052Z,3950,A_linear,healthy,pause,0.939,0.000,16.9,77.7,0.000,60.0,pause,labview_bridge
ARO-01,2026-05-28T23:41:10.052Z,3951,A_linear,healthy,pause,0.950,0.010,16.9,77.4,0.017,60.0,pause,labview_bridge
ARO-01,2026-05-28T23:41:11.053Z,3952,A_linear,healthy,pause,0.937,0.000,16.9,77.7,0.000,60.0,pause,labview_bridge
ARO-01,2026-05-28T23:41:12.054Z,3953,A_linear,healthy,pause,0.927,0.000,16.8,77.6,0.000,60.0,pause,labview_bridge
ARO-01,2026-05-28T23:41:13.055Z,3954,A_linear,healthy,pause,0.971,0.007,16.8,77.7,0.012,60.0,pause,labview_bridge
ARO-01,2026-05-28T23:41:14.055Z,3955,A_linear,healthy,pause,0.963,0.004,16.7,77.8,0.007,60.0,pause,labview_bridge
ARO-01,2026-05-28T23:41:15.056Z,3956,A_linear,healthy,pause,0.991,0.009,16.6,77.7,0.016,60.0,pause,labview_bridge
ARO-01,2026-05-28T23:41:16.057Z,3957,A_linear,healthy,pause,0.977,0.008,16.6,77.8,0.015,60.0,pause,labview_bridge
ARO-01,2026-05-28T23:41:17.058Z,3958,A_linear,healthy,pause,1.011,0.004,16.6,77.8,0.007,60.0,pause,labview_bridge
ARO-01,2026-05-28T23:41:18.058Z,3959,A_linear,healthy,pause,1.001,0.004,16.7,77.7,0.007,60.0,pause,labview_bridge
ARO-01,2026-05-28T23:41:19.059Z,3960,A_linear,healthy,ascent,1.017,0.574,16.8,77.6,1.035,60.0,ascent,labview_bridge
ARO-01,2026-05-28T23:41:20.060Z,3961,A_linear,healthy,ascent,1.018,0.578,16.9,77.3,1.043,60.0,ascent,labview_bridge
ARO-01,2026-05-28T23:41:21.061Z,3962,A_linear,healthy,ascent,1.037,0.582,17.1,77.5,1.050,60.0,ascent,labview_bridge
ARO-01,2026-05-28T23:41:22.061Z,3963,A_linear,healthy,ascent,1.018,0.582,17.1,77.3,1.050,60.0,ascent,labview_bridge
ARO-01,2026-05-28T23:41:23.062Z,3964,A_linear,healthy,ascent,1.032,0.581,17.2,77.6,1.049,60.0,ascent,labview_bridge
ARO-01,2026-05-28T23:41:24.063Z,3965,A_linear,healthy,ascent,1.074,0.584,17.1,77.7,1.054,60.0,ascent,labview_bridge
ARO-01,2026-05-28T23:41:25.063Z,3966,A_linear,healthy,ascent,1.042,0.571,17.2,77.4,1.031,60.0,ascent,labview_bridge
ARO-01,2026-05-28T23:41:26.064Z,3967,A_linear,healthy,ascent,1.050,0.569,17.2,77.4,1.027,60.0,ascent,labview_bridge
ARO-01,2026-05-28T23:41:27.065Z,3968,A_linear,healthy,ascent,1.054,0.567,17.2,77.4,1.023,60.0,ascent,labview_bridge
ARO-01,2026-05-28T23:41:28.065Z,3969,A_linear,healthy,ascent,1.066,0.572,17.2,77.4,1.032,60.0,ascent,labview_bridge
ARO-01,2026-05-28T23:41:29.066Z,3970,A_linear,healthy,ascent,1.051,0.580,17.3,77.7,1.046,60.0,ascent,labview_bridge
ARO-01,2026-05-28T23:41:30.067Z,3971,A_linear,healthy,ascent,1.026,0.575,17.2,77.6,1.038,60.0,ascent,labview_bridge
ARO-01,2026-05-28T23:41:31.067Z,3972,A_linear,healthy,descent,1.054,0.343,17.2,77.4,0.618,60.0,descent,labview_bridge
ARO-01,2026-05-28T23:41:32.068Z,3973,A_linear,healthy,descent,1.054,0.349,17.3,77.2,0.630,60.0,descent,labview_bridge
ARO-01,2026-05-28T23:41:33.069Z,3974,A_linear,healthy,descent,1.019,0.351,17.3,77.4,0.634,60.0,descent,labview_bridge
ARO-01,2026-05-28T23:41:34.070Z,3975,A_linear,healthy,descent,1.015,0.357,17.4,77.1,0.643,60.0,descent,labview_bridge
ARO-01,2026-05-28T23:41:35.070Z,3976,A_linear,healthy,descent,1.001,0.347,17.4,77.0,0.626,60.0,descent,labview_bridge
ARO-01,2026-05-28T23:41:36.071Z,3977,A_linear,healthy,descent,1.014,0.346,17.5,77.2,0.625,60.0,descent,labview_bridge
ARO-01,2026-05-28T23:41:37.072Z,3978,A_linear,healthy,descent,1.007,0.342,17.5,77.4,0.616,60.0,descent,labview_bridge
ARO-01,2026-05-28T23:41:38.072Z,3979,A_linear,healthy,descent,0.993,0.348,17.4,77.5,0.628,60.0,descent,labview_bridge
ARO-01,2026-05-28T23:41:39.074Z,3980,A_linear,healthy,descent,0.978,0.354,17.5,77.5,0.639,60.0,descent,labview_bridge
ARO-01,2026-05-28T23:41:40.087Z,3981,A_linear,healthy,descent,0.972,0.345,17.5,77.6,0.623,60.0,descent,labview_bridge
ARO-01,2026-05-28T23:41:41.088Z,3982,A_linear,healthy,descent,0.939,0.352,17.6,77.4,0.635,60.0,descent,labview_bridge
ARO-01,2026-05-28T23:41:42.088Z,3983,A_linear,healthy,descent,0.967,0.354,17.6,77.2,0.639,60.0,descent,labview_bridge
ARO-01,2026-05-28T23:41:43.089Z,3984,A_linear,healthy,pause,0.952,0.000,17.5,77.2,0.000,60.0,pause,labview_bridge
ARO-01,2026-05-28T23:41:44.089Z,3985,A_linear,healthy,pause,0.965,0.004,17.5,77.3,0.007,60.0,pause,labview_bridge
ARO-01,2026-05-28T23:41:45.090Z,3986,A_linear,healthy,pause,0.939,0.000,17.4,77.4,0.000,60.0,pause,labview_bridge
ARO-01,2026-05-28T23:41:46.090Z,3987,A_linear,healthy,pause,0.922,0.000,17.5,77.2,0.000,60.0,pause,labview_bridge
ARO-01,2026-05-28T23:41:47.090Z,3988,A_linear,healthy,pause,0.927,0.000,17.5,77.5,0.000,60.0,pause,labview_bridge
ARO-01,2026-05-28T23:41:48.091Z,3989,A_linear,healthy,pause,0.909,0.001,17.4,77.3,0.002,60.0,pause,labview_bridge
ARO-01,2026-05-28T23:41:49.091Z,3990,A_linear,healthy,pause,0.943,0.009,17.4,77.3,0.016,60.0,pause,labview_bridge
ARO-01,2026-05-28T23:41:50.092Z,3991,A_linear,healthy,pause,0.932,0.000,17.3,77.3,0.000,60.0,pause,labview_bridge
ARO-01,2026-05-28T23:41:51.093Z,3992,A_linear,healthy,pause,0.942,0.004,17.4,77.2,0.007,60.0,pause,labview_bridge
ARO-01,2026-05-28T23:41:52.093Z,3993,A_linear,healthy,pause,0.938,0.000,17.5,77.5,0.000,60.0,pause,labview_bridge
ARO-01,2026-05-28T23:41:53.094Z,3994,A_linear,healthy,pause,0.926,0.002,17.4,77.8,0.004,60.0,pause,labview_bridge
ARO-01,2026-05-28T23:41:54.094Z,3995,A_linear,healthy,pause,0.940,0.003,17.5,77.9,0.006,60.0,pause,labview_bridge
ARO-01,2026-05-28T23:41:55.095Z,3996,A_linear,healthy,pause,0.951,0.000,17.5,77.9,0.000,60.0,pause,labview_bridge
ARO-01,2026-05-28T23:41:56.096Z,3997,A_linear,healthy,pause,0.959,0.002,17.4,78.0,0.003,60.0,pause,labview_bridge
ARO-01,2026-05-28T23:41:57.096Z,3998,A_linear,healthy,pause,0.978,0.002,17.4,77.8,0.003,60.0,pause,labview_bridge
ARO-01,2026-05-28T23:41:58.097Z,3999,A_linear,healthy,pause,0.960,0.010,17.6,77.6,0.018,60.0,pause,labview_bridge
ARO-01,2026-05-28T23:41:59.097Z,4000,A_linear,healthy,pause,1.008,0.000,17.6,77.6,0.000,60.0,pause,labview_bridge
ARO-01,2026-05-28T23:42:00.098Z,4001,A_linear,healthy,pause,0.994,0.000,17.7,77.5,0.000,60.0,pause,labview_bridge
ARO-01,2026-05-28T23:42:01.098Z,4002,A_linear,healthy,pause,0.999,0.004,17.6,77.5,0.007,60.0,pause,labview_bridge
ARO-01,2026-05-28T23:42:02.099Z,4003,A_linear,healthy,pause,1.004,0.000,17.5,77.4,0.000,60.0,pause,labview_bridge
ARO-01,2026-05-28T23:42:03.100Z,4004,A_linear,healthy,ascent,1.002,0.766,17.5,77.2,1.382,105.0,ascent,labview_bridge
ARO-01,2026-05-28T23:42:04.100Z,4005,A_linear,healthy,ascent,1.041,0.765,17.6,77.3,1.381,105.0,ascent,labview_bridge
ARO-01,2026-05-28T23:42:05.100Z,4006,A_linear,healthy,ascent,1.027,0.759,17.7,77.0,1.370,105.0,ascent,labview_bridge
ARO-01,2026-05-28T23:42:06.101Z,4007,A_linear,healthy,ascent,1.006,0.773,17.7,76.9,1.395,105.0,ascent,labview_bridge
ARO-01,2026-05-28T23:42:07.102Z,4008,A_linear,healthy,ascent,1.037,0.776,17.7,76.5,1.401,105.0,ascent,labview_bridge
ARO-01,2026-05-28T23:42:08.103Z,4009,A_linear,healthy,ascent,1.057,0.773,17.8,76.8,1.394,105.0,ascent,labview_bridge
ARO-01,2026-05-28T23:42:09.103Z,4010,A_linear,healthy,ascent,1.039,0.763,17.8,76.9,1.377,105.0,ascent,labview_bridge
ARO-01,2026-05-28T23:42:10.104Z,4011,A_linear,healthy,ascent,1.065,0.764,18.0,76.9,1.378,105.0,ascent,labview_bridge
ARO-01,2026-05-28T23:42:11.105Z,4012,A_linear,healthy,ascent,1.060,0.771,18.0,76.7,1.392,105.0,ascent,labview_bridge
ARO-01,2026-05-28T23:42:12.106Z,4013,A_linear,healthy,ascent,1.041,0.765,18.0,76.6,1.380,105.0,ascent,labview_bridge
ARO-01,2026-05-28T23:42:13.106Z,4014,A_linear,healthy,ascent,1.057,0.763,18.1,76.7,1.376,105.0,ascent,labview_bridge
ARO-01,2026-05-28T23:42:14.107Z,4015,A_linear,healthy,ascent,1.032,0.760,18.2,77.0,1.370,105.0,ascent,labview_bridge
ARO-01,2026-05-28T23:42:15.107Z,4016,A_linear,healthy,descent,1.060,0.348,18.2,77.0,0.627,105.0,descent,labview_bridge
ARO-01,2026-05-28T23:42:16.108Z,4017,A_linear,healthy,descent,1.036,0.350,18.2,77.3,0.631,105.0,descent,labview_bridge
ARO-01,2026-05-28T23:42:17.109Z,4018,A_linear,healthy,descent,1.012,0.357,18.3,77.3,0.645,105.0,descent,labview_bridge
ARO-01,2026-05-28T23:42:18.110Z,4019,A_linear,healthy,descent,1.018,0.350,18.2,77.5,0.631,105.0,descent,labview_bridge
ARO-01,2026-05-28T23:42:19.111Z,4020,A_linear,healthy,descent,0.995,0.354,18.2,77.3,0.639,105.0,descent,labview_bridge
ARO-01,2026-05-28T23:42:20.111Z,4021,A_linear,healthy,descent,0.976,0.341,18.3,77.1,0.615,105.0,descent,labview_bridge
ARO-01,2026-05-28T23:42:21.113Z,4022,A_linear,healthy,descent,0.981,0.348,18.3,77.0,0.628,105.0,descent,labview_bridge
ARO-01,2026-05-28T23:42:22.113Z,4023,A_linear,healthy,descent,0.979,0.349,18.2,77.0,0.629,105.0,descent,labview_bridge
ARO-01,2026-05-28T23:42:23.113Z,4024,A_linear,healthy,descent,0.973,0.346,18.2,77.0,0.624,105.0,descent,labview_bridge
ARO-01,2026-05-28T23:42:24.114Z,4025,A_linear,healthy,descent,0.957,0.348,18.3,76.9,0.628,105.0,descent,labview_bridge
ARO-01,2026-05-28T23:42:25.115Z,4026,A_linear,healthy,descent,0.986,0.351,18.1,77.0,0.633,105.0,descent,labview_bridge
ARO-01,2026-05-28T23:42:26.116Z,4027,A_linear,healthy,descent,0.959,0.358,18.2,77.0,0.646,105.0,descent,labview_bridge
ARO-01,2026-05-28T23:42:27.116Z,4028,A_linear,healthy,pause,0.962,0.000,18.1,77.3,0.000,105.0,pause,labview_bridge
ARO-01,2026-05-28T23:42:28.117Z,4029,A_linear,healthy,pause,0.956,0.007,18.1,77.2,0.013,105.0,pause,labview_bridge
ARO-01,2026-05-28T23:42:29.117Z,4030,A_linear,healthy,pause,0.943,0.000,18.0,77.2,0.000,105.0,pause,labview_bridge
ARO-01,2026-05-28T23:42:30.118Z,4031,A_linear,healthy,pause,0.909,0.000,17.9,77.4,0.000,105.0,pause,labview_bridge
ARO-01,2026-05-28T23:42:31.119Z,4032,A_linear,healthy,pause,0.921,0.006,17.9,77.5,0.011,105.0,pause,labview_bridge
ARO-01,2026-05-28T23:42:32.119Z,4033,A_linear,healthy,pause,0.951,0.004,17.9,77.6,0.007,105.0,pause,labview_bridge
ARO-01,2026-05-28T23:42:33.120Z,4034,A_linear,healthy,pause,0.921,0.000,17.9,77.6,0.000,105.0,pause,labview_bridge
ARO-01,2026-05-28T23:42:34.121Z,4035,A_linear,healthy,pause,0.945,0.000,17.8,77.8,0.000,105.0,pause,labview_bridge
ARO-01,2026-05-28T23:42:35.121Z,4036,A_linear,healthy,pause,0.919,0.003,17.8,77.8,0.006,105.0,pause,labview_bridge
ARO-01,2026-05-28T23:42:36.122Z,4037,A_linear,healthy,pause,0.931,0.012,17.7,77.7,0.021,105.0,pause,labview_bridge
ARO-01,2026-05-28T23:42:37.123Z,4038,A_linear,healthy,pause,0.928,0.000,17.8,77.8,0.000,105.0,pause,labview_bridge
ARO-01,2026-05-28T23:42:38.123Z,4039,A_linear,healthy,pause,0.955,0.007,17.7,77.8,0.013,105.0,pause,labview_bridge
ARO-01,2026-05-28T23:42:39.124Z,4040,A_linear,healthy,pause,0.991,0.012,17.8,77.9,0.021,105.0,pause,labview_bridge
ARO-01,2026-05-28T23:42:40.125Z,4041,A_linear,healthy,pause,0.961,0.000,17.7,78.2,0.000,105.0,pause,labview_bridge
ARO-01,2026-05-28T23:42:41.125Z,4042,A_linear,healthy,pause,0.951,0.000,17.8,78.4,0.000,105.0,pause,labview_bridge
ARO-01,2026-05-28T23:42:42.125Z,4043,A_linear,healthy,pause,1.006,0.013,17.7,78.8,0.023,105.0,pause,labview_bridge
ARO-01,2026-05-28T23:42:43.126Z,4044,A_linear,healthy,pause,0.963,0.000,17.8,78.6,0.000,105.0,pause,labview_bridge
ARO-01,2026-05-28T23:42:44.126Z,4045,A_linear,healthy,pause,0.981,0.001,17.7,78.5,0.003,105.0,pause,labview_bridge
ARO-01,2026-05-28T23:42:45.127Z,4046,A_linear,healthy,pause,1.002,0.003,17.7,78.5,0.005,105.0,pause,labview_bridge
ARO-01,2026-05-28T23:42:46.128Z,4047,A_linear,healthy,pause,1.015,0.003,17.7,78.4,0.006,105.0,pause,labview_bridge
ARO-01,2026-05-28T23:42:47.129Z,4048,A_linear,healthy,ascent,1.021,0.514,17.8,78.4,0.927,45.0,ascent,labview_bridge
ARO-01,2026-05-28T23:42:48.130Z,4049,A_linear,healthy,ascent,1.026,0.506,17.8,78.6,0.913,45.0,ascent,labview_bridge
ARO-01,2026-05-28T23:42:49.130Z,4050,A_linear,healthy,ascent,1.036,0.509,17.8,78.9,0.919,45.0,ascent,labview_bridge
ARO-01,2026-05-28T23:42:50.131Z,4051,A_linear,healthy,ascent,1.034,0.510,17.8,78.8,0.920,45.0,ascent,labview_bridge
ARO-01,2026-05-28T23:42:51.132Z,4052,A_linear,healthy,ascent,1.039,0.514,17.9,78.9,0.927,45.0,ascent,labview_bridge
ARO-01,2026-05-28T23:42:52.133Z,4053,A_linear,healthy,ascent,1.053,0.507,18.0,78.7,0.914,45.0,ascent,labview_bridge
ARO-01,2026-05-28T23:42:53.134Z,4054,A_linear,healthy,ascent,1.039,0.505,18.1,79.0,0.912,45.0,ascent,labview_bridge
ARO-01,2026-05-28T23:42:54.134Z,4055,A_linear,healthy,ascent,1.057,0.506,18.2,78.7,0.912,45.0,ascent,labview_bridge
ARO-01,2026-05-28T23:42:55.135Z,4056,A_linear,healthy,ascent,1.084,0.518,18.2,78.8,0.934,45.0,ascent,labview_bridge
ARO-01,2026-05-28T23:42:56.136Z,4057,A_linear,healthy,ascent,1.032,0.511,18.3,78.6,0.922,45.0,ascent,labview_bridge
ARO-01,2026-05-28T23:42:57.137Z,4058,A_linear,healthy,ascent,1.050,0.508,18.2,78.3,0.917,45.0,ascent,labview_bridge
ARO-01,2026-05-28T23:42:58.138Z,4059,A_linear,healthy,ascent,1.047,0.516,18.2,78.4,0.931,45.0,ascent,labview_bridge
ARO-01,2026-05-28T23:42:59.139Z,4060,A_linear,healthy,descent,1.016,0.360,18.1,78.4,0.649,45.0,descent,labview_bridge
ARO-01,2026-05-28T23:43:00.139Z,4061,A_linear,healthy,descent,1.036,0.358,18.2,78.5,0.645,45.0,descent,labview_bridge
ARO-01,2026-05-28T23:43:01.139Z,4062,A_linear,healthy,descent,1.011,0.355,18.2,78.5,0.640,45.0,descent,labview_bridge
ARO-01,2026-05-28T23:43:02.140Z,4063,A_linear,healthy,descent,1.025,0.354,18.2,78.1,0.639,45.0,descent,labview_bridge
ARO-01,2026-05-28T23:43:03.140Z,4064,A_linear,healthy,descent,0.997,0.351,18.1,78.3,0.634,45.0,descent,labview_bridge
ARO-01,2026-05-28T23:43:04.140Z,4065,A_linear,healthy,descent,1.029,0.352,18.2,78.2,0.636,45.0,descent,labview_bridge
ARO-01,2026-05-28T23:43:05.141Z,4066,A_linear,healthy,descent,1.008,0.336,18.1,78.3,0.606,45.0,descent,labview_bridge
ARO-01,2026-05-28T23:43:06.142Z,4067,A_linear,healthy,descent,0.992,0.349,18.1,78.1,0.630,45.0,descent,labview_bridge
ARO-01,2026-05-28T23:43:07.142Z,4068,A_linear,healthy,descent,0.963,0.346,18.0,78.4,0.624,45.0,descent,labview_bridge
ARO-01,2026-05-28T23:43:08.143Z,4069,A_linear,healthy,descent,0.964,0.350,18.1,78.3,0.632,45.0,descent,labview_bridge
ARO-01,2026-05-28T23:43:09.143Z,4070,A_linear,healthy,descent,0.970,0.327,18.1,78.2,0.589,45.0,descent,labview_bridge
ARO-01,2026-05-28T23:43:10.144Z,4071,A_linear,healthy,descent,0.938,0.349,18.1,78.2,0.629,45.0,descent,labview_bridge
ARO-01,2026-05-28T23:43:11.145Z,4072,A_linear,healthy,pause,0.953,0.006,18.1,78.2,0.010,45.0,pause,labview_bridge
ARO-01,2026-05-28T23:43:12.145Z,4073,A_linear,healthy,pause,0.946,0.000,18.1,78.3,0.000,45.0,pause,labview_bridge
ARO-01,2026-05-28T23:43:13.146Z,4074,A_linear,healthy,pause,0.954,0.009,18.1,78.5,0.017,45.0,pause,labview_bridge
ARO-01,2026-05-28T23:43:14.146Z,4075,A_linear,healthy,pause,0.937,0.005,18.1,78.7,0.008,45.0,pause,labview_bridge
ARO-01,2026-05-28T23:43:15.147Z,4076,A_linear,healthy,pause,0.941,0.000,18.1,78.7,0.000,45.0,pause,labview_bridge
ARO-01,2026-05-28T23:43:16.148Z,4077,A_linear,healthy,pause,0.945,0.000,17.9,78.8,0.001,45.0,pause,labview_bridge
ARO-01,2026-05-28T23:43:17.149Z,4078,A_linear,healthy,pause,0.944,0.005,18.0,78.9,0.008,45.0,pause,labview_bridge
ARO-01,2026-05-28T23:43:18.149Z,4079,A_linear,healthy,pause,0.919,0.000,18.0,79.0,0.000,45.0,pause,labview_bridge
ARO-01,2026-05-28T23:43:19.150Z,4080,A_linear,healthy,pause,0.944,0.000,18.0,79.1,0.000,45.0,pause,labview_bridge
ARO-01,2026-05-28T23:43:20.150Z,4081,A_linear,healthy,pause,0.942,0.004,17.9,78.7,0.007,45.0,pause,labview_bridge
ARO-01,2026-05-28T23:43:21.151Z,4082,A_linear,healthy,pause,0.934,0.000,17.9,78.4,0.000,45.0,pause,labview_bridge
ARO-01,2026-05-28T23:43:22.152Z,4083,A_linear,healthy,pause,0.932,0.000,18.0,78.5,0.000,45.0,pause,labview_bridge
ARO-01,2026-05-28T23:43:23.152Z,4084,A_linear,healthy,pause,0.944,0.010,18.0,78.7,0.018,45.0,pause,labview_bridge
ARO-01,2026-05-28T23:43:24.153Z,4085,A_linear,healthy,pause,0.934,0.003,18.0,78.7,0.006,45.0,pause,labview_bridge
ARO-01,2026-05-28T23:43:25.154Z,4086,A_linear,healthy,pause,0.977,0.000,18.0,78.6,0.000,45.0,pause,labview_bridge
ARO-01,2026-05-28T23:43:26.155Z,4087,A_linear,healthy,pause,0.973,0.000,18.1,78.9,0.000,45.0,pause,labview_bridge
ARO-01,2026-05-28T23:43:27.155Z,4088,A_linear,healthy,pause,1.002,0.002,18.1,79.0,0.004,45.0,pause,labview_bridge
ARO-01,2026-05-28T23:43:28.156Z,4089,A_linear,healthy,pause,1.010,0.001,18.1,78.9,0.002,45.0,pause,labview_bridge
ARO-01,2026-05-28T23:43:29.156Z,4090,A_linear,healthy,pause,0.991,0.008,18.0,78.8,0.014,45.0,pause,labview_bridge
ARO-01,2026-05-28T23:43:30.156Z,4091,A_linear,healthy,pause,1.000,0.000,18.0,78.6,0.000,45.0,pause,labview_bridge
ARO-01,2026-05-28T23:43:31.174Z,4092,A_linear,healthy,ascent,1.031,0.567,18.2,79.1,1.023,60.0,ascent,labview_bridge
ARO-01,2026-05-28T23:43:32.176Z,4093,A_linear,healthy,ascent,1.031,0.579,18.2,78.9,1.044,60.0,ascent,labview_bridge
ARO-01,2026-05-28T23:43:33.177Z,4094,A_linear,healthy,ascent,1.018,0.582,18.3,78.8,1.051,60.0,ascent,labview_bridge
ARO-01,2026-05-28T23:43:34.177Z,4095,A_linear,healthy,ascent,1.061,0.575,18.2,78.5,1.038,60.0,ascent,labview_bridge
ARO-01,2026-05-28T23:43:35.178Z,4096,A_linear,healthy,ascent,1.062,0.574,18.3,78.2,1.036,60.0,ascent,labview_bridge
ARO-01,2026-05-28T23:43:36.178Z,4097,A_linear,healthy,ascent,1.032,0.570,18.3,78.2,1.029,60.0,ascent,labview_bridge
ARO-01,2026-05-28T23:43:37.179Z,4098,A_linear,healthy,ascent,1.045,0.570,18.3,78.0,1.029,60.0,ascent,labview_bridge
ARO-01,2026-05-28T23:43:38.179Z,4099,A_linear,healthy,ascent,1.067,0.577,18.4,78.1,1.041,60.0,ascent,labview_bridge
ARO-01,2026-05-28T23:43:39.180Z,4100,A_linear,healthy,ascent,1.071,0.582,18.4,78.2,1.050,60.0,ascent,labview_bridge
ARO-01,2026-05-28T23:43:40.180Z,4101,A_linear,healthy,ascent,1.056,0.568,18.5,78.0,1.025,60.0,ascent,labview_bridge
ARO-01,2026-05-28T23:43:41.180Z,4102,A_linear,healthy,ascent,1.054,0.573,18.6,78.2,1.034,60.0,ascent,labview_bridge
ARO-01,2026-05-28T23:43:42.181Z,4103,A_linear,healthy,ascent,1.040,0.564,18.5,78.3,1.018,60.0,ascent,labview_bridge
ARO-01,2026-05-28T23:43:43.181Z,4104,A_linear,healthy,descent,1.021,0.343,18.6,78.6,0.618,60.0,descent,labview_bridge
ARO-01,2026-05-28T23:43:44.181Z,4105,A_linear,healthy,descent,1.032,0.356,18.6,78.5,0.642,60.0,descent,labview_bridge
ARO-01,2026-05-28T23:43:45.182Z,4106,A_linear,healthy,descent,1.027,0.349,18.7,78.8,0.629,60.0,descent,labview_bridge
ARO-01,2026-05-28T23:43:46.183Z,4107,A_linear,healthy,descent,1.014,0.346,18.7,78.9,0.624,60.0,descent,labview_bridge
ARO-01,2026-05-28T23:43:47.183Z,4108,A_linear,healthy,descent,1.040,0.355,18.8,78.9,0.640,60.0,descent,labview_bridge
ARO-01,2026-05-28T23:43:48.184Z,4109,A_linear,healthy,descent,1.012,0.359,18.8,78.8,0.648,60.0,descent,labview_bridge
ARO-01,2026-05-28T23:43:49.184Z,4110,A_linear,healthy,descent,1.009,0.350,18.8,78.8,0.631,60.0,descent,labview_bridge
ARO-01,2026-05-28T23:43:50.185Z,4111,A_linear,healthy,descent,0.985,0.362,18.7,78.9,0.652,60.0,descent,labview_bridge
ARO-01,2026-05-28T23:43:51.186Z,4112,A_linear,healthy,descent,0.984,0.350,18.9,79.0,0.632,60.0,descent,labview_bridge
ARO-01,2026-05-28T23:43:52.187Z,4113,A_linear,healthy,descent,0.969,0.351,18.9,79.0,0.634,60.0,descent,labview_bridge
ARO-01,2026-05-28T23:43:53.187Z,4114,A_linear,healthy,descent,0.962,0.355,18.9,79.1,0.640,60.0,descent,labview_bridge
ARO-01,2026-05-28T23:43:54.188Z,4115,A_linear,healthy,descent,0.957,0.359,18.9,79.2,0.647,60.0,descent,labview_bridge
ARO-01,2026-05-28T23:43:55.189Z,4116,A_linear,healthy,pause,0.954,0.012,18.7,78.7,0.021,60.0,pause,labview_bridge
ARO-01,2026-05-28T23:43:56.189Z,4117,A_linear,healthy,pause,0.951,0.007,18.6,78.9,0.012,60.0,pause,labview_bridge
ARO-01,2026-05-28T23:43:57.190Z,4118,A_linear,healthy,pause,0.925,0.000,18.6,78.7,0.000,60.0,pause,labview_bridge
ARO-01,2026-05-28T23:43:58.190Z,4119,A_linear,healthy,pause,0.934,0.001,18.5,78.8,0.001,60.0,pause,labview_bridge
ARO-01,2026-05-28T23:43:59.191Z,4120,A_linear,healthy,pause,0.925,0.000,18.5,79.1,0.000,60.0,pause,labview_bridge
ARO-01,2026-05-28T23:44:00.192Z,4121,A_linear,healthy,pause,0.921,0.000,18.3,79.3,0.000,60.0,pause,labview_bridge
ARO-01,2026-05-28T23:44:01.193Z,4122,A_linear,healthy,pause,0.914,0.010,18.2,79.3,0.019,60.0,pause,labview_bridge
ARO-01,2026-05-28T23:44:02.193Z,4123,A_linear,healthy,pause,0.910,0.005,18.2,79.3,0.009,60.0,pause,labview_bridge
ARO-01,2026-05-28T23:44:03.193Z,4124,A_linear,healthy,pause,0.945,0.011,18.3,79.4,0.019,60.0,pause,labview_bridge
ARO-01,2026-05-28T23:44:04.194Z,4125,A_linear,healthy,pause,0.937,0.001,18.3,79.3,0.001,60.0,pause,labview_bridge
ARO-01,2026-05-28T23:44:05.195Z,4126,A_linear,healthy,pause,0.938,0.000,18.3,79.2,0.000,60.0,pause,labview_bridge
ARO-01,2026-05-28T23:44:06.196Z,4127,A_linear,healthy,pause,0.952,0.000,18.2,79.0,0.000,60.0,pause,labview_bridge
ARO-01,2026-05-28T23:44:07.196Z,4128,A_linear,healthy,pause,0.956,0.000,18.2,78.9,0.000,60.0,pause,labview_bridge
ARO-01,2026-05-28T23:44:08.197Z,4129,A_linear,healthy,pause,0.970,0.011,18.1,78.8,0.020,60.0,pause,labview_bridge
ARO-01,2026-05-28T23:44:09.198Z,4130,A_linear,healthy,pause,0.968,0.007,18.2,78.9,0.013,60.0,pause,labview_bridge
ARO-01,2026-05-28T23:44:10.199Z,4131,A_linear,healthy,pause,0.977,0.000,18.2,79.1,0.000,60.0,pause,labview_bridge
ARO-01,2026-05-28T23:44:11.199Z,4132,A_linear,healthy,pause,0.973,0.000,18.2,79.1,0.000,60.0,pause,labview_bridge
ARO-01,2026-05-28T23:44:12.200Z,4133,A_linear,healthy,pause,0.965,0.000,18.2,79.0,0.000,60.0,pause,labview_bridge
ARO-01,2026-05-28T23:44:13.200Z,4134,A_linear,healthy,pause,1.012,0.006,18.2,78.7,0.012,60.0,pause,labview_bridge
ARO-01,2026-05-28T23:44:14.201Z,4135,A_linear,healthy,pause,0.997,0.009,18.1,78.8,0.015,60.0,pause,labview_bridge
ARO-01,2026-05-28T23:44:15.202Z,4136,A_linear,healthy,ascent,1.037,0.630,18.2,78.9,1.137,75.0,ascent,labview_bridge
ARO-01,2026-05-28T23:44:16.202Z,4137,A_linear,healthy,ascent,1.017,0.630,18.2,78.9,1.138,75.0,ascent,labview_bridge
ARO-01,2026-05-28T23:44:17.203Z,4138,A_linear,healthy,ascent,1.041,0.642,18.4,79.0,1.158,75.0,ascent,labview_bridge
ARO-01,2026-05-28T23:44:18.204Z,4139,A_linear,healthy,ascent,1.045,0.639,18.4,79.0,1.153,75.0,ascent,labview_bridge
ARO-01,2026-05-28T23:44:19.205Z,4140,A_linear,healthy,ascent,1.043,0.642,18.5,78.9,1.159,75.0,ascent,labview_bridge
ARO-01,2026-05-28T23:44:20.205Z,4141,A_linear,healthy,ascent,1.014,0.638,18.6,78.7,1.152,75.0,ascent,labview_bridge
ARO-01,2026-05-28T23:44:21.205Z,4142,A_linear,healthy,ascent,1.059,0.647,18.7,78.9,1.167,75.0,ascent,labview_bridge
ARO-01,2026-05-28T23:44:22.206Z,4143,A_linear,healthy,ascent,1.060,0.635,18.7,79.0,1.145,75.0,ascent,labview_bridge
ARO-01,2026-05-28T23:44:23.207Z,4144,A_linear,healthy,ascent,1.035,0.644,18.7,78.8,1.163,75.0,ascent,labview_bridge
ARO-01,2026-05-28T23:44:24.208Z,4145,A_linear,healthy,ascent,1.065,0.641,18.8,79.0,1.157,75.0,ascent,labview_bridge
ARO-01,2026-05-28T23:44:25.208Z,4146,A_linear,healthy,ascent,1.043,0.630,18.8,79.1,1.138,75.0,ascent,labview_bridge
ARO-01,2026-05-28T23:44:26.209Z,4147,A_linear,healthy,ascent,1.047,0.640,18.8,79.0,1.154,75.0,ascent,labview_bridge
ARO-01,2026-05-28T23:44:27.210Z,4148,A_linear,healthy,descent,1.056,0.338,18.7,78.9,0.610,75.0,descent,labview_bridge
ARO-01,2026-05-28T23:44:28.211Z,4149,A_linear,healthy,descent,1.043,0.347,18.8,78.8,0.626,75.0,descent,labview_bridge
ARO-01,2026-05-28T23:44:29.212Z,4150,A_linear,healthy,descent,1.015,0.347,18.9,79.1,0.626,75.0,descent,labview_bridge
ARO-01,2026-05-28T23:44:30.212Z,4151,A_linear,healthy,descent,1.025,0.358,18.8,79.1,0.646,75.0,descent,labview_bridge
ARO-01,2026-05-28T23:44:31.213Z,4152,A_linear,healthy,descent,1.022,0.349,18.8,79.3,0.629,75.0,descent,labview_bridge
ARO-01,2026-05-28T23:44:32.213Z,4153,A_linear,healthy,descent,0.981,0.357,18.8,79.3,0.644,75.0,descent,labview_bridge
ARO-01,2026-05-28T23:44:33.214Z,4154,A_linear,healthy,descent,0.979,0.357,18.8,79.2,0.644,75.0,descent,labview_bridge
ARO-01,2026-05-28T23:44:34.215Z,4155,A_linear,healthy,descent,0.976,0.334,18.8,79.0,0.603,75.0,descent,labview_bridge
ARO-01,2026-05-28T23:44:35.215Z,4156,A_linear,healthy,descent,1.000,0.336,18.9,79.1,0.607,75.0,descent,labview_bridge
ARO-01,2026-05-28T23:44:36.216Z,4157,A_linear,healthy,descent,0.952,0.357,18.9,79.1,0.644,75.0,descent,labview_bridge
ARO-01,2026-05-28T23:44:37.216Z,4158,A_linear,healthy,descent,0.961,0.343,18.9,79.2,0.619,75.0,descent,labview_bridge
ARO-01,2026-05-28T23:44:38.217Z,4159,A_linear,healthy,descent,0.977,0.352,19.0,79.2,0.635,75.0,descent,labview_bridge
ARO-01,2026-05-28T23:44:39.218Z,4160,A_linear,healthy,pause,0.953,0.002,19.0,79.2,0.003,75.0,pause,labview_bridge
ARO-01,2026-05-28T23:44:40.218Z,4161,A_linear,healthy,pause,0.948,0.002,19.0,79.4,0.004,75.0,pause,labview_bridge
ARO-01,2026-05-28T23:44:41.219Z,4162,A_linear,healthy,pause,0.964,0.014,18.9,79.4,0.024,75.0,pause,labview_bridge
ARO-01,2026-05-28T23:44:42.220Z,4163,A_linear,healthy,pause,0.939,0.000,18.9,79.4,0.000,75.0,pause,labview_bridge
ARO-01,2026-05-28T23:44:43.220Z,4164,A_linear,healthy,pause,0.934,0.000,19.0,79.7,0.000,75.0,pause,labview_bridge
ARO-01,2026-05-28T23:44:44.221Z,4165,A_linear,healthy,pause,0.911,0.000,18.9,79.6,0.000,75.0,pause,labview_bridge
ARO-01,2026-05-28T23:44:45.222Z,4166,A_linear,healthy,pause,0.939,0.000,18.9,79.5,0.000,75.0,pause,labview_bridge
ARO-01,2026-05-28T23:44:46.222Z,4167,A_linear,healthy,pause,0.928,0.000,18.8,79.3,0.000,75.0,pause,labview_bridge
ARO-01,2026-05-28T23:44:47.223Z,4168,A_linear,healthy,pause,0.927,0.001,18.8,79.6,0.002,75.0,pause,labview_bridge
ARO-01,2026-05-28T23:44:48.224Z,4169,A_linear,healthy,pause,0.946,0.000,18.7,79.7,0.000,75.0,pause,labview_bridge
ARO-01,2026-05-28T23:44:49.224Z,4170,A_linear,healthy,pause,0.966,0.000,18.6,79.7,0.000,75.0,pause,labview_bridge
ARO-01,2026-05-28T23:44:50.225Z,4171,A_linear,healthy,pause,0.922,0.001,18.7,79.8,0.003,75.0,pause,labview_bridge
ARO-01,2026-05-28T23:44:51.225Z,4172,A_linear,healthy,pause,0.956,0.003,18.6,79.8,0.006,75.0,pause,labview_bridge
ARO-01,2026-05-28T23:44:52.226Z,4173,A_linear,healthy,pause,0.976,0.000,18.5,79.7,0.000,75.0,pause,labview_bridge
ARO-01,2026-05-28T23:44:53.227Z,4174,A_linear,healthy,pause,0.949,0.000,18.6,79.5,0.000,75.0,pause,labview_bridge
ARO-01,2026-05-28T23:44:54.227Z,4175,A_linear,healthy,pause,0.994,0.000,18.6,79.5,0.000,75.0,pause,labview_bridge
ARO-01,2026-05-28T23:44:55.228Z,4176,A_linear,healthy,pause,1.006,0.000,18.7,79.2,0.000,75.0,pause,labview_bridge
ARO-01,2026-05-28T23:44:56.229Z,4177,A_linear,healthy,pause,0.974,0.000,18.7,79.5,0.000,75.0,pause,labview_bridge
ARO-01,2026-05-28T23:44:57.230Z,4178,A_linear,healthy,pause,1.009,0.001,18.7,79.4,0.001,75.0,pause,labview_bridge
ARO-01,2026-05-28T23:44:58.230Z,4179,A_linear,healthy,pause,1.003,0.000,18.7,79.5,0.000,75.0,pause,labview_bridge
ARO-01,2026-05-28T23:44:59.231Z,4180,A_linear,healthy,ascent,1.023,0.766,18.8,79.2,1.382,105.0,ascent,labview_bridge
ARO-01,2026-05-28T23:45:00.232Z,4181,A_linear,healthy,ascent,1.019,0.766,19.0,79.1,1.381,105.0,ascent,labview_bridge
ARO-01,2026-05-28T23:45:01.233Z,4182,A_linear,healthy,ascent,1.038,0.761,19.1,78.9,1.373,105.0,ascent,labview_bridge
ARO-01,2026-05-28T23:45:02.236Z,4183,A_linear,healthy,ascent,1.029,0.759,19.1,79.0,1.370,105.0,ascent,labview_bridge
ARO-01,2026-05-28T23:45:03.237Z,4184,A_linear,healthy,ascent,1.030,0.760,19.2,79.2,1.371,105.0,ascent,labview_bridge
ARO-01,2026-05-28T23:45:04.238Z,4185,A_linear,healthy,ascent,1.073,0.769,19.2,79.0,1.387,105.0,ascent,labview_bridge
ARO-01,2026-05-28T23:45:05.238Z,4186,A_linear,healthy,ascent,1.074,0.770,19.2,78.9,1.390,105.0,ascent,labview_bridge
ARO-01,2026-05-28T23:45:06.239Z,4187,A_linear,healthy,ascent,1.067,0.774,19.2,78.9,1.396,105.0,ascent,labview_bridge
ARO-01,2026-05-28T23:45:07.239Z,4188,A_linear,healthy,ascent,1.046,0.761,19.2,79.0,1.374,105.0,ascent,labview_bridge
ARO-01,2026-05-28T23:45:08.240Z,4189,A_linear,healthy,ascent,1.065,0.771,19.3,79.0,1.391,105.0,ascent,labview_bridge
ARO-01,2026-05-28T23:45:09.240Z,4190,A_linear,healthy,ascent,1.058,0.774,19.3,79.1,1.396,105.0,ascent,labview_bridge
ARO-01,2026-05-28T23:45:10.241Z,4191,A_linear,healthy,ascent,1.027,0.763,19.2,79.3,1.376,105.0,ascent,labview_bridge
ARO-01,2026-05-28T23:45:11.241Z,4192,A_linear,healthy,descent,1.053,0.346,19.3,79.4,0.624,105.0,descent,labview_bridge
ARO-01,2026-05-28T23:45:12.242Z,4193,A_linear,healthy,descent,1.012,0.349,19.3,79.5,0.629,105.0,descent,labview_bridge
ARO-01,2026-05-28T23:45:13.243Z,4194,A_linear,healthy,descent,1.065,0.350,19.3,79.4,0.631,105.0,descent,labview_bridge
ARO-01,2026-05-28T23:45:14.244Z,4195,A_linear,healthy,descent,1.006,0.359,19.3,79.5,0.647,105.0,descent,labview_bridge
ARO-01,2026-05-28T23:45:15.245Z,4196,A_linear,healthy,descent,1.007,0.359,19.4,79.4,0.647,105.0,descent,labview_bridge
ARO-01,2026-05-28T23:45:16.245Z,4197,A_linear,healthy,descent,1.017,0.345,19.5,79.5,0.622,105.0,descent,labview_bridge
ARO-01,2026-05-28T23:45:17.246Z,4198,A_linear,healthy,descent,1.007,0.343,19.6,79.5,0.619,105.0,descent,labview_bridge
ARO-01,2026-05-28T23:45:18.247Z,4199,A_linear,healthy,descent,1.012,0.346,19.5,79.5,0.625,105.0,descent,labview_bridge
ARO-01,2026-05-28T23:45:19.247Z,4200,A_linear,healthy,descent,0.976,0.362,19.5,79.5,0.653,105.0,descent,labview_bridge
ARO-01,2026-05-28T23:45:20.248Z,4201,A_linear,healthy,descent,0.987,0.362,19.6,79.4,0.653,105.0,descent,labview_bridge
ARO-01,2026-05-28T23:45:21.249Z,4202,A_linear,healthy,descent,0.939,0.340,19.4,79.2,0.613,105.0,descent,labview_bridge
ARO-01,2026-05-28T23:45:22.249Z,4203,A_linear,healthy,descent,0.944,0.355,19.5,79.3,0.640,105.0,descent,labview_bridge
ARO-01,2026-05-28T23:45:23.250Z,4204,A_linear,healthy,pause,0.942,0.013,19.5,79.3,0.023,105.0,pause,labview_bridge
ARO-01,2026-05-28T23:45:24.250Z,4205,A_linear,healthy,pause,0.948,0.000,19.4,79.4,0.000,105.0,pause,labview_bridge
ARO-01,2026-05-28T23:45:25.251Z,4206,A_linear,healthy,pause,0.959,0.005,19.4,79.2,0.010,105.0,pause,labview_bridge
ARO-01,2026-05-28T23:45:26.252Z,4207,A_linear,healthy,pause,0.940,0.000,19.3,79.1,0.000,105.0,pause,labview_bridge
ARO-01,2026-05-28T23:45:27.253Z,4208,A_linear,healthy,pause,0.914,0.005,19.3,78.8,0.009,105.0,pause,labview_bridge
ARO-01,2026-05-28T23:45:28.253Z,4209,A_linear,healthy,pause,0.934,0.000,19.3,78.9,0.000,105.0,pause,labview_bridge
ARO-01,2026-05-28T23:45:29.254Z,4210,A_linear,healthy,pause,0.910,0.000,19.3,78.8,0.000,105.0,pause,labview_bridge
ARO-01,2026-05-28T23:45:30.255Z,4211,A_linear,healthy,pause,0.914,0.004,19.3,78.7,0.006,105.0,pause,labview_bridge
ARO-01,2026-05-28T23:45:31.257Z,4212,A_linear,healthy,pause,0.939,0.000,19.3,78.8,0.000,105.0,pause,labview_bridge
ARO-01,2026-05-28T23:45:32.257Z,4213,A_linear,healthy,pause,0.949,0.000,19.3,78.7,0.000,105.0,pause,labview_bridge
ARO-01,2026-05-28T23:45:33.258Z,4214,A_linear,healthy,pause,0.962,0.000,19.2,79.1,0.000,105.0,pause,labview_bridge
ARO-01,2026-05-28T23:45:34.258Z,4215,A_linear,healthy,pause,0.967,0.000,19.2,79.1,0.000,105.0,pause,labview_bridge
ARO-01,2026-05-28T23:45:35.259Z,4216,A_linear,healthy,pause,0.954,0.000,19.2,78.9,0.000,105.0,pause,labview_bridge
ARO-01,2026-05-28T23:45:36.259Z,4217,A_linear,healthy,pause,0.977,0.000,19.2,79.0,0.000,105.0,pause,labview_bridge
ARO-01,2026-05-28T23:45:37.260Z,4218,A_linear,healthy,pause,0.978,0.000,19.1,79.0,0.000,105.0,pause,labview_bridge
ARO-01,2026-05-28T23:45:38.261Z,4219,A_linear,healthy,pause,0.982,0.000,19.1,79.2,0.000,105.0,pause,labview_bridge
ARO-01,2026-05-28T23:45:39.262Z,4220,A_linear,healthy,pause,0.973,0.004,19.1,79.0,0.007,105.0,pause,labview_bridge
ARO-01,2026-05-28T23:45:40.263Z,4221,A_linear,healthy,pause,0.974,0.005,19.1,78.8,0.009,105.0,pause,labview_bridge
ARO-01,2026-05-28T23:45:41.264Z,4222,A_linear,healthy,pause,1.005,0.003,19.1,78.8,0.005,105.0,pause,labview_bridge
ARO-01,2026-05-28T23:45:42.264Z,4223,A_linear,healthy,pause,1.002,0.002,19.2,79.1,0.003,105.0,pause,labview_bridge
ARO-01,2026-05-28T23:45:43.265Z,4224,A_linear,healthy,ascent,1.010,0.502,19.3,78.8,0.906,45.0,ascent,labview_bridge
ARO-01,2026-05-28T23:45:44.266Z,4225,A_linear,healthy,ascent,1.049,0.519,19.5,78.7,0.937,45.0,ascent,labview_bridge
ARO-01,2026-05-28T23:45:45.267Z,4226,A_linear,healthy,ascent,1.029,0.499,19.5,78.9,0.899,45.0,ascent,labview_bridge
ARO-01,2026-05-28T23:45:46.267Z,4227,A_linear,healthy,ascent,1.050,0.514,19.6,79.1,0.927,45.0,ascent,labview_bridge
ARO-01,2026-05-28T23:45:47.268Z,4228,A_linear,healthy,ascent,1.045,0.511,19.6,79.2,0.922,45.0,ascent,labview_bridge
ARO-01,2026-05-28T23:45:48.269Z,4229,A_linear,healthy,ascent,1.037,0.511,19.6,79.2,0.923,45.0,ascent,labview_bridge
ARO-01,2026-05-28T23:45:49.270Z,4230,A_linear,healthy,ascent,1.054,0.510,19.7,79.4,0.921,45.0,ascent,labview_bridge
ARO-01,2026-05-28T23:45:50.270Z,4231,A_linear,healthy,ascent,1.027,0.518,19.8,79.6,0.935,45.0,ascent,labview_bridge
ARO-01,2026-05-28T23:45:51.271Z,4232,A_linear,healthy,ascent,1.064,0.522,19.7,79.6,0.941,45.0,ascent,labview_bridge
ARO-01,2026-05-28T23:45:52.271Z,4233,A_linear,healthy,ascent,1.025,0.507,19.8,79.6,0.915,45.0,ascent,labview_bridge
ARO-01,2026-05-28T23:45:53.272Z,4234,A_linear,healthy,ascent,1.054,0.493,19.7,79.7,0.890,45.0,ascent,labview_bridge
ARO-01,2026-05-28T23:45:54.273Z,4235,A_linear,healthy,ascent,1.070,0.504,19.8,79.7,0.909,45.0,ascent,labview_bridge
ARO-01,2026-05-28T23:45:55.273Z,4236,A_linear,healthy,descent,1.022,0.354,19.8,79.5,0.638,45.0,descent,labview_bridge
ARO-01,2026-05-28T23:45:56.274Z,4237,A_linear,healthy,descent,1.029,0.338,19.8,79.3,0.609,45.0,descent,labview_bridge
ARO-01,2026-05-28T23:45:57.274Z,4238,A_linear,healthy,descent,1.061,0.347,19.8,79.2,0.625,45.0,descent,labview_bridge
ARO-01,2026-05-28T23:45:58.275Z,4239,A_linear,healthy,descent,1.030,0.341,19.9,79.4,0.614,45.0,descent,labview_bridge
ARO-01,2026-05-28T23:45:59.276Z,4240,A_linear,healthy,descent,1.025,0.356,19.9,79.6,0.643,45.0,descent,labview_bridge
ARO-01,2026-05-28T23:46:00.298Z,4241,A_linear,healthy,descent,1.024,0.355,19.9,79.6,0.640,45.0,descent,labview_bridge
ARO-01,2026-05-28T23:46:01.302Z,4242,A_linear,healthy,descent,0.988,0.358,20.0,79.7,0.646,45.0,descent,labview_bridge
ARO-01,2026-05-28T23:46:02.309Z,4243,A_linear,healthy,descent,0.986,0.347,20.1,79.7,0.625,45.0,descent,labview_bridge
ARO-01,2026-05-28T23:46:03.311Z,4244,A_linear,healthy,descent,0.969,0.341,20.1,80.0,0.616,45.0,descent,labview_bridge
ARO-01,2026-05-28T23:46:04.319Z,4245,A_linear,healthy,descent,0.989,0.341,20.1,79.8,0.616,45.0,descent,labview_bridge
ARO-01,2026-05-28T23:46:05.323Z,4246,A_linear,healthy,descent,0.944,0.353,20.1,79.9,0.638,45.0,descent,labview_bridge
ARO-01,2026-05-28T23:46:06.324Z,4247,A_linear,healthy,descent,0.965,0.348,20.2,80.0,0.628,45.0,descent,labview_bridge
ARO-01,2026-05-28T23:46:07.324Z,4248,A_linear,healthy,pause,0.955,0.000,20.1,80.0,0.000,45.0,pause,labview_bridge
ARO-01,2026-05-28T23:46:08.331Z,4249,A_linear,healthy,pause,0.956,0.002,20.1,79.9,0.004,45.0,pause,labview_bridge
ARO-01,2026-05-28T23:46:09.331Z,4250,A_linear,healthy,pause,0.956,0.000,20.0,79.6,0.000,45.0,pause,labview_bridge
ARO-01,2026-05-28T23:46:10.331Z,4251,A_linear,healthy,pause,0.958,0.008,19.9,79.6,0.015,45.0,pause,labview_bridge
ARO-01,2026-05-28T23:46:11.332Z,4252,A_linear,healthy,pause,0.944,0.010,19.9,79.7,0.018,45.0,pause,labview_bridge
ARO-01,2026-05-28T23:46:12.332Z,4253,A_linear,healthy,pause,0.912,0.004,20.0,79.6,0.008,45.0,pause,labview_bridge
ARO-01,2026-05-28T23:46:13.333Z,4254,A_linear,healthy,pause,0.936,0.006,19.9,79.5,0.011,45.0,pause,labview_bridge
ARO-01,2026-05-28T23:46:14.334Z,4255,A_linear,healthy,pause,0.957,0.000,19.9,79.6,0.000,45.0,pause,labview_bridge
ARO-01,2026-05-28T23:46:15.335Z,4256,A_linear,healthy,pause,0.935,0.000,20.0,79.5,0.000,45.0,pause,labview_bridge
ARO-01,2026-05-28T23:46:16.336Z,4257,A_linear,healthy,pause,0.940,0.000,20.0,79.2,0.000,45.0,pause,labview_bridge
ARO-01,2026-05-28T23:46:17.336Z,4258,A_linear,healthy,pause,0.941,0.000,19.9,79.5,0.000,45.0,pause,labview_bridge
ARO-01,2026-05-28T23:46:18.337Z,4259,A_linear,healthy,pause,0.947,0.006,19.9,79.3,0.011,45.0,pause,labview_bridge
ARO-01,2026-05-28T23:46:19.337Z,4260,A_linear,healthy,pause,0.957,0.002,20.0,79.4,0.004,45.0,pause,labview_bridge
ARO-01,2026-05-28T23:46:20.338Z,4261,A_linear,healthy,pause,0.960,0.006,19.9,79.5,0.011,45.0,pause,labview_bridge
ARO-01,2026-05-28T23:46:21.339Z,4262,A_linear,healthy,pause,0.971,0.004,19.8,79.5,0.006,45.0,pause,labview_bridge
ARO-01,2026-05-28T23:46:22.340Z,4263,A_linear,healthy,pause,0.968,0.004,19.8,79.4,0.007,45.0,pause,labview_bridge
ARO-01,2026-05-28T23:46:23.340Z,4264,A_linear,healthy,pause,0.993,0.003,19.8,79.2,0.006,45.0,pause,labview_bridge
ARO-01,2026-05-28T23:46:24.341Z,4265,A_linear,healthy,pause,0.986,0.002,19.7,79.1,0.003,45.0,pause,labview_bridge
ARO-01,2026-05-28T23:46:25.341Z,4266,A_linear,healthy,pause,0.999,0.000,19.6,78.9,0.000,45.0,pause,labview_bridge
ARO-01,2026-05-28T23:46:26.342Z,4267,A_linear,healthy,pause,1.020,0.000,19.7,78.7,0.000,45.0,pause,labview_bridge
ARO-01,2026-05-28T23:46:27.343Z,4268,A_linear,healthy,ascent,1.011,1.533,19.9,78.7,2.766,285.0,ascent,labview_bridge
ARO-01,2026-05-28T23:46:28.344Z,4269,A_linear,healthy,ascent,1.042,1.531,20.1,78.3,2.763,285.0,ascent,labview_bridge
ARO-01,2026-05-28T23:46:29.344Z,4270,A_linear,healthy,ascent,1.030,1.533,20.4,78.3,2.766,285.0,ascent,labview_bridge
ARO-01,2026-05-28T23:46:30.345Z,4271,A_linear,healthy,ascent,1.033,1.534,20.6,78.2,2.767,285.0,ascent,labview_bridge
ARO-01,2026-05-28T23:46:31.346Z,4272,A_linear,healthy,ascent,1.040,1.533,20.6,78.1,2.766,285.0,ascent,labview_bridge
ARO-01,2026-05-28T23:46:32.350Z,4273,A_linear,healthy,ascent,1.063,1.540,20.8,77.9,2.778,285.0,ascent,labview_bridge
ARO-01,2026-05-28T23:46:33.351Z,4274,A_linear,healthy,ascent,1.063,1.539,20.9,78.2,2.777,285.0,ascent,labview_bridge
ARO-01,2026-05-28T23:46:34.352Z,4275,A_linear,healthy,ascent,1.051,1.532,21.0,78.6,2.764,285.0,ascent,labview_bridge
ARO-01,2026-05-28T23:46:35.353Z,4276,A_linear,healthy,ascent,1.061,1.538,21.1,78.3,2.775,285.0,ascent,labview_bridge
ARO-01,2026-05-28T23:46:36.353Z,4277,A_linear,healthy,ascent,1.048,1.543,21.2,78.4,2.784,285.0,ascent,labview_bridge
ARO-01,2026-05-28T23:46:37.354Z,4278,A_linear,healthy,ascent,1.040,1.523,21.3,78.1,2.748,285.0,ascent,labview_bridge
ARO-01,2026-05-28T23:46:38.354Z,4279,A_linear,healthy,ascent,1.078,1.540,21.4,78.2,2.778,285.0,ascent,labview_bridge
ARO-01,2026-05-28T23:46:39.355Z,4280,A_linear,healthy,descent,1.062,0.346,21.3,78.4,0.624,285.0,descent,labview_bridge
ARO-01,2026-05-28T23:46:40.355Z,4281,A_linear,healthy,descent,1.026,0.355,21.3,78.4,0.641,285.0,descent,labview_bridge
ARO-01,2026-05-28T23:46:41.356Z,4282,A_linear,healthy,descent,1.022,0.350,21.3,78.6,0.631,285.0,descent,labview_bridge
ARO-01,2026-05-28T23:46:42.357Z,4283,A_linear,healthy,descent,1.022,0.342,21.1,79.0,0.616,285.0,descent,labview_bridge
ARO-01,2026-05-28T23:46:43.357Z,4284,A_linear,healthy,descent,1.046,0.344,21.1,78.9,0.621,285.0,descent,labview_bridge
ARO-01,2026-05-28T23:46:44.358Z,4285,A_linear,healthy,descent,0.996,0.352,21.1,79.0,0.636,285.0,descent,labview_bridge
ARO-01,2026-05-28T23:46:45.359Z,4286,A_linear,healthy,descent,1.024,0.362,21.0,78.6,0.653,285.0,descent,labview_bridge
ARO-01,2026-05-28T23:46:46.359Z,4287,A_linear,healthy,descent,0.983,0.351,21.0,78.6,0.634,285.0,descent,labview_bridge
ARO-01,2026-05-28T23:46:47.377Z,4288,A_linear,healthy,descent,0.969,0.349,20.9,78.6,0.630,285.0,descent,labview_bridge
ARO-01,2026-05-28T23:46:48.379Z,4289,A_linear,healthy,descent,0.959,0.344,20.8,78.5,0.620,285.0,descent,labview_bridge
ARO-01,2026-05-28T23:46:49.380Z,4290,A_linear,healthy,descent,0.944,0.339,20.9,78.3,0.612,285.0,descent,labview_bridge
ARO-01,2026-05-28T23:46:50.380Z,4291,A_linear,healthy,descent,0.963,0.350,20.8,78.2,0.631,285.0,descent,labview_bridge
ARO-01,2026-05-28T23:46:51.381Z,4292,A_linear,healthy,pause,0.940,0.000,20.8,78.2,0.000,285.0,pause,labview_bridge
ARO-01,2026-05-28T23:46:52.381Z,4293,A_linear,healthy,pause,0.968,0.000,20.8,78.3,0.000,285.0,pause,labview_bridge
ARO-01,2026-05-28T23:46:53.382Z,4294,A_linear,healthy,pause,0.948,0.002,20.7,78.3,0.003,285.0,pause,labview_bridge
ARO-01,2026-05-28T23:46:54.382Z,4295,A_linear,healthy,pause,0.945,0.004,20.6,78.6,0.007,285.0,pause,labview_bridge
ARO-01,2026-05-28T23:46:55.385Z,4296,A_linear,healthy,pause,0.956,0.011,20.4,78.9,0.020,285.0,pause,labview_bridge
ARO-01,2026-05-28T23:46:56.407Z,4297,A_linear,healthy,pause,0.947,0.000,20.3,79.0,0.000,285.0,pause,labview_bridge
ARO-01,2026-05-28T23:46:57.413Z,4298,A_linear,healthy,pause,0.930,0.000,20.3,79.3,0.000,285.0,pause,labview_bridge
ARO-01,2026-05-28T23:46:58.415Z,4299,A_linear,healthy,pause,0.914,0.000,20.3,79.3,0.000,285.0,pause,labview_bridge
ARO-01,2026-05-28T23:46:59.415Z,4300,A_linear,healthy,pause,0.936,0.003,20.3,79.2,0.005,285.0,pause,labview_bridge
ARO-01,2026-05-28T23:47:00.416Z,4301,A_linear,healthy,pause,0.933,0.001,20.3,79.5,0.001,285.0,pause,labview_bridge
ARO-01,2026-05-28T23:47:01.417Z,4302,A_linear,healthy,pause,0.953,0.001,20.4,79.6,0.002,285.0,pause,labview_bridge
ARO-01,2026-05-28T23:47:02.417Z,4303,A_linear,healthy,pause,0.952,0.000,20.3,79.8,0.000,285.0,pause,labview_bridge
ARO-01,2026-05-28T23:47:03.417Z,4304,A_linear,healthy,pause,0.954,0.003,20.3,80.0,0.005,285.0,pause,labview_bridge
ARO-01,2026-05-28T23:47:04.418Z,4305,A_linear,healthy,pause,0.979,0.000,20.2,79.7,0.000,285.0,pause,labview_bridge
ARO-01,2026-05-28T23:47:05.419Z,4306,A_linear,healthy,pause,0.966,0.000,20.2,80.0,0.000,285.0,pause,labview_bridge
ARO-01,2026-05-28T23:47:06.419Z,4307,A_linear,healthy,pause,0.975,0.000,20.2,79.8,0.000,285.0,pause,labview_bridge
ARO-01,2026-05-28T23:47:07.420Z,4308,A_linear,healthy,pause,0.996,0.000,20.1,79.7,0.000,285.0,pause,labview_bridge
ARO-01,2026-05-28T23:47:08.421Z,4309,A_linear,healthy,pause,1.005,0.000,20.2,79.6,0.000,285.0,pause,labview_bridge
ARO-01,2026-05-28T23:47:09.421Z,4310,A_linear,healthy,pause,1.005,0.000,20.1,79.8,0.000,285.0,pause,labview_bridge
ARO-01,2026-05-28T23:47:10.422Z,4311,A_linear,healthy,pause,1.006,0.006,20.1,79.7,0.011,285.0,pause,labview_bridge
ARO-01,2026-05-28T23:47:11.423Z,4312,A_linear,healthy,ascent,1.001,0.448,20.2,79.6,0.808,30.0,ascent,labview_bridge
ARO-01,2026-05-28T23:47:12.424Z,4313,A_linear,healthy,ascent,1.036,0.452,20.3,79.7,0.815,30.0,ascent,labview_bridge
ARO-01,2026-05-28T23:47:13.424Z,4314,A_linear,healthy,ascent,1.018,0.446,20.4,79.4,0.805,30.0,ascent,labview_bridge
ARO-01,2026-05-28T23:47:14.425Z,4315,A_linear,healthy,ascent,1.037,0.443,20.3,79.3,0.800,30.0,ascent,labview_bridge
ARO-01,2026-05-28T23:47:15.426Z,4316,A_linear,healthy,ascent,1.035,0.445,20.3,79.3,0.803,30.0,ascent,labview_bridge
ARO-01,2026-05-28T23:47:16.426Z,4317,A_linear,healthy,ascent,1.069,0.454,20.3,79.6,0.818,30.0,ascent,labview_bridge
ARO-01,2026-05-28T23:47:17.427Z,4318,A_linear,healthy,ascent,1.073,0.446,20.4,79.5,0.805,30.0,ascent,labview_bridge
ARO-01,2026-05-28T23:47:18.427Z,4319,A_linear,healthy,ascent,1.059,0.456,20.4,79.5,0.823,30.0,ascent,labview_bridge
ARO-01,2026-05-28T23:47:19.428Z,4320,A_linear,healthy,ascent,1.084,0.448,20.5,79.7,0.809,30.0,ascent,labview_bridge
ARO-01,2026-05-28T23:47:20.429Z,4321,A_linear,healthy,ascent,1.037,0.459,20.4,79.6,0.828,30.0,ascent,labview_bridge
ARO-01,2026-05-28T23:47:21.430Z,4322,A_linear,healthy,ascent,1.047,0.454,20.4,79.6,0.820,30.0,ascent,labview_bridge
ARO-01,2026-05-28T23:47:22.431Z,4323,A_linear,healthy,ascent,1.043,0.450,20.5,80.0,0.812,30.0,ascent,labview_bridge
ARO-01,2026-05-28T23:47:23.432Z,4324,A_linear,healthy,descent,1.066,0.359,20.6,79.8,0.648,30.0,descent,labview_bridge
ARO-01,2026-05-28T23:47:24.432Z,4325,A_linear,healthy,descent,1.042,0.339,20.5,80.0,0.611,30.0,descent,labview_bridge
ARO-01,2026-05-28T23:47:25.433Z,4326,A_linear,healthy,descent,1.032,0.353,20.5,79.7,0.637,30.0,descent,labview_bridge
ARO-01,2026-05-28T23:47:26.433Z,4327,A_linear,healthy,descent,1.013,0.345,20.5,79.2,0.622,30.0,descent,labview_bridge
ARO-01,2026-05-28T23:47:27.434Z,4328,A_linear,healthy,descent,1.016,0.340,20.5,79.3,0.613,30.0,descent,labview_bridge
ARO-01,2026-05-28T23:47:28.434Z,4329,A_linear,healthy,descent,1.009,0.336,20.6,79.6,0.605,30.0,descent,labview_bridge
ARO-01,2026-05-28T23:47:29.437Z,4330,A_linear,healthy,descent,0.999,0.342,20.6,79.5,0.617,30.0,descent,labview_bridge
ARO-01,2026-05-28T23:47:30.438Z,4331,A_linear,healthy,descent,0.992,0.346,20.6,79.6,0.625,30.0,descent,labview_bridge
ARO-01,2026-05-28T23:47:31.439Z,4332,A_linear,healthy,descent,0.995,0.354,20.6,79.7,0.638,30.0,descent,labview_bridge
ARO-01,2026-05-28T23:47:32.446Z,4333,A_linear,healthy,descent,0.971,0.339,20.7,79.8,0.612,30.0,descent,labview_bridge
ARO-01,2026-05-28T23:47:33.459Z,4334,A_linear,healthy,descent,0.966,0.342,20.7,79.7,0.617,30.0,descent,labview_bridge
ARO-01,2026-05-28T23:47:34.470Z,4335,A_linear,healthy,descent,0.966,0.355,20.7,79.5,0.640,30.0,descent,labview_bridge
ARO-01,2026-05-28T23:47:35.474Z,4336,A_linear,healthy,pause,0.936,0.000,20.5,79.4,0.000,30.0,pause,labview_bridge
ARO-01,2026-05-28T23:47:36.475Z,4337,A_linear,healthy,pause,0.938,0.004,20.4,79.5,0.008,30.0,pause,labview_bridge
ARO-01,2026-05-28T23:47:37.475Z,4338,A_linear,healthy,pause,0.928,0.004,20.4,79.6,0.008,30.0,pause,labview_bridge
ARO-01,2026-05-28T23:47:38.476Z,4339,A_linear,healthy,pause,0.945,0.005,20.4,79.7,0.010,30.0,pause,labview_bridge
ARO-01,2026-05-28T23:47:39.477Z,4340,A_linear,healthy,pause,0.946,0.000,20.4,79.8,0.000,30.0,pause,labview_bridge
ARO-01,2026-05-28T23:47:40.477Z,4341,A_linear,healthy,pause,0.939,0.000,20.4,80.0,0.000,30.0,pause,labview_bridge
ARO-01,2026-05-28T23:47:41.478Z,4342,A_linear,healthy,pause,0.941,0.002,20.3,79.8,0.003,30.0,pause,labview_bridge
ARO-01,2026-05-28T23:47:42.478Z,4343,A_linear,healthy,pause,0.941,0.000,20.3,79.8,0.000,30.0,pause,labview_bridge
ARO-01,2026-05-28T23:47:43.479Z,4344,A_linear,healthy,pause,0.946,0.005,20.3,79.5,0.009,30.0,pause,labview_bridge
ARO-01,2026-05-28T23:47:44.480Z,4345,A_linear,healthy,pause,0.944,0.007,20.4,79.6,0.013,30.0,pause,labview_bridge
ARO-01,2026-05-28T23:47:45.480Z,4346,A_linear,healthy,pause,0.920,0.000,20.3,79.5,0.000,30.0,pause,labview_bridge
ARO-01,2026-05-28T23:47:46.481Z,4347,A_linear,healthy,pause,0.960,0.000,20.3,79.6,0.000,30.0,pause,labview_bridge
ARO-01,2026-05-28T23:47:47.481Z,4348,A_linear,healthy,pause,0.962,0.003,20.4,79.6,0.005,30.0,pause,labview_bridge
ARO-01,2026-05-28T23:47:48.482Z,4349,A_linear,healthy,pause,0.990,0.007,20.4,79.8,0.013,30.0,pause,labview_bridge
ARO-01,2026-05-28T23:47:49.483Z,4350,A_linear,healthy,pause,0.985,0.005,20.4,79.8,0.009,30.0,pause,labview_bridge
ARO-01,2026-05-28T23:47:50.483Z,4351,A_linear,healthy,pause,0.973,0.000,20.3,79.8,0.000,30.0,pause,labview_bridge
ARO-01,2026-05-28T23:47:51.484Z,4352,A_linear,healthy,pause,0.970,0.000,20.4,79.5,0.000,30.0,pause,labview_bridge
ARO-01,2026-05-28T23:47:52.485Z,4353,A_linear,healthy,pause,0.974,0.000,20.4,79.9,0.000,30.0,pause,labview_bridge
ARO-01,2026-05-28T23:47:53.485Z,4354,A_linear,healthy,pause,1.014,0.000,20.5,79.9,0.000,30.0,pause,labview_bridge
ARO-01,2026-05-28T23:47:54.486Z,4355,A_linear,healthy,pause,1.016,0.006,20.4,80.0,0.011,30.0,pause,labview_bridge
ARO-01,2026-05-28T23:47:55.487Z,4356,A_linear,healthy,ascent,1.020,0.443,20.5,80.0,0.799,30.0,ascent,labview_bridge
ARO-01,2026-05-28T23:47:56.487Z,4357,A_linear,healthy,ascent,1.038,0.440,20.5,79.9,0.794,30.0,ascent,labview_bridge
ARO-01,2026-05-28T23:47:57.488Z,4358,A_linear,healthy,ascent,1.034,0.444,20.5,79.9,0.802,30.0,ascent,labview_bridge
ARO-01,2026-05-28T23:47:58.489Z,4359,A_linear,healthy,ascent,1.047,0.454,20.7,80.0,0.819,30.0,ascent,labview_bridge
ARO-01,2026-05-28T23:47:59.489Z,4360,A_linear,healthy,ascent,1.053,0.447,20.6,80.0,0.807,30.0,ascent,labview_bridge
ARO-01,2026-05-28T23:48:00.490Z,4361,A_linear,healthy,ascent,1.050,0.455,20.6,79.9,0.820,30.0,ascent,labview_bridge
ARO-01,2026-05-28T23:48:01.491Z,4362,A_linear,healthy,ascent,1.038,0.449,20.7,79.6,0.809,30.0,ascent,labview_bridge
ARO-01,2026-05-28T23:48:02.495Z,4363,A_linear,healthy,ascent,1.040,0.441,20.8,79.4,0.796,30.0,ascent,labview_bridge
ARO-01,2026-05-28T23:48:03.495Z,4364,A_linear,healthy,ascent,1.052,0.446,21.0,79.2,0.804,30.0,ascent,labview_bridge
ARO-01,2026-05-28T23:48:04.496Z,4365,A_linear,healthy,ascent,1.040,0.443,21.0,79.5,0.799,30.0,ascent,labview_bridge
ARO-01,2026-05-28T23:48:05.497Z,4366,A_linear,healthy,ascent,1.057,0.459,21.0,79.7,0.828,30.0,ascent,labview_bridge
ARO-01,2026-05-28T23:48:06.498Z,4367,A_linear,healthy,ascent,1.011,0.446,21.1,79.9,0.805,30.0,ascent,labview_bridge
ARO-01,2026-05-28T23:48:07.499Z,4368,A_linear,healthy,descent,1.054,0.349,21.0,79.9,0.630,30.0,descent,labview_bridge
ARO-01,2026-05-28T23:48:08.499Z,4369,A_linear,healthy,descent,1.032,0.348,21.0,79.7,0.628,30.0,descent,labview_bridge
ARO-01,2026-05-28T23:48:09.500Z,4370,A_linear,healthy,descent,1.007,0.369,21.0,79.5,0.666,30.0,descent,labview_bridge
ARO-01,2026-05-28T23:48:10.501Z,4371,A_linear,healthy,descent,1.036,0.349,21.1,79.6,0.629,30.0,descent,labview_bridge
ARO-01,2026-05-28T23:48:11.502Z,4372,A_linear,healthy,descent,1.022,0.353,21.2,79.3,0.637,30.0,descent,labview_bridge
ARO-01,2026-05-28T23:48:12.502Z,4373,A_linear,healthy,descent,1.019,0.340,21.2,79.5,0.613,30.0,descent,labview_bridge
ARO-01,2026-05-28T23:48:13.503Z,4374,A_linear,healthy,descent,1.009,0.356,21.2,79.4,0.642,30.0,descent,labview_bridge
ARO-01,2026-05-28T23:48:14.504Z,4375,A_linear,healthy,descent,1.009,0.342,21.2,79.4,0.617,30.0,descent,labview_bridge
ARO-01,2026-05-28T23:48:15.505Z,4376,A_linear,healthy,descent,0.997,0.340,21.2,79.3,0.613,30.0,descent,labview_bridge
ARO-01,2026-05-28T23:48:16.506Z,4377,A_linear,healthy,descent,0.988,0.356,21.2,79.2,0.643,30.0,descent,labview_bridge
ARO-01,2026-05-28T23:48:17.507Z,4378,A_linear,healthy,descent,0.972,0.340,21.2,79.4,0.613,30.0,descent,labview_bridge
ARO-01,2026-05-28T23:48:18.507Z,4379,A_linear,healthy,descent,0.964,0.354,21.2,79.4,0.638,30.0,descent,labview_bridge
ARO-01,2026-05-28T23:48:19.508Z,4380,A_linear,healthy,pause,0.949,0.004,21.2,79.2,0.007,30.0,pause,labview_bridge
ARO-01,2026-05-28T23:48:20.509Z,4381,A_linear,healthy,pause,0.957,0.013,21.1,79.2,0.023,30.0,pause,labview_bridge
ARO-01,2026-05-28T23:48:21.510Z,4382,A_linear,healthy,pause,0.939,0.000,21.2,79.1,0.000,30.0,pause,labview_bridge
ARO-01,2026-05-28T23:48:22.510Z,4383,A_linear,healthy,pause,0.942,0.007,21.2,79.1,0.013,30.0,pause,labview_bridge
ARO-01,2026-05-28T23:48:23.511Z,4384,A_linear,healthy,pause,0.943,0.001,21.2,79.1,0.001,30.0,pause,labview_bridge
ARO-01,2026-05-28T23:48:24.512Z,4385,A_linear,healthy,pause,0.920,0.011,21.1,79.0,0.020,30.0,pause,labview_bridge
ARO-01,2026-05-28T23:48:25.512Z,4386,A_linear,healthy,pause,0.948,0.005,21.1,79.4,0.009,30.0,pause,labview_bridge
ARO-01,2026-05-28T23:48:26.513Z,4387,A_linear,healthy,pause,0.919,0.000,21.0,79.5,0.000,30.0,pause,labview_bridge
ARO-01,2026-05-28T23:48:27.514Z,4388,A_linear,healthy,pause,0.945,0.009,21.1,79.4,0.017,30.0,pause,labview_bridge
ARO-01,2026-05-28T23:48:28.515Z,4389,A_linear,healthy,pause,0.957,0.006,21.0,79.4,0.010,30.0,pause,labview_bridge
ARO-01,2026-05-28T23:48:29.515Z,4390,A_linear,healthy,pause,0.932,0.000,21.0,79.7,0.000,30.0,pause,labview_bridge
ARO-01,2026-05-28T23:48:30.516Z,4391,A_linear,healthy,pause,0.968,0.000,20.9,79.6,0.000,30.0,pause,labview_bridge
ARO-01,2026-05-28T23:48:31.516Z,4392,A_linear,healthy,pause,0.941,0.004,20.9,79.7,0.008,30.0,pause,labview_bridge
ARO-01,2026-05-28T23:48:32.517Z,4393,A_linear,healthy,pause,0.965,0.000,20.9,79.6,0.000,30.0,pause,labview_bridge
ARO-01,2026-05-28T23:48:33.518Z,4394,A_linear,healthy,pause,0.981,0.011,20.9,79.7,0.019,30.0,pause,labview_bridge
ARO-01,2026-05-28T23:48:34.518Z,4395,A_linear,healthy,pause,0.985,0.000,21.0,79.6,0.000,30.0,pause,labview_bridge
ARO-01,2026-05-28T23:48:35.519Z,4396,A_linear,healthy,pause,1.011,0.001,21.0,79.2,0.001,30.0,pause,labview_bridge
ARO-01,2026-05-28T23:48:36.520Z,4397,A_linear,healthy,pause,1.016,0.000,20.9,79.0,0.000,30.0,pause,labview_bridge
ARO-01,2026-05-28T23:48:37.521Z,4398,A_linear,healthy,pause,1.025,0.001,20.9,79.2,0.002,30.0,pause,labview_bridge
ARO-01,2026-05-28T23:48:38.521Z,4399,A_linear,healthy,pause,1.037,0.000,21.0,79.4,0.000,30.0,pause,labview_bridge
ARO-01,2026-05-28T23:48:39.522Z,0,A_linear,healthy,ascent,0.946,0.563,24.4,61.5,1.016,60.0,ascent,labview_bridge
ARO-01,2026-05-28T23:48:40.523Z,1,A_linear,healthy,ascent,0.934,0.556,24.2,63.0,1.003,60.0,ascent,labview_bridge
ARO-01,2026-05-28T23:48:41.524Z,2,A_linear,healthy,ascent,0.947,0.562,24.0,64.2,1.014,60.0,ascent,labview_bridge
ARO-01,2026-05-28T23:48:42.524Z,3,A_linear,healthy,ascent,0.984,0.552,23.9,65.2,0.995,60.0,ascent,labview_bridge
ARO-01,2026-05-28T23:48:43.525Z,4,A_linear,healthy,ascent,0.955,0.556,23.7,66.2,1.003,60.0,ascent,labview_bridge
ARO-01,2026-05-28T23:48:44.525Z,5,A_linear,healthy,ascent,0.977,0.555,23.4,67.3,1.002,60.0,ascent,labview_bridge
ARO-01,2026-05-28T23:48:45.526Z,6,A_linear,healthy,ascent,0.965,0.557,23.5,68.0,1.004,60.0,ascent,labview_bridge
ARO-01,2026-05-28T23:48:46.527Z,7,A_linear,healthy,ascent,0.966,0.550,23.5,68.8,0.992,60.0,ascent,labview_bridge
ARO-01,2026-05-28T23:48:47.528Z,8,A_linear,healthy,ascent,0.972,0.566,23.4,69.6,1.021,60.0,ascent,labview_bridge
ARO-01,2026-05-28T23:48:48.528Z,9,A_linear,healthy,ascent,0.987,0.567,23.4,70.5,1.022,60.0,ascent,labview_bridge
ARO-01,2026-05-28T23:48:49.529Z,10,A_linear,healthy,ascent,0.971,0.568,23.3,71.2,1.024,60.0,ascent,labview_bridge
ARO-01,2026-05-28T23:48:50.530Z,11,A_linear,healthy,ascent,0.975,0.556,23.3,72.2,1.003,60.0,ascent,labview_bridge
ARO-01,2026-05-28T23:48:51.531Z,12,A_linear,healthy,descent,0.964,0.348,23.1,72.8,0.629,60.0,descent,labview_bridge
ARO-01,2026-05-28T23:48:52.532Z,13,A_linear,healthy,descent,0.979,0.347,23.0,73.4,0.626,60.0,descent,labview_bridge
ARO-01,2026-05-28T23:48:53.532Z,14,A_linear,healthy,descent,0.958,0.351,22.9,73.9,0.632,60.0,descent,labview_bridge
ARO-01,2026-05-28T23:48:54.533Z,15,A_linear,healthy,descent,0.939,0.349,22.9,74.2,0.629,60.0,descent,labview_bridge
ARO-01,2026-05-28T23:48:55.534Z,16,A_linear,healthy,descent,0.945,0.353,22.9,74.6,0.636,60.0,descent,labview_bridge
ARO-01,2026-05-28T23:48:56.534Z,17,A_linear,healthy,descent,0.921,0.350,22.8,75.1,0.631,60.0,descent,labview_bridge
ARO-01,2026-05-28T23:48:57.535Z,18,A_linear,healthy,descent,0.918,0.348,22.7,75.4,0.629,60.0,descent,labview_bridge
ARO-01,2026-05-28T23:48:58.536Z,19,A_linear,healthy,descent,0.926,0.343,22.6,76.0,0.619,60.0,descent,labview_bridge
ARO-01,2026-05-28T23:48:59.536Z,20,A_linear,healthy,descent,0.900,0.354,22.5,75.9,0.638,60.0,descent,labview_bridge
ARO-01,2026-05-28T23:49:00.537Z,21,A_linear,healthy,descent,0.882,0.353,22.5,76.5,0.636,60.0,descent,labview_bridge
ARO-01,2026-05-28T23:49:01.538Z,22,A_linear,healthy,descent,0.898,0.356,22.3,76.7,0.642,60.0,descent,labview_bridge
ARO-01,2026-05-28T23:49:02.539Z,23,A_linear,healthy,descent,0.903,0.352,22.3,76.6,0.635,60.0,descent,labview_bridge
ARO-01,2026-05-28T23:49:03.540Z,24,A_linear,healthy,pause,0.871,0.008,22.2,76.6,0.015,60.0,pause,labview_bridge
ARO-01,2026-05-28T23:49:04.540Z,25,A_linear,healthy,pause,0.852,0.010,22.2,77.2,0.018,60.0,pause,labview_bridge
ARO-01,2026-05-28T23:49:05.541Z,26,A_linear,healthy,pause,0.872,0.003,22.1,77.7,0.006,60.0,pause,labview_bridge
ARO-01,2026-05-28T23:49:06.542Z,27,A_linear,healthy,pause,0.857,0.000,22.1,77.8,0.000,60.0,pause,labview_bridge
ARO-01,2026-05-28T23:49:07.543Z,28,A_linear,healthy,pause,0.856,0.005,21.9,78.0,0.009,60.0,pause,labview_bridge
ARO-01,2026-05-28T23:49:08.543Z,29,A_linear,healthy,pause,0.855,0.000,21.9,78.1,0.000,60.0,pause,labview_bridge
ARO-01,2026-05-28T23:49:09.544Z,30,A_linear,healthy,pause,0.835,0.000,21.8,78.0,0.000,60.0,pause,labview_bridge
ARO-01,2026-05-28T23:49:10.545Z,31,A_linear,healthy,pause,0.854,0.006,21.8,78.3,0.011,60.0,pause,labview_bridge
ARO-01,2026-05-28T23:49:11.546Z,32,A_linear,healthy,pause,0.871,0.006,21.8,78.0,0.010,60.0,pause,labview_bridge
ARO-01,2026-05-28T23:49:12.546Z,33,A_linear,healthy,pause,0.850,0.000,21.7,77.9,0.000,60.0,pause,labview_bridge
ARO-01,2026-05-28T23:49:13.547Z,34,A_linear,healthy,pause,0.876,0.003,21.7,78.1,0.005,60.0,pause,labview_bridge
ARO-01,2026-05-28T23:49:14.548Z,35,A_linear,healthy,pause,0.893,0.000,21.7,78.2,0.000,60.0,pause,labview_bridge
ARO-01,2026-05-28T23:49:15.549Z,36,A_linear,healthy,pause,0.871,0.011,21.8,78.7,0.021,60.0,pause,labview_bridge
ARO-01,2026-05-28T23:49:16.550Z,37,A_linear,healthy,pause,0.883,0.000,21.8,78.7,0.000,60.0,pause,labview_bridge
ARO-01,2026-05-28T23:49:17.550Z,38,A_linear,healthy,pause,0.887,0.000,21.7,78.8,0.001,60.0,pause,labview_bridge
ARO-01,2026-05-28T23:49:18.551Z,39,A_linear,healthy,pause,0.923,0.000,21.7,78.9,0.000,60.0,pause,labview_bridge
ARO-01,2026-05-28T23:49:19.551Z,40,A_linear,healthy,pause,0.923,0.001,21.6,79.1,0.001,60.0,pause,labview_bridge
ARO-01,2026-05-28T23:49:20.552Z,41,A_linear,healthy,pause,0.924,0.000,21.6,78.9,0.000,60.0,pause,labview_bridge
ARO-01,2026-05-28T23:49:21.553Z,42,A_linear,healthy,pause,0.922,0.000,21.4,78.8,0.000,60.0,pause,labview_bridge
ARO-01,2026-05-28T23:49:22.553Z,43,A_linear,healthy,pause,0.948,0.003,21.5,78.8,0.006,60.0,pause,labview_bridge
ARO-01,2026-05-28T23:49:23.554Z,44,A_linear,healthy,ascent,0.937,0.557,21.4,78.8,1.004,60.0,ascent,labview_bridge
ARO-01,2026-05-28T23:49:24.554Z,45,A_linear,healthy,ascent,0.939,0.569,21.5,78.9,1.027,60.0,ascent,labview_bridge
ARO-01,2026-05-28T23:49:25.555Z,46,A_linear,healthy,ascent,0.976,0.560,21.6,79.1,1.010,60.0,ascent,labview_bridge
ARO-01,2026-05-28T23:49:26.556Z,47,A_linear,healthy,ascent,0.974,0.558,21.6,79.0,1.008,60.0,ascent,labview_bridge
ARO-01,2026-05-28T23:49:27.557Z,48,A_linear,healthy,ascent,0.977,0.566,21.7,79.0,1.020,60.0,ascent,labview_bridge
ARO-01,2026-05-28T23:49:28.557Z,49,A_linear,healthy,ascent,0.997,0.552,21.7,78.9,0.997,60.0,ascent,labview_bridge
ARO-01,2026-05-28T23:49:29.558Z,50,A_linear,healthy,ascent,0.962,0.566,21.8,79.0,1.021,60.0,ascent,labview_bridge
ARO-01,2026-05-28T23:49:30.559Z,51,A_linear,healthy,ascent,0.986,0.560,21.9,79.1,1.011,60.0,ascent,labview_bridge
ARO-01,2026-05-28T23:49:31.560Z,52,A_linear,healthy,ascent,0.960,0.556,22.0,79.2,1.002,60.0,ascent,labview_bridge
ARO-01,2026-05-28T23:49:32.561Z,53,A_linear,healthy,ascent,0.970,0.564,22.0,79.3,1.018,60.0,ascent,labview_bridge
ARO-01,2026-05-28T23:49:33.566Z,54,A_linear,healthy,ascent,0.969,0.559,22.2,79.1,1.009,60.0,ascent,labview_bridge
ARO-01,2026-05-28T23:49:34.567Z,55,A_linear,healthy,ascent,0.975,0.558,22.2,79.2,1.007,60.0,ascent,labview_bridge
ARO-01,2026-05-28T23:49:35.567Z,56,A_linear,healthy,descent,0.974,0.351,22.2,79.6,0.634,60.0,descent,labview_bridge
ARO-01,2026-05-28T23:49:36.568Z,57,A_linear,healthy,descent,0.947,0.346,22.2,79.6,0.624,60.0,descent,labview_bridge
ARO-01,2026-05-28T23:49:37.568Z,58,A_linear,healthy,descent,0.935,0.356,22.1,79.6,0.642,60.0,descent,labview_bridge
ARO-01,2026-05-28T23:49:38.569Z,59,A_linear,healthy,descent,0.954,0.344,22.1,79.4,0.621,60.0,descent,labview_bridge
ARO-01,2026-05-28T23:49:39.570Z,60,A_linear,healthy,descent,0.941,0.348,22.1,79.4,0.628,60.0,descent,labview_bridge
ARO-01,2026-05-28T23:49:40.570Z,61,A_linear,healthy,descent,0.930,0.355,22.0,79.4,0.640,60.0,descent,labview_bridge
ARO-01,2026-05-28T23:49:41.571Z,62,A_linear,healthy,descent,0.935,0.347,22.1,79.6,0.626,60.0,descent,labview_bridge
ARO-01,2026-05-28T23:49:42.572Z,63,A_linear,healthy,descent,0.908,0.341,22.1,79.9,0.616,60.0,descent,labview_bridge
ARO-01,2026-05-28T23:49:43.572Z,64,A_linear,healthy,descent,0.904,0.351,21.9,79.9,0.633,60.0,descent,labview_bridge
ARO-01,2026-05-28T23:49:44.572Z,65,A_linear,healthy,descent,0.882,0.352,22.0,79.6,0.636,60.0,descent,labview_bridge
ARO-01,2026-05-28T23:49:45.573Z,66,A_linear,healthy,descent,0.886,0.345,22.0,79.2,0.623,60.0,descent,labview_bridge
ARO-01,2026-05-28T23:49:46.574Z,67,A_linear,healthy,descent,0.861,0.360,21.9,79.3,0.649,60.0,descent,labview_bridge
ARO-01,2026-05-28T23:49:47.575Z,68,A_linear,healthy,pause,0.868,0.000,21.9,79.2,0.000,60.0,pause,labview_bridge
ARO-01,2026-05-28T23:49:48.576Z,69,A_linear,healthy,pause,0.857,0.000,21.9,79.3,0.000,60.0,pause,labview_bridge
ARO-01,2026-05-28T23:49:49.577Z,70,A_linear,healthy,pause,0.871,0.005,21.8,79.5,0.008,60.0,pause,labview_bridge
ARO-01,2026-05-28T23:49:50.577Z,71,A_linear,healthy,pause,0.858,0.000,21.9,79.6,0.000,60.0,pause,labview_bridge
ARO-01,2026-05-28T23:49:51.578Z,72,A_linear,healthy,pause,0.871,0.003,22.0,80.0,0.005,60.0,pause,labview_bridge
ARO-01,2026-05-28T23:49:52.578Z,73,A_linear,healthy,pause,0.836,0.006,22.0,80.0,0.012,60.0,pause,labview_bridge
ARO-01,2026-05-28T23:49:53.579Z,74,A_linear,healthy,pause,0.846,0.001,22.0,80.0,0.001,60.0,pause,labview_bridge
ARO-01,2026-05-28T23:49:54.580Z,75,A_linear,healthy,pause,0.863,0.000,21.9,80.0,0.000,60.0,pause,labview_bridge
ARO-01,2026-05-28T23:49:55.580Z,76,A_linear,healthy,pause,0.871,0.014,21.9,80.0,0.025,60.0,pause,labview_bridge
ARO-01,2026-05-28T23:49:56.581Z,77,A_linear,healthy,pause,0.844,0.000,21.9,79.9,0.000,60.0,pause,labview_bridge
ARO-01,2026-05-28T23:49:57.582Z,78,A_linear,healthy,pause,0.865,0.000,21.8,80.0,0.000,60.0,pause,labview_bridge
ARO-01,2026-05-28T23:49:58.583Z,79,A_linear,healthy,pause,0.885,0.000,21.9,79.7,0.000,60.0,pause,labview_bridge
ARO-01,2026-05-28T23:49:59.583Z,80,A_linear,healthy,pause,0.879,0.000,21.9,79.8,0.000,60.0,pause,labview_bridge
ARO-01,2026-05-28T23:50:00.584Z,81,A_linear,healthy,pause,0.895,0.002,21.9,80.0,0.004,60.0,pause,labview_bridge
ARO-01,2026-05-28T23:50:01.584Z,82,A_linear,healthy,pause,0.887,0.001,21.8,80.0,0.003,60.0,pause,labview_bridge
ARO-01,2026-05-28T23:50:02.585Z,83,A_linear,healthy,pause,0.915,0.001,21.8,80.0,0.002,60.0,pause,labview_bridge
ARO-01,2026-05-28T23:50:03.586Z,84,A_linear,healthy,pause,0.892,0.000,21.8,80.0,0.000,60.0,pause,labview_bridge
ARO-01,2026-05-28T23:50:04.586Z,85,A_linear,healthy,pause,0.925,0.000,21.8,80.0,0.000,60.0,pause,labview_bridge
ARO-01,2026-05-28T23:50:05.587Z,86,A_linear,healthy,pause,0.924,0.002,21.8,80.0,0.003,60.0,pause,labview_bridge
ARO-01,2026-05-28T23:50:06.587Z,87,A_linear,healthy,pause,0.944,0.003,21.8,80.0,0.005,60.0,pause,labview_bridge
ARO-01,2026-05-28T23:50:07.588Z,88,A_linear,healthy,ascent,0.937,0.557,21.8,79.8,1.004,60.0,ascent,labview_bridge
ARO-01,2026-05-28T23:50:08.589Z,89,A_linear,healthy,ascent,0.950,0.563,21.9,79.9,1.015,60.0,ascent,labview_bridge
ARO-01,2026-05-28T23:50:09.589Z,90,A_linear,healthy,ascent,0.969,0.543,21.8,79.9,0.979,60.0,ascent,labview_bridge
ARO-01,2026-05-28T23:50:10.590Z,91,A_linear,healthy,ascent,0.970,0.559,21.9,79.6,1.009,60.0,ascent,labview_bridge
ARO-01,2026-05-28T23:50:11.591Z,92,A_linear,healthy,ascent,0.962,0.549,22.0,79.7,0.991,60.0,ascent,labview_bridge
ARO-01,2026-05-28T23:50:12.591Z,93,A_linear,healthy,ascent,0.957,0.561,22.0,79.7,1.012,60.0,ascent,labview_bridge
ARO-01,2026-05-28T23:50:13.592Z,94,A_linear,healthy,ascent,0.984,0.561,22.1,79.9,1.013,60.0,ascent,labview_bridge
ARO-01,2026-05-28T23:50:14.593Z,95,A_linear,healthy,ascent,0.965,0.560,22.2,79.9,1.010,60.0,ascent,labview_bridge
ARO-01,2026-05-28T23:50:15.593Z,96,A_linear,healthy,ascent,0.986,0.562,22.3,79.9,1.015,60.0,ascent,labview_bridge
ARO-01,2026-05-28T23:50:16.594Z,97,A_linear,healthy,ascent,0.965,0.556,22.3,80.0,1.003,60.0,ascent,labview_bridge
ARO-01,2026-05-28T23:50:17.594Z,98,A_linear,healthy,ascent,0.952,0.555,22.4,80.0,1.001,60.0,ascent,labview_bridge
ARO-01,2026-05-28T23:50:18.596Z,99,A_linear,healthy,ascent,0.974,0.572,22.4,80.0,1.032,60.0,ascent,labview_bridge
ARO-01,2026-05-28T23:50:19.596Z,100,A_linear,healthy,descent,0.968,0.359,22.3,80.0,0.647,60.0,descent,labview_bridge
ARO-01,2026-05-28T23:50:20.597Z,101,A_linear,healthy,descent,0.955,0.344,22.3,79.8,0.621,60.0,descent,labview_bridge
ARO-01,2026-05-28T23:50:21.598Z,102,A_linear,healthy,descent,0.956,0.348,22.3,80.0,0.628,60.0,descent,labview_bridge
ARO-01,2026-05-28T23:50:22.599Z,103,A_linear,healthy,descent,0.951,0.353,22.3,80.0,0.637,60.0,descent,labview_bridge
ARO-01,2026-05-28T23:50:23.599Z,104,A_linear,healthy,descent,0.947,0.343,22.3,79.8,0.619,60.0,descent,labview_bridge
ARO-01,2026-05-28T23:50:24.600Z,105,A_linear,healthy,descent,0.923,0.370,22.3,80.0,0.668,60.0,descent,labview_bridge
ARO-01,2026-05-28T23:50:25.601Z,106,A_linear,healthy,descent,0.938,0.359,22.4,79.8,0.647,60.0,descent,labview_bridge
ARO-01,2026-05-28T23:50:26.602Z,107,A_linear,healthy,descent,0.892,0.347,22.4,79.8,0.625,60.0,descent,labview_bridge
ARO-01,2026-05-28T23:50:27.603Z,108,A_linear,healthy,descent,0.903,0.345,22.4,80.0,0.622,60.0,descent,labview_bridge
ARO-01,2026-05-28T23:50:28.604Z,109,A_linear,healthy,descent,0.902,0.354,22.4,79.8,0.638,60.0,descent,labview_bridge
ARO-01,2026-05-28T23:50:29.604Z,110,A_linear,healthy,descent,0.886,0.352,22.4,79.8,0.634,60.0,descent,labview_bridge
ARO-01,2026-05-28T23:50:30.605Z,111,A_linear,healthy,descent,0.889,0.362,22.4,80.0,0.653,60.0,descent,labview_bridge
ARO-01,2026-05-28T23:50:31.606Z,112,A_linear,healthy,pause,0.876,0.007,22.4,79.6,0.012,60.0,pause,labview_bridge
ARO-01,2026-05-28T23:50:32.607Z,113,A_linear,healthy,pause,0.866,0.000,22.3,79.2,0.000,60.0,pause,labview_bridge
ARO-01,2026-05-28T23:50:33.607Z,114,A_linear,healthy,pause,0.850,0.001,22.3,79.2,0.002,60.0,pause,labview_bridge
ARO-01,2026-05-28T23:50:34.608Z,115,A_linear,healthy,pause,0.877,0.002,22.3,79.3,0.004,60.0,pause,labview_bridge
ARO-01,2026-05-28T23:50:35.609Z,116,A_linear,healthy,pause,0.855,0.000,22.3,79.3,0.000,60.0,pause,labview_bridge
ARO-01,2026-05-28T23:50:36.609Z,117,A_linear,healthy,pause,0.841,0.000,22.3,79.6,0.000,60.0,pause,labview_bridge
ARO-01,2026-05-28T23:50:37.610Z,118,A_linear,healthy,pause,0.861,0.001,22.4,79.3,0.002,60.0,pause,labview_bridge
ARO-01,2026-05-28T23:50:38.611Z,119,A_linear,healthy,pause,0.863,0.000,22.5,79.4,0.000,60.0,pause,labview_bridge
ARO-01,2026-05-28T23:50:39.612Z,120,A_linear,healthy,pause,0.851,0.002,22.4,79.3,0.004,60.0,pause,labview_bridge
ARO-01,2026-05-28T23:50:40.612Z,121,A_linear,healthy,pause,0.854,0.000,22.4,79.2,0.000,60.0,pause,labview_bridge
ARO-01,2026-05-28T23:50:41.613Z,122,A_linear,healthy,pause,0.879,0.005,22.4,79.2,0.010,60.0,pause,labview_bridge
ARO-01,2026-05-28T23:50:42.613Z,123,A_linear,healthy,pause,0.864,0.010,22.4,79.1,0.018,60.0,pause,labview_bridge
ARO-01,2026-05-28T23:50:43.614Z,124,A_linear,healthy,pause,0.866,0.005,22.4,79.2,0.009,60.0,pause,labview_bridge
ARO-01,2026-05-28T23:50:44.615Z,125,A_linear,healthy,pause,0.886,0.000,22.5,79.3,0.000,60.0,pause,labview_bridge
ARO-01,2026-05-28T23:50:45.616Z,126,A_linear,healthy,pause,0.886,0.000,22.4,79.3,0.000,60.0,pause,labview_bridge
ARO-01,2026-05-28T23:50:46.616Z,127,A_linear,healthy,pause,0.896,0.000,22.4,79.3,0.000,60.0,pause,labview_bridge
ARO-01,2026-05-28T23:50:47.617Z,128,A_linear,healthy,pause,0.927,0.004,22.5,79.3,0.008,60.0,pause,labview_bridge
ARO-01,2026-05-28T23:50:48.617Z,129,A_linear,healthy,pause,0.940,0.007,22.5,79.5,0.012,60.0,pause,labview_bridge
ARO-01,2026-05-28T23:50:49.618Z,130,A_linear,healthy,pause,0.934,0.000,22.5,79.8,0.000,60.0,pause,labview_bridge
ARO-01,2026-05-28T23:50:50.619Z,131,A_linear,healthy,pause,0.938,0.008,22.4,79.9,0.015,60.0,pause,labview_bridge
ARO-01,2026-05-28T23:50:51.619Z,132,A_linear,healthy,ascent,0.946,0.553,22.4,79.7,0.998,60.0,ascent,labview_bridge
ARO-01,2026-05-28T23:50:52.620Z,133,A_linear,healthy,ascent,0.965,0.564,22.4,79.6,1.018,60.0,ascent,labview_bridge
ARO-01,2026-05-28T23:50:53.621Z,134,A_linear,healthy,ascent,0.947,0.549,22.4,79.6,0.990,60.0,ascent,labview_bridge
ARO-01,2026-05-28T23:50:54.621Z,135,A_linear,healthy,ascent,0.952,0.560,22.4,79.8,1.011,60.0,ascent,labview_bridge
ARO-01,2026-05-28T23:50:55.622Z,136,A_linear,healthy,ascent,1.000,0.551,22.5,79.6,0.995,60.0,ascent,labview_bridge
ARO-01,2026-05-28T23:50:56.623Z,137,A_linear,healthy,ascent,0.969,0.569,22.6,79.4,1.027,60.0,ascent,labview_bridge
ARO-01,2026-05-28T23:50:57.624Z,138,A_linear,healthy,ascent,0.972,0.569,22.7,79.4,1.026,60.0,ascent,labview_bridge
ARO-01,2026-05-28T23:50:58.624Z,139,A_linear,healthy,ascent,0.978,0.561,22.8,79.4,1.011,60.0,ascent,labview_bridge
ARO-01,2026-05-28T23:50:59.625Z,140,A_linear,healthy,ascent,0.990,0.551,22.8,79.6,0.994,60.0,ascent,labview_bridge
ARO-01,2026-05-28T23:51:00.626Z,141,A_linear,healthy,ascent,0.975,0.563,22.8,79.5,1.015,60.0,ascent,labview_bridge
ARO-01,2026-05-28T23:51:01.626Z,142,A_linear,healthy,ascent,0.962,0.551,22.8,79.7,0.994,60.0,ascent,labview_bridge
ARO-01,2026-05-28T23:51:02.627Z,143,A_linear,healthy,ascent,0.994,0.566,22.8,79.7,1.021,60.0,ascent,labview_bridge
ARO-01,2026-05-28T23:51:03.628Z,144,A_linear,healthy,descent,0.939,0.359,22.9,79.6,0.647,60.0,descent,labview_bridge
ARO-01,2026-05-28T23:51:04.633Z,145,A_linear,healthy,descent,0.963,0.343,22.8,79.5,0.618,60.0,descent,labview_bridge
ARO-01,2026-05-28T23:51:05.633Z,146,A_linear,healthy,descent,0.957,0.343,22.9,79.5,0.619,60.0,descent,labview_bridge
ARO-01,2026-05-28T23:51:06.634Z,147,A_linear,healthy,descent,0.937,0.358,22.9,79.7,0.647,60.0,descent,labview_bridge
ARO-01,2026-05-28T23:51:07.635Z,148,A_linear,healthy,descent,0.938,0.357,23.0,79.5,0.644,60.0,descent,labview_bridge
ARO-01,2026-05-28T23:51:08.636Z,149,A_linear,healthy,descent,0.923,0.350,23.0,79.1,0.631,60.0,descent,labview_bridge
ARO-01,2026-05-28T23:51:09.636Z,150,A_linear,healthy,descent,0.912,0.335,23.2,78.9,0.604,60.0,descent,labview_bridge
ARO-01,2026-05-28T23:51:10.637Z,151,A_linear,healthy,descent,0.912,0.353,23.2,78.8,0.637,60.0,descent,labview_bridge
ARO-01,2026-05-28T23:51:11.638Z,152,A_linear,healthy,descent,0.923,0.352,23.3,78.9,0.635,60.0,descent,labview_bridge
ARO-01,2026-05-28T23:51:12.639Z,153,A_linear,healthy,descent,0.897,0.352,23.3,79.0,0.635,60.0,descent,labview_bridge
ARO-01,2026-05-28T23:51:13.640Z,154,A_linear,healthy,descent,0.874,0.369,23.3,79.4,0.666,60.0,descent,labview_bridge
ARO-01,2026-05-28T23:51:14.640Z,155,A_linear,healthy,descent,0.889,0.352,23.2,79.5,0.635,60.0,descent,labview_bridge
ARO-01,2026-05-28T23:51:15.641Z,156,A_linear,healthy,pause,0.869,0.005,23.2,79.8,0.009,60.0,pause,labview_bridge
ARO-01,2026-05-28T23:51:16.642Z,157,A_linear,healthy,pause,0.878,0.007,23.2,79.8,0.012,60.0,pause,labview_bridge
ARO-01,2026-05-28T23:51:17.642Z,158,A_linear,healthy,pause,0.851,0.008,23.1,80.0,0.015,60.0,pause,labview_bridge
ARO-01,2026-05-28T23:51:18.643Z,159,A_linear,healthy,pause,0.840,0.002,23.0,80.0,0.003,60.0,pause,labview_bridge
ARO-01,2026-05-28T23:51:19.644Z,160,A_linear,healthy,pause,0.861,0.000,23.0,79.8,0.000,60.0,pause,labview_bridge
ARO-01,2026-05-28T23:51:20.645Z,161,A_linear,healthy,pause,0.857,0.000,22.9,80.0,0.000,60.0,pause,labview_bridge
ARO-01,2026-05-28T23:51:21.646Z,162,A_linear,healthy,pause,0.884,0.000,23.0,80.0,0.000,60.0,pause,labview_bridge
ARO-01,2026-05-28T23:51:22.646Z,163,A_linear,healthy,pause,0.853,0.006,23.0,79.8,0.010,60.0,pause,labview_bridge
ARO-01,2026-05-28T23:51:23.647Z,164,A_linear,healthy,pause,0.870,0.003,22.9,79.7,0.005,60.0,pause,labview_bridge
ARO-01,2026-05-28T23:51:24.648Z,165,A_linear,healthy,pause,0.858,0.014,23.0,79.4,0.025,60.0,pause,labview_bridge
ARO-01,2026-05-28T23:51:25.662Z,166,A_linear,healthy,pause,0.876,0.000,23.0,79.2,0.000,60.0,pause,labview_bridge
ARO-01,2026-05-28T23:51:26.663Z,167,A_linear,healthy,pause,0.850,0.008,23.1,79.4,0.015,60.0,pause,labview_bridge
ARO-01,2026-05-28T23:51:27.664Z,168,A_linear,healthy,pause,0.883,0.002,23.1,79.5,0.004,60.0,pause,labview_bridge
ARO-01,2026-05-28T23:51:28.665Z,169,A_linear,healthy,pause,0.864,0.011,23.0,79.5,0.021,60.0,pause,labview_bridge
ARO-01,2026-05-28T23:51:29.665Z,170,A_linear,healthy,pause,0.902,0.003,23.0,79.5,0.006,60.0,pause,labview_bridge
ARO-01,2026-05-28T23:51:30.666Z,171,A_linear,healthy,pause,0.885,0.000,22.9,79.6,0.000,60.0,pause,labview_bridge
ARO-01,2026-05-28T23:51:31.666Z,172,A_linear,healthy,pause,0.913,0.000,23.0,79.9,0.000,60.0,pause,labview_bridge
ARO-01,2026-05-28T23:51:32.667Z,173,A_linear,healthy,pause,0.904,0.002,22.9,79.8,0.004,60.0,pause,labview_bridge
ARO-01,2026-05-28T23:51:33.667Z,174,A_linear,healthy,pause,0.940,0.000,22.9,79.8,0.000,60.0,pause,labview_bridge
ARO-01,2026-05-28T23:51:34.668Z,175,A_linear,healthy,pause,0.925,0.000,22.9,80.0,0.000,60.0,pause,labview_bridge
ARO-01,2026-05-28T23:51:35.668Z,176,A_linear,healthy,ascent,0.949,0.627,23.1,79.8,1.131,75.0,ascent,labview_bridge
ARO-01,2026-05-28T23:51:36.669Z,177,A_linear,healthy,ascent,0.961,0.630,23.2,79.7,1.136,75.0,ascent,labview_bridge
ARO-01,2026-05-28T23:51:37.670Z,178,A_linear,healthy,ascent,0.973,0.625,23.1,80.0,1.128,75.0,ascent,labview_bridge
ARO-01,2026-05-28T23:51:38.670Z,179,A_linear,healthy,ascent,0.944,0.629,23.2,80.0,1.135,75.0,ascent,labview_bridge
ARO-01,2026-05-28T23:51:39.671Z,180,A_linear,healthy,ascent,0.957,0.625,23.1,80.0,1.128,75.0,ascent,labview_bridge
ARO-01,2026-05-28T23:51:40.672Z,181,A_linear,healthy,ascent,1.001,0.628,23.2,79.8,1.132,75.0,ascent,labview_bridge
ARO-01,2026-05-28T23:51:41.672Z,182,A_linear,healthy,ascent,0.978,0.627,23.2,79.9,1.131,75.0,ascent,labview_bridge
ARO-01,2026-05-28T23:51:42.673Z,183,A_linear,healthy,ascent,0.971,0.622,23.3,79.8,1.123,75.0,ascent,labview_bridge
ARO-01,2026-05-28T23:51:43.674Z,184,A_linear,healthy,ascent,0.979,0.627,23.4,79.6,1.131,75.0,ascent,labview_bridge
ARO-01,2026-05-28T23:51:44.675Z,185,A_linear,healthy,ascent,0.979,0.626,23.4,79.6,1.129,75.0,ascent,labview_bridge
ARO-01,2026-05-28T23:51:45.675Z,186,A_linear,healthy,ascent,0.974,0.624,23.5,79.4,1.125,75.0,ascent,labview_bridge
ARO-01,2026-05-28T23:51:46.676Z,187,A_linear,healthy,ascent,0.961,0.627,23.5,79.5,1.131,75.0,ascent,labview_bridge
ARO-01,2026-05-28T23:51:47.677Z,188,A_linear,healthy,descent,0.958,0.344,23.4,79.5,0.622,75.0,descent,labview_bridge
ARO-01,2026-05-28T23:51:48.678Z,189,A_linear,healthy,descent,0.964,0.349,23.4,79.6,0.629,75.0,descent,labview_bridge
ARO-01,2026-05-28T23:51:49.679Z,190,A_linear,healthy,descent,0.938,0.354,23.4,79.4,0.638,75.0,descent,labview_bridge
ARO-01,2026-05-28T23:51:50.679Z,191,A_linear,healthy,descent,0.950,0.358,23.4,79.2,0.646,75.0,descent,labview_bridge
ARO-01,2026-05-28T23:51:51.680Z,192,A_linear,healthy,descent,0.940,0.345,23.3,79.1,0.622,75.0,descent,labview_bridge
ARO-01,2026-05-28T23:51:52.681Z,193,A_linear,healthy,descent,0.935,0.353,23.3,78.8,0.636,75.0,descent,labview_bridge
ARO-01,2026-05-28T23:51:53.681Z,194,A_linear,healthy,descent,0.927,0.351,23.3,78.6,0.634,75.0,descent,labview_bridge
ARO-01,2026-05-28T23:51:54.682Z,195,A_linear,healthy,descent,0.898,0.337,23.3,79.0,0.607,75.0,descent,labview_bridge
ARO-01,2026-05-28T23:51:55.682Z,196,A_linear,healthy,descent,0.918,0.352,23.3,79.0,0.635,75.0,descent,labview_bridge
ARO-01,2026-05-28T23:51:56.683Z,197,A_linear,healthy,descent,0.885,0.343,23.3,79.0,0.619,75.0,descent,labview_bridge
ARO-01,2026-05-28T23:51:57.684Z,198,A_linear,healthy,descent,0.885,0.346,23.2,79.1,0.624,75.0,descent,labview_bridge
ARO-01,2026-05-28T23:51:58.684Z,199,A_linear,healthy,descent,0.869,0.350,23.1,79.5,0.631,75.0,descent,labview_bridge
ARO-01,2026-05-28T23:51:59.685Z,200,A_linear,healthy,pause,0.876,0.000,23.0,79.5,0.000,75.0,pause,labview_bridge
ARO-01,2026-05-28T23:52:00.686Z,201,A_linear,healthy,pause,0.867,0.002,23.0,79.5,0.003,75.0,pause,labview_bridge
ARO-01,2026-05-28T23:52:01.687Z,202,A_linear,healthy,pause,0.851,0.000,23.0,79.4,0.000,75.0,pause,labview_bridge
ARO-01,2026-05-28T23:52:02.687Z,203,A_linear,healthy,pause,0.869,0.000,23.0,79.3,0.000,75.0,pause,labview_bridge
ARO-01,2026-05-28T23:52:03.688Z,204,A_linear,healthy,pause,0.868,0.002,23.0,79.3,0.004,75.0,pause,labview_bridge
ARO-01,2026-05-28T23:52:04.689Z,205,A_linear,healthy,pause,0.847,0.000,23.0,79.1,0.000,75.0,pause,labview_bridge
ARO-01,2026-05-28T23:52:05.689Z,206,A_linear,healthy,pause,0.853,0.009,22.9,79.2,0.016,75.0,pause,labview_bridge
ARO-01,2026-05-28T23:52:06.690Z,207,A_linear,healthy,pause,0.861,0.000,22.9,79.3,0.000,75.0,pause,labview_bridge
ARO-01,2026-05-28T23:52:07.690Z,208,A_linear,healthy,pause,0.854,0.000,22.8,79.1,0.000,75.0,pause,labview_bridge
ARO-01,2026-05-28T23:52:08.691Z,209,A_linear,healthy,pause,0.852,0.000,22.8,79.1,0.000,75.0,pause,labview_bridge
ARO-01,2026-05-28T23:52:09.692Z,210,A_linear,healthy,pause,0.860,0.000,22.9,79.0,0.000,75.0,pause,labview_bridge
ARO-01,2026-05-28T23:52:10.693Z,211,A_linear,healthy,pause,0.871,0.005,22.9,79.1,0.009,75.0,pause,labview_bridge
ARO-01,2026-05-28T23:52:11.693Z,212,A_linear,healthy,pause,0.883,0.006,23.0,78.9,0.011,75.0,pause,labview_bridge
ARO-01,2026-05-28T23:52:12.694Z,213,A_linear,healthy,pause,0.899,0.006,22.9,78.9,0.010,75.0,pause,labview_bridge
ARO-01,2026-05-28T23:52:13.695Z,214,A_linear,healthy,pause,0.875,0.001,22.9,78.8,0.002,75.0,pause,labview_bridge
ARO-01,2026-05-28T23:52:14.695Z,215,A_linear,healthy,pause,0.925,0.004,22.9,78.8,0.007,75.0,pause,labview_bridge
ARO-01,2026-05-28T23:52:15.696Z,216,A_linear,healthy,pause,0.928,0.010,22.9,79.1,0.019,75.0,pause,labview_bridge
ARO-01,2026-05-28T23:52:16.697Z,217,A_linear,healthy,pause,0.912,0.010,23.0,78.9,0.018,75.0,pause,labview_bridge
ARO-01,2026-05-28T23:52:17.697Z,218,A_linear,healthy,pause,0.930,0.009,22.9,79.0,0.016,75.0,pause,labview_bridge
ARO-01,2026-05-28T23:52:18.698Z,219,A_linear,healthy,pause,0.934,0.000,22.9,79.3,0.000,75.0,pause,labview_bridge
ARO-01,2026-05-28T23:52:19.698Z,220,A_linear,healthy,ascent,0.951,0.447,23.0,79.0,0.807,30.0,ascent,labview_bridge
ARO-01,2026-05-28T23:52:20.699Z,221,A_linear,healthy,ascent,0.929,0.428,23.1,79.1,0.772,30.0,ascent,labview_bridge
ARO-01,2026-05-28T23:52:21.700Z,222,A_linear,healthy,ascent,0.961,0.430,23.2,79.4,0.775,30.0,ascent,labview_bridge
ARO-01,2026-05-28T23:52:22.701Z,223,A_linear,healthy,ascent,0.968,0.427,23.2,79.3,0.770,30.0,ascent,labview_bridge
ARO-01,2026-05-28T23:52:23.701Z,224,A_linear,healthy,ascent,0.976,0.432,23.2,79.4,0.780,30.0,ascent,labview_bridge
ARO-01,2026-05-28T23:52:24.702Z,225,A_linear,healthy,ascent,0.968,0.430,23.2,79.2,0.776,30.0,ascent,labview_bridge
ARO-01,2026-05-28T23:52:25.703Z,226,A_linear,healthy,ascent,0.972,0.433,23.3,79.3,0.781,30.0,ascent,labview_bridge
ARO-01,2026-05-28T23:52:26.704Z,227,A_linear,healthy,ascent,0.979,0.427,23.3,79.2,0.770,30.0,ascent,labview_bridge
ARO-01,2026-05-28T23:52:27.705Z,228,A_linear,healthy,ascent,0.987,0.425,23.2,79.3,0.768,30.0,ascent,labview_bridge
ARO-01,2026-05-28T23:52:28.706Z,229,A_linear,healthy,ascent,0.966,0.433,23.2,79.3,0.782,30.0,ascent,labview_bridge
ARO-01,2026-05-28T23:52:29.707Z,230,A_linear,healthy,ascent,0.981,0.430,23.3,79.4,0.776,30.0,ascent,labview_bridge
ARO-01,2026-05-28T23:52:30.707Z,231,A_linear,healthy,ascent,0.978,0.425,23.4,79.2,0.768,30.0,ascent,labview_bridge
ARO-01,2026-05-28T23:52:31.708Z,232,A_linear,healthy,descent,0.980,0.345,23.5,79.2,0.622,30.0,descent,labview_bridge
ARO-01,2026-05-28T23:52:32.709Z,233,A_linear,healthy,descent,0.958,0.349,23.5,79.0,0.630,30.0,descent,labview_bridge
ARO-01,2026-05-28T23:52:33.709Z,234,A_linear,healthy,descent,0.957,0.354,23.6,79.1,0.639,30.0,descent,labview_bridge
ARO-01,2026-05-28T23:52:34.710Z,235,A_linear,healthy,descent,0.937,0.345,23.6,79.2,0.622,30.0,descent,labview_bridge
ARO-01,2026-05-28T23:52:35.714Z,236,A_linear,healthy,descent,0.937,0.344,23.7,79.3,0.620,30.0,descent,labview_bridge
ARO-01,2026-05-28T23:52:36.715Z,237,A_linear,healthy,descent,0.946,0.341,23.7,79.1,0.615,30.0,descent,labview_bridge
ARO-01,2026-05-28T23:52:37.716Z,238,A_linear,healthy,descent,0.930,0.360,23.7,79.0,0.650,30.0,descent,labview_bridge
ARO-01,2026-05-28T23:52:38.716Z,239,A_linear,healthy,descent,0.928,0.353,23.8,78.8,0.636,30.0,descent,labview_bridge
ARO-01,2026-05-28T23:52:39.717Z,240,A_linear,healthy,descent,0.924,0.359,23.8,78.8,0.648,30.0,descent,labview_bridge
ARO-01,2026-05-28T23:52:40.718Z,241,A_linear,healthy,descent,0.904,0.347,23.8,78.9,0.626,30.0,descent,labview_bridge
ARO-01,2026-05-28T23:52:41.719Z,242,A_linear,healthy,descent,0.864,0.353,23.8,78.8,0.638,30.0,descent,labview_bridge
ARO-01,2026-05-28T23:52:42.720Z,243,A_linear,healthy,descent,0.882,0.353,23.9,78.8,0.636,30.0,descent,labview_bridge
ARO-01,2026-05-28T23:52:43.721Z,244,A_linear,healthy,pause,0.883,0.013,23.8,78.6,0.024,30.0,pause,labview_bridge
ARO-01,2026-05-28T23:52:44.721Z,245,A_linear,healthy,pause,0.873,0.000,23.8,78.6,0.000,30.0,pause,labview_bridge
ARO-01,2026-05-28T23:52:45.722Z,246,A_linear,healthy,pause,0.886,0.005,23.8,78.6,0.009,30.0,pause,labview_bridge
ARO-01,2026-05-28T23:52:46.722Z,247,A_linear,healthy,pause,0.866,0.009,23.7,78.6,0.017,30.0,pause,labview_bridge
ARO-01,2026-05-28T23:52:47.723Z,248,A_linear,healthy,pause,0.854,0.000,23.7,79.0,0.000,30.0,pause,labview_bridge
ARO-01,2026-05-28T23:52:48.724Z,249,A_linear,healthy,pause,0.859,0.000,23.8,79.2,0.000,30.0,pause,labview_bridge
ARO-01,2026-05-28T23:52:49.724Z,250,A_linear,healthy,pause,0.869,0.000,23.9,79.7,0.000,30.0,pause,labview_bridge
ARO-01,2026-05-28T23:52:50.725Z,251,A_linear,healthy,pause,0.849,0.000,23.9,79.6,0.000,30.0,pause,labview_bridge
ARO-01,2026-05-28T23:52:51.726Z,252,A_linear,healthy,pause,0.856,0.000,23.8,79.7,0.000,30.0,pause,labview_bridge
ARO-01,2026-05-28T23:52:52.726Z,253,A_linear,healthy,pause,0.855,0.008,23.8,79.6,0.015,30.0,pause,labview_bridge
ARO-01,2026-05-28T23:52:53.727Z,254,A_linear,healthy,pause,0.883,0.000,23.8,79.7,0.000,30.0,pause,labview_bridge
ARO-01,2026-05-28T23:52:54.728Z,255,A_linear,healthy,pause,0.869,0.004,23.6,79.7,0.006,30.0,pause,labview_bridge
ARO-01,2026-05-28T23:52:55.729Z,256,A_linear,healthy,pause,0.874,0.011,23.6,79.5,0.019,30.0,pause,labview_bridge
ARO-01,2026-05-28T23:52:56.729Z,257,A_linear,healthy,pause,0.881,0.002,23.7,79.5,0.004,30.0,pause,labview_bridge
ARO-01,2026-05-28T23:52:57.730Z,258,A_linear,healthy,pause,0.898,0.000,23.6,79.4,0.000,30.0,pause,labview_bridge
ARO-01,2026-05-28T23:52:58.731Z,259,A_linear,healthy,pause,0.899,0.005,23.6,79.3,0.009,30.0,pause,labview_bridge
ARO-01,2026-05-28T23:52:59.732Z,260,A_linear,healthy,pause,0.933,0.001,23.6,79.5,0.002,30.0,pause,labview_bridge
ARO-01,2026-05-28T23:53:00.733Z,261,A_linear,healthy,pause,0.919,0.000,23.6,79.5,0.000,30.0,pause,labview_bridge
ARO-01,2026-05-28T23:53:01.733Z,262,A_linear,healthy,pause,0.934,0.000,23.6,79.3,0.000,30.0,pause,labview_bridge
ARO-01,2026-05-28T23:53:02.734Z,263,A_linear,healthy,pause,0.959,0.000,23.6,79.4,0.000,30.0,pause,labview_bridge
ARO-01,2026-05-28T23:53:03.735Z,264,A_linear,healthy,ascent,0.950,0.498,23.7,79.2,0.898,45.0,ascent,labview_bridge
ARO-01,2026-05-28T23:53:04.736Z,265,A_linear,healthy,ascent,0.960,0.495,23.8,79.0,0.892,45.0,ascent,labview_bridge
ARO-01,2026-05-28T23:53:05.737Z,266,A_linear,healthy,ascent,0.939,0.495,23.8,79.0,0.893,45.0,ascent,labview_bridge
ARO-01,2026-05-28T23:53:06.737Z,267,A_linear,healthy,ascent,0.965,0.500,23.9,78.9,0.903,45.0,ascent,labview_bridge
ARO-01,2026-05-28T23:53:07.738Z,268,A_linear,healthy,ascent,0.944,0.510,23.9,78.6,0.921,45.0,ascent,labview_bridge
ARO-01,2026-05-28T23:53:08.739Z,269,A_linear,healthy,ascent,0.991,0.490,23.8,78.4,0.884,45.0,ascent,labview_bridge
ARO-01,2026-05-28T23:53:09.740Z,270,A_linear,healthy,ascent,0.953,0.497,23.9,78.5,0.897,45.0,ascent,labview_bridge
ARO-01,2026-05-28T23:53:10.740Z,271,A_linear,healthy,ascent,0.976,0.494,23.9,78.7,0.891,45.0,ascent,labview_bridge
ARO-01,2026-05-28T23:53:11.741Z,272,A_linear,healthy,ascent,0.975,0.482,23.9,78.4,0.870,45.0,ascent,labview_bridge
ARO-01,2026-05-28T23:53:12.741Z,273,A_linear,healthy,ascent,0.970,0.494,23.9,78.4,0.892,45.0,ascent,labview_bridge
ARO-01,2026-05-28T23:53:13.742Z,274,A_linear,healthy,ascent,0.963,0.498,24.1,78.7,0.899,45.0,ascent,labview_bridge
ARO-01,2026-05-28T23:53:14.743Z,275,A_linear,healthy,ascent,0.975,0.502,24.1,78.6,0.905,45.0,ascent,labview_bridge
ARO-01,2026-05-28T23:53:15.743Z,276,A_linear,healthy,descent,0.941,0.348,24.1,78.6,0.628,45.0,descent,labview_bridge
ARO-01,2026-05-28T23:53:16.744Z,277,A_linear,healthy,descent,0.946,0.352,24.1,78.5,0.636,45.0,descent,labview_bridge
ARO-01,2026-05-28T23:53:17.745Z,278,A_linear,healthy,descent,0.968,0.351,24.1,78.6,0.633,45.0,descent,labview_bridge
ARO-01,2026-05-28T23:53:18.746Z,279,A_linear,healthy,descent,0.954,0.361,24.1,79.0,0.652,45.0,descent,labview_bridge
ARO-01,2026-05-28T23:53:19.746Z,280,A_linear,healthy,descent,0.946,0.340,24.1,79.1,0.614,45.0,descent,labview_bridge
ARO-01,2026-05-28T23:53:20.747Z,281,A_linear,healthy,descent,0.941,0.341,24.0,78.9,0.615,45.0,descent,labview_bridge
ARO-01,2026-05-28T23:53:21.748Z,282,A_linear,healthy,descent,0.945,0.351,24.0,78.9,0.634,45.0,descent,labview_bridge
ARO-01,2026-05-28T23:53:22.748Z,283,A_linear,healthy,descent,0.910,0.350,24.0,78.8,0.631,45.0,descent,labview_bridge
ARO-01,2026-05-28T23:53:23.749Z,284,A_linear,healthy,descent,0.896,0.353,24.1,79.0,0.638,45.0,descent,labview_bridge
ARO-01,2026-05-28T23:53:24.750Z,285,A_linear,healthy,descent,0.906,0.357,24.1,78.9,0.645,45.0,descent,labview_bridge
ARO-01,2026-05-28T23:53:25.750Z,286,A_linear,healthy,descent,0.883,0.355,24.1,79.0,0.640,45.0,descent,labview_bridge
ARO-01,2026-05-28T23:53:26.751Z,287,A_linear,healthy,descent,0.895,0.347,24.2,78.8,0.627,45.0,descent,labview_bridge
ARO-01,2026-05-28T23:53:27.752Z,288,A_linear,healthy,pause,0.861,0.007,24.1,78.7,0.012,45.0,pause,labview_bridge
ARO-01,2026-05-28T23:53:28.753Z,289,A_linear,healthy,pause,0.872,0.000,24.1,78.8,0.000,45.0,pause,labview_bridge
ARO-01,2026-05-28T23:53:29.753Z,290,A_linear,healthy,pause,0.852,0.000,24.2,78.5,0.000,45.0,pause,labview_bridge
ARO-01,2026-05-28T23:53:30.754Z,291,A_linear,healthy,pause,0.866,0.000,24.2,78.4,0.000,45.0,pause,labview_bridge
ARO-01,2026-05-28T23:53:31.756Z,292,A_linear,healthy,pause,0.870,0.000,24.2,78.6,0.000,45.0,pause,labview_bridge
ARO-01,2026-05-28T23:53:32.756Z,293,A_linear,healthy,pause,0.866,0.000,24.1,78.3,0.000,45.0,pause,labview_bridge
ARO-01,2026-05-28T23:53:33.757Z,294,A_linear,healthy,pause,0.851,0.004,24.0,78.7,0.007,45.0,pause,labview_bridge
ARO-01,2026-05-28T23:53:34.757Z,295,A_linear,healthy,pause,0.856,0.000,24.0,78.7,0.000,45.0,pause,labview_bridge
ARO-01,2026-05-28T23:53:35.758Z,296,A_linear,healthy,pause,0.857,0.000,24.0,78.8,0.000,45.0,pause,labview_bridge
ARO-01,2026-05-28T23:53:36.759Z,297,A_linear,healthy,pause,0.879,0.000,24.0,78.7,0.000,45.0,pause,labview_bridge
ARO-01,2026-05-28T23:53:37.760Z,298,A_linear,healthy,pause,0.905,0.000,23.9,78.7,0.000,45.0,pause,labview_bridge
ARO-01,2026-05-28T23:53:38.760Z,299,A_linear,healthy,pause,0.884,0.006,24.0,78.6,0.011,45.0,pause,labview_bridge
ARO-01,2026-05-28T23:53:39.761Z,300,A_linear,healthy,pause,0.898,0.003,24.0,78.8,0.006,45.0,pause,labview_bridge
ARO-01,2026-05-28T23:53:40.762Z,301,A_linear,healthy,pause,0.887,0.004,24.0,78.8,0.007,45.0,pause,labview_bridge
ARO-01,2026-05-28T23:53:41.763Z,302,A_linear,healthy,pause,0.916,0.004,24.1,78.8,0.008,45.0,pause,labview_bridge
ARO-01,2026-05-28T23:53:42.763Z,303,A_linear,healthy,pause,0.911,0.000,24.0,78.7,0.000,45.0,pause,labview_bridge
ARO-01,2026-05-28T23:53:43.764Z,304,A_linear,healthy,pause,0.929,0.000,24.0,78.6,0.000,45.0,pause,labview_bridge
ARO-01,2026-05-28T23:53:44.765Z,305,A_linear,healthy,pause,0.933,0.000,23.9,78.6,0.000,45.0,pause,labview_bridge
ARO-01,2026-05-28T23:53:45.766Z,306,A_linear,healthy,pause,0.924,0.000,24.0,78.6,0.000,45.0,pause,labview_bridge
ARO-01,2026-05-28T23:53:46.766Z,307,A_linear,healthy,pause,0.925,0.009,24.1,78.9,0.016,45.0,pause,labview_bridge
ARO-01,2026-05-28T23:53:47.767Z,308,A_linear,healthy,ascent,0.953,0.618,24.1,79.0,1.114,75.0,ascent,labview_bridge
ARO-01,2026-05-28T23:53:48.768Z,309,A_linear,healthy,ascent,0.964,0.618,24.2,78.5,1.115,75.0,ascent,labview_bridge
ARO-01,2026-05-28T23:53:49.769Z,310,A_linear,healthy,ascent,0.975,0.626,24.3,78.5,1.129,75.0,ascent,labview_bridge
ARO-01,2026-05-28T23:53:50.769Z,311,A_linear,healthy,ascent,0.962,0.621,24.4,78.4,1.121,75.0,ascent,labview_bridge
ARO-01,2026-05-28T23:53:51.770Z,312,A_linear,healthy,ascent,0.959,0.625,24.4,78.4,1.128,75.0,ascent,labview_bridge
ARO-01,2026-05-28T23:53:52.771Z,313,A_linear,healthy,ascent,0.974,0.625,24.6,78.3,1.127,75.0,ascent,labview_bridge
ARO-01,2026-05-28T23:53:53.771Z,314,A_linear,healthy,ascent,0.982,0.629,24.6,78.5,1.135,75.0,ascent,labview_bridge
ARO-01,2026-05-28T23:53:54.772Z,315,A_linear,healthy,ascent,0.990,0.617,24.7,78.7,1.113,75.0,ascent,labview_bridge
ARO-01,2026-05-28T23:53:55.772Z,316,A_linear,healthy,ascent,0.983,0.619,24.7,78.7,1.117,75.0,ascent,labview_bridge
ARO-01,2026-05-28T23:53:56.773Z,317,A_linear,healthy,ascent,0.981,0.610,24.8,78.6,1.101,75.0,ascent,labview_bridge
ARO-01,2026-05-28T23:53:57.774Z,318,A_linear,healthy,ascent,0.978,0.622,24.7,78.5,1.122,75.0,ascent,labview_bridge
ARO-01,2026-05-28T23:53:58.774Z,319,A_linear,healthy,ascent,0.964,0.621,24.7,78.6,1.121,75.0,ascent,labview_bridge
ARO-01,2026-05-28T23:53:59.775Z,320,A_linear,healthy,descent,0.984,0.349,24.6,78.6,0.629,75.0,descent,labview_bridge
ARO-01,2026-05-28T23:54:00.776Z,321,A_linear,healthy,descent,0.974,0.366,24.7,78.8,0.660,75.0,descent,labview_bridge
ARO-01,2026-05-28T23:54:01.776Z,322,A_linear,healthy,descent,0.954,0.350,24.6,78.8,0.631,75.0,descent,labview_bridge
ARO-01,2026-05-28T23:54:02.777Z,323,A_linear,healthy,descent,0.954,0.351,24.6,78.8,0.634,75.0,descent,labview_bridge
ARO-01,2026-05-28T23:54:03.778Z,324,A_linear,healthy,descent,0.945,0.351,24.7,78.4,0.634,75.0,descent,labview_bridge
ARO-01,2026-05-28T23:54:04.778Z,325,A_linear,healthy,descent,0.935,0.346,24.7,78.1,0.624,75.0,descent,labview_bridge
ARO-01,2026-05-28T23:54:05.779Z,326,A_linear,healthy,descent,0.926,0.355,24.6,78.0,0.641,75.0,descent,labview_bridge
ARO-01,2026-05-28T23:54:06.784Z,327,A_linear,healthy,descent,0.925,0.364,24.5,77.8,0.657,75.0,descent,labview_bridge
ARO-01,2026-05-28T23:54:07.784Z,328,A_linear,healthy,descent,0.886,0.346,24.5,77.7,0.624,75.0,descent,labview_bridge
ARO-01,2026-05-28T23:54:08.785Z,329,A_linear,healthy,descent,0.885,0.338,24.5,77.9,0.609,75.0,descent,labview_bridge
ARO-01,2026-05-28T23:54:09.786Z,330,A_linear,healthy,descent,0.901,0.353,24.6,78.0,0.637,75.0,descent,labview_bridge
ARO-01,2026-05-28T23:54:10.786Z,331,A_linear,healthy,descent,0.890,0.346,24.7,78.3,0.625,75.0,descent,labview_bridge
ARO-01,2026-05-28T23:54:11.787Z,332,A_linear,healthy,pause,0.871,0.006,24.6,77.9,0.012,75.0,pause,labview_bridge
ARO-01,2026-05-28T23:54:12.788Z,333,A_linear,healthy,pause,0.877,0.003,24.6,78.1,0.005,75.0,pause,labview_bridge
ARO-01,2026-05-28T23:54:13.789Z,334,A_linear,healthy,pause,0.878,0.000,24.6,78.3,0.000,75.0,pause,labview_bridge
ARO-01,2026-05-28T23:54:14.789Z,335,A_linear,healthy,pause,0.867,0.000,24.5,78.5,0.000,75.0,pause,labview_bridge
ARO-01,2026-05-28T23:54:15.790Z,336,A_linear,healthy,pause,0.860,0.000,24.5,78.7,0.000,75.0,pause,labview_bridge
ARO-01,2026-05-28T23:54:16.791Z,337,A_linear,healthy,pause,0.861,0.005,24.5,78.4,0.010,75.0,pause,labview_bridge
ARO-01,2026-05-28T23:54:17.791Z,338,A_linear,healthy,pause,0.851,0.000,24.4,78.5,0.000,75.0,pause,labview_bridge
ARO-01,2026-05-28T23:54:18.792Z,339,A_linear,healthy,pause,0.861,0.001,24.4,78.2,0.002,75.0,pause,labview_bridge
ARO-01,2026-05-28T23:54:19.793Z,340,A_linear,healthy,pause,0.884,0.003,24.4,78.3,0.006,75.0,pause,labview_bridge
ARO-01,2026-05-28T23:54:20.793Z,341,A_linear,healthy,pause,0.867,0.000,24.5,78.1,0.000,75.0,pause,labview_bridge
ARO-01,2026-05-28T23:54:21.794Z,342,A_linear,healthy,pause,0.879,0.000,24.5,78.5,0.000,75.0,pause,labview_bridge
ARO-01,2026-05-28T23:54:22.795Z,343,A_linear,healthy,pause,0.866,0.000,24.6,78.4,0.000,75.0,pause,labview_bridge
ARO-01,2026-05-28T23:54:23.796Z,344,A_linear,healthy,pause,0.894,0.002,24.5,78.3,0.004,75.0,pause,labview_bridge
ARO-01,2026-05-28T23:54:24.796Z,345,A_linear,healthy,pause,0.902,0.000,24.4,77.9,0.000,75.0,pause,labview_bridge
ARO-01,2026-05-28T23:54:25.797Z,346,A_linear,healthy,pause,0.894,0.002,24.5,78.0,0.003,75.0,pause,labview_bridge
ARO-01,2026-05-28T23:54:26.797Z,347,A_linear,healthy,pause,0.891,0.000,24.5,77.9,0.000,75.0,pause,labview_bridge
ARO-01,2026-05-28T23:54:27.798Z,348,A_linear,healthy,pause,0.907,0.000,24.6,77.8,0.000,75.0,pause,labview_bridge
ARO-01,2026-05-28T23:54:28.799Z,349,A_linear,healthy,pause,0.919,0.000,24.6,77.7,0.000,75.0,pause,labview_bridge
ARO-01,2026-05-28T23:54:29.799Z,350,A_linear,healthy,pause,0.928,0.000,24.6,77.6,0.000,75.0,pause,labview_bridge
ARO-01,2026-05-28T23:54:30.800Z,351,A_linear,healthy,pause,0.948,0.003,24.6,77.3,0.005,75.0,pause,labview_bridge
ARO-01,2026-05-28T23:54:31.801Z,352,A_linear,healthy,ascent,0.947,0.753,24.6,77.5,1.358,105.0,ascent,labview_bridge
ARO-01,2026-05-28T23:54:32.801Z,353,A_linear,healthy,ascent,0.961,0.749,24.7,77.4,1.351,105.0,ascent,labview_bridge
ARO-01,2026-05-28T23:54:33.802Z,354,A_linear,healthy,ascent,0.965,0.758,24.7,77.7,1.367,105.0,ascent,labview_bridge
ARO-01,2026-05-28T23:54:34.803Z,355,A_linear,healthy,ascent,0.973,0.746,24.8,77.7,1.347,105.0,ascent,labview_bridge
ARO-01,2026-05-28T23:54:35.804Z,356,A_linear,healthy,ascent,0.969,0.752,24.9,77.8,1.357,105.0,ascent,labview_bridge
ARO-01,2026-05-28T23:54:36.804Z,357,A_linear,healthy,ascent,0.970,0.746,24.9,78.2,1.346,105.0,ascent,labview_bridge
ARO-01,2026-05-28T23:54:37.805Z,358,A_linear,healthy,ascent,0.960,0.743,25.0,78.1,1.340,105.0,ascent,labview_bridge
ARO-01,2026-05-28T23:54:38.806Z,359,A_linear,healthy,ascent,0.988,0.753,25.1,78.0,1.359,105.0,ascent,labview_bridge
ARO-01,2026-05-28T23:54:39.806Z,360,A_linear,healthy,ascent,0.970,0.743,25.2,78.2,1.340,105.0,ascent,labview_bridge
ARO-01,2026-05-28T23:54:40.807Z,361,A_linear,healthy,ascent,0.982,0.742,25.2,78.4,1.340,105.0,ascent,labview_bridge
ARO-01,2026-05-28T23:54:41.808Z,362,A_linear,healthy,ascent,0.960,0.744,25.3,78.4,1.342,105.0,ascent,labview_bridge
ARO-01,2026-05-28T23:54:42.808Z,363,A_linear,healthy,ascent,0.951,0.752,25.4,78.0,1.357,105.0,ascent,labview_bridge
ARO-01,2026-05-28T23:54:43.809Z,364,A_linear,healthy,descent,0.953,0.353,25.4,77.9,0.638,105.0,descent,labview_bridge
ARO-01,2026-05-28T23:54:44.809Z,365,A_linear,healthy,descent,0.948,0.344,25.4,77.9,0.620,105.0,descent,labview_bridge
ARO-01,2026-05-28T23:54:45.810Z,366,A_linear,healthy,descent,0.930,0.357,25.3,77.6,0.644,105.0,descent,labview_bridge
ARO-01,2026-05-28T23:54:46.810Z,367,A_linear,healthy,descent,0.952,0.345,25.3,77.7,0.623,105.0,descent,labview_bridge
ARO-01,2026-05-28T23:54:47.811Z,368,A_linear,healthy,descent,0.952,0.348,25.3,77.6,0.627,105.0,descent,labview_bridge
ARO-01,2026-05-28T23:54:48.812Z,369,A_linear,healthy,descent,0.924,0.354,25.3,77.7,0.639,105.0,descent,labview_bridge
ARO-01,2026-05-28T23:54:49.812Z,370,A_linear,healthy,descent,0.901,0.345,25.2,77.7,0.622,105.0,descent,labview_bridge
ARO-01,2026-05-28T23:54:50.813Z,371,A_linear,healthy,descent,0.912,0.356,25.2,77.8,0.642,105.0,descent,labview_bridge
ARO-01,2026-05-28T23:54:51.814Z,372,A_linear,healthy,descent,0.912,0.359,25.1,77.7,0.648,105.0,descent,labview_bridge
ARO-01,2026-05-28T23:54:52.815Z,373,A_linear,healthy,descent,0.889,0.353,25.1,77.6,0.637,105.0,descent,labview_bridge
ARO-01,2026-05-28T23:54:53.815Z,374,A_linear,healthy,descent,0.895,0.350,25.1,77.7,0.631,105.0,descent,labview_bridge
ARO-01,2026-05-28T23:54:54.816Z,375,A_linear,healthy,descent,0.859,0.360,25.1,77.8,0.649,105.0,descent,labview_bridge
ARO-01,2026-05-28T23:54:55.817Z,376,A_linear,healthy,pause,0.868,0.000,25.1,78.0,0.000,105.0,pause,labview_bridge
ARO-01,2026-05-28T23:54:56.818Z,377,A_linear,healthy,pause,0.873,0.003,25.0,77.8,0.006,105.0,pause,labview_bridge
ARO-01,2026-05-28T23:54:57.818Z,378,A_linear,healthy,pause,0.858,0.005,25.0,77.9,0.008,105.0,pause,labview_bridge
ARO-01,2026-05-28T23:54:58.819Z,379,A_linear,healthy,pause,0.865,0.004,24.9,77.7,0.007,105.0,pause,labview_bridge
ARO-01,2026-05-28T23:54:59.820Z,380,A_linear,healthy,pause,0.857,0.000,25.0,77.9,0.000,105.0,pause,labview_bridge
ARO-01,2026-05-28T23:55:00.821Z,381,A_linear,healthy,pause,0.831,0.009,25.0,77.7,0.017,105.0,pause,labview_bridge
ARO-01,2026-05-28T23:55:01.821Z,382,A_linear,healthy,pause,0.868,0.000,25.0,77.6,0.000,105.0,pause,labview_bridge
ARO-01,2026-05-28T23:55:02.822Z,383,A_linear,healthy,pause,0.867,0.000,25.0,77.6,0.000,105.0,pause,labview_bridge
ARO-01,2026-05-28T23:55:03.823Z,384,A_linear,healthy,pause,0.865,0.000,25.0,77.2,0.000,105.0,pause,labview_bridge
ARO-01,2026-05-28T23:55:04.824Z,385,A_linear,healthy,pause,0.879,0.010,25.0,77.3,0.019,105.0,pause,labview_bridge
ARO-01,2026-05-28T23:55:05.825Z,386,A_linear,healthy,pause,0.880,0.000,25.0,77.6,0.000,105.0,pause,labview_bridge
ARO-01,2026-05-28T23:55:06.826Z,387,A_linear,healthy,pause,0.880,0.000,25.0,77.4,0.000,105.0,pause,labview_bridge
ARO-01,2026-05-28T23:55:07.827Z,388,A_linear,healthy,pause,0.873,0.003,25.0,77.7,0.006,105.0,pause,labview_bridge
ARO-01,2026-05-28T23:55:08.827Z,389,A_linear,healthy,pause,0.886,0.002,24.9,77.8,0.004,105.0,pause,labview_bridge
ARO-01,2026-05-28T23:55:09.828Z,390,A_linear,healthy,pause,0.896,0.000,25.0,77.7,0.000,105.0,pause,labview_bridge
ARO-01,2026-05-28T23:55:10.829Z,391,A_linear,healthy,pause,0.912,0.000,25.0,77.6,0.000,105.0,pause,labview_bridge
ARO-01,2026-05-28T23:55:11.830Z,392,A_linear,healthy,pause,0.909,0.008,24.9,77.5,0.015,105.0,pause,labview_bridge
ARO-01,2026-05-28T23:55:12.831Z,393,A_linear,healthy,pause,0.932,0.000,24.9,77.4,0.000,105.0,pause,labview_bridge
ARO-01,2026-05-28T23:55:13.831Z,394,A_linear,healthy,pause,0.946,0.000,24.9,77.4,0.000,105.0,pause,labview_bridge
ARO-01,2026-05-28T23:55:14.832Z,395,A_linear,healthy,pause,0.941,0.000,24.8,77.7,0.000,105.0,pause,labview_bridge
ARO-01,2026-05-28T23:55:15.833Z,396,A_linear,healthy,ascent,0.938,0.814,24.8,77.6,1.468,120.0,ascent,labview_bridge
ARO-01,2026-05-28T23:55:16.833Z,397,A_linear,healthy,ascent,0.944,0.810,24.9,77.5,1.461,120.0,ascent,labview_bridge
ARO-01,2026-05-28T23:55:17.834Z,398,A_linear,healthy,ascent,0.966,0.818,25.0,77.3,1.477,120.0,ascent,labview_bridge
ARO-01,2026-05-28T23:55:18.835Z,399,A_linear,healthy,ascent,0.963,0.806,25.0,77.2,1.454,120.0,ascent,labview_bridge
ARO-01,2026-05-28T23:55:19.835Z,400,A_linear,healthy,ascent,0.988,0.805,25.1,77.5,1.452,120.0,ascent,labview_bridge
ARO-01,2026-05-28T23:55:20.836Z,401,A_linear,healthy,ascent,1.001,0.812,25.1,77.6,1.465,120.0,ascent,labview_bridge
ARO-01,2026-05-28T23:55:21.837Z,402,A_linear,healthy,ascent,1.001,0.808,25.1,77.3,1.457,120.0,ascent,labview_bridge
ARO-01,2026-05-28T23:55:22.838Z,403,A_linear,healthy,ascent,1.003,0.816,25.2,77.3,1.473,120.0,ascent,labview_bridge
ARO-01,2026-05-28T23:55:23.838Z,404,A_linear,healthy,ascent,1.005,0.813,25.1,77.4,1.466,120.0,ascent,labview_bridge
ARO-01,2026-05-28T23:55:24.839Z,405,A_linear,healthy,ascent,0.982,0.808,25.2,77.5,1.458,120.0,ascent,labview_bridge
ARO-01,2026-05-28T23:55:25.840Z,406,A_linear,healthy,ascent,0.968,0.818,25.2,77.6,1.477,120.0,ascent,labview_bridge
ARO-01,2026-05-28T23:55:26.840Z,407,A_linear,healthy,ascent,0.973,0.819,25.4,77.5,1.478,120.0,ascent,labview_bridge
ARO-01,2026-05-28T23:55:27.841Z,408,A_linear,healthy,descent,0.989,0.359,25.5,77.4,0.647,120.0,descent,labview_bridge
ARO-01,2026-05-28T23:55:28.842Z,409,A_linear,healthy,descent,0.954,0.354,25.4,77.5,0.638,120.0,descent,labview_bridge
ARO-01,2026-05-28T23:55:29.843Z,410,A_linear,healthy,descent,0.978,0.357,25.4,77.2,0.644,120.0,descent,labview_bridge
ARO-01,2026-05-28T23:55:30.843Z,411,A_linear,healthy,descent,0.966,0.347,25.3,77.5,0.627,120.0,descent,labview_bridge
ARO-01,2026-05-28T23:55:31.844Z,412,A_linear,healthy,descent,0.934,0.358,25.3,77.2,0.646,120.0,descent,labview_bridge
ARO-01,2026-05-28T23:55:32.845Z,413,A_linear,healthy,descent,0.932,0.341,25.2,77.3,0.615,120.0,descent,labview_bridge
ARO-01,2026-05-28T23:55:33.846Z,414,A_linear,healthy,descent,0.930,0.351,25.2,77.3,0.633,120.0,descent,labview_bridge
ARO-01,2026-05-28T23:55:34.846Z,415,A_linear,healthy,descent,0.905,0.363,25.2,77.7,0.655,120.0,descent,labview_bridge
ARO-01,2026-05-28T23:55:35.847Z,416,A_linear,healthy,descent,0.908,0.360,25.1,78.0,0.650,120.0,descent,labview_bridge
ARO-01,2026-05-28T23:55:36.852Z,417,A_linear,healthy,descent,0.881,0.360,25.2,77.6,0.650,120.0,descent,labview_bridge
ARO-01,2026-05-28T23:55:37.853Z,418,A_linear,healthy,descent,0.898,0.342,25.2,77.5,0.617,120.0,descent,labview_bridge
ARO-01,2026-05-28T23:55:38.853Z,419,A_linear,healthy,descent,0.894,0.360,25.2,77.4,0.650,120.0,descent,labview_bridge
ARO-01,2026-05-28T23:55:39.854Z,420,A_linear,healthy,pause,0.888,0.005,25.2,77.6,0.008,120.0,pause,labview_bridge
ARO-01,2026-05-28T23:55:40.854Z,421,A_linear,healthy,pause,0.882,0.002,25.1,77.6,0.003,120.0,pause,labview_bridge
ARO-01,2026-05-28T23:55:41.855Z,422,A_linear,healthy,pause,0.874,0.001,25.1,77.4,0.003,120.0,pause,labview_bridge
ARO-01,2026-05-28T23:55:42.856Z,423,A_linear,healthy,pause,0.873,0.005,25.2,77.5,0.009,120.0,pause,labview_bridge
ARO-01,2026-05-28T23:55:43.856Z,424,A_linear,healthy,pause,0.865,0.002,25.1,77.6,0.004,120.0,pause,labview_bridge
ARO-01,2026-05-28T23:55:44.857Z,425,A_linear,healthy,pause,0.858,0.000,25.1,77.4,0.000,120.0,pause,labview_bridge
ARO-01,2026-05-28T23:55:45.857Z,426,A_linear,healthy,pause,0.848,0.002,25.0,77.5,0.004,120.0,pause,labview_bridge
ARO-01,2026-05-28T23:55:46.858Z,427,A_linear,healthy,pause,0.865,0.000,24.9,77.6,0.000,120.0,pause,labview_bridge
ARO-01,2026-05-28T23:55:47.859Z,428,A_linear,healthy,pause,0.858,0.002,24.9,77.5,0.003,120.0,pause,labview_bridge
ARO-01,2026-05-28T23:55:48.862Z,429,A_linear,healthy,pause,0.859,0.005,24.9,77.3,0.008,120.0,pause,labview_bridge
ARO-01,2026-05-28T23:55:49.862Z,430,A_linear,healthy,pause,0.896,0.000,24.9,77.1,0.000,120.0,pause,labview_bridge
ARO-01,2026-05-28T23:55:50.862Z,431,A_linear,healthy,pause,0.878,0.001,24.9,77.3,0.003,120.0,pause,labview_bridge
ARO-01,2026-05-28T23:55:51.863Z,432,A_linear,healthy,pause,0.861,0.000,24.8,77.1,0.001,120.0,pause,labview_bridge
ARO-01,2026-05-28T23:55:52.864Z,433,A_linear,healthy,pause,0.897,0.000,24.9,77.3,0.000,120.0,pause,labview_bridge
ARO-01,2026-05-28T23:55:53.865Z,434,A_linear,healthy,pause,0.882,0.010,24.9,77.6,0.018,120.0,pause,labview_bridge
ARO-01,2026-05-28T23:55:54.866Z,435,A_linear,healthy,pause,0.904,0.000,24.9,77.5,0.000,120.0,pause,labview_bridge
ARO-01,2026-05-28T23:55:55.867Z,436,A_linear,healthy,pause,0.917,0.000,24.9,77.8,0.000,120.0,pause,labview_bridge
ARO-01,2026-05-28T23:55:56.867Z,437,A_linear,healthy,pause,0.916,0.000,24.9,77.8,0.000,120.0,pause,labview_bridge
ARO-01,2026-05-28T23:55:57.868Z,438,A_linear,healthy,pause,0.937,0.000,24.8,77.8,0.000,120.0,pause,labview_bridge
ARO-01,2026-05-28T23:55:58.869Z,439,A_linear,healthy,pause,0.932,0.000,24.8,77.9,0.000,120.0,pause,labview_bridge
ARO-01,2026-05-28T23:55:59.870Z,440,A_linear,healthy,ascent,0.937,0.826,24.8,77.9,1.490,120.0,ascent,labview_bridge
ARO-01,2026-05-28T23:56:00.870Z,441,A_linear,healthy,ascent,0.962,0.818,24.9,77.8,1.475,120.0,ascent,labview_bridge
ARO-01,2026-05-28T23:56:01.871Z,442,A_linear,healthy,ascent,0.962,0.810,25.1,77.7,1.461,120.0,ascent,labview_bridge
ARO-01,2026-05-28T23:56:02.871Z,443,A_linear,healthy,ascent,0.978,0.808,25.2,77.9,1.458,120.0,ascent,labview_bridge
ARO-01,2026-05-28T23:56:03.872Z,444,A_linear,healthy,ascent,0.973,0.813,25.3,77.8,1.467,120.0,ascent,labview_bridge
ARO-01,2026-05-28T23:56:04.873Z,445,A_linear,healthy,ascent,0.993,0.825,25.4,77.8,1.488,120.0,ascent,labview_bridge
ARO-01,2026-05-28T23:56:05.873Z,446,A_linear,healthy,ascent,0.977,0.813,25.5,77.7,1.467,120.0,ascent,labview_bridge
ARO-01,2026-05-28T23:56:06.874Z,447,A_linear,healthy,ascent,0.972,0.807,25.5,78.0,1.457,120.0,ascent,labview_bridge
ARO-01,2026-05-28T23:56:07.875Z,448,A_linear,healthy,ascent,0.958,0.817,25.6,78.1,1.473,120.0,ascent,labview_bridge
ARO-01,2026-05-28T23:56:08.875Z,449,A_linear,healthy,ascent,0.969,0.812,25.6,78.0,1.464,120.0,ascent,labview_bridge
ARO-01,2026-05-28T23:56:09.883Z,450,A_linear,healthy,ascent,0.984,0.823,25.7,77.7,1.484,120.0,ascent,labview_bridge
ARO-01,2026-05-28T23:56:10.885Z,451,A_linear,healthy,ascent,0.967,0.824,25.7,77.4,1.486,120.0,ascent,labview_bridge
ARO-01,2026-05-28T23:56:11.885Z,452,A_linear,healthy,descent,0.965,0.347,25.8,77.4,0.625,120.0,descent,labview_bridge
ARO-01,2026-05-28T23:56:12.886Z,453,A_linear,healthy,descent,0.942,0.337,25.8,77.5,0.607,120.0,descent,labview_bridge
ARO-01,2026-05-28T23:56:13.887Z,454,A_linear,healthy,descent,0.967,0.357,25.8,77.4,0.644,120.0,descent,labview_bridge
ARO-01,2026-05-28T23:56:14.887Z,455,A_linear,healthy,descent,0.963,0.357,25.8,77.3,0.644,120.0,descent,labview_bridge
ARO-01,2026-05-28T23:56:15.888Z,456,A_linear,healthy,descent,0.949,0.355,25.9,77.0,0.641,120.0,descent,labview_bridge
ARO-01,2026-05-28T23:56:16.889Z,457,A_linear,healthy,descent,0.921,0.343,25.9,76.7,0.619,120.0,descent,labview_bridge
ARO-01,2026-05-28T23:56:17.889Z,458,A_linear,healthy,descent,0.938,0.345,25.8,76.6,0.623,120.0,descent,labview_bridge
ARO-01,2026-05-28T23:56:18.890Z,459,A_linear,healthy,descent,0.893,0.353,25.7,77.1,0.636,120.0,descent,labview_bridge
ARO-01,2026-05-28T23:56:19.890Z,460,A_linear,healthy,descent,0.904,0.349,25.7,76.8,0.629,120.0,descent,labview_bridge
ARO-01,2026-05-28T23:56:20.891Z,461,A_linear,healthy,descent,0.902,0.352,25.7,76.8,0.635,120.0,descent,labview_bridge
ARO-01,2026-05-28T23:56:21.891Z,462,A_linear,healthy,descent,0.894,0.339,25.6,76.6,0.611,120.0,descent,labview_bridge
ARO-01,2026-05-28T23:56:22.892Z,463,A_linear,healthy,descent,0.883,0.352,25.7,76.7,0.635,120.0,descent,labview_bridge
ARO-01,2026-05-28T23:56:23.893Z,464,A_linear,healthy,pause,0.863,0.000,25.7,77.1,0.000,120.0,pause,labview_bridge
ARO-01,2026-05-28T23:56:24.893Z,465,A_linear,healthy,pause,0.893,0.012,25.7,76.8,0.021,120.0,pause,labview_bridge
ARO-01,2026-05-28T23:56:25.894Z,466,A_linear,healthy,pause,0.851,0.005,25.6,76.5,0.009,120.0,pause,labview_bridge
ARO-01,2026-05-28T23:56:26.895Z,467,A_linear,healthy,pause,0.872,0.000,25.6,76.3,0.000,120.0,pause,labview_bridge
ARO-01,2026-05-28T23:56:27.895Z,468,A_linear,healthy,pause,0.857,0.000,25.6,76.3,0.000,120.0,pause,labview_bridge
ARO-01,2026-05-28T23:56:28.896Z,469,A_linear,healthy,pause,0.841,0.000,25.6,76.6,0.000,120.0,pause,labview_bridge
ARO-01,2026-05-28T23:56:29.897Z,470,A_linear,healthy,pause,0.874,0.009,25.5,77.0,0.017,120.0,pause,labview_bridge
ARO-01,2026-05-28T23:56:30.898Z,471,A_linear,healthy,pause,0.859,0.004,25.5,76.9,0.007,120.0,pause,labview_bridge
ARO-01,2026-05-28T23:56:31.899Z,472,A_linear,healthy,pause,0.870,0.003,25.5,77.0,0.006,120.0,pause,labview_bridge
ARO-01,2026-05-28T23:56:32.900Z,473,A_linear,healthy,pause,0.869,0.000,25.5,77.0,0.000,120.0,pause,labview_bridge
ARO-01,2026-05-28T23:56:33.900Z,474,A_linear,healthy,pause,0.871,0.011,25.4,76.7,0.020,120.0,pause,labview_bridge
ARO-01,2026-05-28T23:56:34.901Z,475,A_linear,healthy,pause,0.867,0.000,25.3,76.9,0.000,120.0,pause,labview_bridge
ARO-01,2026-05-28T23:56:35.902Z,476,A_linear,healthy,pause,0.889,0.011,25.4,76.7,0.020,120.0,pause,labview_bridge
ARO-01,2026-05-28T23:56:36.903Z,477,A_linear,healthy,pause,0.891,0.000,25.3,76.8,0.000,120.0,pause,labview_bridge
ARO-01,2026-05-28T23:56:37.904Z,478,A_linear,healthy,pause,0.900,0.005,25.4,76.5,0.008,120.0,pause,labview_bridge
ARO-01,2026-05-28T23:56:38.904Z,479,A_linear,healthy,pause,0.901,0.008,25.4,76.6,0.015,120.0,pause,labview_bridge
ARO-01,2026-05-28T23:56:39.905Z,480,A_linear,healthy,pause,0.909,0.010,25.3,76.4,0.019,120.0,pause,labview_bridge
ARO-01,2026-05-28T23:56:40.906Z,481,A_linear,healthy,pause,0.905,0.001,25.3,76.4,0.001,120.0,pause,labview_bridge
ARO-01,2026-05-28T23:56:41.907Z,482,A_linear,healthy,pause,0.940,0.000,25.2,76.4,0.001,120.0,pause,labview_bridge
ARO-01,2026-05-28T23:56:42.907Z,483,A_linear,healthy,pause,0.954,0.003,25.3,76.3,0.005,120.0,pause,labview_bridge
ARO-01,2026-05-28T23:56:43.908Z,484,A_linear,healthy,ascent,0.948,0.814,25.3,76.4,1.468,120.0,ascent,labview_bridge
ARO-01,2026-05-28T23:56:44.909Z,485,A_linear,healthy,ascent,0.939,0.819,25.5,76.4,1.478,120.0,ascent,labview_bridge
ARO-01,2026-05-28T23:56:45.909Z,486,A_linear,healthy,ascent,0.957,0.825,25.6,76.6,1.488,120.0,ascent,labview_bridge
ARO-01,2026-05-28T23:56:46.910Z,487,A_linear,healthy,ascent,0.955,0.817,25.7,76.5,1.474,120.0,ascent,labview_bridge
ARO-01,2026-05-28T23:56:47.911Z,488,A_linear,healthy,ascent,0.971,0.812,25.9,76.7,1.466,120.0,ascent,labview_bridge
ARO-01,2026-05-28T23:56:48.912Z,489,A_linear,healthy,ascent,0.972,0.809,25.8,76.6,1.460,120.0,ascent,labview_bridge
ARO-01,2026-05-28T23:56:49.912Z,490,A_linear,healthy,ascent,0.990,0.816,26.0,76.6,1.473,120.0,ascent,labview_bridge
ARO-01,2026-05-28T23:56:50.913Z,491,A_linear,healthy,ascent,0.966,0.819,26.1,76.4,1.477,120.0,ascent,labview_bridge
ARO-01,2026-05-28T23:56:51.914Z,492,A_linear,healthy,ascent,0.961,0.810,26.2,76.1,1.461,120.0,ascent,labview_bridge
ARO-01,2026-05-28T23:56:52.914Z,493,A_linear,healthy,ascent,0.988,0.813,26.2,76.1,1.467,120.0,ascent,labview_bridge
ARO-01,2026-05-28T23:56:53.915Z,494,A_linear,healthy,ascent,0.991,0.821,26.3,76.2,1.480,120.0,ascent,labview_bridge
ARO-01,2026-05-28T23:56:54.916Z,495,A_linear,healthy,ascent,0.963,0.818,26.4,76.3,1.475,120.0,ascent,labview_bridge
ARO-01,2026-05-28T23:56:55.916Z,496,A_linear,healthy,descent,0.962,0.350,26.4,76.2,0.632,120.0,descent,labview_bridge
ARO-01,2026-05-28T23:56:56.917Z,497,A_linear,healthy,descent,0.974,0.352,26.3,76.2,0.635,120.0,descent,labview_bridge
ARO-01,2026-05-28T23:56:57.917Z,498,A_linear,healthy,descent,0.955,0.359,26.3,76.5,0.647,120.0,descent,labview_bridge
ARO-01,2026-05-28T23:56:58.918Z,499,A_linear,healthy,descent,0.968,0.360,26.4,76.6,0.650,120.0,descent,labview_bridge
ARO-01,2026-05-28T23:56:59.919Z,500,A_linear,healthy,descent,0.953,0.345,26.5,76.7,0.623,120.0,descent,labview_bridge
ARO-01,2026-05-28T23:57:00.920Z,501,A_linear,healthy,descent,0.945,0.356,26.4,76.8,0.642,120.0,descent,labview_bridge
ARO-01,2026-05-28T23:57:01.921Z,502,A_linear,healthy,descent,0.923,0.325,26.3,76.9,0.585,120.0,descent,labview_bridge
ARO-01,2026-05-28T23:57:02.921Z,503,A_linear,healthy,descent,0.907,0.346,26.3,76.9,0.625,120.0,descent,labview_bridge
ARO-01,2026-05-28T23:57:03.922Z,504,A_linear,healthy,descent,0.888,0.339,26.3,76.7,0.611,120.0,descent,labview_bridge
ARO-01,2026-05-28T23:57:04.923Z,505,A_linear,healthy,descent,0.875,0.347,26.3,76.6,0.626,120.0,descent,labview_bridge
ARO-01,2026-05-28T23:57:05.924Z,506,A_linear,healthy,descent,0.893,0.351,26.3,76.5,0.633,120.0,descent,labview_bridge
ARO-01,2026-05-28T23:57:06.928Z,507,A_linear,healthy,descent,0.875,0.358,26.2,76.3,0.646,120.0,descent,labview_bridge
ARO-01,2026-05-28T23:57:07.929Z,508,A_linear,healthy,pause,0.883,0.000,26.2,76.1,0.000,120.0,pause,labview_bridge
ARO-01,2026-05-28T23:57:08.930Z,509,A_linear,healthy,pause,0.876,0.011,26.0,76.0,0.020,120.0,pause,labview_bridge
ARO-01,2026-05-28T23:57:09.930Z,510,A_linear,healthy,pause,0.872,0.000,25.9,76.3,0.001,120.0,pause,labview_bridge
ARO-01,2026-05-28T23:57:10.931Z,511,A_linear,healthy,pause,0.863,0.007,26.0,76.3,0.013,120.0,pause,labview_bridge
ARO-01,2026-05-28T23:57:11.932Z,512,A_linear,healthy,pause,0.867,0.014,25.9,76.4,0.026,120.0,pause,labview_bridge
ARO-01,2026-05-28T23:57:12.932Z,513,A_linear,healthy,pause,0.844,0.001,25.9,76.6,0.003,120.0,pause,labview_bridge
ARO-01,2026-05-28T23:57:13.948Z,514,A_linear,healthy,pause,0.877,0.008,26.0,76.5,0.015,120.0,pause,labview_bridge
ARO-01,2026-05-28T23:57:14.949Z,515,A_linear,healthy,pause,0.851,0.000,25.9,76.5,0.000,120.0,pause,labview_bridge
ARO-01,2026-05-28T23:57:15.950Z,516,A_linear,healthy,pause,0.875,0.002,25.8,76.6,0.003,120.0,pause,labview_bridge
ARO-01,2026-05-28T23:57:16.951Z,517,A_linear,healthy,pause,0.870,0.000,25.8,76.9,0.000,120.0,pause,labview_bridge
ARO-01,2026-05-28T23:57:17.952Z,518,A_linear,healthy,pause,0.858,0.000,25.8,76.7,0.000,120.0,pause,labview_bridge
ARO-01,2026-05-28T23:57:18.952Z,519,A_linear,healthy,pause,0.859,0.003,25.8,76.7,0.006,120.0,pause,labview_bridge
ARO-01,2026-05-28T23:57:19.953Z,520,A_linear,healthy,pause,0.898,0.002,25.9,76.8,0.004,120.0,pause,labview_bridge
ARO-01,2026-05-28T23:57:20.954Z,521,A_linear,healthy,pause,0.901,0.009,25.9,76.7,0.017,120.0,pause,labview_bridge
ARO-01,2026-05-28T23:57:21.955Z,522,A_linear,healthy,pause,0.893,0.000,25.8,76.6,0.000,120.0,pause,labview_bridge
ARO-01,2026-05-28T23:57:22.955Z,523,A_linear,healthy,pause,0.905,0.003,25.8,76.5,0.006,120.0,pause,labview_bridge
ARO-01,2026-05-28T23:57:23.956Z,524,A_linear,healthy,pause,0.926,0.002,25.8,76.7,0.004,120.0,pause,labview_bridge
ARO-01,2026-05-28T23:57:24.957Z,525,A_linear,healthy,pause,0.950,0.000,25.7,76.9,0.000,120.0,pause,labview_bridge
ARO-01,2026-05-28T23:57:25.958Z,526,A_linear,healthy,pause,0.935,0.008,25.7,76.8,0.014,120.0,pause,labview_bridge
ARO-01,2026-05-28T23:57:26.959Z,527,A_linear,healthy,pause,0.942,0.007,25.7,77.0,0.013,120.0,pause,labview_bridge
ARO-01,2026-05-28T23:57:27.959Z,528,A_linear,healthy,ascent,0.933,0.553,25.8,77.0,0.997,60.0,ascent,labview_bridge
ARO-01,2026-05-28T23:57:28.960Z,529,A_linear,healthy,ascent,0.971,0.559,25.9,76.7,1.009,60.0,ascent,labview_bridge
ARO-01,2026-05-28T23:57:29.961Z,530,A_linear,healthy,ascent,0.978,0.558,26.0,76.8,1.006,60.0,ascent,labview_bridge
ARO-01,2026-05-28T23:57:30.961Z,531,A_linear,healthy,ascent,0.974,0.556,26.0,76.7,1.003,60.0,ascent,labview_bridge
ARO-01,2026-05-28T23:57:31.962Z,532,A_linear,healthy,ascent,0.970,0.563,26.1,76.7,1.016,60.0,ascent,labview_bridge
ARO-01,2026-05-28T23:57:32.963Z,533,A_linear,healthy,ascent,0.972,0.567,26.1,76.8,1.022,60.0,ascent,labview_bridge
ARO-01,2026-05-28T23:57:33.964Z,534,A_linear,healthy,ascent,1.002,0.570,26.2,76.7,1.029,60.0,ascent,labview_bridge
ARO-01,2026-05-28T23:57:34.964Z,535,A_linear,healthy,ascent,0.976,0.579,26.1,76.4,1.044,60.0,ascent,labview_bridge
ARO-01,2026-05-28T23:57:35.965Z,536,A_linear,healthy,ascent,0.969,0.569,26.2,76.6,1.027,60.0,ascent,labview_bridge
ARO-01,2026-05-28T23:57:36.966Z,537,A_linear,healthy,ascent,0.994,0.567,26.2,76.3,1.023,60.0,ascent,labview_bridge
ARO-01,2026-05-28T23:57:37.967Z,538,A_linear,healthy,ascent,0.978,0.555,26.2,76.5,1.001,60.0,ascent,labview_bridge
ARO-01,2026-05-28T23:57:38.967Z,539,A_linear,healthy,ascent,0.977,0.561,26.3,76.4,1.013,60.0,ascent,labview_bridge
ARO-01,2026-05-28T23:57:39.968Z,540,A_linear,healthy,descent,0.955,0.349,26.4,76.2,0.630,60.0,descent,labview_bridge
ARO-01,2026-05-28T23:57:40.969Z,541,A_linear,healthy,descent,0.957,0.355,26.4,76.1,0.640,60.0,descent,labview_bridge
ARO-01,2026-05-28T23:57:41.970Z,542,A_linear,healthy,descent,0.981,0.343,26.3,76.0,0.619,60.0,descent,labview_bridge
ARO-01,2026-05-28T23:57:42.970Z,543,A_linear,healthy,descent,0.976,0.365,26.4,75.6,0.658,60.0,descent,labview_bridge
ARO-01,2026-05-28T23:57:43.971Z,544,A_linear,healthy,descent,0.962,0.356,26.4,75.2,0.642,60.0,descent,labview_bridge
ARO-01,2026-05-28T23:57:44.972Z,545,A_linear,healthy,descent,0.928,0.362,26.4,75.3,0.654,60.0,descent,labview_bridge
ARO-01,2026-05-28T23:57:45.972Z,546,A_linear,healthy,descent,0.908,0.352,26.5,75.5,0.635,60.0,descent,labview_bridge
ARO-01,2026-05-28T23:57:46.973Z,547,A_linear,healthy,descent,0.942,0.358,26.5,75.4,0.645,60.0,descent,labview_bridge
ARO-01,2026-05-28T23:57:47.974Z,548,A_linear,healthy,descent,0.899,0.353,26.5,75.6,0.637,60.0,descent,labview_bridge
ARO-01,2026-05-28T23:57:48.975Z,549,A_linear,healthy,descent,0.897,0.350,26.4,75.6,0.632,60.0,descent,labview_bridge
ARO-01,2026-05-28T23:57:49.975Z,550,A_linear,healthy,descent,0.887,0.344,26.5,75.6,0.621,60.0,descent,labview_bridge
ARO-01,2026-05-28T23:57:50.976Z,551,A_linear,healthy,descent,0.876,0.352,26.5,75.6,0.635,60.0,descent,labview_bridge
ARO-01,2026-05-28T23:57:51.976Z,552,A_linear,healthy,pause,0.900,0.003,26.6,75.7,0.005,60.0,pause,labview_bridge
ARO-01,2026-05-28T23:57:52.977Z,553,A_linear,healthy,pause,0.882,0.000,26.4,75.6,0.000,60.0,pause,labview_bridge
ARO-01,2026-05-28T23:57:53.978Z,554,A_linear,healthy,pause,0.872,0.000,26.3,75.7,0.000,60.0,pause,labview_bridge
ARO-01,2026-05-28T23:57:54.979Z,555,A_linear,healthy,pause,0.871,0.002,26.3,75.7,0.004,60.0,pause,labview_bridge
ARO-01,2026-05-28T23:57:55.980Z,556,A_linear,healthy,pause,0.857,0.000,26.3,76.1,0.000,60.0,pause,labview_bridge
ARO-01,2026-05-28T23:57:56.981Z,557,A_linear,healthy,pause,0.870,0.007,26.2,76.0,0.012,60.0,pause,labview_bridge
ARO-01,2026-05-28T23:57:57.981Z,558,A_linear,healthy,pause,0.870,0.000,26.1,76.0,0.000,60.0,pause,labview_bridge
ARO-01,2026-05-28T23:57:58.982Z,559,A_linear,healthy,pause,0.860,0.000,26.0,76.3,0.000,60.0,pause,labview_bridge
ARO-01,2026-05-28T23:57:59.983Z,560,A_linear,healthy,pause,0.869,0.008,26.0,76.2,0.014,60.0,pause,labview_bridge
ARO-01,2026-05-28T23:58:00.983Z,561,A_linear,healthy,pause,0.852,0.000,26.0,76.2,0.000,60.0,pause,labview_bridge
ARO-01,2026-05-28T23:58:01.984Z,562,A_linear,healthy,pause,0.882,0.000,26.1,76.3,0.000,60.0,pause,labview_bridge
ARO-01,2026-05-28T23:58:02.985Z,563,A_linear,healthy,pause,0.894,0.000,26.2,76.4,0.000,60.0,pause,labview_bridge
ARO-01,2026-05-28T23:58:03.986Z,564,A_linear,healthy,pause,0.893,0.000,26.3,76.4,0.000,60.0,pause,labview_bridge
ARO-01,2026-05-28T23:58:04.986Z,565,A_linear,healthy,pause,0.876,0.000,26.3,76.4,0.000,60.0,pause,labview_bridge
ARO-01,2026-05-28T23:58:05.987Z,566,A_linear,healthy,pause,0.885,0.000,26.3,76.5,0.000,60.0,pause,labview_bridge
ARO-01,2026-05-28T23:58:06.988Z,567,A_linear,healthy,pause,0.920,0.000,26.4,76.6,0.000,60.0,pause,labview_bridge
ARO-01,2026-05-28T23:58:07.989Z,568,A_linear,healthy,pause,0.916,0.007,26.4,76.3,0.013,60.0,pause,labview_bridge
ARO-01,2026-05-28T23:58:08.989Z,569,A_linear,healthy,pause,0.905,0.000,26.3,76.3,0.000,60.0,pause,labview_bridge
ARO-01,2026-05-28T23:58:09.990Z,570,A_linear,healthy,pause,0.934,0.000,26.2,76.6,0.000,60.0,pause,labview_bridge
ARO-01,2026-05-28T23:58:10.990Z,571,A_linear,healthy,pause,0.962,0.005,26.2,76.7,0.009,60.0,pause,labview_bridge
ARO-01,2026-05-28T23:58:11.991Z,572,A_linear,healthy,ascent,0.967,0.557,26.2,76.5,1.004,60.0,ascent,labview_bridge
ARO-01,2026-05-28T23:58:12.992Z,573,A_linear,healthy,ascent,0.941,0.556,26.2,76.3,1.002,60.0,ascent,labview_bridge
ARO-01,2026-05-28T23:58:13.993Z,574,A_linear,healthy,ascent,0.969,0.562,26.3,76.1,1.015,60.0,ascent,labview_bridge
ARO-01,2026-05-28T23:58:14.993Z,575,A_linear,healthy,ascent,0.975,0.564,26.3,76.4,1.018,60.0,ascent,labview_bridge
ARO-01,2026-05-28T23:58:15.994Z,576,A_linear,healthy,ascent,0.985,0.554,26.4,76.3,1.000,60.0,ascent,labview_bridge
ARO-01,2026-05-28T23:58:16.995Z,577,A_linear,healthy,ascent,0.980,0.555,26.5,75.8,1.001,60.0,ascent,labview_bridge
ARO-01,2026-05-28T23:58:17.996Z,578,A_linear,healthy,ascent,0.963,0.560,26.6,75.7,1.010,60.0,ascent,labview_bridge
ARO-01,2026-05-28T23:58:18.997Z,579,A_linear,healthy,ascent,0.983,0.566,26.7,75.5,1.021,60.0,ascent,labview_bridge
ARO-01,2026-05-28T23:58:19.997Z,580,A_linear,healthy,ascent,0.986,0.558,26.8,75.6,1.007,60.0,ascent,labview_bridge
ARO-01,2026-05-28T23:58:20.998Z,581,A_linear,healthy,ascent,0.986,0.557,26.8,75.4,1.005,60.0,ascent,labview_bridge
ARO-01,2026-05-28T23:58:21.999Z,582,A_linear,healthy,ascent,0.976,0.560,26.8,75.2,1.010,60.0,ascent,labview_bridge
ARO-01,2026-05-28T23:58:22.999Z,583,A_linear,healthy,ascent,0.971,0.554,26.9,74.9,0.999,60.0,ascent,labview_bridge
ARO-01,2026-05-28T23:58:24.000Z,584,A_linear,healthy,descent,0.982,0.346,26.9,74.8,0.624,60.0,descent,labview_bridge
ARO-01,2026-05-28T23:58:25.001Z,585,A_linear,healthy,descent,0.958,0.340,26.8,75.1,0.614,60.0,descent,labview_bridge
ARO-01,2026-05-28T23:58:26.001Z,586,A_linear,healthy,descent,0.957,0.358,26.8,75.1,0.645,60.0,descent,labview_bridge
ARO-01,2026-05-28T23:58:27.002Z,587,A_linear,healthy,descent,0.954,0.338,26.8,75.3,0.609,60.0,descent,labview_bridge
ARO-01,2026-05-28T23:58:28.003Z,588,A_linear,healthy,descent,0.945,0.352,26.9,75.0,0.635,60.0,descent,labview_bridge
ARO-01,2026-05-28T23:58:29.004Z,589,A_linear,healthy,descent,0.951,0.348,26.9,74.9,0.628,60.0,descent,labview_bridge
ARO-01,2026-05-28T23:58:30.004Z,590,A_linear,healthy,descent,0.921,0.349,26.9,75.0,0.630,60.0,descent,labview_bridge
ARO-01,2026-05-28T23:58:31.005Z,591,A_linear,healthy,descent,0.911,0.346,26.8,75.0,0.623,60.0,descent,labview_bridge
ARO-01,2026-05-28T23:58:32.005Z,592,A_linear,healthy,descent,0.915,0.344,26.8,74.7,0.621,60.0,descent,labview_bridge
ARO-01,2026-05-28T23:58:33.006Z,593,A_linear,healthy,descent,0.906,0.350,26.9,74.6,0.631,60.0,descent,labview_bridge
ARO-01,2026-05-28T23:58:34.007Z,594,A_linear,healthy,descent,0.904,0.338,26.8,74.7,0.609,60.0,descent,labview_bridge
ARO-01,2026-05-28T23:58:35.007Z,595,A_linear,healthy,descent,0.887,0.344,26.9,74.8,0.621,60.0,descent,labview_bridge
ARO-01,2026-05-28T23:58:36.008Z,596,A_linear,healthy,pause,0.879,0.000,26.9,75.1,0.000,60.0,pause,labview_bridge
ARO-01,2026-05-28T23:58:37.012Z,597,A_linear,healthy,pause,0.903,0.003,26.8,75.2,0.006,60.0,pause,labview_bridge
ARO-01,2026-05-28T23:58:38.012Z,598,A_linear,healthy,pause,0.857,0.006,26.8,75.3,0.011,60.0,pause,labview_bridge
ARO-01,2026-05-28T23:58:39.013Z,599,A_linear,healthy,pause,0.874,0.000,26.8,75.3,0.000,60.0,pause,labview_bridge
ARO-01,2026-05-28T23:58:40.014Z,600,A_linear,healthy,pause,0.857,0.000,26.8,75.2,0.000,60.0,pause,labview_bridge
ARO-01,2026-05-28T23:58:41.014Z,601,A_linear,healthy,pause,0.868,0.002,26.8,75.5,0.003,60.0,pause,labview_bridge
ARO-01,2026-05-28T23:58:42.015Z,602,A_linear,healthy,pause,0.877,0.000,26.7,75.7,0.000,60.0,pause,labview_bridge
ARO-01,2026-05-28T23:58:43.016Z,603,A_linear,healthy,pause,0.868,0.000,26.7,75.6,0.000,60.0,pause,labview_bridge
ARO-01,2026-05-28T23:58:44.017Z,604,A_linear,healthy,pause,0.876,0.011,26.7,75.8,0.020,60.0,pause,labview_bridge
ARO-01,2026-05-28T23:58:45.017Z,605,A_linear,healthy,pause,0.880,0.008,26.7,75.7,0.015,60.0,pause,labview_bridge
ARO-01,2026-05-28T23:58:46.018Z,606,A_linear,healthy,pause,0.871,0.005,26.6,75.8,0.008,60.0,pause,labview_bridge
ARO-01,2026-05-28T23:58:47.019Z,607,A_linear,healthy,pause,0.871,0.003,26.6,75.8,0.006,60.0,pause,labview_bridge
ARO-01,2026-05-28T23:58:48.019Z,608,A_linear,healthy,pause,0.884,0.000,26.6,76.0,0.000,60.0,pause,labview_bridge
ARO-01,2026-05-28T23:58:49.020Z,609,A_linear,healthy,pause,0.908,0.000,26.5,76.3,0.000,60.0,pause,labview_bridge
ARO-01,2026-05-28T23:58:50.021Z,610,A_linear,healthy,pause,0.917,0.009,26.6,76.2,0.016,60.0,pause,labview_bridge
ARO-01,2026-05-28T23:58:51.021Z,611,A_linear,healthy,pause,0.915,0.000,26.6,75.8,0.000,60.0,pause,labview_bridge
ARO-01,2026-05-28T23:58:52.022Z,612,A_linear,healthy,pause,0.916,0.001,26.5,75.8,0.003,60.0,pause,labview_bridge
ARO-01,2026-05-28T23:58:53.023Z,613,A_linear,healthy,pause,0.948,0.000,26.4,75.5,0.000,60.0,pause,labview_bridge
ARO-01,2026-05-28T23:58:54.024Z,614,A_linear,healthy,pause,0.940,0.000,26.3,75.5,0.000,60.0,pause,labview_bridge
ARO-01,2026-05-28T23:58:55.024Z,615,A_linear,healthy,pause,0.963,0.005,26.4,75.4,0.009,60.0,pause,labview_bridge
ARO-01,2026-05-28T23:58:56.025Z,616,A_linear,healthy,ascent,0.930,0.560,26.4,75.3,1.010,60.0,ascent,labview_bridge
ARO-01,2026-05-28T23:58:57.026Z,617,A_linear,healthy,ascent,0.968,0.571,26.5,75.1,1.029,60.0,ascent,labview_bridge
ARO-01,2026-05-28T23:58:58.027Z,618,A_linear,healthy,ascent,0.951,0.556,26.5,75.0,1.003,60.0,ascent,labview_bridge
ARO-01,2026-05-28T23:58:59.027Z,619,A_linear,healthy,ascent,0.963,0.571,26.5,74.8,1.030,60.0,ascent,labview_bridge
ARO-01,2026-05-28T23:59:00.028Z,620,A_linear,healthy,ascent,0.966,0.550,26.6,74.9,0.991,60.0,ascent,labview_bridge
ARO-01,2026-05-28T23:59:01.028Z,621,A_linear,healthy,ascent,0.973,0.562,26.7,74.8,1.013,60.0,ascent,labview_bridge
ARO-01,2026-05-28T23:59:02.029Z,622,A_linear,healthy,ascent,1.009,0.572,26.8,74.8,1.032,60.0,ascent,labview_bridge
ARO-01,2026-05-28T23:59:03.030Z,623,A_linear,healthy,ascent,0.998,0.564,26.7,74.8,1.017,60.0,ascent,labview_bridge
ARO-01,2026-05-28T23:59:04.031Z,624,A_linear,healthy,ascent,0.970,0.567,26.8,74.9,1.023,60.0,ascent,labview_bridge
ARO-01,2026-05-28T23:59:05.031Z,625,A_linear,healthy,ascent,1.001,0.560,26.9,74.9,1.010,60.0,ascent,labview_bridge
ARO-01,2026-05-28T23:59:06.032Z,626,A_linear,healthy,ascent,0.989,0.557,26.9,75.2,1.004,60.0,ascent,labview_bridge
ARO-01,2026-05-28T23:59:07.033Z,627,A_linear,healthy,ascent,0.986,0.557,26.9,75.2,1.005,60.0,ascent,labview_bridge
ARO-01,2026-05-28T23:59:08.033Z,628,A_linear,healthy,descent,0.977,0.352,26.9,75.3,0.636,60.0,descent,labview_bridge
ARO-01,2026-05-28T23:59:09.034Z,629,A_linear,healthy,descent,0.956,0.338,26.8,75.3,0.610,60.0,descent,labview_bridge
ARO-01,2026-05-28T23:59:10.035Z,630,A_linear,healthy,descent,0.947,0.351,26.8,75.1,0.633,60.0,descent,labview_bridge
ARO-01,2026-05-28T23:59:11.035Z,631,A_linear,healthy,descent,0.949,0.345,26.8,74.8,0.622,60.0,descent,labview_bridge
ARO-01,2026-05-28T23:59:12.036Z,632,A_linear,healthy,descent,0.942,0.345,26.9,74.7,0.623,60.0,descent,labview_bridge
ARO-01,2026-05-28T23:59:13.037Z,633,A_linear,healthy,descent,0.947,0.350,27.0,74.8,0.631,60.0,descent,labview_bridge
ARO-01,2026-05-28T23:59:14.037Z,634,A_linear,healthy,descent,0.927,0.346,27.0,74.9,0.624,60.0,descent,labview_bridge
ARO-01,2026-05-28T23:59:15.038Z,635,A_linear,healthy,descent,0.923,0.354,27.1,74.5,0.639,60.0,descent,labview_bridge
ARO-01,2026-05-28T23:59:16.039Z,636,A_linear,healthy,descent,0.914,0.357,27.2,74.5,0.644,60.0,descent,labview_bridge
ARO-01,2026-05-28T23:59:17.040Z,637,A_linear,healthy,descent,0.903,0.353,27.2,74.6,0.637,60.0,descent,labview_bridge
ARO-01,2026-05-28T23:59:18.040Z,638,A_linear,healthy,descent,0.901,0.347,27.1,74.6,0.627,60.0,descent,labview_bridge
ARO-01,2026-05-28T23:59:19.041Z,639,A_linear,healthy,descent,0.890,0.349,27.1,74.6,0.630,60.0,descent,labview_bridge
ARO-01,2026-05-28T23:59:20.042Z,640,A_linear,healthy,pause,0.886,0.006,26.9,74.6,0.010,60.0,pause,labview_bridge
ARO-01,2026-05-28T23:59:21.043Z,641,A_linear,healthy,pause,0.867,0.002,26.8,74.7,0.003,60.0,pause,labview_bridge
ARO-01,2026-05-28T23:59:22.043Z,642,A_linear,healthy,pause,0.898,0.003,26.7,74.8,0.006,60.0,pause,labview_bridge
ARO-01,2026-05-28T23:59:23.044Z,643,A_linear,healthy,pause,0.870,0.000,26.8,75.0,0.000,60.0,pause,labview_bridge
ARO-01,2026-05-28T23:59:24.045Z,644,A_linear,healthy,pause,0.852,0.000,26.7,75.0,0.000,60.0,pause,labview_bridge
ARO-01,2026-05-28T23:59:25.045Z,645,A_linear,healthy,pause,0.868,0.015,26.7,75.1,0.027,60.0,pause,labview_bridge
ARO-01,2026-05-28T23:59:26.046Z,646,A_linear,healthy,pause,0.874,0.000,26.7,74.7,0.000,60.0,pause,labview_bridge
ARO-01,2026-05-28T23:59:27.047Z,647,A_linear,healthy,pause,0.859,0.000,26.6,74.6,0.001,60.0,pause,labview_bridge
ARO-01,2026-05-28T23:59:28.047Z,648,A_linear,healthy,pause,0.870,0.005,26.5,74.4,0.010,60.0,pause,labview_bridge
ARO-01,2026-05-28T23:59:29.048Z,649,A_linear,healthy,pause,0.862,0.009,26.6,74.7,0.016,60.0,pause,labview_bridge
ARO-01,2026-05-28T23:59:30.049Z,650,A_linear,healthy,pause,0.853,0.000,26.6,74.4,0.000,60.0,pause,labview_bridge
ARO-01,2026-05-28T23:59:31.050Z,651,A_linear,healthy,pause,0.878,0.003,26.6,74.6,0.005,60.0,pause,labview_bridge
ARO-01,2026-05-28T23:59:32.051Z,652,A_linear,healthy,pause,0.876,0.007,26.6,74.5,0.012,60.0,pause,labview_bridge
ARO-01,2026-05-28T23:59:33.052Z,653,A_linear,healthy,pause,0.894,0.000,26.5,74.7,0.000,60.0,pause,labview_bridge
ARO-01,2026-05-28T23:59:34.052Z,654,A_linear,healthy,pause,0.905,0.012,26.6,74.8,0.021,60.0,pause,labview_bridge
ARO-01,2026-05-28T23:59:35.053Z,655,A_linear,healthy,pause,0.907,0.000,26.5,74.8,0.000,60.0,pause,labview_bridge
ARO-01,2026-05-28T23:59:36.053Z,656,A_linear,healthy,pause,0.926,0.004,26.5,74.5,0.007,60.0,pause,labview_bridge
ARO-01,2026-05-28T23:59:37.054Z,657,A_linear,healthy,pause,0.921,0.007,26.6,74.8,0.013,60.0,pause,labview_bridge
ARO-01,2026-05-28T23:59:38.055Z,658,A_linear,healthy,pause,0.918,0.000,26.6,75.0,0.000,60.0,pause,labview_bridge
ARO-01,2026-05-28T23:59:39.056Z,659,A_linear,healthy,pause,0.933,0.002,26.6,75.1,0.003,60.0,pause,labview_bridge
ARO-01,2026-05-28T23:59:40.056Z,660,A_linear,healthy,ascent,0.936,0.562,26.7,74.9,1.013,60.0,ascent,labview_bridge
ARO-01,2026-05-28T23:59:41.057Z,661,A_linear,healthy,ascent,0.985,0.561,26.8,74.9,1.013,60.0,ascent,labview_bridge
ARO-01,2026-05-28T23:59:42.057Z,662,A_linear,healthy,ascent,0.965,0.562,26.9,74.7,1.013,60.0,ascent,labview_bridge
ARO-01,2026-05-28T23:59:43.058Z,663,A_linear,healthy,ascent,0.974,0.556,27.1,74.7,1.003,60.0,ascent,labview_bridge
ARO-01,2026-05-28T23:59:44.059Z,664,A_linear,healthy,ascent,0.998,0.553,27.1,74.9,0.997,60.0,ascent,labview_bridge
ARO-01,2026-05-28T23:59:45.060Z,665,A_linear,healthy,ascent,0.999,0.572,27.3,74.7,1.032,60.0,ascent,labview_bridge
ARO-01,2026-05-28T23:59:46.061Z,666,A_linear,healthy,ascent,1.016,0.570,27.2,74.7,1.029,60.0,ascent,labview_bridge
ARO-01,2026-05-28T23:59:47.062Z,667,A_linear,healthy,ascent,0.959,0.565,27.2,74.4,1.019,60.0,ascent,labview_bridge
ARO-01,2026-05-28T23:59:48.062Z,668,A_linear,healthy,ascent,0.982,0.551,27.2,74.3,0.994,60.0,ascent,labview_bridge
ARO-01,2026-05-28T23:59:49.063Z,669,A_linear,healthy,ascent,0.999,0.565,27.2,74.1,1.020,60.0,ascent,labview_bridge
ARO-01,2026-05-28T23:59:50.064Z,670,A_linear,healthy,ascent,0.981,0.556,27.3,74.1,1.003,60.0,ascent,labview_bridge
ARO-01,2026-05-28T23:59:51.065Z,671,A_linear,healthy,ascent,0.971,0.553,27.2,74.2,0.998,60.0,ascent,labview_bridge
ARO-01,2026-05-28T23:59:52.066Z,672,A_linear,healthy,descent,0.985,0.353,27.3,74.5,0.636,60.0,descent,labview_bridge
ARO-01,2026-05-28T23:59:53.067Z,673,A_linear,healthy,descent,0.969,0.346,27.2,74.1,0.625,60.0,descent,labview_bridge
ARO-01,2026-05-28T23:59:54.068Z,674,A_linear,healthy,descent,0.971,0.352,27.2,74.2,0.636,60.0,descent,labview_bridge
ARO-01,2026-05-28T23:59:55.068Z,675,A_linear,healthy,descent,0.957,0.361,27.2,74.1,0.652,60.0,descent,labview_bridge
ARO-01,2026-05-28T23:59:56.069Z,676,A_linear,healthy,descent,0.943,0.344,27.2,73.9,0.622,60.0,descent,labview_bridge
ARO-01,2026-05-28T23:59:57.070Z,677,A_linear,healthy,descent,0.929,0.362,27.2,73.8,0.652,60.0,descent,labview_bridge
ARO-01,2026-05-28T23:59:58.071Z,678,A_linear,healthy,descent,0.928,0.350,27.3,74.0,0.632,60.0,descent,labview_bridge
ARO-01,2026-05-28T23:59:59.071Z,679,A_linear,healthy,descent,0.912,0.351,27.4,73.8,0.634,60.0,descent,labview_bridge
ARO-01,2026-05-29T00:00:00.072Z,680,A_linear,healthy,descent,0.932,0.352,27.4,74.1,0.635,60.0,descent,labview_bridge
ARO-01,2026-05-29T00:00:01.072Z,681,A_linear,healthy,descent,0.890,0.352,27.4,74.1,0.635,60.0,descent,labview_bridge
ARO-01,2026-05-29T00:00:02.073Z,682,A_linear,healthy,descent,0.903,0.346,27.3,74.3,0.624,60.0,descent,labview_bridge
ARO-01,2026-05-29T00:00:03.074Z,683,A_linear,healthy,descent,0.901,0.352,27.3,74.3,0.635,60.0,descent,labview_bridge
ARO-01,2026-05-29T00:00:04.074Z,684,A_linear,healthy,pause,0.879,0.000,27.3,74.4,0.000,60.0,pause,labview_bridge
ARO-01,2026-05-29T00:00:05.075Z,685,A_linear,healthy,pause,0.882,0.000,27.3,74.4,0.001,60.0,pause,labview_bridge
ARO-01,2026-05-29T00:00:06.075Z,686,A_linear,healthy,pause,0.876,0.002,27.2,74.3,0.003,60.0,pause,labview_bridge
ARO-01,2026-05-29T00:00:07.076Z,687,A_linear,healthy,pause,0.861,0.002,27.2,74.2,0.004,60.0,pause,labview_bridge
ARO-01,2026-05-29T00:00:08.079Z,688,A_linear,healthy,pause,0.871,0.004,27.1,74.6,0.007,60.0,pause,labview_bridge
ARO-01,2026-05-29T00:00:09.080Z,689,A_linear,healthy,pause,0.902,0.001,27.1,74.2,0.001,60.0,pause,labview_bridge
ARO-01,2026-05-29T00:00:10.081Z,690,A_linear,healthy,pause,0.868,0.013,27.1,74.3,0.023,60.0,pause,labview_bridge
ARO-01,2026-05-29T00:00:11.082Z,691,A_linear,healthy,pause,0.875,0.007,27.0,74.3,0.013,60.0,pause,labview_bridge
ARO-01,2026-05-29T00:00:12.082Z,692,A_linear,healthy,pause,0.887,0.002,27.0,74.5,0.003,60.0,pause,labview_bridge
ARO-01,2026-05-29T00:00:13.083Z,693,A_linear,healthy,pause,0.877,0.006,27.0,74.4,0.011,60.0,pause,labview_bridge
ARO-01,2026-05-29T00:00:14.083Z,694,A_linear,healthy,pause,0.857,0.009,26.8,74.4,0.017,60.0,pause,labview_bridge
ARO-01,2026-05-29T00:00:15.084Z,695,A_linear,healthy,pause,0.869,0.002,26.9,74.6,0.004,60.0,pause,labview_bridge
ARO-01,2026-05-29T00:00:16.085Z,696,A_linear,healthy,pause,0.877,0.005,27.0,74.9,0.009,60.0,pause,labview_bridge
ARO-01,2026-05-29T00:00:17.086Z,697,A_linear,healthy,pause,0.899,0.008,27.0,74.8,0.014,60.0,pause,labview_bridge
ARO-01,2026-05-29T00:00:18.086Z,698,A_linear,healthy,pause,0.906,0.000,26.9,74.6,0.000,60.0,pause,labview_bridge
ARO-01,2026-05-29T00:00:19.087Z,699,A_linear,healthy,pause,0.901,0.006,26.9,74.9,0.010,60.0,pause,labview_bridge
ARO-01,2026-05-29T00:00:20.088Z,700,A_linear,healthy,pause,0.919,0.006,26.9,74.8,0.011,60.0,pause,labview_bridge
ARO-01,2026-05-29T00:00:21.088Z,701,A_linear,healthy,pause,0.933,0.000,27.0,74.7,0.000,60.0,pause,labview_bridge
ARO-01,2026-05-29T00:00:22.089Z,702,A_linear,healthy,pause,0.936,0.000,27.0,74.3,0.000,60.0,pause,labview_bridge
ARO-01,2026-05-29T00:00:23.090Z,703,A_linear,healthy,pause,0.955,0.003,27.0,74.0,0.006,60.0,pause,labview_bridge
ARO-01,2026-05-29T00:00:24.091Z,704,A_linear,healthy,ascent,0.963,0.551,27.1,74.1,0.994,60.0,ascent,labview_bridge
ARO-01,2026-05-29T00:00:25.092Z,705,A_linear,healthy,ascent,0.961,0.560,27.2,74.3,1.011,60.0,ascent,labview_bridge
ARO-01,2026-05-29T00:00:26.092Z,706,A_linear,healthy,ascent,0.989,0.559,27.3,74.1,1.008,60.0,ascent,labview_bridge
ARO-01,2026-05-29T00:00:27.093Z,707,A_linear,healthy,ascent,0.970,0.556,27.4,74.3,1.004,60.0,ascent,labview_bridge
ARO-01,2026-05-29T00:00:28.094Z,708,A_linear,healthy,ascent,0.984,0.558,27.3,74.0,1.007,60.0,ascent,labview_bridge
ARO-01,2026-05-29T00:00:29.095Z,709,A_linear,healthy,ascent,1.009,0.554,27.2,74.3,1.000,60.0,ascent,labview_bridge
ARO-01,2026-05-29T00:00:30.096Z,710,A_linear,healthy,ascent,0.977,0.566,27.3,74.3,1.021,60.0,ascent,labview_bridge
ARO-01,2026-05-29T00:00:31.097Z,711,A_linear,healthy,ascent,0.988,0.564,27.2,74.3,1.018,60.0,ascent,labview_bridge
ARO-01,2026-05-29T00:00:32.098Z,712,A_linear,healthy,ascent,0.999,0.562,27.3,74.6,1.014,60.0,ascent,labview_bridge
ARO-01,2026-05-29T00:00:33.098Z,713,A_linear,healthy,ascent,0.987,0.573,27.4,74.4,1.035,60.0,ascent,labview_bridge
ARO-01,2026-05-29T00:00:34.099Z,714,A_linear,healthy,ascent,0.977,0.570,27.5,74.6,1.028,60.0,ascent,labview_bridge
ARO-01,2026-05-29T00:00:35.100Z,715,A_linear,healthy,ascent,0.957,0.557,27.5,74.5,1.004,60.0,ascent,labview_bridge
ARO-01,2026-05-29T00:00:36.101Z,716,A_linear,healthy,descent,0.975,0.337,27.4,74.2,0.608,60.0,descent,labview_bridge
ARO-01,2026-05-29T00:00:37.101Z,717,A_linear,healthy,descent,0.992,0.340,27.5,74.1,0.614,60.0,descent,labview_bridge
ARO-01,2026-05-29T00:00:38.102Z,718,A_linear,healthy,descent,0.967,0.351,27.5,74.3,0.633,60.0,descent,labview_bridge
ARO-01,2026-05-29T00:00:39.103Z,719,A_linear,healthy,descent,0.981,0.350,27.5,74.3,0.631,60.0,descent,labview_bridge
ARO-01,2026-05-29T00:00:40.104Z,720,A_linear,healthy,descent,0.971,0.343,27.4,74.0,0.618,60.0,descent,labview_bridge
ARO-01,2026-05-29T00:00:41.104Z,721,A_linear,healthy,descent,0.937,0.354,27.4,73.7,0.638,60.0,descent,labview_bridge
ARO-01,2026-05-29T00:00:42.105Z,722,A_linear,healthy,descent,0.935,0.350,27.4,73.6,0.632,60.0,descent,labview_bridge
ARO-01,2026-05-29T00:00:43.106Z,723,A_linear,healthy,descent,0.914,0.355,27.5,73.6,0.640,60.0,descent,labview_bridge
ARO-01,2026-05-29T00:00:44.106Z,724,A_linear,healthy,descent,0.929,0.360,27.6,73.8,0.649,60.0,descent,labview_bridge
ARO-01,2026-05-29T00:00:45.107Z,725,A_linear,healthy,descent,0.902,0.348,27.5,73.6,0.628,60.0,descent,labview_bridge
ARO-01,2026-05-29T00:00:46.108Z,726,A_linear,healthy,descent,0.926,0.362,27.6,73.3,0.654,60.0,descent,labview_bridge
ARO-01,2026-05-29T00:00:47.109Z,727,A_linear,healthy,descent,0.930,0.344,27.5,73.4,0.620,60.0,descent,labview_bridge
ARO-01,2026-05-29T00:00:48.109Z,728,A_linear,healthy,pause,0.879,0.000,27.5,73.3,0.000,60.0,pause,labview_bridge
ARO-01,2026-05-29T00:00:49.110Z,729,A_linear,healthy,pause,0.874,0.004,27.5,73.2,0.007,60.0,pause,labview_bridge
ARO-01,2026-05-29T00:00:50.110Z,730,A_linear,healthy,pause,0.878,0.000,27.5,73.2,0.000,60.0,pause,labview_bridge
ARO-01,2026-05-29T00:00:51.111Z,731,A_linear,healthy,pause,0.868,0.004,27.4,73.6,0.006,60.0,pause,labview_bridge
ARO-01,2026-05-29T00:00:52.112Z,732,A_linear,healthy,pause,0.875,0.004,27.3,73.7,0.007,60.0,pause,labview_bridge
ARO-01,2026-05-29T00:00:53.112Z,733,A_linear,healthy,pause,0.870,0.004,27.3,74.0,0.008,60.0,pause,labview_bridge
ARO-01,2026-05-29T00:00:54.113Z,734,A_linear,healthy,pause,0.869,0.012,27.5,73.9,0.023,60.0,pause,labview_bridge
ARO-01,2026-05-29T00:00:55.114Z,735,A_linear,healthy,pause,0.867,0.004,27.4,73.7,0.007,60.0,pause,labview_bridge
ARO-01,2026-05-29T00:00:56.115Z,736,A_linear,healthy,pause,0.875,0.006,27.4,73.9,0.010,60.0,pause,labview_bridge
ARO-01,2026-05-29T00:00:57.116Z,737,A_linear,healthy,pause,0.879,0.005,27.4,73.3,0.010,60.0,pause,labview_bridge
ARO-01,2026-05-29T00:00:58.117Z,738,A_linear,healthy,pause,0.872,0.004,27.4,73.3,0.007,60.0,pause,labview_bridge
ARO-01,2026-05-29T00:00:59.118Z,739,A_linear,healthy,pause,0.882,0.002,27.3,73.5,0.003,60.0,pause,labview_bridge
ARO-01,2026-05-29T00:01:00.118Z,740,A_linear,healthy,pause,0.889,0.000,27.4,73.4,0.000,60.0,pause,labview_bridge
ARO-01,2026-05-29T00:01:01.119Z,741,A_linear,healthy,pause,0.893,0.000,27.4,73.5,0.000,60.0,pause,labview_bridge
ARO-01,2026-05-29T00:01:02.120Z,742,A_linear,healthy,pause,0.894,0.012,27.3,73.5,0.021,60.0,pause,labview_bridge
ARO-01,2026-05-29T00:01:03.121Z,743,A_linear,healthy,pause,0.913,0.000,27.2,73.6,0.000,60.0,pause,labview_bridge
ARO-01,2026-05-29T00:01:04.122Z,744,A_linear,healthy,pause,0.915,0.000,27.2,73.7,0.000,60.0,pause,labview_bridge
ARO-01,2026-05-29T00:01:05.122Z,745,A_linear,healthy,pause,0.938,0.000,27.3,73.6,0.000,60.0,pause,labview_bridge
ARO-01,2026-05-29T00:01:06.123Z,746,A_linear,healthy,pause,0.956,0.008,27.2,73.3,0.014,60.0,pause,labview_bridge
ARO-01,2026-05-29T00:01:07.124Z,747,A_linear,healthy,pause,0.953,0.000,27.2,73.5,0.000,60.0,pause,labview_bridge
ARO-01,2026-05-29T00:01:08.125Z,748,A_linear,healthy,ascent,0.952,0.560,27.3,73.2,1.010,60.0,ascent,labview_bridge
ARO-01,2026-05-29T00:01:09.125Z,749,A_linear,healthy,ascent,0.959,0.562,27.4,73.1,1.014,60.0,ascent,labview_bridge
ARO-01,2026-05-29T00:01:10.126Z,750,A_linear,healthy,ascent,0.973,0.565,27.4,73.2,1.019,60.0,ascent,labview_bridge
ARO-01,2026-05-29T00:01:11.126Z,751,A_linear,healthy,ascent,0.975,0.564,27.5,73.0,1.017,60.0,ascent,labview_bridge
ARO-01,2026-05-29T00:01:12.127Z,752,A_linear,healthy,ascent,1.005,0.552,27.6,73.0,0.996,60.0,ascent,labview_bridge
ARO-01,2026-05-29T00:01:13.127Z,753,A_linear,healthy,ascent,0.983,0.563,27.6,73.0,1.015,60.0,ascent,labview_bridge
ARO-01,2026-05-29T00:01:14.128Z,754,A_linear,healthy,ascent,0.989,0.554,27.7,73.0,1.000,60.0,ascent,labview_bridge
ARO-01,2026-05-29T00:01:15.129Z,755,A_linear,healthy,ascent,0.971,0.561,27.6,73.0,1.012,60.0,ascent,labview_bridge
ARO-01,2026-05-29T00:01:16.130Z,756,A_linear,healthy,ascent,0.968,0.561,27.8,72.9,1.012,60.0,ascent,labview_bridge
ARO-01,2026-05-29T00:01:17.130Z,757,A_linear,healthy,ascent,0.981,0.564,27.7,72.8,1.018,60.0,ascent,labview_bridge
ARO-01,2026-05-29T00:01:18.131Z,758,A_linear,healthy,ascent,0.997,0.558,27.8,72.6,1.006,60.0,ascent,labview_bridge
ARO-01,2026-05-29T00:01:19.142Z,759,A_linear,healthy,ascent,0.967,0.568,27.9,72.7,1.025,60.0,ascent,labview_bridge
ARO-01,2026-05-29T00:01:20.152Z,760,A_linear,healthy,descent,0.976,0.355,27.9,72.9,0.641,60.0,descent,labview_bridge
ARO-01,2026-05-29T00:01:21.152Z,761,A_linear,healthy,descent,0.960,0.344,27.8,72.5,0.621,60.0,descent,labview_bridge
ARO-01,2026-05-29T00:01:22.153Z,762,A_linear,healthy,descent,0.989,0.354,27.8,72.1,0.639,60.0,descent,labview_bridge
ARO-01,2026-05-29T00:01:23.153Z,763,A_linear,healthy,descent,0.974,0.367,27.8,72.0,0.662,60.0,descent,labview_bridge
ARO-01,2026-05-29T00:01:24.158Z,764,A_linear,healthy,descent,0.956,0.349,27.8,72.3,0.630,60.0,descent,labview_bridge
ARO-01,2026-05-29T00:01:25.159Z,765,A_linear,healthy,descent,0.923,0.343,27.8,72.5,0.619,60.0,descent,labview_bridge
ARO-01,2026-05-29T00:01:26.159Z,766,A_linear,healthy,descent,0.943,0.355,27.8,72.4,0.641,60.0,descent,labview_bridge
ARO-01,2026-05-29T00:01:27.160Z,767,A_linear,healthy,descent,0.943,0.348,27.7,72.2,0.627,60.0,descent,labview_bridge
ARO-01,2026-05-29T00:01:28.160Z,768,A_linear,healthy,descent,0.926,0.346,27.6,72.3,0.624,60.0,descent,labview_bridge
ARO-01,2026-05-29T00:01:29.161Z,769,A_linear,healthy,descent,0.918,0.349,27.7,72.3,0.630,60.0,descent,labview_bridge
ARO-01,2026-05-29T00:01:30.162Z,770,A_linear,healthy,descent,0.881,0.341,27.7,72.2,0.616,60.0,descent,labview_bridge
ARO-01,2026-05-29T00:01:31.163Z,771,A_linear,healthy,descent,0.887,0.349,27.6,72.4,0.630,60.0,descent,labview_bridge
ARO-01,2026-05-29T00:01:32.164Z,772,A_linear,healthy,pause,0.891,0.004,27.6,72.2,0.007,60.0,pause,labview_bridge
ARO-01,2026-05-29T00:01:33.165Z,773,A_linear,healthy,pause,0.893,0.000,27.6,72.4,0.000,60.0,pause,labview_bridge
ARO-01,2026-05-29T00:01:34.166Z,774,A_linear,healthy,pause,0.875,0.000,27.6,72.5,0.000,60.0,pause,labview_bridge
ARO-01,2026-05-29T00:01:35.166Z,775,A_linear,healthy,pause,0.875,0.005,27.5,72.4,0.009,60.0,pause,labview_bridge
ARO-01,2026-05-29T00:01:36.167Z,776,A_linear,healthy,pause,0.855,0.000,27.6,72.7,0.000,60.0,pause,labview_bridge
ARO-01,2026-05-29T00:01:37.167Z,777,A_linear,healthy,pause,0.869,0.013,27.6,73.1,0.024,60.0,pause,labview_bridge
ARO-01,2026-05-29T00:01:38.168Z,778,A_linear,healthy,pause,0.875,0.007,27.4,73.2,0.013,60.0,pause,labview_bridge
ARO-01,2026-05-29T00:01:39.172Z,779,A_linear,healthy,pause,0.871,0.000,27.5,73.2,0.000,60.0,pause,labview_bridge
ARO-01,2026-05-29T00:01:40.173Z,780,A_linear,healthy,pause,0.873,0.000,27.5,73.1,0.000,60.0,pause,labview_bridge
ARO-01,2026-05-29T00:01:41.174Z,781,A_linear,healthy,pause,0.878,0.000,27.5,73.2,0.000,60.0,pause,labview_bridge
ARO-01,2026-05-29T00:01:42.175Z,782,A_linear,healthy,pause,0.893,0.000,27.5,73.2,0.000,60.0,pause,labview_bridge
ARO-01,2026-05-29T00:01:43.175Z,783,A_linear,healthy,pause,0.880,0.012,27.5,73.4,0.022,60.0,pause,labview_bridge
ARO-01,2026-05-29T00:01:44.176Z,784,A_linear,healthy,pause,0.909,0.005,27.6,73.3,0.008,60.0,pause,labview_bridge
ARO-01,2026-05-29T00:01:45.177Z,785,A_linear,healthy,pause,0.894,0.005,27.5,73.3,0.008,60.0,pause,labview_bridge
ARO-01,2026-05-29T00:01:46.177Z,786,A_linear,healthy,pause,0.899,0.003,27.5,73.1,0.005,60.0,pause,labview_bridge
ARO-01,2026-05-29T00:01:47.178Z,787,A_linear,healthy,pause,0.929,0.009,27.5,73.0,0.016,60.0,pause,labview_bridge
ARO-01,2026-05-29T00:01:48.179Z,788,A_linear,healthy,pause,0.937,0.009,27.4,73.2,0.016,60.0,pause,labview_bridge
ARO-01,2026-05-29T00:01:49.179Z,789,A_linear,healthy,pause,0.939,0.000,27.4,72.9,0.000,60.0,pause,labview_bridge
ARO-01,2026-05-29T00:01:50.189Z,790,A_linear,healthy,pause,0.947,0.000,27.4,73.0,0.000,60.0,pause,labview_bridge
ARO-01,2026-05-29T00:01:51.190Z,791,A_linear,healthy,pause,0.950,0.003,27.3,73.0,0.006,60.0,pause,labview_bridge
ARO-01,2026-05-29T00:01:52.190Z,792,A_linear,healthy,ascent,0.956,0.631,27.4,73.2,1.138,75.0,ascent,labview_bridge
ARO-01,2026-05-29T00:01:53.190Z,793,A_linear,healthy,ascent,0.968,0.629,27.6,72.9,1.134,75.0,ascent,labview_bridge
ARO-01,2026-05-29T00:01:54.191Z,794,A_linear,healthy,ascent,0.960,0.630,27.5,72.8,1.137,75.0,ascent,labview_bridge
ARO-01,2026-05-29T00:01:55.192Z,795,A_linear,healthy,ascent,0.984,0.626,27.6,72.9,1.129,75.0,ascent,labview_bridge
ARO-01,2026-05-29T00:01:56.192Z,796,A_linear,healthy,ascent,1.003,0.620,27.7,72.7,1.118,75.0,ascent,labview_bridge
ARO-01,2026-05-29T00:01:57.193Z,797,A_linear,healthy,ascent,0.974,0.627,27.7,72.2,1.130,75.0,ascent,labview_bridge
ARO-01,2026-05-29T00:01:58.199Z,798,A_linear,healthy,ascent,0.983,0.615,27.8,72.1,1.110,75.0,ascent,labview_bridge
ARO-01,2026-05-29T00:01:59.199Z,799,A_linear,healthy,ascent,0.978,0.624,27.8,72.6,1.126,75.0,ascent,labview_bridge
ARO-01,2026-05-29T00:02:00.200Z,800,A_linear,healthy,ascent,0.996,0.623,27.8,72.8,1.124,75.0,ascent,labview_bridge
ARO-01,2026-05-29T00:02:01.201Z,801,A_linear,healthy,ascent,0.999,0.626,27.8,72.6,1.130,75.0,ascent,labview_bridge
ARO-01,2026-05-29T00:02:02.201Z,802,A_linear,healthy,ascent,0.995,0.633,27.9,72.6,1.142,75.0,ascent,labview_bridge
ARO-01,2026-05-29T00:02:03.202Z,803,A_linear,healthy,ascent,0.998,0.629,27.9,72.7,1.136,75.0,ascent,labview_bridge
ARO-01,2026-05-29T00:02:04.202Z,804,A_linear,healthy,descent,0.967,0.345,27.9,72.5,0.622,75.0,descent,labview_bridge
ARO-01,2026-05-29T00:02:05.203Z,805,A_linear,healthy,descent,0.968,0.354,27.8,72.3,0.638,75.0,descent,labview_bridge
ARO-01,2026-05-29T00:02:06.204Z,806,A_linear,healthy,descent,0.955,0.339,27.9,72.6,0.612,75.0,descent,labview_bridge
ARO-01,2026-05-29T00:02:07.204Z,807,A_linear,healthy,descent,0.955,0.342,27.9,72.3,0.618,75.0,descent,labview_bridge
ARO-01,2026-05-29T00:02:08.205Z,808,A_linear,healthy,descent,0.926,0.352,27.9,72.4,0.635,75.0,descent,labview_bridge
ARO-01,2026-05-29T00:02:09.205Z,809,A_linear,healthy,descent,0.937,0.356,27.8,72.3,0.643,75.0,descent,labview_bridge
ARO-01,2026-05-29T00:02:10.206Z,810,A_linear,healthy,descent,0.913,0.352,27.7,72.0,0.636,75.0,descent,labview_bridge
ARO-01,2026-05-29T00:02:11.207Z,811,A_linear,healthy,descent,0.895,0.349,27.8,71.9,0.630,75.0,descent,labview_bridge
ARO-01,2026-05-29T00:02:12.208Z,812,A_linear,healthy,descent,0.928,0.352,27.9,71.9,0.635,75.0,descent,labview_bridge
ARO-01,2026-05-29T00:02:13.208Z,813,A_linear,healthy,descent,0.905,0.358,27.8,71.7,0.645,75.0,descent,labview_bridge
ARO-01,2026-05-29T00:02:14.209Z,814,A_linear,healthy,descent,0.906,0.352,27.9,71.9,0.636,75.0,descent,labview_bridge
ARO-01,2026-05-29T00:02:15.211Z,815,A_linear,healthy,descent,0.885,0.352,27.9,72.0,0.636,75.0,descent,labview_bridge
ARO-01,2026-05-29T00:02:16.211Z,816,A_linear,healthy,pause,0.891,0.002,27.8,72.0,0.004,75.0,pause,labview_bridge
ARO-01,2026-05-29T00:02:17.212Z,817,A_linear,healthy,pause,0.892,0.007,27.8,71.9,0.012,75.0,pause,labview_bridge
ARO-01,2026-05-29T00:02:18.213Z,818,A_linear,healthy,pause,0.874,0.006,27.8,71.6,0.010,75.0,pause,labview_bridge
ARO-01,2026-05-29T00:02:19.213Z,819,A_linear,healthy,pause,0.867,0.000,27.8,71.8,0.000,75.0,pause,labview_bridge
ARO-01,2026-05-29T00:02:20.214Z,820,A_linear,healthy,pause,0.887,0.000,27.8,72.2,0.000,75.0,pause,labview_bridge
ARO-01,2026-05-29T00:02:21.214Z,821,A_linear,healthy,pause,0.880,0.000,27.8,71.9,0.000,75.0,pause,labview_bridge
ARO-01,2026-05-29T00:02:22.215Z,822,A_linear,healthy,pause,0.870,0.006,27.8,71.7,0.011,75.0,pause,labview_bridge
ARO-01,2026-05-29T00:02:23.216Z,823,A_linear,healthy,pause,0.868,0.000,27.8,71.6,0.000,75.0,pause,labview_bridge
ARO-01,2026-05-29T00:02:24.217Z,824,A_linear,healthy,pause,0.888,0.000,27.9,71.9,0.000,75.0,pause,labview_bridge
ARO-01,2026-05-29T00:02:25.217Z,825,A_linear,healthy,pause,0.898,0.000,27.8,72.2,0.000,75.0,pause,labview_bridge
ARO-01,2026-05-29T00:02:26.218Z,826,A_linear,healthy,pause,0.876,0.007,27.8,72.1,0.013,75.0,pause,labview_bridge
ARO-01,2026-05-29T00:02:27.219Z,827,A_linear,healthy,pause,0.901,0.000,27.8,72.1,0.000,75.0,pause,labview_bridge
ARO-01,2026-05-29T00:02:28.219Z,828,A_linear,healthy,pause,0.892,0.010,27.8,72.1,0.018,75.0,pause,labview_bridge
ARO-01,2026-05-29T00:02:29.220Z,829,A_linear,healthy,pause,0.893,0.014,27.7,72.3,0.025,75.0,pause,labview_bridge
ARO-01,2026-05-29T00:02:30.220Z,830,A_linear,healthy,pause,0.917,0.000,27.7,72.4,0.000,75.0,pause,labview_bridge
ARO-01,2026-05-29T00:02:31.221Z,831,A_linear,healthy,pause,0.910,0.000,27.7,72.3,0.000,75.0,pause,labview_bridge
ARO-01,2026-05-29T00:02:32.221Z,832,A_linear,healthy,pause,0.918,0.001,27.7,72.2,0.002,75.0,pause,labview_bridge
ARO-01,2026-05-29T00:02:33.222Z,833,A_linear,healthy,pause,0.921,0.015,27.7,72.1,0.028,75.0,pause,labview_bridge
ARO-01,2026-05-29T00:02:34.223Z,834,A_linear,healthy,pause,0.954,0.000,27.6,72.0,0.000,75.0,pause,labview_bridge
ARO-01,2026-05-29T00:02:35.224Z,835,A_linear,healthy,pause,0.961,0.001,27.6,72.0,0.003,75.0,pause,labview_bridge
ARO-01,2026-05-29T00:02:36.225Z,836,A_linear,healthy,ascent,0.962,0.626,27.6,71.9,1.129,75.0,ascent,labview_bridge
ARO-01,2026-05-29T00:02:37.226Z,837,A_linear,healthy,ascent,0.982,0.625,27.7,72.1,1.128,75.0,ascent,labview_bridge
ARO-01,2026-05-29T00:02:38.226Z,838,A_linear,healthy,ascent,0.972,0.627,27.8,71.9,1.131,75.0,ascent,labview_bridge
ARO-01,2026-05-29T00:02:39.226Z,839,A_linear,healthy,ascent,0.967,0.614,27.8,72.0,1.108,75.0,ascent,labview_bridge
ARO-01,2026-05-29T00:02:40.227Z,840,A_linear,healthy,ascent,0.981,0.631,27.9,71.7,1.139,75.0,ascent,labview_bridge
ARO-01,2026-05-29T00:02:41.228Z,841,A_linear,healthy,ascent,0.959,0.614,27.9,71.6,1.108,75.0,ascent,labview_bridge
ARO-01,2026-05-29T00:02:42.229Z,842,A_linear,healthy,ascent,0.995,0.615,28.0,71.6,1.109,75.0,ascent,labview_bridge
ARO-01,2026-05-29T00:02:43.230Z,843,A_linear,healthy,ascent,0.996,0.629,27.9,71.9,1.135,75.0,ascent,labview_bridge
ARO-01,2026-05-29T00:02:44.230Z,844,A_linear,healthy,ascent,0.986,0.622,28.0,71.8,1.122,75.0,ascent,labview_bridge
ARO-01,2026-05-29T00:02:45.231Z,845,A_linear,healthy,ascent,1.000,0.629,28.1,71.7,1.135,75.0,ascent,labview_bridge
ARO-01,2026-05-29T00:02:46.232Z,846,A_linear,healthy,ascent,0.981,0.627,28.0,71.5,1.131,75.0,ascent,labview_bridge
ARO-01,2026-05-29T00:02:47.232Z,847,A_linear,healthy,ascent,0.971,0.624,28.1,71.3,1.126,75.0,ascent,labview_bridge
ARO-01,2026-05-29T00:02:48.233Z,848,A_linear,healthy,descent,0.973,0.346,28.1,71.2,0.624,75.0,descent,labview_bridge
ARO-01,2026-05-29T00:02:49.233Z,849,A_linear,healthy,descent,0.972,0.354,28.1,71.2,0.639,75.0,descent,labview_bridge
ARO-01,2026-05-29T00:02:50.234Z,850,A_linear,healthy,descent,0.961,0.356,28.1,71.3,0.643,75.0,descent,labview_bridge
ARO-01,2026-05-29T00:02:51.235Z,851,A_linear,healthy,descent,0.952,0.360,28.2,71.6,0.649,75.0,descent,labview_bridge
ARO-01,2026-05-29T00:02:52.236Z,852,A_linear,healthy,descent,0.946,0.359,28.2,71.4,0.648,75.0,descent,labview_bridge
ARO-01,2026-05-29T00:02:53.237Z,853,A_linear,healthy,descent,0.935,0.349,28.2,71.4,0.630,75.0,descent,labview_bridge
ARO-01,2026-05-29T00:02:54.237Z,854,A_linear,healthy,descent,0.927,0.344,28.2,71.5,0.621,75.0,descent,labview_bridge
ARO-01,2026-05-29T00:02:55.238Z,855,A_linear,healthy,descent,0.944,0.353,28.2,71.1,0.636,75.0,descent,labview_bridge
ARO-01,2026-05-29T00:02:56.239Z,856,A_linear,healthy,descent,0.934,0.361,28.3,71.3,0.651,75.0,descent,labview_bridge
ARO-01,2026-05-29T00:02:57.240Z,857,A_linear,healthy,descent,0.908,0.355,28.3,71.5,0.640,75.0,descent,labview_bridge
ARO-01,2026-05-29T00:02:58.240Z,858,A_linear,healthy,descent,0.905,0.347,28.4,71.6,0.626,75.0,descent,labview_bridge
ARO-01,2026-05-29T00:02:59.241Z,859,A_linear,healthy,descent,0.899,0.348,28.4,71.6,0.628,75.0,descent,labview_bridge
ARO-01,2026-05-29T00:03:00.242Z,860,A_linear,healthy,pause,0.905,0.016,28.4,71.6,0.028,75.0,pause,labview_bridge
ARO-01,2026-05-29T00:03:01.242Z,861,A_linear,healthy,pause,0.874,0.000,28.4,71.5,0.000,75.0,pause,labview_bridge
ARO-01,2026-05-29T00:03:02.243Z,862,A_linear,healthy,pause,0.882,0.001,28.3,71.7,0.001,75.0,pause,labview_bridge
ARO-01,2026-05-29T00:03:03.244Z,863,A_linear,healthy,pause,0.870,0.016,28.3,71.6,0.029,75.0,pause,labview_bridge
ARO-01,2026-05-29T00:03:04.244Z,864,A_linear,healthy,pause,0.878,0.007,28.2,71.8,0.012,75.0,pause,labview_bridge
ARO-01,2026-05-29T00:03:05.245Z,865,A_linear,healthy,pause,0.875,0.000,28.2,71.4,0.000,75.0,pause,labview_bridge
ARO-01,2026-05-29T00:03:06.246Z,866,A_linear,healthy,pause,0.863,0.000,28.3,71.5,0.001,75.0,pause,labview_bridge
ARO-01,2026-05-29T00:03:07.247Z,867,A_linear,healthy,pause,0.862,0.000,28.3,71.5,0.000,75.0,pause,labview_bridge
ARO-01,2026-05-29T00:03:08.247Z,868,A_linear,healthy,pause,0.873,0.000,28.3,71.6,0.000,75.0,pause,labview_bridge
ARO-01,2026-05-29T00:03:09.248Z,869,A_linear,healthy,pause,0.874,0.003,28.3,71.4,0.005,75.0,pause,labview_bridge
ARO-01,2026-05-29T00:03:10.249Z,870,A_linear,healthy,pause,0.856,0.002,28.2,71.4,0.003,75.0,pause,labview_bridge
ARO-01,2026-05-29T00:03:11.249Z,871,A_linear,healthy,pause,0.890,0.004,28.2,71.2,0.007,75.0,pause,labview_bridge
ARO-01,2026-05-29T00:03:12.250Z,872,A_linear,healthy,pause,0.894,0.000,28.1,71.0,0.000,75.0,pause,labview_bridge
ARO-01,2026-05-29T00:03:13.251Z,873,A_linear,healthy,pause,0.877,0.000,28.0,71.0,0.000,75.0,pause,labview_bridge
ARO-01,2026-05-29T00:03:14.252Z,874,A_linear,healthy,pause,0.896,0.013,27.9,71.1,0.024,75.0,pause,labview_bridge
ARO-01,2026-05-29T00:03:15.252Z,875,A_linear,healthy,pause,0.907,0.002,27.9,70.9,0.004,75.0,pause,labview_bridge
ARO-01,2026-05-29T00:03:16.253Z,876,A_linear,healthy,pause,0.921,0.005,27.8,70.9,0.009,75.0,pause,labview_bridge
ARO-01,2026-05-29T00:03:17.254Z,877,A_linear,healthy,pause,0.928,0.005,27.7,70.7,0.009,75.0,pause,labview_bridge
ARO-01,2026-05-29T00:03:18.255Z,878,A_linear,healthy,pause,0.950,0.003,27.7,70.4,0.005,75.0,pause,labview_bridge
ARO-01,2026-05-29T00:03:19.255Z,879,A_linear,healthy,pause,0.933,0.000,27.8,70.5,0.000,75.0,pause,labview_bridge
ARO-01,2026-05-29T00:03:20.256Z,880,A_linear,healthy,ascent,0.957,0.557,27.9,70.7,1.005,60.0,ascent,labview_bridge
ARO-01,2026-05-29T00:03:21.257Z,881,A_linear,healthy,ascent,0.974,0.562,27.9,70.5,1.014,60.0,ascent,labview_bridge
ARO-01,2026-05-29T00:03:22.258Z,882,A_linear,healthy,ascent,0.963,0.566,28.0,70.6,1.021,60.0,ascent,labview_bridge
ARO-01,2026-05-29T00:03:23.259Z,883,A_linear,healthy,ascent,1.003,0.551,28.1,70.9,0.995,60.0,ascent,labview_bridge
ARO-01,2026-05-29T00:03:24.260Z,884,A_linear,healthy,ascent,0.974,0.556,28.2,71.0,1.003,60.0,ascent,labview_bridge
ARO-01,2026-05-29T00:03:25.260Z,885,A_linear,healthy,ascent,0.979,0.561,28.2,71.1,1.013,60.0,ascent,labview_bridge
ARO-01,2026-05-29T00:03:26.261Z,886,A_linear,healthy,ascent,1.007,0.556,28.4,71.0,1.003,60.0,ascent,labview_bridge
ARO-01,2026-05-29T00:03:27.262Z,887,A_linear,healthy,ascent,0.996,0.560,28.3,71.2,1.010,60.0,ascent,labview_bridge
ARO-01,2026-05-29T00:03:28.262Z,888,A_linear,healthy,ascent,0.999,0.563,28.3,71.2,1.015,60.0,ascent,labview_bridge
ARO-01,2026-05-29T00:03:29.263Z,889,A_linear,healthy,ascent,0.997,0.564,28.4,71.3,1.017,60.0,ascent,labview_bridge
ARO-01,2026-05-29T00:03:30.263Z,890,A_linear,healthy,ascent,0.971,0.559,28.4,71.5,1.009,60.0,ascent,labview_bridge
ARO-01,2026-05-29T00:03:31.264Z,891,A_linear,healthy,ascent,0.982,0.556,28.4,71.2,1.004,60.0,ascent,labview_bridge
ARO-01,2026-05-29T00:03:32.265Z,892,A_linear,healthy,descent,0.982,0.345,28.4,71.1,0.623,60.0,descent,labview_bridge
ARO-01,2026-05-29T00:03:33.266Z,893,A_linear,healthy,descent,0.986,0.345,28.3,70.9,0.623,60.0,descent,labview_bridge
ARO-01,2026-05-29T00:03:34.267Z,894,A_linear,healthy,descent,0.960,0.331,28.3,70.8,0.597,60.0,descent,labview_bridge
ARO-01,2026-05-29T00:03:35.268Z,895,A_linear,healthy,descent,0.965,0.345,28.3,71.2,0.622,60.0,descent,labview_bridge
ARO-01,2026-05-29T00:03:36.268Z,896,A_linear,healthy,descent,0.951,0.350,28.3,71.1,0.631,60.0,descent,labview_bridge
ARO-01,2026-05-29T00:03:37.269Z,897,A_linear,healthy,descent,0.933,0.346,28.4,71.4,0.624,60.0,descent,labview_bridge
ARO-01,2026-05-29T00:03:38.270Z,898,A_linear,healthy,descent,0.930,0.338,28.3,71.6,0.610,60.0,descent,labview_bridge
ARO-01,2026-05-29T00:03:39.271Z,899,A_linear,healthy,descent,0.935,0.347,28.3,71.3,0.626,60.0,descent,labview_bridge
ARO-01,2026-05-29T00:03:40.272Z,900,A_linear,healthy,descent,0.921,0.351,28.3,71.2,0.632,60.0,descent,labview_bridge
ARO-01,2026-05-29T00:03:41.273Z,901,A_linear,healthy,descent,0.921,0.341,28.2,71.2,0.614,60.0,descent,labview_bridge
ARO-01,2026-05-29T00:03:42.273Z,902,A_linear,healthy,descent,0.907,0.348,28.4,71.1,0.628,60.0,descent,labview_bridge
ARO-01,2026-05-29T00:03:43.274Z,903,A_linear,healthy,descent,0.888,0.355,28.5,71.0,0.640,60.0,descent,labview_bridge
ARO-01,2026-05-29T00:03:44.275Z,904,A_linear,healthy,pause,0.882,0.002,28.2,71.6,0.003,60.0,pause,labview_bridge
ARO-01,2026-05-29T00:03:45.275Z,905,A_linear,healthy,pause,0.863,0.001,28.4,71.2,0.002,60.0,pause,labview_bridge
ARO-01,2026-05-29T00:03:46.276Z,906,A_linear,healthy,pause,0.907,0.000,28.2,71.1,0.000,60.0,pause,labview_bridge
ARO-01,2026-05-29T00:03:47.277Z,907,A_linear,healthy,pause,0.864,0.010,28.2,71.3,0.018,60.0,pause,labview_bridge
ARO-01,2026-05-29T00:03:48.277Z,908,A_linear,healthy,pause,0.870,0.003,28.0,71.4,0.005,60.0,pause,labview_bridge
ARO-01,2026-05-29T00:03:49.278Z,909,A_linear,healthy,pause,0.854,0.000,28.0,71.1,0.000,60.0,pause,labview_bridge
ARO-01,2026-05-29T00:03:50.279Z,910,A_linear,healthy,pause,0.867,0.005,28.0,71.1,0.009,60.0,pause,labview_bridge
ARO-01,2026-05-29T00:03:51.279Z,911,A_linear,healthy,pause,0.870,0.006,27.9,71.2,0.011,60.0,pause,labview_bridge
ARO-01,2026-05-29T00:03:52.280Z,912,A_linear,healthy,pause,0.879,0.000,27.9,71.4,0.000,60.0,pause,labview_bridge
ARO-01,2026-05-29T00:03:53.281Z,913,A_linear,healthy,pause,0.877,0.000,27.9,71.5,0.000,60.0,pause,labview_bridge
ARO-01,2026-05-29T00:03:54.281Z,914,A_linear,healthy,pause,0.867,0.011,28.0,71.6,0.020,60.0,pause,labview_bridge
ARO-01,2026-05-29T00:03:55.289Z,915,A_linear,healthy,pause,0.871,0.000,27.9,71.5,0.000,60.0,pause,labview_bridge
ARO-01,2026-05-29T00:03:56.290Z,916,A_linear,healthy,pause,0.915,0.009,27.9,71.7,0.016,60.0,pause,labview_bridge
ARO-01,2026-05-29T00:03:57.291Z,917,A_linear,healthy,pause,0.926,0.001,27.9,71.5,0.002,60.0,pause,labview_bridge
ARO-01,2026-05-29T00:03:58.292Z,918,A_linear,healthy,pause,0.917,0.003,28.0,71.1,0.006,60.0,pause,labview_bridge
ARO-01,2026-05-29T00:03:59.292Z,919,A_linear,healthy,pause,0.929,0.000,28.0,70.8,0.000,60.0,pause,labview_bridge
ARO-01,2026-05-29T00:04:00.293Z,920,A_linear,healthy,pause,0.922,0.000,28.0,71.0,0.000,60.0,pause,labview_bridge
ARO-01,2026-05-29T00:04:01.293Z,921,A_linear,healthy,pause,0.956,0.000,27.9,70.8,0.000,60.0,pause,labview_bridge
ARO-01,2026-05-29T00:04:02.294Z,922,A_linear,healthy,pause,0.942,0.000,27.9,70.8,0.000,60.0,pause,labview_bridge
ARO-01,2026-05-29T00:04:03.295Z,923,A_linear,healthy,pause,0.945,0.001,27.8,70.7,0.003,60.0,pause,labview_bridge
ARO-01,2026-05-29T00:04:04.296Z,924,A_linear,healthy,ascent,0.970,0.558,27.8,70.8,1.006,60.0,ascent,labview_bridge
ARO-01,2026-05-29T00:04:05.296Z,925,A_linear,healthy,ascent,0.963,0.569,27.8,70.6,1.026,60.0,ascent,labview_bridge
ARO-01,2026-05-29T00:04:06.297Z,926,A_linear,healthy,ascent,0.959,0.565,27.9,70.5,1.019,60.0,ascent,labview_bridge
ARO-01,2026-05-29T00:04:07.298Z,927,A_linear,healthy,ascent,0.957,0.563,27.9,70.5,1.015,60.0,ascent,labview_bridge
ARO-01,2026-05-29T00:04:08.298Z,928,A_linear,healthy,ascent,0.974,0.569,28.1,70.3,1.027,60.0,ascent,labview_bridge
ARO-01,2026-05-29T00:04:09.306Z,929,A_linear,healthy,ascent,1.017,0.572,28.2,70.3,1.032,60.0,ascent,labview_bridge
ARO-01,2026-05-29T00:04:10.307Z,930,A_linear,healthy,ascent,0.975,0.568,28.2,70.3,1.025,60.0,ascent,labview_bridge
ARO-01,2026-05-29T00:04:11.307Z,931,A_linear,healthy,ascent,1.014,0.559,28.3,70.0,1.009,60.0,ascent,labview_bridge
ARO-01,2026-05-29T00:04:12.308Z,932,A_linear,healthy,ascent,1.013,0.562,28.3,70.2,1.014,60.0,ascent,labview_bridge
ARO-01,2026-05-29T00:04:13.309Z,933,A_linear,healthy,ascent,0.999,0.562,28.4,70.0,1.014,60.0,ascent,labview_bridge
ARO-01,2026-05-29T00:04:14.309Z,934,A_linear,healthy,ascent,0.966,0.560,28.4,70.3,1.011,60.0,ascent,labview_bridge
ARO-01,2026-05-29T00:04:15.310Z,935,A_linear,healthy,ascent,1.002,0.558,28.4,70.1,1.008,60.0,ascent,labview_bridge
ARO-01,2026-05-29T00:04:16.311Z,936,A_linear,healthy,descent,0.970,0.352,28.5,70.2,0.635,60.0,descent,labview_bridge
ARO-01,2026-05-29T00:04:17.312Z,937,A_linear,healthy,descent,0.964,0.348,28.4,70.4,0.627,60.0,descent,labview_bridge
ARO-01,2026-05-29T00:04:18.312Z,938,A_linear,healthy,descent,0.959,0.353,28.5,70.3,0.636,60.0,descent,labview_bridge
ARO-01,2026-05-29T00:04:19.313Z,939,A_linear,healthy,descent,0.938,0.348,28.4,70.4,0.628,60.0,descent,labview_bridge
ARO-01,2026-05-29T00:04:20.314Z,940,A_linear,healthy,descent,0.950,0.358,28.2,70.7,0.647,60.0,descent,labview_bridge
ARO-01,2026-05-29T00:04:21.315Z,941,A_linear,healthy,descent,0.964,0.358,28.3,70.9,0.645,60.0,descent,labview_bridge
ARO-01,2026-05-29T00:04:22.322Z,942,A_linear,healthy,descent,0.928,0.344,28.3,70.9,0.620,60.0,descent,labview_bridge
ARO-01,2026-05-29T00:04:23.322Z,943,A_linear,healthy,descent,0.926,0.339,28.4,70.9,0.612,60.0,descent,labview_bridge
ARO-01,2026-05-29T00:04:24.323Z,944,A_linear,healthy,descent,0.908,0.361,28.3,70.5,0.651,60.0,descent,labview_bridge
ARO-01,2026-05-29T00:04:25.324Z,945,A_linear,healthy,descent,0.908,0.350,28.2,70.5,0.632,60.0,descent,labview_bridge
ARO-01,2026-05-29T00:04:26.324Z,946,A_linear,healthy,descent,0.890,0.353,28.2,70.6,0.637,60.0,descent,labview_bridge
ARO-01,2026-05-29T00:04:27.325Z,947,A_linear,healthy,descent,0.917,0.344,28.2,70.5,0.620,60.0,descent,labview_bridge
ARO-01,2026-05-29T00:04:28.326Z,948,A_linear,healthy,pause,0.876,0.000,28.2,70.7,0.000,60.0,pause,labview_bridge
ARO-01,2026-05-29T00:04:29.326Z,949,A_linear,healthy,pause,0.883,0.006,28.0,70.6,0.011,60.0,pause,labview_bridge
ARO-01,2026-05-29T00:04:30.327Z,950,A_linear,healthy,pause,0.886,0.012,28.0,70.3,0.022,60.0,pause,labview_bridge
ARO-01,2026-05-29T00:04:31.328Z,951,A_linear,healthy,pause,0.882,0.009,28.1,70.2,0.016,60.0,pause,labview_bridge
ARO-01,2026-05-29T00:04:32.329Z,952,A_linear,healthy,pause,0.868,0.002,28.0,70.2,0.004,60.0,pause,labview_bridge
ARO-01,2026-05-29T00:04:33.329Z,953,A_linear,healthy,pause,0.867,0.000,28.1,70.1,0.000,60.0,pause,labview_bridge
ARO-01,2026-05-29T00:04:34.330Z,954,A_linear,healthy,pause,0.876,0.000,28.0,70.2,0.000,60.0,pause,labview_bridge
ARO-01,2026-05-29T00:04:35.331Z,955,A_linear,healthy,pause,0.849,0.000,28.0,70.1,0.000,60.0,pause,labview_bridge
ARO-01,2026-05-29T00:04:36.331Z,956,A_linear,healthy,pause,0.885,0.000,28.0,70.1,0.000,60.0,pause,labview_bridge
ARO-01,2026-05-29T00:04:37.339Z,957,A_linear,healthy,pause,0.889,0.011,28.0,70.3,0.020,60.0,pause,labview_bridge
ARO-01,2026-05-29T00:04:38.340Z,958,A_linear,healthy,pause,0.895,0.000,28.0,70.3,0.000,60.0,pause,labview_bridge
ARO-01,2026-05-29T00:04:39.340Z,959,A_linear,healthy,pause,0.889,0.000,28.1,70.3,0.000,60.0,pause,labview_bridge
ARO-01,2026-05-29T00:04:40.341Z,960,A_linear,healthy,pause,0.901,0.005,28.1,70.5,0.009,60.0,pause,labview_bridge
ARO-01,2026-05-29T00:04:41.345Z,961,A_linear,healthy,pause,0.918,0.003,28.0,70.6,0.006,60.0,pause,labview_bridge
ARO-01,2026-05-29T00:04:42.345Z,962,A_linear,healthy,pause,0.932,0.007,28.1,71.0,0.013,60.0,pause,labview_bridge
ARO-01,2026-05-29T00:04:43.346Z,963,A_linear,healthy,pause,0.916,0.000,28.0,71.1,0.000,60.0,pause,labview_bridge
ARO-01,2026-05-29T00:04:44.347Z,964,A_linear,healthy,pause,0.961,0.000,27.9,71.0,0.000,60.0,pause,labview_bridge
ARO-01,2026-05-29T00:04:45.347Z,965,A_linear,healthy,pause,0.970,0.001,27.9,70.9,0.002,60.0,pause,labview_bridge
ARO-01,2026-05-29T00:04:46.348Z,966,A_linear,healthy,pause,0.959,0.000,27.8,70.9,0.001,60.0,pause,labview_bridge
ARO-01,2026-05-29T00:04:47.348Z,967,A_linear,healthy,pause,0.961,0.000,27.9,70.8,0.000,60.0,pause,labview_bridge
ARO-01,2026-05-29T00:04:48.354Z,968,A_linear,healthy,ascent,0.967,0.437,27.9,70.5,0.788,30.0,ascent,labview_bridge
ARO-01,2026-05-29T00:04:49.355Z,969,A_linear,healthy,ascent,0.984,0.437,27.9,70.5,0.788,30.0,ascent,labview_bridge
ARO-01,2026-05-29T00:04:50.356Z,970,A_linear,healthy,ascent,0.964,0.439,28.0,70.4,0.791,30.0,ascent,labview_bridge
ARO-01,2026-05-29T00:04:51.357Z,971,A_linear,healthy,ascent,0.959,0.445,28.0,70.1,0.803,30.0,ascent,labview_bridge
ARO-01,2026-05-29T00:04:52.357Z,972,A_linear,healthy,ascent,0.995,0.432,28.1,69.8,0.780,30.0,ascent,labview_bridge
ARO-01,2026-05-29T00:04:53.358Z,973,A_linear,healthy,ascent,0.990,0.436,28.0,69.6,0.787,30.0,ascent,labview_bridge
ARO-01,2026-05-29T00:04:54.358Z,974,A_linear,healthy,ascent,0.990,0.429,28.1,69.7,0.774,30.0,ascent,labview_bridge
ARO-01,2026-05-29T00:04:55.359Z,975,A_linear,healthy,ascent,1.025,0.436,28.1,69.8,0.786,30.0,ascent,labview_bridge
ARO-01,2026-05-29T00:04:56.360Z,976,A_linear,healthy,ascent,1.011,0.440,28.2,69.7,0.794,30.0,ascent,labview_bridge
ARO-01,2026-05-29T00:04:57.360Z,977,A_linear,healthy,ascent,0.994,0.437,28.3,69.7,0.789,30.0,ascent,labview_bridge
ARO-01,2026-05-29T00:04:58.361Z,978,A_linear,healthy,ascent,0.991,0.427,28.4,69.7,0.771,30.0,ascent,labview_bridge
ARO-01,2026-05-29T00:04:59.362Z,979,A_linear,healthy,ascent,1.006,0.431,28.4,69.6,0.778,30.0,ascent,labview_bridge
ARO-01,2026-05-29T00:05:00.363Z,980,A_linear,healthy,descent,0.946,0.362,28.4,69.6,0.653,30.0,descent,labview_bridge
ARO-01,2026-05-29T00:05:01.364Z,981,A_linear,healthy,descent,0.977,0.359,28.4,69.8,0.649,30.0,descent,labview_bridge
ARO-01,2026-05-29T00:05:02.372Z,982,A_linear,healthy,descent,0.964,0.354,28.4,69.7,0.639,30.0,descent,labview_bridge
ARO-01,2026-05-29T00:05:03.373Z,983,A_linear,healthy,descent,0.946,0.348,28.5,69.8,0.627,30.0,descent,labview_bridge
ARO-01,2026-05-29T00:05:04.373Z,984,A_linear,healthy,descent,0.979,0.334,28.5,69.9,0.602,30.0,descent,labview_bridge
ARO-01,2026-05-29T00:05:05.374Z,985,A_linear,healthy,descent,0.961,0.348,28.4,69.8,0.628,30.0,descent,labview_bridge
ARO-01,2026-05-29T00:05:06.375Z,986,A_linear,healthy,descent,0.918,0.345,28.4,69.6,0.623,30.0,descent,labview_bridge
ARO-01,2026-05-29T00:05:07.375Z,987,A_linear,healthy,descent,0.927,0.347,28.5,69.2,0.626,30.0,descent,labview_bridge
ARO-01,2026-05-29T00:05:08.376Z,988,A_linear,healthy,descent,0.916,0.347,28.5,69.1,0.626,30.0,descent,labview_bridge
ARO-01,2026-05-29T00:05:09.379Z,989,A_linear,healthy,descent,0.905,0.353,28.6,69.2,0.637,30.0,descent,labview_bridge
ARO-01,2026-05-29T00:05:10.380Z,990,A_linear,healthy,descent,0.891,0.346,28.5,69.5,0.624,30.0,descent,labview_bridge
ARO-01,2026-05-29T00:05:11.380Z,991,A_linear,healthy,descent,0.907,0.351,28.5,69.5,0.633,30.0,descent,labview_bridge
ARO-01,2026-05-29T00:05:12.388Z,992,A_linear,healthy,pause,0.886,0.000,28.4,69.3,0.000,30.0,pause,labview_bridge
ARO-01,2026-05-29T00:05:13.389Z,993,A_linear,healthy,pause,0.878,0.000,28.4,69.5,0.000,30.0,pause,labview_bridge
ARO-01,2026-05-29T00:05:14.390Z,994,A_linear,healthy,pause,0.872,0.008,28.3,69.6,0.014,30.0,pause,labview_bridge
ARO-01,2026-05-29T00:05:15.390Z,995,A_linear,healthy,pause,0.870,0.003,28.1,69.5,0.006,30.0,pause,labview_bridge
ARO-01,2026-05-29T00:05:16.391Z,996,A_linear,healthy,pause,0.882,0.005,28.2,69.4,0.010,30.0,pause,labview_bridge
ARO-01,2026-05-29T00:05:17.392Z,997,A_linear,healthy,pause,0.868,0.002,28.1,69.0,0.004,30.0,pause,labview_bridge
ARO-01,2026-05-29T00:05:18.392Z,998,A_linear,healthy,pause,0.889,0.000,28.1,69.0,0.000,30.0,pause,labview_bridge
ARO-01,2026-05-29T00:05:19.393Z,999,A_linear,healthy,pause,0.882,0.000,28.2,69.1,0.000,30.0,pause,labview_bridge
ARO-01,2026-05-29T00:05:20.394Z,1000,A_linear,healthy,pause,0.877,0.001,28.1,68.9,0.001,30.0,pause,labview_bridge
ARO-01,2026-05-29T00:05:21.395Z,1001,A_linear,healthy,pause,0.874,0.000,28.1,68.7,0.000,30.0,pause,labview_bridge
ARO-01,2026-05-29T00:05:22.395Z,1002,A_linear,healthy,pause,0.882,0.000,28.1,69.0,0.000,30.0,pause,labview_bridge
ARO-01,2026-05-29T00:05:23.396Z,1003,A_linear,healthy,pause,0.878,0.006,28.1,69.2,0.011,30.0,pause,labview_bridge
ARO-01,2026-05-29T00:05:24.397Z,1004,A_linear,healthy,pause,0.912,0.004,28.1,69.3,0.008,30.0,pause,labview_bridge
ARO-01,2026-05-29T00:05:25.404Z,1005,A_linear,healthy,pause,0.894,0.006,28.1,69.3,0.011,30.0,pause,labview_bridge
ARO-01,2026-05-29T00:05:26.406Z,1006,A_linear,healthy,pause,0.899,0.005,28.1,68.9,0.010,30.0,pause,labview_bridge
ARO-01,2026-05-29T00:05:27.406Z,1007,A_linear,healthy,pause,0.924,0.005,28.1,68.6,0.010,30.0,pause,labview_bridge
ARO-01,2026-05-29T00:05:28.407Z,1008,A_linear,healthy,pause,0.925,0.000,27.9,68.7,0.000,30.0,pause,labview_bridge
ARO-01,2026-05-29T00:05:29.408Z,1009,A_linear,healthy,pause,0.933,0.000,27.9,68.7,0.000,30.0,pause,labview_bridge
ARO-01,2026-05-29T00:05:30.408Z,1010,A_linear,healthy,pause,0.945,0.004,27.8,68.6,0.008,30.0,pause,labview_bridge
ARO-01,2026-05-29T00:05:31.409Z,1011,A_linear,healthy,pause,0.936,0.000,27.8,68.6,0.000,30.0,pause,labview_bridge
ARO-01,2026-05-29T00:05:32.410Z,1012,A_linear,healthy,ascent,0.966,0.627,28.0,68.4,1.131,75.0,ascent,labview_bridge
ARO-01,2026-05-29T00:05:33.411Z,1013,A_linear,healthy,ascent,0.960,0.634,28.0,68.9,1.143,75.0,ascent,labview_bridge
ARO-01,2026-05-29T00:05:34.411Z,1014,A_linear,healthy,ascent,0.987,0.620,28.1,68.6,1.119,75.0,ascent,labview_bridge
ARO-01,2026-05-29T00:05:35.412Z,1015,A_linear,healthy,ascent,0.993,0.632,28.1,68.7,1.140,75.0,ascent,labview_bridge
ARO-01,2026-05-29T00:05:36.413Z,1016,A_linear,healthy,ascent,1.007,0.633,28.2,68.7,1.143,75.0,ascent,labview_bridge
ARO-01,2026-05-29T00:05:37.413Z,1017,A_linear,healthy,ascent,0.993,0.623,28.2,68.8,1.125,75.0,ascent,labview_bridge
ARO-01,2026-05-29T00:05:38.421Z,1018,A_linear,healthy,ascent,0.993,0.625,28.2,68.8,1.127,75.0,ascent,labview_bridge
ARO-01,2026-05-29T00:05:39.422Z,1019,A_linear,healthy,ascent,0.996,0.628,28.3,68.7,1.133,75.0,ascent,labview_bridge
ARO-01,2026-05-29T00:05:40.422Z,1020,A_linear,healthy,ascent,0.967,0.631,28.3,68.7,1.138,75.0,ascent,labview_bridge
ARO-01,2026-05-29T00:05:41.423Z,1021,A_linear,healthy,ascent,1.010,0.627,28.5,68.5,1.131,75.0,ascent,labview_bridge
ARO-01,2026-05-29T00:05:42.423Z,1022,A_linear,healthy,ascent,1.008,0.627,28.6,68.3,1.131,75.0,ascent,labview_bridge
ARO-01,2026-05-29T00:05:43.424Z,1023,A_linear,healthy,ascent,0.992,0.624,28.8,68.5,1.125,75.0,ascent,labview_bridge
ARO-01,2026-05-29T00:05:44.429Z,1024,A_linear,healthy,descent,0.986,0.361,28.8,68.6,0.651,75.0,descent,labview_bridge
ARO-01,2026-05-29T00:05:45.430Z,1025,A_linear,healthy,descent,0.989,0.351,28.9,68.7,0.632,75.0,descent,labview_bridge
ARO-01,2026-05-29T00:05:46.438Z,1026,A_linear,healthy,descent,0.945,0.348,28.8,69.2,0.628,75.0,descent,labview_bridge
ARO-01,2026-05-29T00:05:47.438Z,1027,A_linear,healthy,descent,0.942,0.348,28.8,69.6,0.627,75.0,descent,labview_bridge
ARO-01,2026-05-29T00:05:48.439Z,1028,A_linear,healthy,descent,0.974,0.353,28.9,69.4,0.636,75.0,descent,labview_bridge
ARO-01,2026-05-29T00:05:49.440Z,1029,A_linear,healthy,descent,0.959,0.350,28.9,69.3,0.631,75.0,descent,labview_bridge
ARO-01,2026-05-29T00:05:50.440Z,1030,A_linear,healthy,descent,0.926,0.354,28.8,69.2,0.640,75.0,descent,labview_bridge
ARO-01,2026-05-29T00:05:51.440Z,1031,A_linear,healthy,descent,0.930,0.357,28.8,69.0,0.645,75.0,descent,labview_bridge
ARO-01,2026-05-29T00:05:52.441Z,1032,A_linear,healthy,descent,0.909,0.341,28.7,69.2,0.615,75.0,descent,labview_bridge
ARO-01,2026-05-29T00:05:53.442Z,1033,A_linear,healthy,descent,0.906,0.347,28.8,69.2,0.626,75.0,descent,labview_bridge
ARO-01,2026-05-29T00:05:54.442Z,1034,A_linear,healthy,descent,0.898,0.348,28.7,69.1,0.628,75.0,descent,labview_bridge
ARO-01,2026-05-29T00:05:55.443Z,1035,A_linear,healthy,descent,0.890,0.356,28.6,69.2,0.643,75.0,descent,labview_bridge
ARO-01,2026-05-29T00:05:56.444Z,1036,A_linear,healthy,pause,0.916,0.000,28.6,69.2,0.000,75.0,pause,labview_bridge
ARO-01,2026-05-29T00:05:57.445Z,1037,A_linear,healthy,pause,0.873,0.006,28.5,69.2,0.011,75.0,pause,labview_bridge
ARO-01,2026-05-29T00:05:58.445Z,1038,A_linear,healthy,pause,0.879,0.000,28.4,69.1,0.000,75.0,pause,labview_bridge
ARO-01,2026-05-29T00:05:59.446Z,1039,A_linear,healthy,pause,0.901,0.005,28.4,69.2,0.010,75.0,pause,labview_bridge
ARO-01,2026-05-29T00:06:00.447Z,1040,A_linear,healthy,pause,0.877,0.011,28.3,69.3,0.019,75.0,pause,labview_bridge
ARO-01,2026-05-29T00:06:01.448Z,1041,A_linear,healthy,pause,0.870,0.008,28.3,69.5,0.014,75.0,pause,labview_bridge
ARO-01,2026-05-29T00:06:02.454Z,1042,A_linear,healthy,pause,0.873,0.010,28.3,69.3,0.019,75.0,pause,labview_bridge
ARO-01,2026-05-29T00:06:03.455Z,1043,A_linear,healthy,pause,0.875,0.005,28.3,69.4,0.009,75.0,pause,labview_bridge
ARO-01,2026-05-29T00:06:04.455Z,1044,A_linear,healthy,pause,0.876,0.000,28.3,69.7,0.000,75.0,pause,labview_bridge
ARO-01,2026-05-29T00:06:05.456Z,1045,A_linear,healthy,pause,0.870,0.008,28.2,69.3,0.014,75.0,pause,labview_bridge
ARO-01,2026-05-29T00:06:06.456Z,1046,A_linear,healthy,pause,0.868,0.003,28.1,69.3,0.006,75.0,pause,labview_bridge
ARO-01,2026-05-29T00:06:07.457Z,1047,A_linear,healthy,pause,0.890,0.000,28.1,69.3,0.000,75.0,pause,labview_bridge
ARO-01,2026-05-29T00:06:08.457Z,1048,A_linear,healthy,pause,0.915,0.015,28.1,69.3,0.027,75.0,pause,labview_bridge
ARO-01,2026-05-29T00:06:09.458Z,1049,A_linear,healthy,pause,0.905,0.000,28.1,69.1,0.000,75.0,pause,labview_bridge
ARO-01,2026-05-29T00:06:10.459Z,1050,A_linear,healthy,pause,0.913,0.012,28.1,69.3,0.021,75.0,pause,labview_bridge
ARO-01,2026-05-29T00:06:11.460Z,1051,A_linear,healthy,pause,0.907,0.000,27.9,69.0,0.000,75.0,pause,labview_bridge
ARO-01,2026-05-29T00:06:12.461Z,1052,A_linear,healthy,pause,0.939,0.009,27.9,68.9,0.017,75.0,pause,labview_bridge
ARO-01,2026-05-29T00:06:13.461Z,1053,A_linear,healthy,pause,0.942,0.000,28.0,69.0,0.000,75.0,pause,labview_bridge
ARO-01,2026-05-29T00:06:14.462Z,1054,A_linear,healthy,pause,0.932,0.007,28.0,68.7,0.012,75.0,pause,labview_bridge
ARO-01,2026-05-29T00:06:15.463Z,1055,A_linear,healthy,pause,0.957,0.000,28.0,68.6,0.000,75.0,pause,labview_bridge
ARO-01,2026-05-29T00:06:16.463Z,1056,A_linear,healthy,ascent,0.957,1.006,28.2,68.6,1.815,165.0,ascent,labview_bridge
ARO-01,2026-05-29T00:06:17.464Z,1057,A_linear,healthy,ascent,0.981,1.014,28.2,68.6,1.830,165.0,ascent,labview_bridge
ARO-01,2026-05-29T00:06:18.465Z,1058,A_linear,healthy,ascent,0.989,1.017,28.5,68.4,1.834,165.0,ascent,labview_bridge
ARO-01,2026-05-29T00:06:19.466Z,1059,A_linear,healthy,ascent,0.975,1.015,28.6,68.4,1.832,165.0,ascent,labview_bridge
ARO-01,2026-05-29T00:06:20.471Z,1060,A_linear,healthy,ascent,0.990,1.016,28.7,68.2,1.833,165.0,ascent,labview_bridge
ARO-01,2026-05-29T00:06:21.471Z,1061,A_linear,healthy,ascent,0.984,1.018,28.7,68.2,1.837,165.0,ascent,labview_bridge
ARO-01,2026-05-29T00:06:22.471Z,1062,A_linear,healthy,ascent,1.001,1.016,28.8,68.2,1.832,165.0,ascent,labview_bridge
ARO-01,2026-05-29T00:06:23.472Z,1063,A_linear,healthy,ascent,1.015,1.014,29.0,68.3,1.829,165.0,ascent,labview_bridge
ARO-01,2026-05-29T00:06:24.472Z,1064,A_linear,healthy,ascent,0.987,1.018,29.0,68.1,1.837,165.0,ascent,labview_bridge
ARO-01,2026-05-29T00:06:25.473Z,1065,A_linear,healthy,ascent,0.998,1.011,29.1,67.9,1.823,165.0,ascent,labview_bridge
ARO-01,2026-05-29T00:06:26.474Z,1066,A_linear,healthy,ascent,0.980,1.012,29.0,67.9,1.826,165.0,ascent,labview_bridge
ARO-01,2026-05-29T00:06:27.474Z,1067,A_linear,healthy,ascent,0.988,1.006,29.1,67.7,1.815,165.0,ascent,labview_bridge
ARO-01,2026-05-29T00:06:28.475Z,1068,A_linear,healthy,descent,0.978,0.344,29.0,67.7,0.620,165.0,descent,labview_bridge
ARO-01,2026-05-29T00:06:29.475Z,1069,A_linear,healthy,descent,0.978,0.355,28.9,67.7,0.640,165.0,descent,labview_bridge
ARO-01,2026-05-29T00:06:30.475Z,1070,A_linear,healthy,descent,0.974,0.344,28.8,67.7,0.620,165.0,descent,labview_bridge
ARO-01,2026-05-29T00:06:31.476Z,1071,A_linear,healthy,descent,0.959,0.349,28.8,67.7,0.630,165.0,descent,labview_bridge
ARO-01,2026-05-29T00:06:32.477Z,1072,A_linear,healthy,descent,0.960,0.365,28.8,67.6,0.658,165.0,descent,labview_bridge
ARO-01,2026-05-29T00:06:33.477Z,1073,A_linear,healthy,descent,0.946,0.360,28.8,67.7,0.649,165.0,descent,labview_bridge
ARO-01,2026-05-29T00:06:34.478Z,1074,A_linear,healthy,descent,0.937,0.346,28.7,67.9,0.624,165.0,descent,labview_bridge
ARO-01,2026-05-29T00:06:35.479Z,1075,A_linear,healthy,descent,0.949,0.341,28.7,68.1,0.616,165.0,descent,labview_bridge
ARO-01,2026-05-29T00:06:36.479Z,1076,A_linear,healthy,descent,0.928,0.352,28.8,68.0,0.634,165.0,descent,labview_bridge
ARO-01,2026-05-29T00:06:37.480Z,1077,A_linear,healthy,descent,0.906,0.353,28.9,68.0,0.637,165.0,descent,labview_bridge
ARO-01,2026-05-29T00:06:38.487Z,1078,A_linear,healthy,descent,0.899,0.342,28.8,68.1,0.617,165.0,descent,labview_bridge
ARO-01,2026-05-29T00:06:39.488Z,1079,A_linear,healthy,descent,0.895,0.349,28.9,67.9,0.630,165.0,descent,labview_bridge
ARO-01,2026-05-29T00:06:40.489Z,1080,A_linear,healthy,pause,0.890,0.005,28.7,68.0,0.008,165.0,pause,labview_bridge
ARO-01,2026-05-29T00:06:41.489Z,1081,A_linear,healthy,pause,0.882,0.000,28.6,67.8,0.000,165.0,pause,labview_bridge
ARO-01,2026-05-29T00:06:42.490Z,1082,A_linear,healthy,pause,0.858,0.006,28.5,67.7,0.011,165.0,pause,labview_bridge
ARO-01,2026-05-29T00:06:43.490Z,1083,A_linear,healthy,pause,0.867,0.000,28.5,67.6,0.000,165.0,pause,labview_bridge
ARO-01,2026-05-29T00:06:44.491Z,1084,A_linear,healthy,pause,0.882,0.000,28.5,67.7,0.000,165.0,pause,labview_bridge
ARO-01,2026-05-29T00:06:45.492Z,1085,A_linear,healthy,pause,0.884,0.008,28.5,68.0,0.015,165.0,pause,labview_bridge
ARO-01,2026-05-29T00:06:46.493Z,1086,A_linear,healthy,pause,0.864,0.000,28.4,68.4,0.000,165.0,pause,labview_bridge
ARO-01,2026-05-29T00:06:47.493Z,1087,A_linear,healthy,pause,0.879,0.000,28.3,68.2,0.000,165.0,pause,labview_bridge
ARO-01,2026-05-29T00:06:48.494Z,1088,A_linear,healthy,pause,0.895,0.001,28.3,68.0,0.002,165.0,pause,labview_bridge
ARO-01,2026-05-29T00:06:49.495Z,1089,A_linear,healthy,pause,0.885,0.000,28.4,68.0,0.000,165.0,pause,labview_bridge
ARO-01,2026-05-29T00:06:50.495Z,1090,A_linear,healthy,pause,0.905,0.000,28.4,68.2,0.000,165.0,pause,labview_bridge
ARO-01,2026-05-29T00:06:51.496Z,1091,A_linear,healthy,pause,0.905,0.003,28.4,67.8,0.006,165.0,pause,labview_bridge
ARO-01,2026-05-29T00:06:52.497Z,1092,A_linear,healthy,pause,0.911,0.000,28.4,67.5,0.001,165.0,pause,labview_bridge
ARO-01,2026-05-29T00:06:53.497Z,1093,A_linear,healthy,pause,0.923,0.004,28.3,67.2,0.006,165.0,pause,labview_bridge
ARO-01,2026-05-29T00:06:54.499Z,1094,A_linear,healthy,pause,0.918,0.000,28.4,67.4,0.000,165.0,pause,labview_bridge
ARO-01,2026-05-29T00:06:55.499Z,1095,A_linear,healthy,pause,0.926,0.000,28.3,67.4,0.001,165.0,pause,labview_bridge
ARO-01,2026-05-29T00:06:56.500Z,1096,A_linear,healthy,pause,0.917,0.000,28.3,67.1,0.000,165.0,pause,labview_bridge
ARO-01,2026-05-29T00:06:57.501Z,1097,A_linear,healthy,pause,0.936,0.000,28.2,67.2,0.000,165.0,pause,labview_bridge
ARO-01,2026-05-29T00:06:58.502Z,1098,A_linear,healthy,pause,0.940,0.000,28.2,67.3,0.000,165.0,pause,labview_bridge
ARO-01,2026-05-29T00:06:59.503Z,1099,A_linear,healthy,pause,0.968,0.008,28.1,67.1,0.014,165.0,pause,labview_bridge
ARO-01,2026-05-29T00:07:00.507Z,1100,A_linear,healthy,ascent,0.979,0.369,28.2,67.2,0.666,15.0,ascent,labview_bridge
ARO-01,2026-05-29T00:07:01.507Z,1101,A_linear,healthy,ascent,0.970,0.366,28.2,67.3,0.660,15.0,ascent,labview_bridge
ARO-01,2026-05-29T00:07:02.508Z,1102,A_linear,healthy,ascent,0.998,0.377,28.3,67.4,0.680,15.0,ascent,labview_bridge
ARO-01,2026-05-29T00:07:03.509Z,1103,A_linear,healthy,ascent,0.990,0.359,28.3,67.3,0.649,15.0,ascent,labview_bridge
ARO-01,2026-05-29T00:07:04.510Z,1104,A_linear,healthy,ascent,0.980,0.367,28.4,67.1,0.663,15.0,ascent,labview_bridge
ARO-01,2026-05-29T00:07:05.510Z,1105,A_linear,healthy,ascent,0.993,0.364,28.5,67.0,0.656,15.0,ascent,labview_bridge
ARO-01,2026-05-29T00:07:06.511Z,1106,A_linear,healthy,ascent,0.997,0.377,28.4,66.9,0.681,15.0,ascent,labview_bridge
ARO-01,2026-05-29T00:07:07.512Z,1107,A_linear,healthy,ascent,0.995,0.374,28.4,66.9,0.675,15.0,ascent,labview_bridge
ARO-01,2026-05-29T00:07:08.519Z,1108,A_linear,healthy,ascent,1.011,0.374,28.4,67.0,0.675,15.0,ascent,labview_bridge
ARO-01,2026-05-29T00:07:09.520Z,1109,A_linear,healthy,ascent,1.003,0.370,28.4,67.0,0.668,15.0,ascent,labview_bridge
ARO-01,2026-05-29T00:07:10.521Z,1110,A_linear,healthy,ascent,0.996,0.380,28.4,67.0,0.685,15.0,ascent,labview_bridge
ARO-01,2026-05-29T00:07:11.522Z,1111,A_linear,healthy,ascent,0.984,0.376,28.4,67.1,0.679,15.0,ascent,labview_bridge
ARO-01,2026-05-29T00:07:12.522Z,1112,A_linear,healthy,descent,0.976,0.344,28.3,67.1,0.621,15.0,descent,labview_bridge
ARO-01,2026-05-29T00:07:13.523Z,1113,A_linear,healthy,descent,1.012,0.347,28.4,66.9,0.626,15.0,descent,labview_bridge
ARO-01,2026-05-29T00:07:14.524Z,1114,A_linear,healthy,descent,0.965,0.336,28.5,67.3,0.606,15.0,descent,labview_bridge
ARO-01,2026-05-29T00:07:15.524Z,1115,A_linear,healthy,descent,0.976,0.346,28.5,67.4,0.625,15.0,descent,labview_bridge
ARO-01,2026-05-29T00:07:16.525Z,1116,A_linear,healthy,descent,0.972,0.347,28.5,67.1,0.626,15.0,descent,labview_bridge
ARO-01,2026-05-29T00:07:17.526Z,1117,A_linear,healthy,descent,0.943,0.344,28.5,66.8,0.621,15.0,descent,labview_bridge
ARO-01,2026-05-29T00:07:18.527Z,1118,A_linear,healthy,descent,0.967,0.350,28.5,66.7,0.632,15.0,descent,labview_bridge
ARO-01,2026-05-29T00:07:19.527Z,1119,A_linear,healthy,descent,0.922,0.367,28.4,67.0,0.662,15.0,descent,labview_bridge
ARO-01,2026-05-29T00:07:20.528Z,1120,A_linear,healthy,descent,0.899,0.354,28.5,67.1,0.639,15.0,descent,labview_bridge
ARO-01,2026-05-29T00:07:21.528Z,1121,A_linear,healthy,descent,0.898,0.343,28.5,66.8,0.618,15.0,descent,labview_bridge
ARO-01,2026-05-29T00:07:22.529Z,1122,A_linear,healthy,descent,0.899,0.339,28.4,66.9,0.612,15.0,descent,labview_bridge
ARO-01,2026-05-29T00:07:23.529Z,1123,A_linear,healthy,descent,0.896,0.344,28.4,67.2,0.622,15.0,descent,labview_bridge
ARO-01,2026-05-29T00:07:24.530Z,1124,A_linear,healthy,pause,0.896,0.000,28.3,67.3,0.000,15.0,pause,labview_bridge
ARO-01,2026-05-29T00:07:25.531Z,1125,A_linear,healthy,pause,0.883,0.006,28.2,67.3,0.010,15.0,pause,labview_bridge
ARO-01,2026-05-29T00:07:26.531Z,1126,A_linear,healthy,pause,0.883,0.011,28.1,67.2,0.020,15.0,pause,labview_bridge
ARO-01,2026-05-29T00:07:27.532Z,1127,A_linear,healthy,pause,0.874,0.000,28.1,67.1,0.000,15.0,pause,labview_bridge
ARO-01,2026-05-29T00:07:28.536Z,1128,A_linear,healthy,pause,0.875,0.008,28.1,67.3,0.015,15.0,pause,labview_bridge
ARO-01,2026-05-29T00:07:29.537Z,1129,A_linear,healthy,pause,0.861,0.000,28.2,67.3,0.000,15.0,pause,labview_bridge
ARO-01,2026-05-29T00:07:30.537Z,1130,A_linear,healthy,pause,0.881,0.000,28.2,67.3,0.000,15.0,pause,labview_bridge
ARO-01,2026-05-29T00:07:31.538Z,1131,A_linear,healthy,pause,0.866,0.011,28.3,67.1,0.019,15.0,pause,labview_bridge
ARO-01,2026-05-29T00:07:32.538Z,1132,A_linear,healthy,pause,0.877,0.000,28.2,67.0,0.000,15.0,pause,labview_bridge
ARO-01,2026-05-29T00:07:33.539Z,1133,A_linear,healthy,pause,0.877,0.006,28.1,67.1,0.010,15.0,pause,labview_bridge
ARO-01,2026-05-29T00:07:34.539Z,1134,A_linear,healthy,pause,0.865,0.000,28.2,67.1,0.000,15.0,pause,labview_bridge
ARO-01,2026-05-29T00:07:35.540Z,1135,A_linear,healthy,pause,0.879,0.004,28.2,67.3,0.008,15.0,pause,labview_bridge
ARO-01,2026-05-29T00:07:36.540Z,1136,A_linear,healthy,pause,0.906,0.002,28.2,67.3,0.004,15.0,pause,labview_bridge
ARO-01,2026-05-29T00:07:37.541Z,1137,A_linear,healthy,pause,0.908,0.000,28.1,67.3,0.000,15.0,pause,labview_bridge
ARO-01,2026-05-29T00:07:38.542Z,1138,A_linear,healthy,pause,0.906,0.006,28.1,67.5,0.010,15.0,pause,labview_bridge
ARO-01,2026-05-29T00:07:39.543Z,1139,A_linear,healthy,pause,0.935,0.002,28.0,67.5,0.003,15.0,pause,labview_bridge
ARO-01,2026-05-29T00:07:40.543Z,1140,A_linear,healthy,pause,0.927,0.000,28.1,67.7,0.000,15.0,pause,labview_bridge
ARO-01,2026-05-29T00:07:41.544Z,1141,A_linear,healthy,pause,0.918,0.005,28.1,67.8,0.010,15.0,pause,labview_bridge
ARO-01,2026-05-29T00:07:42.548Z,1142,A_linear,healthy,pause,0.931,0.014,28.1,67.3,0.025,15.0,pause,labview_bridge
ARO-01,2026-05-29T00:07:43.549Z,1143,A_linear,healthy,pause,0.970,0.005,28.1,67.0,0.008,15.0,pause,labview_bridge
ARO-01,2026-05-29T00:07:44.549Z,1144,A_linear,healthy,ascent,0.953,0.379,28.1,66.9,0.683,15.0,ascent,labview_bridge
ARO-01,2026-05-29T00:07:45.550Z,1145,A_linear,healthy,ascent,0.984,0.375,28.1,66.8,0.676,15.0,ascent,labview_bridge
ARO-01,2026-05-29T00:07:46.553Z,1146,A_linear,healthy,ascent,0.980,0.391,28.0,66.4,0.706,15.0,ascent,labview_bridge
ARO-01,2026-05-29T00:07:47.554Z,1147,A_linear,healthy,ascent,0.998,0.359,28.1,66.4,0.648,15.0,ascent,labview_bridge
ARO-01,2026-05-29T00:07:48.555Z,1148,A_linear,healthy,ascent,0.990,0.378,28.2,66.3,0.682,15.0,ascent,labview_bridge
ARO-01,2026-05-29T00:07:49.555Z,1149,A_linear,healthy,ascent,0.997,0.367,28.3,66.6,0.662,15.0,ascent,labview_bridge
ARO-01,2026-05-29T00:07:50.556Z,1150,A_linear,healthy,ascent,1.000,0.375,28.2,66.3,0.677,15.0,ascent,labview_bridge
ARO-01,2026-05-29T00:07:51.560Z,1151,A_linear,healthy,ascent,1.028,0.365,28.3,66.1,0.658,15.0,ascent,labview_bridge
ARO-01,2026-05-29T00:07:52.561Z,1152,A_linear,healthy,ascent,0.973,0.374,28.4,66.3,0.674,15.0,ascent,labview_bridge
ARO-01,2026-05-29T00:07:53.569Z,1153,A_linear,healthy,ascent,0.989,0.365,28.5,66.3,0.659,15.0,ascent,labview_bridge
ARO-01,2026-05-29T00:07:54.570Z,1154,A_linear,healthy,ascent,0.987,0.353,28.5,66.1,0.637,15.0,ascent,labview_bridge
ARO-01,2026-05-29T00:07:55.570Z,1155,A_linear,healthy,ascent,0.996,0.369,28.5,65.8,0.666,15.0,ascent,labview_bridge
ARO-01,2026-05-29T00:07:56.571Z,1156,A_linear,healthy,descent,0.991,0.354,28.6,66.0,0.638,15.0,descent,labview_bridge
ARO-01,2026-05-29T00:07:57.571Z,1157,A_linear,healthy,descent,0.980,0.359,28.6,65.8,0.648,15.0,descent,labview_bridge
ARO-01,2026-05-29T00:07:58.572Z,1158,A_linear,healthy,descent,0.982,0.347,28.6,66.1,0.626,15.0,descent,labview_bridge
ARO-01,2026-05-29T00:07:59.573Z,1159,A_linear,healthy,descent,0.985,0.344,28.5,65.8,0.621,15.0,descent,labview_bridge
ARO-01,2026-05-29T00:08:00.574Z,1160,A_linear,healthy,descent,0.981,0.356,28.5,65.7,0.642,15.0,descent,labview_bridge
ARO-01,2026-05-29T00:08:01.574Z,1161,A_linear,healthy,descent,0.950,0.345,28.6,65.8,0.623,15.0,descent,labview_bridge
ARO-01,2026-05-29T00:08:02.575Z,1162,A_linear,healthy,descent,0.941,0.344,28.5,65.7,0.620,15.0,descent,labview_bridge
ARO-01,2026-05-29T00:08:03.575Z,1163,A_linear,healthy,descent,0.930,0.350,28.5,65.6,0.631,15.0,descent,labview_bridge
ARO-01,2026-05-29T00:08:04.576Z,1164,A_linear,healthy,descent,0.937,0.348,28.5,65.4,0.629,15.0,descent,labview_bridge
ARO-01,2026-05-29T00:08:05.577Z,1165,A_linear,healthy,descent,0.905,0.338,28.5,65.5,0.610,15.0,descent,labview_bridge
ARO-01,2026-05-29T00:08:06.578Z,1166,A_linear,healthy,descent,0.915,0.344,28.5,65.5,0.621,15.0,descent,labview_bridge
ARO-01,2026-05-29T00:08:07.578Z,1167,A_linear,healthy,descent,0.882,0.353,28.5,65.7,0.638,15.0,descent,labview_bridge
ARO-01,2026-05-29T00:08:08.579Z,1168,A_linear,healthy,pause,0.895,0.005,28.4,65.7,0.010,15.0,pause,labview_bridge
ARO-01,2026-05-29T00:08:09.579Z,1169,A_linear,healthy,pause,0.890,0.000,28.4,65.5,0.000,15.0,pause,labview_bridge
ARO-01,2026-05-29T00:08:10.580Z,1170,A_linear,healthy,pause,0.859,0.000,28.3,65.5,0.000,15.0,pause,labview_bridge
ARO-01,2026-05-29T00:08:11.580Z,1171,A_linear,healthy,pause,0.889,0.003,28.3,65.4,0.006,15.0,pause,labview_bridge
ARO-01,2026-05-29T00:08:12.581Z,1172,A_linear,healthy,pause,0.869,0.000,28.1,65.4,0.000,15.0,pause,labview_bridge
ARO-01,2026-05-29T00:08:13.582Z,1173,A_linear,healthy,pause,0.878,0.012,28.1,65.7,0.021,15.0,pause,labview_bridge
ARO-01,2026-05-29T00:08:14.583Z,1174,A_linear,healthy,pause,0.882,0.001,28.2,65.8,0.003,15.0,pause,labview_bridge
ARO-01,2026-05-29T00:08:15.583Z,1175,A_linear,healthy,pause,0.874,0.000,28.3,65.8,0.000,15.0,pause,labview_bridge
ARO-01,2026-05-29T00:08:16.584Z,1176,A_linear,healthy,pause,0.873,0.000,28.3,65.5,0.000,15.0,pause,labview_bridge
ARO-01,2026-05-29T00:08:17.585Z,1177,A_linear,healthy,pause,0.896,0.000,28.3,65.2,0.000,15.0,pause,labview_bridge
ARO-01,2026-05-29T00:08:18.585Z,1178,A_linear,healthy,pause,0.877,0.002,28.3,65.2,0.004,15.0,pause,labview_bridge
ARO-01,2026-05-29T00:08:19.586Z,1179,A_linear,healthy,pause,0.896,0.000,28.1,65.5,0.000,15.0,pause,labview_bridge
ARO-01,2026-05-29T00:08:20.586Z,1180,A_linear,healthy,pause,0.906,0.000,28.1,65.8,0.000,15.0,pause,labview_bridge
ARO-01,2026-05-29T00:08:21.587Z,1181,A_linear,healthy,pause,0.904,0.012,27.9,66.0,0.022,15.0,pause,labview_bridge
ARO-01,2026-05-29T00:08:22.587Z,1182,A_linear,healthy,pause,0.911,0.002,27.9,66.0,0.004,15.0,pause,labview_bridge
ARO-01,2026-05-29T00:08:23.588Z,1183,A_linear,healthy,pause,0.929,0.000,27.8,65.8,0.000,15.0,pause,labview_bridge
ARO-01,2026-05-29T00:08:24.588Z,1184,A_linear,healthy,pause,0.927,0.006,27.8,65.9,0.010,15.0,pause,labview_bridge
ARO-01,2026-05-29T00:08:25.589Z,1185,A_linear,healthy,pause,0.933,0.011,27.7,65.6,0.020,15.0,pause,labview_bridge
ARO-01,2026-05-29T00:08:26.593Z,1186,A_linear,healthy,pause,0.928,0.000,27.7,65.5,0.000,15.0,pause,labview_bridge
ARO-01,2026-05-29T00:08:27.594Z,1187,A_linear,healthy,pause,0.940,0.000,27.7,65.6,0.000,15.0,pause,labview_bridge
ARO-01,2026-05-29T00:08:28.595Z,1188,A_linear,healthy,ascent,0.947,0.814,27.7,65.5,1.469,120.0,ascent,labview_bridge
ARO-01,2026-05-29T00:08:29.595Z,1189,A_linear,healthy,ascent,0.979,0.819,27.8,65.7,1.478,120.0,ascent,labview_bridge
ARO-01,2026-05-29T00:08:30.596Z,1190,A_linear,healthy,ascent,0.981,0.822,27.9,65.6,1.483,120.0,ascent,labview_bridge
ARO-01,2026-05-29T00:08:31.597Z,1191,A_linear,healthy,ascent,0.974,0.818,27.9,65.5,1.476,120.0,ascent,labview_bridge
ARO-01,2026-05-29T00:08:32.598Z,1192,A_linear,healthy,ascent,0.985,0.817,28.0,65.5,1.475,120.0,ascent,labview_bridge
ARO-01,2026-05-29T00:08:33.598Z,1193,A_linear,healthy,ascent,0.981,0.814,28.1,65.7,1.468,120.0,ascent,labview_bridge
ARO-01,2026-05-29T00:08:34.599Z,1194,A_linear,healthy,ascent,0.967,0.819,28.3,65.4,1.478,120.0,ascent,labview_bridge
ARO-01,2026-05-29T00:08:35.602Z,1195,A_linear,healthy,ascent,1.002,0.822,28.4,65.4,1.484,120.0,ascent,labview_bridge
ARO-01,2026-05-29T00:08:36.618Z,1196,A_linear,healthy,ascent,0.999,0.822,28.6,65.5,1.483,120.0,ascent,labview_bridge
ARO-01,2026-05-29T00:08:37.619Z,1197,A_linear,healthy,ascent,0.987,0.813,28.6,65.5,1.468,120.0,ascent,labview_bridge
ARO-01,2026-05-29T00:08:38.675Z,1198,A_linear,healthy,ascent,1.021,0.810,28.5,65.4,1.462,120.0,ascent,labview_bridge
ARO-01,2026-05-29T00:08:39.685Z,1199,A_linear,healthy,ascent,0.984,0.822,28.7,65.5,1.484,120.0,ascent,labview_bridge
ARO-01,2026-05-29T00:08:40.685Z,1200,A_linear,healthy,descent,1.003,0.340,28.7,65.1,0.614,120.0,descent,labview_bridge
ARO-01,2026-05-29T00:08:41.686Z,1201,A_linear,healthy,descent,0.978,0.347,28.7,65.1,0.625,120.0,descent,labview_bridge
ARO-01,2026-05-29T00:08:42.687Z,1202,A_linear,healthy,descent,0.974,0.341,28.6,65.0,0.616,120.0,descent,labview_bridge
ARO-01,2026-05-29T00:08:43.687Z,1203,A_linear,healthy,descent,0.972,0.362,28.6,65.1,0.652,120.0,descent,labview_bridge
ARO-01,2026-05-29T00:08:44.688Z,1204,A_linear,healthy,descent,0.943,0.351,28.5,65.3,0.633,120.0,descent,labview_bridge
ARO-01,2026-05-29T00:08:45.689Z,1205,A_linear,healthy,descent,0.944,0.354,28.5,65.4,0.638,120.0,descent,labview_bridge
ARO-01,2026-05-29T00:08:46.690Z,1206,A_linear,healthy,descent,0.926,0.351,28.5,65.3,0.634,120.0,descent,labview_bridge
ARO-01,2026-05-29T00:08:47.690Z,1207,A_linear,healthy,descent,0.926,0.354,28.6,65.1,0.639,120.0,descent,labview_bridge
ARO-01,2026-05-29T00:08:48.691Z,1208,A_linear,healthy,descent,0.904,0.344,28.6,64.9,0.621,120.0,descent,labview_bridge
ARO-01,2026-05-29T00:08:49.691Z,1209,A_linear,healthy,descent,0.938,0.349,28.5,64.8,0.629,120.0,descent,labview_bridge
ARO-01,2026-05-29T00:08:50.692Z,1210,A_linear,healthy,descent,0.918,0.346,28.5,64.6,0.624,120.0,descent,labview_bridge
ARO-01,2026-05-29T00:08:51.692Z,1211,A_linear,healthy,descent,0.876,0.349,28.6,64.7,0.630,120.0,descent,labview_bridge
ARO-01,2026-05-29T00:08:52.693Z,1212,A_linear,healthy,pause,0.902,0.001,28.7,65.1,0.001,120.0,pause,labview_bridge
ARO-01,2026-05-29T00:08:53.693Z,1213,A_linear,healthy,pause,0.884,0.000,28.6,65.3,0.000,120.0,pause,labview_bridge
ARO-01,2026-05-29T00:08:54.694Z,1214,A_linear,healthy,pause,0.861,0.000,28.5,65.2,0.000,120.0,pause,labview_bridge
ARO-01,2026-05-29T00:08:55.695Z,1215,A_linear,healthy,pause,0.899,0.006,28.5,65.2,0.011,120.0,pause,labview_bridge
ARO-01,2026-05-29T00:08:56.701Z,1216,A_linear,healthy,pause,0.888,0.002,28.3,65.4,0.003,120.0,pause,labview_bridge
ARO-01,2026-05-29T00:08:57.701Z,1217,A_linear,healthy,pause,0.888,0.000,28.2,65.4,0.000,120.0,pause,labview_bridge
ARO-01,2026-05-29T00:08:58.702Z,1218,A_linear,healthy,pause,0.885,0.000,28.2,65.2,0.000,120.0,pause,labview_bridge
ARO-01,2026-05-29T00:08:59.703Z,1219,A_linear,healthy,pause,0.880,0.000,28.2,65.4,0.000,120.0,pause,labview_bridge
ARO-01,2026-05-29T00:09:00.704Z,1220,A_linear,healthy,pause,0.873,0.001,28.1,65.0,0.002,120.0,pause,labview_bridge
ARO-01,2026-05-29T00:09:01.704Z,1221,A_linear,healthy,pause,0.876,0.007,28.2,64.9,0.012,120.0,pause,labview_bridge
ARO-01,2026-05-29T00:09:02.704Z,1222,A_linear,healthy,pause,0.894,0.009,28.0,65.4,0.016,120.0,pause,labview_bridge
ARO-01,2026-05-29T00:09:03.705Z,1223,A_linear,healthy,pause,0.889,0.000,28.0,65.5,0.000,120.0,pause,labview_bridge
ARO-01,2026-05-29T00:09:04.705Z,1224,A_linear,healthy,pause,0.893,0.000,28.0,65.6,0.001,120.0,pause,labview_bridge
ARO-01,2026-05-29T00:09:05.706Z,1225,A_linear,healthy,pause,0.915,0.000,27.9,65.3,0.000,120.0,pause,labview_bridge
ARO-01,2026-05-29T00:09:06.706Z,1226,A_linear,healthy,pause,0.920,0.000,28.0,65.3,0.000,120.0,pause,labview_bridge
ARO-01,2026-05-29T00:09:07.707Z,1227,A_linear,healthy,pause,0.920,0.000,27.9,65.3,0.000,120.0,pause,labview_bridge
ARO-01,2026-05-29T00:09:08.707Z,1228,A_linear,healthy,pause,0.933,0.002,27.9,65.2,0.004,120.0,pause,labview_bridge
ARO-01,2026-05-29T00:09:09.708Z,1229,A_linear,healthy,pause,0.940,0.000,27.8,64.8,0.000,120.0,pause,labview_bridge
ARO-01,2026-05-29T00:09:10.709Z,1230,A_linear,healthy,pause,0.954,0.000,27.7,64.7,0.000,120.0,pause,labview_bridge
ARO-01,2026-05-29T00:09:11.709Z,1231,A_linear,healthy,pause,0.945,0.000,27.7,64.8,0.000,120.0,pause,labview_bridge
ARO-01,2026-05-29T00:09:12.713Z,1232,A_linear,healthy,ascent,0.979,0.427,27.8,64.7,0.770,30.0,ascent,labview_bridge
ARO-01,2026-05-29T00:09:13.718Z,1233,A_linear,healthy,ascent,0.951,0.441,27.8,64.8,0.796,30.0,ascent,labview_bridge
ARO-01,2026-05-29T00:09:14.718Z,1234,A_linear,healthy,ascent,0.955,0.429,27.8,64.6,0.774,30.0,ascent,labview_bridge
ARO-01,2026-05-29T00:09:15.720Z,1235,A_linear,healthy,ascent,0.981,0.428,27.9,64.9,0.772,30.0,ascent,labview_bridge
ARO-01,2026-05-29T00:09:16.720Z,1236,A_linear,healthy,ascent,0.987,0.434,28.1,65.0,0.783,30.0,ascent,labview_bridge
ARO-01,2026-05-29T00:09:17.721Z,1237,A_linear,healthy,ascent,0.980,0.442,28.2,64.9,0.798,30.0,ascent,labview_bridge
ARO-01,2026-05-29T00:09:18.721Z,1238,A_linear,healthy,ascent,1.003,0.431,28.2,65.0,0.777,30.0,ascent,labview_bridge
ARO-01,2026-05-29T00:09:19.722Z,1239,A_linear,healthy,ascent,0.988,0.431,28.2,65.0,0.777,30.0,ascent,labview_bridge
ARO-01,2026-05-29T00:09:20.723Z,1240,A_linear,healthy,ascent,0.986,0.438,28.3,64.8,0.790,30.0,ascent,labview_bridge
ARO-01,2026-05-29T00:09:21.723Z,1241,A_linear,healthy,ascent,1.001,0.436,28.2,64.8,0.786,30.0,ascent,labview_bridge
ARO-01,2026-05-29T00:09:22.724Z,1242,A_linear,healthy,ascent,0.989,0.428,28.1,65.1,0.772,30.0,ascent,labview_bridge
ARO-01,2026-05-29T00:09:23.725Z,1243,A_linear,healthy,ascent,0.981,0.432,28.2,65.1,0.779,30.0,ascent,labview_bridge
ARO-01,2026-05-29T00:09:24.725Z,1244,A_linear,healthy,descent,0.981,0.349,28.1,64.9,0.630,30.0,descent,labview_bridge
ARO-01,2026-05-29T00:09:25.726Z,1245,A_linear,healthy,descent,0.979,0.351,28.1,64.8,0.634,30.0,descent,labview_bridge
ARO-01,2026-05-29T00:09:26.727Z,1246,A_linear,healthy,descent,1.005,0.358,28.1,64.5,0.646,30.0,descent,labview_bridge
ARO-01,2026-05-29T00:09:27.734Z,1247,A_linear,healthy,descent,0.973,0.349,28.2,64.9,0.629,30.0,descent,labview_bridge
ARO-01,2026-05-29T00:09:28.735Z,1248,A_linear,healthy,descent,0.951,0.358,28.1,65.0,0.647,30.0,descent,labview_bridge
ARO-01,2026-05-29T00:09:29.736Z,1249,A_linear,healthy,descent,0.956,0.353,28.1,64.7,0.636,30.0,descent,labview_bridge
ARO-01,2026-05-29T00:09:30.736Z,1250,A_linear,healthy,descent,0.946,0.340,28.2,64.9,0.613,30.0,descent,labview_bridge
ARO-01,2026-05-29T00:09:31.736Z,1251,A_linear,healthy,descent,0.928,0.351,28.2,64.8,0.634,30.0,descent,labview_bridge
ARO-01,2026-05-29T00:09:32.737Z,1252,A_linear,healthy,descent,0.900,0.355,28.2,64.9,0.640,30.0,descent,labview_bridge
ARO-01,2026-05-29T00:09:33.738Z,1253,A_linear,healthy,descent,0.895,0.355,28.1,64.7,0.641,30.0,descent,labview_bridge
ARO-01,2026-05-29T00:09:34.738Z,1254,A_linear,healthy,descent,0.888,0.353,28.0,64.6,0.638,30.0,descent,labview_bridge
ARO-01,2026-05-29T00:09:35.739Z,1255,A_linear,healthy,descent,0.931,0.361,28.1,64.4,0.651,30.0,descent,labview_bridge
ARO-01,2026-05-29T00:09:36.740Z,1256,A_linear,healthy,pause,0.879,0.000,28.1,64.5,0.001,30.0,pause,labview_bridge
ARO-01,2026-05-29T00:09:37.740Z,1257,A_linear,healthy,pause,0.888,0.000,28.1,64.6,0.000,30.0,pause,labview_bridge
ARO-01,2026-05-29T00:09:38.741Z,1258,A_linear,healthy,pause,0.878,0.003,28.1,64.6,0.006,30.0,pause,labview_bridge
ARO-01,2026-05-29T00:09:39.741Z,1259,A_linear,healthy,pause,0.870,0.000,28.1,65.0,0.000,30.0,pause,labview_bridge
ARO-01,2026-05-29T00:09:40.742Z,1260,A_linear,healthy,pause,0.873,0.007,28.1,64.9,0.012,30.0,pause,labview_bridge
ARO-01,2026-05-29T00:09:41.743Z,1261,A_linear,healthy,pause,0.872,0.001,28.1,65.0,0.003,30.0,pause,labview_bridge
ARO-01,2026-05-29T00:09:42.744Z,1262,A_linear,healthy,pause,0.884,0.003,28.1,64.8,0.005,30.0,pause,labview_bridge
ARO-01,2026-05-29T00:09:43.744Z,1263,A_linear,healthy,pause,0.863,0.000,28.1,64.7,0.000,30.0,pause,labview_bridge
ARO-01,2026-05-29T00:09:44.745Z,1264,A_linear,healthy,pause,0.884,0.000,28.1,64.7,0.000,30.0,pause,labview_bridge
ARO-01,2026-05-29T00:09:45.746Z,1265,A_linear,healthy,pause,0.875,0.005,28.1,64.9,0.008,30.0,pause,labview_bridge
ARO-01,2026-05-29T00:09:46.747Z,1266,A_linear,healthy,pause,0.898,0.000,28.1,65.1,0.000,30.0,pause,labview_bridge
ARO-01,2026-05-29T00:09:47.747Z,1267,A_linear,healthy,pause,0.895,0.000,27.9,65.4,0.000,30.0,pause,labview_bridge
ARO-01,2026-05-29T00:09:48.748Z,1268,A_linear,healthy,pause,0.893,0.007,27.9,65.3,0.013,30.0,pause,labview_bridge
ARO-01,2026-05-29T00:09:49.751Z,1269,A_linear,healthy,pause,0.925,0.008,27.8,65.1,0.015,30.0,pause,labview_bridge
ARO-01,2026-05-29T00:09:50.758Z,1270,A_linear,healthy,pause,0.913,0.000,27.8,65.1,0.000,30.0,pause,labview_bridge
ARO-01,2026-05-29T00:09:51.758Z,1271,A_linear,healthy,pause,0.921,0.008,27.7,64.8,0.015,30.0,pause,labview_bridge
ARO-01,2026-05-29T00:09:52.759Z,1272,A_linear,healthy,pause,0.934,0.000,27.7,64.9,0.000,30.0,pause,labview_bridge
ARO-01,2026-05-29T00:09:53.760Z,1273,A_linear,healthy,pause,0.931,0.000,27.8,64.6,0.000,30.0,pause,labview_bridge
ARO-01,2026-05-29T00:09:54.766Z,1274,A_linear,healthy,pause,0.952,0.000,27.8,64.3,0.000,30.0,pause,labview_bridge
ARO-01,2026-05-29T00:09:55.767Z,1275,A_linear,healthy,pause,0.982,0.014,27.7,64.2,0.025,30.0,pause,labview_bridge
ARO-01,2026-05-29T00:09:56.768Z,1276,A_linear,healthy,ascent,0.943,0.554,27.8,64.1,1.000,60.0,ascent,labview_bridge
ARO-01,2026-05-29T00:09:57.768Z,1277,A_linear,healthy,ascent,1.004,0.566,27.9,64.0,1.021,60.0,ascent,labview_bridge
ARO-01,2026-05-29T00:09:58.769Z,1278,A_linear,healthy,ascent,0.985,0.562,27.9,63.7,1.014,60.0,ascent,labview_bridge
ARO-01,2026-05-29T00:09:59.770Z,1279,A_linear,healthy,ascent,0.986,0.562,28.0,63.7,1.014,60.0,ascent,labview_bridge
ARO-01,2026-05-29T00:10:00.770Z,1280,A_linear,healthy,ascent,0.987,0.559,27.9,63.7,1.008,60.0,ascent,labview_bridge
ARO-01,2026-05-29T00:10:01.771Z,1281,A_linear,healthy,ascent,1.008,0.555,28.0,63.6,1.001,60.0,ascent,labview_bridge
ARO-01,2026-05-29T00:10:02.772Z,1282,A_linear,healthy,ascent,0.995,0.562,28.0,63.8,1.014,60.0,ascent,labview_bridge
ARO-01,2026-05-29T00:10:03.772Z,1283,A_linear,healthy,ascent,0.990,0.564,28.2,63.5,1.018,60.0,ascent,labview_bridge
ARO-01,2026-05-29T00:10:04.773Z,1284,A_linear,healthy,ascent,1.024,0.561,28.2,63.8,1.012,60.0,ascent,labview_bridge
ARO-01,2026-05-29T00:10:05.774Z,1285,A_linear,healthy,ascent,1.009,0.565,28.3,63.6,1.020,60.0,ascent,labview_bridge
ARO-01,2026-05-29T00:10:06.774Z,1286,A_linear,healthy,ascent,1.015,0.559,28.2,63.3,1.008,60.0,ascent,labview_bridge
ARO-01,2026-05-29T00:10:07.775Z,1287,A_linear,healthy,ascent,0.978,0.560,28.1,63.4,1.010,60.0,ascent,labview_bridge
ARO-01,2026-05-29T00:10:08.776Z,1288,A_linear,healthy,descent,0.973,0.351,28.0,63.4,0.634,60.0,descent,labview_bridge
ARO-01,2026-05-29T00:10:09.777Z,1289,A_linear,healthy,descent,0.988,0.340,28.1,63.5,0.613,60.0,descent,labview_bridge
ARO-01,2026-05-29T00:10:10.777Z,1290,A_linear,healthy,descent,0.960,0.340,28.1,63.5,0.614,60.0,descent,labview_bridge
ARO-01,2026-05-29T00:10:11.778Z,1291,A_linear,healthy,descent,0.952,0.345,28.2,63.4,0.622,60.0,descent,labview_bridge
ARO-01,2026-05-29T00:10:12.779Z,1292,A_linear,healthy,descent,0.964,0.345,28.2,63.6,0.623,60.0,descent,labview_bridge
ARO-01,2026-05-29T00:10:13.780Z,1293,A_linear,healthy,descent,0.951,0.353,28.1,63.7,0.636,60.0,descent,labview_bridge
ARO-01,2026-05-29T00:10:14.782Z,1294,A_linear,healthy,descent,0.945,0.359,28.1,63.4,0.647,60.0,descent,labview_bridge
ARO-01,2026-05-29T00:10:15.783Z,1295,A_linear,healthy,descent,0.939,0.358,28.1,63.5,0.645,60.0,descent,labview_bridge
ARO-01,2026-05-29T00:10:16.791Z,1296,A_linear,healthy,descent,0.932,0.347,28.0,63.5,0.627,60.0,descent,labview_bridge
ARO-01,2026-05-29T00:10:17.792Z,1297,A_linear,healthy,descent,0.911,0.349,28.2,63.9,0.630,60.0,descent,labview_bridge
ARO-01,2026-05-29T00:10:18.792Z,1298,A_linear,healthy,descent,0.919,0.344,28.2,64.0,0.620,60.0,descent,labview_bridge
ARO-01,2026-05-29T00:10:19.800Z,1299,A_linear,healthy,descent,0.906,0.346,28.2,64.0,0.625,60.0,descent,labview_bridge
ARO-01,2026-05-29T00:10:20.801Z,1300,A_linear,healthy,pause,0.869,0.004,28.2,63.9,0.007,60.0,pause,labview_bridge
ARO-01,2026-05-29T00:10:21.801Z,1301,A_linear,healthy,pause,0.885,0.000,28.2,63.9,0.000,60.0,pause,labview_bridge
ARO-01,2026-05-29T00:10:22.802Z,1302,A_linear,healthy,pause,0.872,0.002,28.2,63.7,0.003,60.0,pause,labview_bridge
ARO-01,2026-05-29T00:10:23.803Z,1303,A_linear,healthy,pause,0.876,0.003,28.1,63.5,0.005,60.0,pause,labview_bridge
ARO-01,2026-05-29T00:10:24.804Z,1304,A_linear,healthy,pause,0.889,0.001,28.1,63.6,0.002,60.0,pause,labview_bridge
ARO-01,2026-05-29T00:10:25.804Z,1305,A_linear,healthy,pause,0.884,0.005,28.1,63.5,0.010,60.0,pause,labview_bridge
ARO-01,2026-05-29T00:10:26.805Z,1306,A_linear,healthy,pause,0.894,0.005,28.0,63.7,0.009,60.0,pause,labview_bridge
ARO-01,2026-05-29T00:10:27.805Z,1307,A_linear,healthy,pause,0.878,0.002,28.1,63.9,0.004,60.0,pause,labview_bridge
ARO-01,2026-05-29T00:10:28.806Z,1308,A_linear,healthy,pause,0.882,0.001,28.0,63.9,0.002,60.0,pause,labview_bridge
ARO-01,2026-05-29T00:10:29.807Z,1309,A_linear,healthy,pause,0.894,0.010,28.0,63.9,0.017,60.0,pause,labview_bridge
ARO-01,2026-05-29T00:10:30.807Z,1310,A_linear,healthy,pause,0.912,0.007,27.8,64.3,0.012,60.0,pause,labview_bridge
ARO-01,2026-05-29T00:10:31.808Z,1311,A_linear,healthy,pause,0.907,0.000,27.8,64.3,0.000,60.0,pause,labview_bridge
ARO-01,2026-05-29T00:10:32.816Z,1312,A_linear,healthy,pause,0.897,0.001,27.9,64.3,0.001,60.0,pause,labview_bridge
ARO-01,2026-05-29T00:10:33.817Z,1313,A_linear,healthy,pause,0.907,0.000,27.8,64.2,0.000,60.0,pause,labview_bridge
ARO-01,2026-05-29T00:10:34.818Z,1314,A_linear,healthy,pause,0.898,0.017,27.8,63.8,0.031,60.0,pause,labview_bridge
ARO-01,2026-05-29T00:10:35.818Z,1315,A_linear,healthy,pause,0.926,0.002,27.7,63.8,0.004,60.0,pause,labview_bridge
ARO-01,2026-05-29T00:10:36.819Z,1316,A_linear,healthy,pause,0.923,0.000,27.7,63.7,0.000,60.0,pause,labview_bridge
ARO-01,2026-05-29T00:10:37.819Z,1317,A_linear,healthy,pause,0.948,0.001,27.8,63.6,0.002,60.0,pause,labview_bridge
ARO-01,2026-05-29T00:10:38.820Z,1318,A_linear,healthy,pause,0.950,0.014,27.9,63.2,0.026,60.0,pause,labview_bridge
ARO-01,2026-05-29T00:10:39.821Z,1319,A_linear,healthy,pause,0.956,0.000,27.9,63.0,0.000,60.0,pause,labview_bridge
ARO-01,2026-05-29T00:10:40.822Z,1320,A_linear,healthy,ascent,0.975,0.572,28.1,63.1,1.032,60.0,ascent,labview_bridge
ARO-01,2026-05-29T00:10:41.822Z,1321,A_linear,healthy,ascent,0.960,0.557,28.2,63.1,1.005,60.0,ascent,labview_bridge
ARO-01,2026-05-29T00:10:42.823Z,1322,A_linear,healthy,ascent,1.012,0.566,28.2,63.0,1.021,60.0,ascent,labview_bridge
ARO-01,2026-05-29T00:10:43.825Z,1323,A_linear,healthy,ascent,0.988,0.557,28.2,62.8,1.005,60.0,ascent,labview_bridge
ARO-01,2026-05-29T00:10:44.825Z,1324,A_linear,healthy,ascent,1.000,0.567,28.2,62.8,1.023,60.0,ascent,labview_bridge
ARO-01,2026-05-29T00:10:45.833Z,1325,A_linear,healthy,ascent,1.007,0.558,28.3,63.1,1.007,60.0,ascent,labview_bridge
ARO-01,2026-05-29T00:10:46.834Z,1326,A_linear,healthy,ascent,1.024,0.559,28.2,63.0,1.008,60.0,ascent,labview_bridge
ARO-01,2026-05-29T00:10:47.834Z,1327,A_linear,healthy,ascent,0.993,0.558,28.2,63.0,1.006,60.0,ascent,labview_bridge
ARO-01,2026-05-29T00:10:48.835Z,1328,A_linear,healthy,ascent,1.013,0.568,28.1,63.0,1.024,60.0,ascent,labview_bridge
ARO-01,2026-05-29T00:10:49.836Z,1329,A_linear,healthy,ascent,0.994,0.566,28.3,62.7,1.021,60.0,ascent,labview_bridge
ARO-01,2026-05-29T00:10:50.836Z,1330,A_linear,healthy,ascent,0.996,0.564,28.2,62.5,1.018,60.0,ascent,labview_bridge
ARO-01,2026-05-29T00:10:51.837Z,1331,A_linear,healthy,ascent,0.994,0.561,28.3,62.8,1.012,60.0,ascent,labview_bridge
ARO-01,2026-05-29T00:10:52.838Z,1332,A_linear,healthy,descent,0.977,0.353,28.2,62.9,0.637,60.0,descent,labview_bridge
ARO-01,2026-05-29T00:10:53.838Z,1333,A_linear,healthy,descent,0.968,0.346,28.2,63.0,0.624,60.0,descent,labview_bridge
ARO-01,2026-05-29T00:10:54.839Z,1334,A_linear,healthy,descent,0.993,0.357,28.2,62.8,0.644,60.0,descent,labview_bridge
ARO-01,2026-05-29T00:10:55.839Z,1335,A_linear,healthy,descent,0.970,0.352,28.3,62.9,0.635,60.0,descent,labview_bridge
ARO-01,2026-05-29T00:10:56.840Z,1336,A_linear,healthy,descent,0.959,0.351,28.3,62.7,0.633,60.0,descent,labview_bridge
ARO-01,2026-05-29T00:10:57.841Z,1337,A_linear,healthy,descent,0.959,0.367,28.3,62.8,0.662,60.0,descent,labview_bridge
ARO-01,2026-05-29T00:10:58.842Z,1338,A_linear,healthy,descent,0.960,0.355,28.2,62.7,0.640,60.0,descent,labview_bridge
ARO-01,2026-05-29T00:10:59.849Z,1339,A_linear,healthy,descent,0.934,0.349,28.3,62.6,0.631,60.0,descent,labview_bridge
ARO-01,2026-05-29T00:11:00.850Z,1340,A_linear,healthy,descent,0.915,0.348,28.3,62.7,0.627,60.0,descent,labview_bridge
ARO-01,2026-05-29T00:11:01.851Z,1341,A_linear,healthy,descent,0.909,0.342,28.2,62.6,0.617,60.0,descent,labview_bridge
ARO-01,2026-05-29T00:11:02.852Z,1342,A_linear,healthy,descent,0.927,0.352,28.2,62.3,0.636,60.0,descent,labview_bridge
ARO-01,2026-05-29T00:11:03.852Z,1343,A_linear,healthy,descent,0.898,0.355,28.1,62.2,0.641,60.0,descent,labview_bridge
ARO-01,2026-05-29T00:11:04.853Z,1344,A_linear,healthy,pause,0.874,0.019,28.1,62.3,0.034,60.0,pause,labview_bridge
ARO-01,2026-05-29T00:11:05.854Z,1345,A_linear,healthy,pause,0.914,0.000,27.9,62.3,0.001,60.0,pause,labview_bridge
ARO-01,2026-05-29T00:11:06.854Z,1346,A_linear,healthy,pause,0.891,0.000,27.9,62.6,0.000,60.0,pause,labview_bridge
ARO-01,2026-05-29T00:11:07.855Z,1347,A_linear,healthy,pause,0.886,0.002,27.8,62.5,0.003,60.0,pause,labview_bridge
ARO-01,2026-05-29T00:11:08.856Z,1348,A_linear,healthy,pause,0.875,0.003,27.8,62.7,0.005,60.0,pause,labview_bridge
ARO-01,2026-05-29T00:11:09.857Z,1349,A_linear,healthy,pause,0.865,0.000,27.8,62.5,0.000,60.0,pause,labview_bridge
ARO-01,2026-05-29T00:11:10.857Z,1350,A_linear,healthy,pause,0.891,0.005,27.7,62.7,0.009,60.0,pause,labview_bridge
ARO-01,2026-05-29T00:11:11.865Z,1351,A_linear,healthy,pause,0.887,0.002,27.8,62.9,0.003,60.0,pause,labview_bridge
ARO-01,2026-05-29T00:11:12.866Z,1352,A_linear,healthy,pause,0.906,0.000,27.8,62.5,0.000,60.0,pause,labview_bridge
ARO-01,2026-05-29T00:11:13.867Z,1353,A_linear,healthy,pause,0.891,0.000,27.8,62.6,0.000,60.0,pause,labview_bridge
ARO-01,2026-05-29T00:11:14.867Z,1354,A_linear,healthy,pause,0.896,0.007,27.8,62.7,0.013,60.0,pause,labview_bridge
ARO-01,2026-05-29T00:11:15.868Z,1355,A_linear,healthy,pause,0.895,0.000,27.7,62.8,0.000,60.0,pause,labview_bridge
ARO-01,2026-05-29T00:11:16.869Z,1356,A_linear,healthy,pause,0.911,0.003,27.7,62.8,0.006,60.0,pause,labview_bridge
ARO-01,2026-05-29T00:11:17.869Z,1357,A_linear,healthy,pause,0.904,0.000,27.7,62.8,0.000,60.0,pause,labview_bridge
ARO-01,2026-05-29T00:11:18.870Z,1358,A_linear,healthy,pause,0.904,0.004,27.6,62.9,0.007,60.0,pause,labview_bridge
ARO-01,2026-05-29T00:11:19.870Z,1359,A_linear,healthy,pause,0.931,0.000,27.8,63.0,0.000,60.0,pause,labview_bridge
ARO-01,2026-05-29T00:11:20.871Z,1360,A_linear,healthy,pause,0.960,0.000,27.8,62.7,0.000,60.0,pause,labview_bridge
ARO-01,2026-05-29T00:11:21.872Z,1361,A_linear,healthy,pause,0.940,0.002,27.7,62.7,0.004,60.0,pause,labview_bridge
ARO-01,2026-05-29T00:11:22.872Z,1362,A_linear,healthy,pause,0.940,0.000,27.6,62.6,0.000,60.0,pause,labview_bridge
ARO-01,2026-05-29T00:11:23.873Z,1363,A_linear,healthy,pause,0.964,0.000,27.5,62.8,0.000,60.0,pause,labview_bridge
ARO-01,2026-05-29T00:11:24.874Z,1364,A_linear,healthy,ascent,0.962,0.567,27.6,63.0,1.024,60.0,ascent,labview_bridge
ARO-01,2026-05-29T00:11:25.880Z,1365,A_linear,healthy,ascent,0.974,0.562,27.7,63.1,1.014,60.0,ascent,labview_bridge
ARO-01,2026-05-29T00:11:26.880Z,1366,A_linear,healthy,ascent,0.984,0.567,27.9,63.2,1.023,60.0,ascent,labview_bridge
ARO-01,2026-05-29T00:11:27.881Z,1367,A_linear,healthy,ascent,0.997,0.560,28.0,63.2,1.010,60.0,ascent,labview_bridge
ARO-01,2026-05-29T00:11:28.882Z,1368,A_linear,healthy,ascent,0.998,0.569,27.9,63.0,1.027,60.0,ascent,labview_bridge
ARO-01,2026-05-29T00:11:29.883Z,1369,A_linear,healthy,ascent,0.989,0.555,28.0,63.2,1.001,60.0,ascent,labview_bridge
ARO-01,2026-05-29T00:11:30.883Z,1370,A_linear,healthy,ascent,0.990,0.553,28.2,63.3,0.998,60.0,ascent,labview_bridge
ARO-01,2026-05-29T00:11:31.884Z,1371,A_linear,healthy,ascent,1.021,0.561,28.3,63.4,1.012,60.0,ascent,labview_bridge
ARO-01,2026-05-29T00:11:32.885Z,1372,A_linear,healthy,ascent,0.990,0.570,28.3,63.2,1.029,60.0,ascent,labview_bridge
ARO-01,2026-05-29T00:11:33.885Z,1373,A_linear,healthy,ascent,1.008,0.567,28.3,62.9,1.022,60.0,ascent,labview_bridge
ARO-01,2026-05-29T00:11:34.886Z,1374,A_linear,healthy,ascent,0.990,0.556,28.2,62.9,1.004,60.0,ascent,labview_bridge
ARO-01,2026-05-29T00:11:35.887Z,1375,A_linear,healthy,ascent,1.010,0.567,28.2,63.0,1.024,60.0,ascent,labview_bridge
ARO-01,2026-05-29T00:11:36.887Z,1376,A_linear,healthy,descent,0.984,0.356,28.2,62.9,0.643,60.0,descent,labview_bridge
ARO-01,2026-05-29T00:11:37.888Z,1377,A_linear,healthy,descent,0.982,0.348,28.1,62.8,0.627,60.0,descent,labview_bridge
ARO-01,2026-05-29T00:11:38.888Z,1378,A_linear,healthy,descent,0.974,0.344,28.1,62.9,0.620,60.0,descent,labview_bridge
ARO-01,2026-05-29T00:11:39.889Z,1379,A_linear,healthy,descent,0.960,0.352,28.1,63.0,0.636,60.0,descent,labview_bridge
ARO-01,2026-05-29T00:11:40.890Z,1380,A_linear,healthy,descent,0.954,0.345,28.1,63.0,0.623,60.0,descent,labview_bridge
ARO-01,2026-05-29T00:11:41.890Z,1381,A_linear,healthy,descent,0.956,0.358,28.1,62.5,0.645,60.0,descent,labview_bridge
ARO-01,2026-05-29T00:11:42.891Z,1382,A_linear,healthy,descent,0.934,0.347,28.1,62.4,0.626,60.0,descent,labview_bridge
ARO-01,2026-05-29T00:11:43.892Z,1383,A_linear,healthy,descent,0.933,0.347,28.1,62.5,0.626,60.0,descent,labview_bridge
ARO-01,2026-05-29T00:11:44.893Z,1384,A_linear,healthy,descent,0.932,0.349,28.1,62.4,0.630,60.0,descent,labview_bridge
ARO-01,2026-05-29T00:11:45.893Z,1385,A_linear,healthy,descent,0.917,0.356,28.1,62.4,0.642,60.0,descent,labview_bridge
ARO-01,2026-05-29T00:11:46.894Z,1386,A_linear,healthy,descent,0.916,0.356,28.0,62.3,0.642,60.0,descent,labview_bridge
ARO-01,2026-05-29T00:11:47.894Z,1387,A_linear,healthy,descent,0.898,0.362,28.0,62.3,0.653,60.0,descent,labview_bridge
ARO-01,2026-05-29T00:11:48.895Z,1388,A_linear,healthy,pause,0.908,0.000,27.9,62.1,0.000,60.0,pause,labview_bridge
ARO-01,2026-05-29T00:11:49.896Z,1389,A_linear,healthy,pause,0.887,0.000,27.8,62.2,0.000,60.0,pause,labview_bridge
ARO-01,2026-05-29T00:11:50.899Z,1390,A_linear,healthy,pause,0.876,0.004,27.8,62.5,0.007,60.0,pause,labview_bridge
ARO-01,2026-05-29T00:11:51.899Z,1391,A_linear,healthy,pause,0.896,0.000,27.8,62.5,0.000,60.0,pause,labview_bridge
ARO-01,2026-05-29T00:11:52.900Z,1392,A_linear,healthy,pause,0.882,0.000,27.8,62.5,0.000,60.0,pause,labview_bridge
ARO-01,2026-05-29T00:11:53.901Z,1393,A_linear,healthy,pause,0.887,0.008,27.8,62.6,0.015,60.0,pause,labview_bridge
ARO-01,2026-05-29T00:11:54.901Z,1394,A_linear,healthy,pause,0.880,0.000,27.7,62.5,0.000,60.0,pause,labview_bridge
ARO-01,2026-05-29T00:11:55.902Z,1395,A_linear,healthy,pause,0.875,0.011,27.6,62.6,0.020,60.0,pause,labview_bridge
ARO-01,2026-05-29T00:11:56.903Z,1396,A_linear,healthy,pause,0.875,0.000,27.6,62.8,0.000,60.0,pause,labview_bridge
ARO-01,2026-05-29T00:11:57.903Z,1397,A_linear,healthy,pause,0.873,0.000,27.7,62.5,0.000,60.0,pause,labview_bridge
ARO-01,2026-05-29T00:11:58.904Z,1398,A_linear,healthy,pause,0.893,0.006,27.7,62.4,0.011,60.0,pause,labview_bridge
ARO-01,2026-05-29T00:11:59.904Z,1399,A_linear,healthy,pause,0.900,0.000,27.7,62.4,0.000,60.0,pause,labview_bridge
ARO-01,2026-05-29T00:12:00.905Z,1400,A_linear,healthy,pause,0.874,0.001,27.7,62.4,0.002,60.0,pause,labview_bridge
ARO-01,2026-05-29T00:12:01.906Z,1401,A_linear,healthy,pause,0.907,0.000,27.7,62.6,0.000,60.0,pause,labview_bridge
ARO-01,2026-05-29T00:12:02.906Z,1402,A_linear,healthy,pause,0.898,0.001,27.8,62.8,0.002,60.0,pause,labview_bridge
ARO-01,2026-05-29T00:12:03.907Z,1403,A_linear,healthy,pause,0.941,0.002,27.8,62.9,0.004,60.0,pause,labview_bridge
ARO-01,2026-05-29T00:12:04.908Z,1404,A_linear,healthy,pause,0.923,0.002,27.8,63.0,0.003,60.0,pause,labview_bridge
ARO-01,2026-05-29T00:12:05.908Z,1405,A_linear,healthy,pause,0.945,0.000,27.7,63.0,0.000,60.0,pause,labview_bridge
ARO-01,2026-05-29T00:12:06.909Z,1406,A_linear,healthy,pause,0.971,0.000,27.7,62.9,0.000,60.0,pause,labview_bridge
ARO-01,2026-05-29T00:12:07.913Z,1407,A_linear,healthy,pause,0.956,0.000,27.7,63.1,0.000,60.0,pause,labview_bridge
ARO-01,2026-05-29T00:12:08.914Z,1408,A_linear,healthy,ascent,0.978,1.197,27.9,62.7,2.159,210.0,ascent,labview_bridge
ARO-01,2026-05-29T00:12:09.915Z,1409,A_linear,healthy,ascent,0.994,1.197,28.0,62.3,2.160,210.0,ascent,labview_bridge
ARO-01,2026-05-29T00:12:10.916Z,1410,A_linear,healthy,ascent,0.970,1.203,28.1,62.0,2.171,210.0,ascent,labview_bridge
ARO-01,2026-05-29T00:12:11.922Z,1411,A_linear,healthy,ascent,1.000,1.196,28.2,62.0,2.157,210.0,ascent,labview_bridge
ARO-01,2026-05-29T00:12:12.923Z,1412,A_linear,healthy,ascent,0.995,1.201,28.3,62.0,2.167,210.0,ascent,labview_bridge
ARO-01,2026-05-29T00:12:13.924Z,1413,A_linear,healthy,ascent,1.011,1.205,28.3,61.8,2.175,210.0,ascent,labview_bridge
ARO-01,2026-05-29T00:12:14.925Z,1414,A_linear,healthy,ascent,1.009,1.215,28.3,61.8,2.192,210.0,ascent,labview_bridge
ARO-01,2026-05-29T00:12:15.926Z,1415,A_linear,healthy,ascent,0.995,1.196,28.5,61.4,2.158,210.0,ascent,labview_bridge
ARO-01,2026-05-29T00:12:16.927Z,1416,A_linear,healthy,ascent,1.002,1.196,28.5,61.4,2.157,210.0,ascent,labview_bridge
ARO-01,2026-05-29T00:12:17.928Z,1417,A_linear,healthy,ascent,0.991,1.192,28.6,61.3,2.150,210.0,ascent,labview_bridge
ARO-01,2026-05-29T00:12:18.928Z,1418,A_linear,healthy,ascent,0.996,1.202,28.7,61.2,2.168,210.0,ascent,labview_bridge
ARO-01,2026-05-29T00:12:19.929Z,1419,A_linear,healthy,ascent,0.981,1.208,28.7,61.5,2.179,210.0,ascent,labview_bridge
ARO-01,2026-05-29T00:12:20.930Z,1420,A_linear,healthy,descent,0.991,0.356,28.6,61.5,0.642,210.0,descent,labview_bridge
ARO-01,2026-05-29T00:12:21.931Z,1421,A_linear,healthy,descent,0.994,0.358,28.5,61.4,0.646,210.0,descent,labview_bridge
ARO-01,2026-05-29T00:12:22.931Z,1422,A_linear,healthy,descent,0.977,0.346,28.5,61.2,0.624,210.0,descent,labview_bridge
ARO-01,2026-05-29T00:12:23.932Z,1423,A_linear,healthy,descent,0.979,0.355,28.4,61.2,0.641,210.0,descent,labview_bridge
ARO-01,2026-05-29T00:12:24.933Z,1424,A_linear,healthy,descent,0.969,0.353,28.3,61.1,0.638,210.0,descent,labview_bridge
ARO-01,2026-05-29T00:12:25.934Z,1425,A_linear,healthy,descent,0.931,0.353,28.2,61.4,0.637,210.0,descent,labview_bridge
ARO-01,2026-05-29T00:12:26.934Z,1426,A_linear,healthy,descent,0.933,0.344,28.3,61.5,0.621,210.0,descent,labview_bridge
ARO-01,2026-05-29T00:12:27.935Z,1427,A_linear,healthy,descent,0.946,0.357,28.2,61.4,0.644,210.0,descent,labview_bridge
ARO-01,2026-05-29T00:12:28.936Z,1428,A_linear,healthy,descent,0.917,0.357,28.2,61.3,0.643,210.0,descent,labview_bridge
ARO-01,2026-05-29T00:12:29.936Z,1429,A_linear,healthy,descent,0.912,0.337,28.2,61.1,0.608,210.0,descent,labview_bridge
ARO-01,2026-05-29T00:12:30.937Z,1430,A_linear,healthy,descent,0.924,0.347,28.1,61.3,0.627,210.0,descent,labview_bridge
ARO-01,2026-05-29T00:12:31.938Z,1431,A_linear,healthy,descent,0.919,0.353,28.0,61.6,0.637,210.0,descent,labview_bridge
ARO-01,2026-05-29T00:12:32.939Z,1432,A_linear,healthy,pause,0.907,0.007,27.9,61.7,0.013,210.0,pause,labview_bridge
ARO-01,2026-05-29T00:12:33.939Z,1433,A_linear,healthy,pause,0.905,0.004,27.7,61.5,0.007,210.0,pause,labview_bridge
ARO-01,2026-05-29T00:12:34.940Z,1434,A_linear,healthy,pause,0.898,0.000,27.7,61.9,0.000,210.0,pause,labview_bridge
ARO-01,2026-05-29T00:12:35.941Z,1435,A_linear,healthy,pause,0.886,0.000,27.6,62.0,0.000,210.0,pause,labview_bridge
ARO-01,2026-05-29T00:12:36.942Z,1436,A_linear,healthy,pause,0.878,0.000,27.6,62.1,0.000,210.0,pause,labview_bridge
ARO-01,2026-05-29T00:12:37.942Z,1437,A_linear,healthy,pause,0.900,0.000,27.6,62.4,0.000,210.0,pause,labview_bridge
ARO-01,2026-05-29T00:12:38.947Z,1438,A_linear,healthy,pause,0.875,0.000,27.6,62.8,0.000,210.0,pause,labview_bridge
ARO-01,2026-05-29T00:12:39.948Z,1439,A_linear,healthy,pause,0.862,0.003,27.6,62.9,0.005,210.0,pause,labview_bridge
ARO-01,2026-05-29T00:12:40.948Z,1440,A_linear,healthy,pause,0.890,0.000,27.6,62.8,0.000,210.0,pause,labview_bridge
ARO-01,2026-05-29T00:12:41.949Z,1441,A_linear,healthy,pause,0.883,0.000,27.5,63.1,0.000,210.0,pause,labview_bridge
ARO-01,2026-05-29T00:12:42.949Z,1442,A_linear,healthy,pause,0.906,0.000,27.5,63.2,0.000,210.0,pause,labview_bridge
ARO-01,2026-05-29T00:12:43.950Z,1443,A_linear,healthy,pause,0.887,0.000,27.4,62.9,0.000,210.0,pause,labview_bridge
ARO-01,2026-05-29T00:12:44.950Z,1444,A_linear,healthy,pause,0.890,0.007,27.4,62.6,0.013,210.0,pause,labview_bridge
ARO-01,2026-05-29T00:12:45.951Z,1445,A_linear,healthy,pause,0.905,0.005,27.4,62.6,0.010,210.0,pause,labview_bridge
ARO-01,2026-05-29T00:12:46.952Z,1446,A_linear,healthy,pause,0.911,0.000,27.4,62.5,0.000,210.0,pause,labview_bridge
ARO-01,2026-05-29T00:12:47.953Z,1447,A_linear,healthy,pause,0.934,0.000,27.4,62.4,0.000,210.0,pause,labview_bridge
ARO-01,2026-05-29T00:12:48.953Z,1448,A_linear,healthy,pause,0.924,0.011,27.5,62.2,0.020,210.0,pause,labview_bridge
ARO-01,2026-05-29T00:12:49.954Z,1449,A_linear,healthy,pause,0.950,0.000,27.4,62.2,0.000,210.0,pause,labview_bridge
ARO-01,2026-05-29T00:12:50.955Z,1450,A_linear,healthy,pause,0.958,0.000,27.4,62.3,0.000,210.0,pause,labview_bridge
ARO-01,2026-05-29T00:12:51.956Z,1451,A_linear,healthy,pause,0.937,0.000,27.3,62.6,0.000,210.0,pause,labview_bridge
ARO-01,2026-05-29T00:12:52.956Z,1452,A_linear,healthy,ascent,0.993,0.569,27.4,62.6,1.026,60.0,ascent,labview_bridge
ARO-01,2026-05-29T00:12:53.957Z,1453,A_linear,healthy,ascent,0.949,0.569,27.5,62.5,1.027,60.0,ascent,labview_bridge
ARO-01,2026-05-29T00:12:54.958Z,1454,A_linear,healthy,ascent,0.979,0.565,27.5,62.5,1.020,60.0,ascent,labview_bridge
ARO-01,2026-05-29T00:12:55.959Z,1455,A_linear,healthy,ascent,0.989,0.569,27.5,62.6,1.027,60.0,ascent,labview_bridge
ARO-01,2026-05-29T00:12:56.959Z,1456,A_linear,healthy,ascent,0.995,0.560,27.6,62.8,1.011,60.0,ascent,labview_bridge
ARO-01,2026-05-29T00:12:57.960Z,1457,A_linear,healthy,ascent,1.029,0.557,27.6,62.6,1.006,60.0,ascent,labview_bridge
ARO-01,2026-05-29T00:12:58.961Z,1458,A_linear,healthy,ascent,0.996,0.558,27.7,62.5,1.008,60.0,ascent,labview_bridge
ARO-01,2026-05-29T00:12:59.963Z,1459,A_linear,healthy,ascent,1.000,0.556,27.7,62.3,1.003,60.0,ascent,labview_bridge
ARO-01,2026-05-29T00:13:00.963Z,1460,A_linear,healthy,ascent,0.994,0.567,27.7,62.1,1.023,60.0,ascent,labview_bridge
ARO-01,2026-05-29T00:13:01.964Z,1461,A_linear,healthy,ascent,1.017,0.565,27.8,62.1,1.020,60.0,ascent,labview_bridge
ARO-01,2026-05-29T00:13:02.964Z,1462,A_linear,healthy,ascent,0.983,0.559,27.9,62.0,1.008,60.0,ascent,labview_bridge
ARO-01,2026-05-29T00:13:03.965Z,1463,A_linear,healthy,ascent,0.998,0.559,27.9,61.6,1.009,60.0,ascent,labview_bridge
ARO-01,2026-05-29T00:13:04.965Z,1464,A_linear,healthy,descent,0.991,0.358,28.0,61.5,0.646,60.0,descent,labview_bridge
ARO-01,2026-05-29T00:13:05.966Z,1465,A_linear,healthy,descent,0.988,0.347,28.0,61.4,0.626,60.0,descent,labview_bridge
ARO-01,2026-05-29T00:13:06.966Z,1466,A_linear,healthy,descent,0.974,0.353,28.0,61.2,0.637,60.0,descent,labview_bridge
ARO-01,2026-05-29T00:13:07.967Z,1467,A_linear,healthy,descent,0.971,0.348,28.0,60.7,0.629,60.0,descent,labview_bridge
ARO-01,2026-05-29T00:13:08.968Z,1468,A_linear,healthy,descent,0.961,0.338,27.8,60.4,0.610,60.0,descent,labview_bridge
ARO-01,2026-05-29T00:13:09.968Z,1469,A_linear,healthy,descent,0.934,0.352,27.8,60.5,0.636,60.0,descent,labview_bridge
ARO-01,2026-05-29T00:13:10.969Z,1470,A_linear,healthy,descent,0.942,0.345,27.6,60.7,0.622,60.0,descent,labview_bridge
ARO-01,2026-05-29T00:13:11.970Z,1471,A_linear,healthy,descent,0.951,0.348,27.6,60.6,0.627,60.0,descent,labview_bridge
ARO-01,2026-05-29T00:13:12.971Z,1472,A_linear,healthy,descent,0.926,0.351,27.6,60.7,0.633,60.0,descent,labview_bridge
ARO-01,2026-05-29T00:13:13.971Z,1473,A_linear,healthy,descent,0.931,0.357,27.6,60.6,0.644,60.0,descent,labview_bridge
ARO-01,2026-05-29T00:13:14.972Z,1474,A_linear,healthy,descent,0.904,0.353,27.6,60.7,0.636,60.0,descent,labview_bridge
ARO-01,2026-05-29T00:13:15.973Z,1475,A_linear,healthy,descent,0.909,0.346,27.7,60.7,0.625,60.0,descent,labview_bridge
ARO-01,2026-05-29T00:13:16.974Z,1476,A_linear,healthy,pause,0.884,0.001,27.7,60.6,0.002,60.0,pause,labview_bridge
ARO-01,2026-05-29T00:13:17.974Z,1477,A_linear,healthy,pause,0.899,0.000,27.6,60.7,0.001,60.0,pause,labview_bridge
ARO-01,2026-05-29T00:13:18.980Z,1478,A_linear,healthy,pause,0.917,0.003,27.6,60.8,0.006,60.0,pause,labview_bridge
ARO-01,2026-05-29T00:13:19.981Z,1479,A_linear,healthy,pause,0.884,0.009,27.6,60.6,0.016,60.0,pause,labview_bridge
ARO-01,2026-05-29T00:13:20.982Z,1480,A_linear,healthy,pause,0.881,0.009,27.6,60.6,0.016,60.0,pause,labview_bridge
ARO-01,2026-05-29T00:13:21.982Z,1481,A_linear,healthy,pause,0.889,0.010,27.5,60.2,0.018,60.0,pause,labview_bridge
ARO-01,2026-05-29T00:13:22.983Z,1482,A_linear,healthy,pause,0.875,0.004,27.4,60.1,0.007,60.0,pause,labview_bridge
ARO-01,2026-05-29T00:13:23.983Z,1483,A_linear,healthy,pause,0.882,0.001,27.4,60.3,0.002,60.0,pause,labview_bridge
ARO-01,2026-05-29T00:13:24.984Z,1484,A_linear,healthy,pause,0.895,0.000,27.3,60.3,0.000,60.0,pause,labview_bridge
ARO-01,2026-05-29T00:13:25.984Z,1485,A_linear,healthy,pause,0.878,0.000,27.2,60.2,0.000,60.0,pause,labview_bridge
ARO-01,2026-05-29T00:13:26.985Z,1486,A_linear,healthy,pause,0.909,0.010,27.1,60.4,0.019,60.0,pause,labview_bridge
ARO-01,2026-05-29T00:13:27.986Z,1487,A_linear,healthy,pause,0.888,0.000,27.1,60.5,0.001,60.0,pause,labview_bridge
ARO-01,2026-05-29T00:13:28.987Z,1488,A_linear,healthy,pause,0.925,0.003,27.1,60.4,0.006,60.0,pause,labview_bridge
ARO-01,2026-05-29T00:13:29.988Z,1489,A_linear,healthy,pause,0.922,0.000,27.1,60.7,0.000,60.0,pause,labview_bridge
ARO-01,2026-05-29T00:13:30.988Z,1490,A_linear,healthy,pause,0.916,0.009,27.1,60.7,0.017,60.0,pause,labview_bridge
ARO-01,2026-05-29T00:13:31.989Z,1491,A_linear,healthy,pause,0.938,0.005,26.9,60.7,0.008,60.0,pause,labview_bridge
ARO-01,2026-05-29T00:13:32.990Z,1492,A_linear,healthy,pause,0.945,0.009,26.9,60.8,0.016,60.0,pause,labview_bridge
ARO-01,2026-05-29T00:13:33.990Z,1493,A_linear,healthy,pause,0.964,0.009,26.9,60.6,0.016,60.0,pause,labview_bridge
ARO-01,2026-05-29T00:13:34.991Z,1494,A_linear,healthy,pause,0.960,0.000,26.9,60.8,0.000,60.0,pause,labview_bridge
ARO-01,2026-05-29T00:13:35.997Z,1495,A_linear,healthy,pause,0.972,0.010,26.9,60.9,0.018,60.0,pause,labview_bridge
ARO-01,2026-05-29T00:13:36.998Z,1496,A_linear,healthy,ascent,0.988,0.756,27.1,60.6,1.365,105.0,ascent,labview_bridge
ARO-01,2026-05-29T00:13:37.999Z,1497,A_linear,healthy,ascent,0.997,0.762,27.1,60.3,1.374,105.0,ascent,labview_bridge
ARO-01,2026-05-29T00:13:39.000Z,1498,A_linear,healthy,ascent,0.960,0.758,27.2,60.0,1.368,105.0,ascent,labview_bridge
ARO-01,2026-05-29T00:13:40.000Z,1499,A_linear,healthy,ascent,0.999,0.754,27.3,60.0,1.360,105.0,ascent,labview_bridge
ARO-01,2026-05-29T00:13:41.001Z,1500,A_linear,healthy,ascent,0.996,0.743,27.4,60.0,1.340,105.0,ascent,labview_bridge
ARO-01,2026-05-29T00:13:42.002Z,1501,A_linear,healthy,ascent,0.984,0.746,27.5,59.6,1.346,105.0,ascent,labview_bridge
ARO-01,2026-05-29T00:13:43.003Z,1502,A_linear,healthy,ascent,0.994,0.754,27.5,59.8,1.361,105.0,ascent,labview_bridge
ARO-01,2026-05-29T00:13:44.003Z,1503,A_linear,healthy,ascent,1.010,0.753,27.5,59.6,1.359,105.0,ascent,labview_bridge
ARO-01,2026-05-29T00:13:45.007Z,1504,A_linear,healthy,ascent,1.006,0.752,27.6,59.7,1.356,105.0,ascent,labview_bridge
ARO-01,2026-05-29T00:13:46.008Z,1505,A_linear,healthy,ascent,0.994,0.755,27.6,59.7,1.361,105.0,ascent,labview_bridge
ARO-01,2026-05-29T00:13:47.009Z,1506,A_linear,healthy,ascent,0.998,0.754,27.6,59.8,1.360,105.0,ascent,labview_bridge
ARO-01,2026-05-29T00:13:48.013Z,1507,A_linear,healthy,ascent,0.996,0.758,27.7,60.2,1.367,105.0,ascent,labview_bridge
ARO-01,2026-05-29T00:13:49.014Z,1508,A_linear,healthy,descent,0.971,0.353,27.5,60.0,0.637,105.0,descent,labview_bridge
ARO-01,2026-05-29T00:13:50.014Z,1509,A_linear,healthy,descent,0.984,0.342,27.3,59.9,0.618,105.0,descent,labview_bridge
ARO-01,2026-05-29T00:13:51.020Z,1510,A_linear,healthy,descent,0.992,0.347,27.4,59.7,0.626,105.0,descent,labview_bridge
ARO-01,2026-05-29T00:13:52.021Z,1511,A_linear,healthy,descent,0.978,0.353,27.4,59.6,0.636,105.0,descent,labview_bridge
ARO-01,2026-05-29T00:13:53.021Z,1512,A_linear,healthy,descent,0.959,0.350,27.4,59.8,0.631,105.0,descent,labview_bridge
ARO-01,2026-05-29T00:13:54.022Z,1513,A_linear,healthy,descent,0.944,0.350,27.4,59.7,0.632,105.0,descent,labview_bridge
ARO-01,2026-05-29T00:13:55.023Z,1514,A_linear,healthy,descent,0.922,0.346,27.3,59.7,0.625,105.0,descent,labview_bridge
ARO-01,2026-05-29T00:13:56.024Z,1515,A_linear,healthy,descent,0.946,0.348,27.3,59.4,0.628,105.0,descent,labview_bridge
ARO-01,2026-05-29T00:13:57.025Z,1516,A_linear,healthy,descent,0.926,0.340,27.2,59.8,0.614,105.0,descent,labview_bridge
ARO-01,2026-05-29T00:13:58.026Z,1517,A_linear,healthy,descent,0.913,0.348,27.2,59.8,0.629,105.0,descent,labview_bridge
ARO-01,2026-05-29T00:13:59.026Z,1518,A_linear,healthy,descent,0.907,0.351,27.2,60.1,0.633,105.0,descent,labview_bridge
ARO-01,2026-05-29T00:14:00.027Z,1519,A_linear,healthy,descent,0.906,0.351,27.2,60.2,0.634,105.0,descent,labview_bridge
ARO-01,2026-05-29T00:14:01.028Z,1520,A_linear,healthy,pause,0.896,0.000,27.2,60.4,0.000,105.0,pause,labview_bridge
ARO-01,2026-05-29T00:14:02.029Z,1521,A_linear,healthy,pause,0.896,0.011,27.2,60.2,0.019,105.0,pause,labview_bridge
ARO-01,2026-05-29T00:14:03.029Z,1522,A_linear,healthy,pause,0.882,0.000,27.1,60.3,0.000,105.0,pause,labview_bridge
ARO-01,2026-05-29T00:14:04.030Z,1523,A_linear,healthy,pause,0.883,0.000,27.1,60.4,0.000,105.0,pause,labview_bridge
ARO-01,2026-05-29T00:14:05.030Z,1524,A_linear,healthy,pause,0.895,0.000,27.0,60.3,0.000,105.0,pause,labview_bridge
ARO-01,2026-05-29T00:14:06.031Z,1525,A_linear,healthy,pause,0.873,0.002,27.0,59.9,0.004,105.0,pause,labview_bridge
ARO-01,2026-05-29T00:14:07.032Z,1526,A_linear,healthy,pause,0.881,0.000,26.9,60.0,0.000,105.0,pause,labview_bridge
ARO-01,2026-05-29T00:14:08.032Z,1527,A_linear,healthy,pause,0.873,0.000,26.9,59.9,0.000,105.0,pause,labview_bridge
ARO-01,2026-05-29T00:14:09.033Z,1528,A_linear,healthy,pause,0.889,0.000,26.9,59.8,0.000,105.0,pause,labview_bridge
ARO-01,2026-05-29T00:14:10.033Z,1529,A_linear,healthy,pause,0.887,0.011,27.0,59.8,0.019,105.0,pause,labview_bridge
ARO-01,2026-05-29T00:14:11.034Z,1530,A_linear,healthy,pause,0.911,0.003,27.0,59.6,0.005,105.0,pause,labview_bridge
ARO-01,2026-05-29T00:14:12.035Z,1531,A_linear,healthy,pause,0.898,0.007,26.8,59.7,0.013,105.0,pause,labview_bridge
ARO-01,2026-05-29T00:14:13.035Z,1532,A_linear,healthy,pause,0.906,0.000,26.8,59.6,0.000,105.0,pause,labview_bridge
ARO-01,2026-05-29T00:14:14.036Z,1533,A_linear,healthy,pause,0.913,0.004,26.8,59.4,0.008,105.0,pause,labview_bridge
ARO-01,2026-05-29T00:14:15.037Z,1534,A_linear,healthy,pause,0.942,0.001,26.9,59.7,0.002,105.0,pause,labview_bridge
ARO-01,2026-05-29T00:14:16.037Z,1535,A_linear,healthy,pause,0.927,0.011,26.8,59.5,0.019,105.0,pause,labview_bridge
ARO-01,2026-05-29T00:14:17.038Z,1536,A_linear,healthy,pause,0.936,0.000,26.9,59.5,0.000,105.0,pause,labview_bridge
ARO-01,2026-05-29T00:14:18.046Z,1537,A_linear,healthy,pause,0.959,0.000,26.8,59.4,0.000,105.0,pause,labview_bridge
ARO-01,2026-05-29T00:14:19.046Z,1538,A_linear,healthy,pause,0.948,0.009,26.8,59.6,0.016,105.0,pause,labview_bridge
ARO-01,2026-05-29T00:14:20.047Z,1539,A_linear,healthy,pause,0.965,0.001,26.9,59.8,0.002,105.0,pause,labview_bridge
ARO-01,2026-05-29T00:14:21.047Z,1540,A_linear,healthy,ascent,0.984,0.755,27.0,59.7,1.363,105.0,ascent,labview_bridge
ARO-01,2026-05-29T00:14:22.048Z,1541,A_linear,healthy,ascent,0.963,0.751,27.1,59.8,1.354,105.0,ascent,labview_bridge
ARO-01,2026-05-29T00:14:23.048Z,1542,A_linear,healthy,ascent,0.976,0.755,27.1,59.7,1.362,105.0,ascent,labview_bridge
ARO-01,2026-05-29T00:14:24.049Z,1543,A_linear,healthy,ascent,0.982,0.756,27.2,59.8,1.363,105.0,ascent,labview_bridge
ARO-01,2026-05-29T00:14:25.050Z,1544,A_linear,healthy,ascent,0.970,0.751,27.3,59.6,1.356,105.0,ascent,labview_bridge
ARO-01,2026-05-29T00:14:26.050Z,1545,A_linear,healthy,ascent,1.022,0.760,27.3,59.6,1.372,105.0,ascent,labview_bridge
ARO-01,2026-05-29T00:14:27.051Z,1546,A_linear,healthy,ascent,0.996,0.746,27.3,59.6,1.345,105.0,ascent,labview_bridge
ARO-01,2026-05-29T00:14:28.052Z,1547,A_linear,healthy,ascent,0.982,0.750,27.4,59.6,1.353,105.0,ascent,labview_bridge
ARO-01,2026-05-29T00:14:29.052Z,1548,A_linear,healthy,ascent,0.992,0.750,27.5,59.5,1.354,105.0,ascent,labview_bridge
ARO-01,2026-05-29T00:14:30.053Z,1549,A_linear,healthy,ascent,1.007,0.762,27.5,59.6,1.376,105.0,ascent,labview_bridge
ARO-01,2026-05-29T00:14:31.054Z,1550,A_linear,healthy,ascent,1.023,0.757,27.6,59.6,1.366,105.0,ascent,labview_bridge
ARO-01,2026-05-29T00:14:32.054Z,1551,A_linear,healthy,ascent,0.976,0.750,27.6,59.7,1.353,105.0,ascent,labview_bridge
ARO-01,2026-05-29T00:14:33.055Z,1552,A_linear,healthy,descent,0.974,0.362,27.5,59.6,0.653,105.0,descent,labview_bridge
ARO-01,2026-05-29T00:14:34.056Z,1553,A_linear,healthy,descent,0.969,0.348,27.4,59.7,0.628,105.0,descent,labview_bridge
ARO-01,2026-05-29T00:14:35.057Z,1554,A_linear,healthy,descent,0.970,0.357,27.3,60.1,0.644,105.0,descent,labview_bridge
ARO-01,2026-05-29T00:14:36.058Z,1555,A_linear,healthy,descent,0.973,0.349,27.4,60.0,0.630,105.0,descent,labview_bridge
ARO-01,2026-05-29T00:14:37.059Z,1556,A_linear,healthy,descent,0.956,0.355,27.3,60.1,0.640,105.0,descent,labview_bridge
ARO-01,2026-05-29T00:14:38.060Z,1557,A_linear,healthy,descent,0.960,0.350,27.3,60.0,0.631,105.0,descent,labview_bridge
ARO-01,2026-05-29T00:14:39.061Z,1558,A_linear,healthy,descent,0.939,0.343,27.4,59.8,0.619,105.0,descent,labview_bridge
ARO-01,2026-05-29T00:14:40.061Z,1559,A_linear,healthy,descent,0.944,0.361,27.3,60.0,0.650,105.0,descent,labview_bridge
ARO-01,2026-05-29T00:14:41.062Z,1560,A_linear,healthy,descent,0.931,0.351,27.3,60.0,0.633,105.0,descent,labview_bridge
ARO-01,2026-05-29T00:14:42.064Z,1561,A_linear,healthy,descent,0.930,0.349,27.2,59.7,0.629,105.0,descent,labview_bridge
ARO-01,2026-05-29T00:14:43.064Z,1562,A_linear,healthy,descent,0.925,0.357,27.2,59.9,0.643,105.0,descent,labview_bridge
ARO-01,2026-05-29T00:14:44.064Z,1563,A_linear,healthy,descent,0.899,0.348,27.2,59.8,0.628,105.0,descent,labview_bridge
ARO-01,2026-05-29T00:14:45.065Z,1564,A_linear,healthy,pause,0.904,0.000,27.1,59.8,0.000,105.0,pause,labview_bridge
ARO-01,2026-05-29T00:14:46.066Z,1565,A_linear,healthy,pause,0.896,0.000,27.0,59.5,0.000,105.0,pause,labview_bridge
ARO-01,2026-05-29T00:14:47.066Z,1566,A_linear,healthy,pause,0.901,0.000,27.0,59.5,0.000,105.0,pause,labview_bridge
ARO-01,2026-05-29T00:14:48.067Z,1567,A_linear,healthy,pause,0.895,0.009,27.0,59.6,0.017,105.0,pause,labview_bridge
ARO-01,2026-05-29T00:14:49.067Z,1568,A_linear,healthy,pause,0.886,0.004,26.9,59.5,0.006,105.0,pause,labview_bridge
ARO-01,2026-05-29T00:14:50.068Z,1569,A_linear,healthy,pause,0.874,0.003,26.8,59.4,0.005,105.0,pause,labview_bridge
ARO-01,2026-05-29T00:14:51.069Z,1570,A_linear,healthy,pause,0.889,0.009,26.7,59.4,0.016,105.0,pause,labview_bridge
ARO-01,2026-05-29T00:14:52.069Z,1571,A_linear,healthy,pause,0.880,0.000,26.7,59.6,0.000,105.0,pause,labview_bridge
ARO-01,2026-05-29T00:14:53.070Z,1572,A_linear,healthy,pause,0.896,0.004,26.7,59.5,0.007,105.0,pause,labview_bridge
ARO-01,2026-05-29T00:14:54.070Z,1573,A_linear,healthy,pause,0.900,0.008,26.7,59.4,0.014,105.0,pause,labview_bridge
ARO-01,2026-05-29T00:14:55.071Z,1574,A_linear,healthy,pause,0.879,0.000,26.7,59.2,0.001,105.0,pause,labview_bridge
ARO-01,2026-05-29T00:14:56.072Z,1575,A_linear,healthy,pause,0.893,0.000,26.6,59.3,0.000,105.0,pause,labview_bridge
ARO-01,2026-05-29T00:14:57.072Z,1576,A_linear,healthy,pause,0.887,0.001,26.6,59.6,0.002,105.0,pause,labview_bridge
ARO-01,2026-05-29T00:14:58.073Z,1577,A_linear,healthy,pause,0.904,0.000,26.5,59.5,0.000,105.0,pause,labview_bridge
ARO-01,2026-05-29T00:14:59.073Z,1578,A_linear,healthy,pause,0.914,0.000,26.6,59.6,0.000,105.0,pause,labview_bridge
ARO-01,2026-05-29T00:15:00.074Z,1579,A_linear,healthy,pause,0.927,0.000,26.6,59.6,0.000,105.0,pause,labview_bridge
ARO-01,2026-05-29T00:15:01.075Z,1580,A_linear,healthy,pause,0.939,0.000,26.5,59.6,0.000,105.0,pause,labview_bridge
ARO-01,2026-05-29T00:15:02.075Z,1581,A_linear,healthy,pause,0.948,0.000,26.4,59.5,0.000,105.0,pause,labview_bridge
ARO-01,2026-05-29T00:15:03.076Z,1582,A_linear,healthy,pause,0.944,0.000,26.4,59.7,0.000,105.0,pause,labview_bridge
ARO-01,2026-05-29T00:15:04.077Z,1583,A_linear,healthy,pause,0.959,0.007,26.5,59.5,0.013,105.0,pause,labview_bridge
ARO-01,2026-05-29T00:15:05.078Z,1584,A_linear,healthy,ascent,0.962,0.556,26.5,59.3,1.002,60.0,ascent,labview_bridge
ARO-01,2026-05-29T00:15:06.078Z,1585,A_linear,healthy,ascent,0.966,0.582,26.5,59.1,1.049,60.0,ascent,labview_bridge
ARO-01,2026-05-29T00:15:07.079Z,1586,A_linear,healthy,ascent,0.976,0.566,26.5,59.1,1.021,60.0,ascent,labview_bridge
ARO-01,2026-05-29T00:15:08.079Z,1587,A_linear,healthy,ascent,0.985,0.554,26.6,59.0,1.000,60.0,ascent,labview_bridge
ARO-01,2026-05-29T00:15:09.080Z,1588,A_linear,healthy,ascent,0.998,0.575,26.6,58.7,1.037,60.0,ascent,labview_bridge
ARO-01,2026-05-29T00:15:10.080Z,1589,A_linear,healthy,ascent,1.005,0.561,26.5,58.7,1.012,60.0,ascent,labview_bridge
ARO-01,2026-05-29T00:15:11.081Z,1590,A_linear,healthy,ascent,0.993,0.565,26.6,59.0,1.019,60.0,ascent,labview_bridge
ARO-01,2026-05-29T00:15:12.082Z,1591,A_linear,healthy,ascent,1.005,0.562,26.7,59.0,1.014,60.0,ascent,labview_bridge
ARO-01,2026-05-29T00:15:13.082Z,1592,A_linear,healthy,ascent,0.999,0.573,26.9,59.0,1.033,60.0,ascent,labview_bridge
ARO-01,2026-05-29T00:15:14.083Z,1593,A_linear,healthy,ascent,1.015,0.557,26.9,59.4,1.005,60.0,ascent,labview_bridge
ARO-01,2026-05-29T00:15:15.095Z,1594,A_linear,healthy,ascent,0.999,0.556,27.1,59.4,1.004,60.0,ascent,labview_bridge
ARO-01,2026-05-29T00:15:16.095Z,1595,A_linear,healthy,ascent,1.000,0.559,27.0,59.3,1.009,60.0,ascent,labview_bridge
ARO-01,2026-05-29T00:15:17.096Z,1596,A_linear,healthy,descent,1.009,0.347,27.0,59.2,0.626,60.0,descent,labview_bridge
ARO-01,2026-05-29T00:15:18.097Z,1597,A_linear,healthy,descent,0.992,0.353,27.0,59.1,0.637,60.0,descent,labview_bridge
ARO-01,2026-05-29T00:15:19.097Z,1598,A_linear,healthy,descent,0.980,0.336,27.0,58.9,0.607,60.0,descent,labview_bridge
ARO-01,2026-05-29T00:15:20.098Z,1599,A_linear,healthy,descent,0.956,0.342,27.0,58.5,0.617,60.0,descent,labview_bridge
ARO-01,2026-05-29T00:15:21.098Z,1600,A_linear,healthy,descent,0.974,0.349,26.9,58.1,0.630,60.0,descent,labview_bridge
ARO-01,2026-05-29T00:15:22.099Z,1601,A_linear,healthy,descent,0.968,0.350,26.9,58.3,0.631,60.0,descent,labview_bridge
ARO-01,2026-05-29T00:15:23.099Z,1602,A_linear,healthy,descent,0.952,0.354,26.9,58.4,0.639,60.0,descent,labview_bridge
ARO-01,2026-05-29T00:15:24.100Z,1603,A_linear,healthy,descent,0.928,0.351,26.9,58.5,0.633,60.0,descent,labview_bridge
ARO-01,2026-05-29T00:15:25.100Z,1604,A_linear,healthy,descent,0.914,0.358,26.9,58.4,0.646,60.0,descent,labview_bridge
ARO-01,2026-05-29T00:15:26.101Z,1605,A_linear,healthy,descent,0.921,0.352,26.9,58.6,0.636,60.0,descent,labview_bridge
ARO-01,2026-05-29T00:15:27.102Z,1606,A_linear,healthy,descent,0.899,0.351,26.8,58.8,0.633,60.0,descent,labview_bridge
ARO-01,2026-05-29T00:15:28.103Z,1607,A_linear,healthy,descent,0.903,0.347,26.8,58.9,0.625,60.0,descent,labview_bridge
ARO-01,2026-05-29T00:15:29.104Z,1608,A_linear,healthy,pause,0.914,0.002,26.9,59.0,0.004,60.0,pause,labview_bridge
ARO-01,2026-05-29T00:15:30.104Z,1609,A_linear,healthy,pause,0.913,0.003,26.9,59.1,0.006,60.0,pause,labview_bridge
ARO-01,2026-05-29T00:15:31.105Z,1610,A_linear,healthy,pause,0.910,0.000,26.8,59.3,0.000,60.0,pause,labview_bridge
ARO-01,2026-05-29T00:15:32.105Z,1611,A_linear,healthy,pause,0.881,0.000,26.8,59.4,0.000,60.0,pause,labview_bridge
ARO-01,2026-05-29T00:15:33.107Z,1612,A_linear,healthy,pause,0.888,0.000,26.8,59.6,0.000,60.0,pause,labview_bridge
ARO-01,2026-05-29T00:15:34.107Z,1613,A_linear,healthy,pause,0.877,0.000,26.7,59.7,0.000,60.0,pause,labview_bridge
ARO-01,2026-05-29T00:15:35.108Z,1614,A_linear,healthy,pause,0.888,0.000,26.8,59.7,0.000,60.0,pause,labview_bridge
ARO-01,2026-05-29T00:15:36.109Z,1615,A_linear,healthy,pause,0.883,0.003,26.8,59.5,0.006,60.0,pause,labview_bridge
ARO-01,2026-05-29T00:15:37.111Z,1616,A_linear,healthy,pause,0.887,0.000,26.8,59.4,0.000,60.0,pause,labview_bridge
ARO-01,2026-05-29T00:15:38.112Z,1617,A_linear,healthy,pause,0.876,0.004,26.8,59.0,0.008,60.0,pause,labview_bridge
ARO-01,2026-05-29T00:15:39.113Z,1618,A_linear,healthy,pause,0.894,0.000,26.8,58.9,0.000,60.0,pause,labview_bridge
ARO-01,2026-05-29T00:15:40.113Z,1619,A_linear,healthy,pause,0.906,0.005,26.8,58.7,0.008,60.0,pause,labview_bridge
ARO-01,2026-05-29T00:15:41.114Z,1620,A_linear,healthy,pause,0.915,0.003,26.7,59.0,0.005,60.0,pause,labview_bridge
ARO-01,2026-05-29T00:15:42.114Z,1621,A_linear,healthy,pause,0.941,0.005,26.7,58.9,0.010,60.0,pause,labview_bridge
ARO-01,2026-05-29T00:15:43.115Z,1622,A_linear,healthy,pause,0.918,0.000,26.7,58.9,0.000,60.0,pause,labview_bridge
ARO-01,2026-05-29T00:15:44.116Z,1623,A_linear,healthy,pause,0.921,0.000,26.5,58.6,0.000,60.0,pause,labview_bridge
ARO-01,2026-05-29T00:15:45.116Z,1624,A_linear,healthy,pause,0.927,0.008,26.4,58.4,0.015,60.0,pause,labview_bridge
ARO-01,2026-05-29T00:15:46.117Z,1625,A_linear,healthy,pause,0.927,0.000,26.4,58.4,0.000,60.0,pause,labview_bridge
ARO-01,2026-05-29T00:15:47.118Z,1626,A_linear,healthy,pause,0.967,0.000,26.4,58.6,0.000,60.0,pause,labview_bridge
ARO-01,2026-05-29T00:15:48.119Z,1627,A_linear,healthy,pause,0.979,0.016,26.4,58.8,0.030,60.0,pause,labview_bridge
ARO-01,2026-05-29T00:15:49.119Z,1628,A_linear,healthy,ascent,1.006,0.562,26.4,58.2,1.014,60.0,ascent,labview_bridge
ARO-01,2026-05-29T00:15:50.120Z,1629,A_linear,healthy,ascent,0.960,0.568,26.5,58.2,1.025,60.0,ascent,labview_bridge
ARO-01,2026-05-29T00:15:51.127Z,1630,A_linear,healthy,ascent,0.985,0.568,26.5,58.1,1.025,60.0,ascent,labview_bridge
ARO-01,2026-05-29T00:15:52.129Z,1631,A_linear,healthy,ascent,1.022,0.563,26.5,58.3,1.017,60.0,ascent,labview_bridge
ARO-01,2026-05-29T00:15:53.129Z,1632,A_linear,healthy,ascent,1.011,0.582,26.6,58.1,1.050,60.0,ascent,labview_bridge
ARO-01,2026-05-29T00:15:54.130Z,1633,A_linear,healthy,ascent,1.003,0.573,26.7,58.3,1.034,60.0,ascent,labview_bridge
ARO-01,2026-05-29T00:15:55.130Z,1634,A_linear,healthy,ascent,1.021,0.560,26.6,58.4,1.010,60.0,ascent,labview_bridge
ARO-01,2026-05-29T00:15:56.131Z,1635,A_linear,healthy,ascent,0.987,0.577,26.6,58.5,1.041,60.0,ascent,labview_bridge
ARO-01,2026-05-29T00:15:57.132Z,1636,A_linear,healthy,ascent,1.019,0.564,26.7,58.3,1.018,60.0,ascent,labview_bridge
ARO-01,2026-05-29T00:15:58.132Z,1637,A_linear,healthy,ascent,1.018,0.570,26.8,58.2,1.029,60.0,ascent,labview_bridge
ARO-01,2026-05-29T00:15:59.133Z,1638,A_linear,healthy,ascent,1.008,0.572,26.8,58.1,1.032,60.0,ascent,labview_bridge
ARO-01,2026-05-29T00:16:00.134Z,1639,A_linear,healthy,ascent,1.006,0.553,26.8,58.0,0.997,60.0,ascent,labview_bridge
ARO-01,2026-05-29T00:16:01.135Z,1640,A_linear,healthy,descent,0.974,0.346,26.8,58.2,0.625,60.0,descent,labview_bridge
ARO-01,2026-05-29T00:16:02.136Z,1641,A_linear,healthy,descent,0.996,0.358,26.8,57.9,0.646,60.0,descent,labview_bridge
ARO-01,2026-05-29T00:16:03.136Z,1642,A_linear,healthy,descent,0.980,0.352,26.8,57.9,0.635,60.0,descent,labview_bridge
ARO-01,2026-05-29T00:16:04.137Z,1643,A_linear,healthy,descent,0.988,0.343,26.7,58.0,0.618,60.0,descent,labview_bridge
ARO-01,2026-05-29T00:16:05.138Z,1644,A_linear,healthy,descent,0.959,0.352,26.6,57.8,0.636,60.0,descent,labview_bridge
ARO-01,2026-05-29T00:16:06.138Z,1645,A_linear,healthy,descent,0.961,0.346,26.6,57.7,0.623,60.0,descent,labview_bridge
ARO-01,2026-05-29T00:16:07.139Z,1646,A_linear,healthy,descent,0.954,0.349,26.7,57.9,0.629,60.0,descent,labview_bridge
ARO-01,2026-05-29T00:16:08.140Z,1647,A_linear,healthy,descent,0.962,0.355,26.7,58.1,0.640,60.0,descent,labview_bridge
ARO-01,2026-05-29T00:16:09.140Z,1648,A_linear,healthy,descent,0.925,0.346,26.7,58.1,0.625,60.0,descent,labview_bridge
ARO-01,2026-05-29T00:16:10.141Z,1649,A_linear,healthy,descent,0.924,0.347,26.7,58.4,0.626,60.0,descent,labview_bridge
ARO-01,2026-05-29T00:16:11.142Z,1650,A_linear,healthy,descent,0.897,0.351,26.7,58.6,0.633,60.0,descent,labview_bridge
ARO-01,2026-05-29T00:16:12.144Z,1651,A_linear,healthy,descent,0.905,0.350,26.7,58.4,0.632,60.0,descent,labview_bridge
ARO-01,2026-05-29T00:16:13.145Z,1652,A_linear,healthy,pause,0.875,0.000,26.7,58.3,0.000,60.0,pause,labview_bridge
ARO-01,2026-05-29T00:16:14.145Z,1653,A_linear,healthy,pause,0.910,0.000,26.6,58.4,0.000,60.0,pause,labview_bridge
ARO-01,2026-05-29T00:16:15.146Z,1654,A_linear,healthy,pause,0.878,0.001,26.6,58.7,0.002,60.0,pause,labview_bridge
ARO-01,2026-05-29T00:16:16.147Z,1655,A_linear,healthy,pause,0.874,0.000,26.4,59.0,0.000,60.0,pause,labview_bridge
ARO-01,2026-05-29T00:16:17.147Z,1656,A_linear,healthy,pause,0.883,0.000,26.4,58.7,0.000,60.0,pause,labview_bridge
ARO-01,2026-05-29T00:16:18.148Z,1657,A_linear,healthy,pause,0.886,0.023,26.4,58.5,0.042,60.0,pause,labview_bridge
ARO-01,2026-05-29T00:16:19.148Z,1658,A_linear,healthy,pause,0.882,0.006,26.4,58.2,0.011,60.0,pause,labview_bridge
ARO-01,2026-05-29T00:16:20.149Z,1659,A_linear,healthy,pause,0.894,0.000,26.3,58.2,0.000,60.0,pause,labview_bridge
ARO-01,2026-05-29T00:16:21.150Z,1660,A_linear,healthy,pause,0.884,0.000,26.3,58.0,0.000,60.0,pause,labview_bridge
ARO-01,2026-05-29T00:16:22.151Z,1661,A_linear,healthy,pause,0.915,0.000,26.3,58.3,0.000,60.0,pause,labview_bridge
ARO-01,2026-05-29T00:16:23.152Z,1662,A_linear,healthy,pause,0.881,0.006,26.2,58.4,0.011,60.0,pause,labview_bridge
ARO-01,2026-05-29T00:16:24.152Z,1663,A_linear,healthy,pause,0.902,0.000,26.2,58.4,0.000,60.0,pause,labview_bridge
ARO-01,2026-05-29T00:16:25.160Z,1664,A_linear,healthy,pause,0.902,0.018,26.1,58.4,0.032,60.0,pause,labview_bridge
ARO-01,2026-05-29T00:16:26.161Z,1665,A_linear,healthy,pause,0.910,0.000,26.0,58.1,0.000,60.0,pause,labview_bridge
ARO-01,2026-05-29T00:16:27.161Z,1666,A_linear,healthy,pause,0.926,0.000,26.0,58.1,0.000,60.0,pause,labview_bridge
ARO-01,2026-05-29T00:16:28.162Z,1667,A_linear,healthy,pause,0.926,0.000,25.9,58.5,0.000,60.0,pause,labview_bridge
ARO-01,2026-05-29T00:16:29.162Z,1668,A_linear,healthy,pause,0.951,0.000,25.8,58.7,0.001,60.0,pause,labview_bridge
ARO-01,2026-05-29T00:16:30.163Z,1669,A_linear,healthy,pause,0.949,0.008,25.8,58.3,0.014,60.0,pause,labview_bridge
ARO-01,2026-05-29T00:16:31.164Z,1670,A_linear,healthy,pause,0.960,0.002,25.8,58.7,0.004,60.0,pause,labview_bridge
ARO-01,2026-05-29T00:16:32.165Z,1671,A_linear,healthy,pause,0.959,0.002,25.9,58.5,0.003,60.0,pause,labview_bridge
ARO-01,2026-05-29T00:16:33.165Z,1672,A_linear,healthy,ascent,0.967,0.563,25.9,58.4,1.016,60.0,ascent,labview_bridge
ARO-01,2026-05-29T00:16:34.166Z,1673,A_linear,healthy,ascent,0.998,0.566,25.9,58.0,1.022,60.0,ascent,labview_bridge
ARO-01,2026-05-29T00:16:35.167Z,1674,A_linear,healthy,ascent,0.990,0.573,25.9,58.3,1.033,60.0,ascent,labview_bridge
ARO-01,2026-05-29T00:16:36.168Z,1675,A_linear,healthy,ascent,0.988,0.566,26.0,58.3,1.021,60.0,ascent,labview_bridge
ARO-01,2026-05-29T00:16:37.168Z,1676,A_linear,healthy,ascent,1.028,0.561,26.1,58.7,1.013,60.0,ascent,labview_bridge
ARO-01,2026-05-29T00:16:38.169Z,1677,A_linear,healthy,ascent,1.009,0.567,26.1,58.5,1.022,60.0,ascent,labview_bridge
ARO-01,2026-05-29T00:16:39.176Z,1678,A_linear,healthy,ascent,1.010,0.561,26.0,58.6,1.013,60.0,ascent,labview_bridge
ARO-01,2026-05-29T00:16:40.177Z,1679,A_linear,healthy,ascent,1.012,0.568,26.1,58.6,1.024,60.0,ascent,labview_bridge
ARO-01,2026-05-29T00:16:41.178Z,1680,A_linear,healthy,ascent,1.036,0.565,26.2,58.5,1.020,60.0,ascent,labview_bridge
ARO-01,2026-05-29T00:16:42.179Z,1681,A_linear,healthy,ascent,0.979,0.558,26.2,58.6,1.007,60.0,ascent,labview_bridge
ARO-01,2026-05-29T00:16:43.179Z,1682,A_linear,healthy,ascent,1.021,0.565,26.2,58.7,1.020,60.0,ascent,labview_bridge
ARO-01,2026-05-29T00:16:44.180Z,1683,A_linear,healthy,ascent,0.995,0.571,26.1,58.7,1.031,60.0,ascent,labview_bridge
ARO-01,2026-05-29T00:16:45.180Z,1684,A_linear,healthy,descent,0.996,0.349,26.2,58.8,0.630,60.0,descent,labview_bridge
ARO-01,2026-05-29T00:16:46.185Z,1685,A_linear,healthy,descent,0.975,0.342,26.2,58.8,0.617,60.0,descent,labview_bridge
ARO-01,2026-05-29T00:16:47.186Z,1686,A_linear,healthy,descent,0.963,0.344,26.1,58.4,0.622,60.0,descent,labview_bridge
ARO-01,2026-05-29T00:16:48.186Z,1687,A_linear,healthy,descent,0.960,0.345,26.1,58.5,0.623,60.0,descent,labview_bridge
ARO-01,2026-05-29T00:16:49.187Z,1688,A_linear,healthy,descent,0.979,0.344,26.2,58.5,0.620,60.0,descent,labview_bridge
ARO-01,2026-05-29T00:16:50.188Z,1689,A_linear,healthy,descent,0.972,0.341,26.1,58.4,0.616,60.0,descent,labview_bridge
ARO-01,2026-05-29T00:16:51.188Z,1690,A_linear,healthy,descent,0.945,0.349,26.1,58.0,0.630,60.0,descent,labview_bridge
ARO-01,2026-05-29T00:16:52.189Z,1691,A_linear,healthy,descent,0.935,0.344,26.1,57.8,0.621,60.0,descent,labview_bridge
ARO-01,2026-05-29T00:16:53.190Z,1692,A_linear,healthy,descent,0.913,0.349,26.1,57.9,0.630,60.0,descent,labview_bridge
ARO-01,2026-05-29T00:16:54.191Z,1693,A_linear,healthy,descent,0.925,0.344,26.1,57.9,0.621,60.0,descent,labview_bridge
ARO-01,2026-05-29T00:16:55.191Z,1694,A_linear,healthy,descent,0.932,0.346,26.2,57.8,0.624,60.0,descent,labview_bridge
ARO-01,2026-05-29T00:16:56.192Z,1695,A_linear,healthy,descent,0.907,0.353,26.3,57.6,0.638,60.0,descent,labview_bridge
ARO-01,2026-05-29T00:16:57.193Z,1696,A_linear,healthy,pause,0.915,0.000,26.2,57.6,0.000,60.0,pause,labview_bridge
ARO-01,2026-05-29T00:16:58.194Z,1697,A_linear,healthy,pause,0.869,0.001,26.0,57.5,0.002,60.0,pause,labview_bridge
ARO-01,2026-05-29T00:16:59.195Z,1698,A_linear,healthy,pause,0.892,0.006,26.0,57.6,0.012,60.0,pause,labview_bridge
ARO-01,2026-05-29T00:17:00.196Z,1699,A_linear,healthy,pause,0.878,0.000,25.9,57.3,0.000,60.0,pause,labview_bridge
ARO-01,2026-05-29T00:17:01.199Z,1700,A_linear,healthy,pause,0.893,0.000,25.9,56.9,0.000,60.0,pause,labview_bridge
ARO-01,2026-05-29T00:17:02.200Z,1701,A_linear,healthy,pause,0.877,0.000,25.7,57.1,0.000,60.0,pause,labview_bridge
ARO-01,2026-05-29T00:17:03.201Z,1702,A_linear,healthy,pause,0.889,0.003,25.7,57.0,0.006,60.0,pause,labview_bridge
ARO-01,2026-05-29T00:17:04.201Z,1703,A_linear,healthy,pause,0.899,0.009,25.7,57.3,0.016,60.0,pause,labview_bridge
ARO-01,2026-05-29T00:17:05.202Z,1704,A_linear,healthy,pause,0.890,0.000,25.6,57.6,0.000,60.0,pause,labview_bridge
ARO-01,2026-05-29T00:17:06.203Z,1705,A_linear,healthy,pause,0.880,0.001,25.6,57.1,0.002,60.0,pause,labview_bridge
ARO-01,2026-05-29T00:17:07.210Z,1706,A_linear,healthy,pause,0.899,0.010,25.6,56.9,0.019,60.0,pause,labview_bridge
ARO-01,2026-05-29T00:17:08.211Z,1707,A_linear,healthy,pause,0.915,0.000,25.7,57.2,0.000,60.0,pause,labview_bridge
ARO-01,2026-05-29T00:17:09.211Z,1708,A_linear,healthy,pause,0.912,0.000,25.8,57.4,0.000,60.0,pause,labview_bridge
ARO-01,2026-05-29T00:17:10.211Z,1709,A_linear,healthy,pause,0.914,0.000,25.7,57.7,0.000,60.0,pause,labview_bridge
ARO-01,2026-05-29T00:17:11.212Z,1710,A_linear,healthy,pause,0.905,0.000,25.7,57.7,0.000,60.0,pause,labview_bridge
ARO-01,2026-05-29T00:17:12.213Z,1711,A_linear,healthy,pause,0.929,0.003,25.7,57.7,0.005,60.0,pause,labview_bridge
ARO-01,2026-05-29T00:17:13.213Z,1712,A_linear,healthy,pause,0.930,0.004,25.7,57.8,0.007,60.0,pause,labview_bridge
ARO-01,2026-05-29T00:17:14.214Z,1713,A_linear,healthy,pause,0.947,0.000,25.6,57.7,0.000,60.0,pause,labview_bridge
ARO-01,2026-05-29T00:17:15.214Z,1714,A_linear,healthy,pause,0.942,0.003,25.5,57.7,0.006,60.0,pause,labview_bridge
ARO-01,2026-05-29T00:17:16.214Z,1715,A_linear,healthy,pause,0.975,0.010,25.4,57.6,0.017,60.0,pause,labview_bridge
ARO-01,2026-05-29T00:17:17.215Z,1716,A_linear,healthy,ascent,0.972,0.557,25.5,57.2,1.005,60.0,ascent,labview_bridge
ARO-01,2026-05-29T00:17:18.216Z,1717,A_linear,healthy,ascent,0.994,0.561,25.6,57.1,1.011,60.0,ascent,labview_bridge
ARO-01,2026-05-29T00:17:19.216Z,1718,A_linear,healthy,ascent,0.991,0.561,25.5,57.2,1.012,60.0,ascent,labview_bridge
ARO-01,2026-05-29T00:17:20.217Z,1719,A_linear,healthy,ascent,1.006,0.567,25.6,57.3,1.023,60.0,ascent,labview_bridge
ARO-01,2026-05-29T00:17:21.218Z,1720,A_linear,healthy,ascent,0.993,0.559,25.7,57.4,1.009,60.0,ascent,labview_bridge
ARO-01,2026-05-29T00:17:22.219Z,1721,A_linear,healthy,ascent,0.995,0.565,25.8,57.8,1.020,60.0,ascent,labview_bridge
ARO-01,2026-05-29T00:17:23.226Z,1722,A_linear,healthy,ascent,1.000,0.566,25.9,57.4,1.022,60.0,ascent,labview_bridge
ARO-01,2026-05-29T00:17:24.227Z,1723,A_linear,healthy,ascent,0.987,0.551,25.9,57.3,0.994,60.0,ascent,labview_bridge
ARO-01,2026-05-29T00:17:25.228Z,1724,A_linear,healthy,ascent,0.991,0.555,25.9,56.9,1.002,60.0,ascent,labview_bridge
ARO-01,2026-05-29T00:17:26.228Z,1725,A_linear,healthy,ascent,0.999,0.553,25.9,56.8,0.997,60.0,ascent,labview_bridge
ARO-01,2026-05-29T00:17:27.228Z,1726,A_linear,healthy,ascent,0.995,0.563,25.9,56.8,1.016,60.0,ascent,labview_bridge
ARO-01,2026-05-29T00:17:28.229Z,1727,A_linear,healthy,ascent,0.988,0.565,25.8,56.8,1.019,60.0,ascent,labview_bridge
ARO-01,2026-05-29T00:17:29.230Z,1728,A_linear,healthy,descent,0.994,0.345,25.8,57.0,0.623,60.0,descent,labview_bridge
ARO-01,2026-05-29T00:17:30.230Z,1729,A_linear,healthy,descent,0.987,0.343,25.9,57.2,0.619,60.0,descent,labview_bridge
ARO-01,2026-05-29T00:17:31.231Z,1730,A_linear,healthy,descent,0.998,0.344,25.9,56.8,0.621,60.0,descent,labview_bridge
ARO-01,2026-05-29T00:17:32.232Z,1731,A_linear,healthy,descent,0.964,0.367,25.9,57.0,0.662,60.0,descent,labview_bridge
ARO-01,2026-05-29T00:17:33.232Z,1732,A_linear,healthy,descent,0.977,0.352,25.9,57.1,0.636,60.0,descent,labview_bridge
ARO-01,2026-05-29T00:17:34.233Z,1733,A_linear,healthy,descent,0.965,0.341,25.8,56.9,0.616,60.0,descent,labview_bridge
ARO-01,2026-05-29T00:17:35.234Z,1734,A_linear,healthy,descent,0.962,0.344,25.8,56.9,0.620,60.0,descent,labview_bridge
ARO-01,2026-05-29T00:17:36.235Z,1735,A_linear,healthy,descent,0.958,0.353,25.9,57.1,0.636,60.0,descent,labview_bridge
ARO-01,2026-05-29T00:17:37.242Z,1736,A_linear,healthy,descent,0.935,0.342,25.9,57.3,0.617,60.0,descent,labview_bridge
ARO-01,2026-05-29T00:17:38.243Z,1737,A_linear,healthy,descent,0.932,0.343,25.9,57.3,0.619,60.0,descent,labview_bridge
ARO-01,2026-05-29T00:17:39.244Z,1738,A_linear,healthy,descent,0.939,0.359,25.9,57.2,0.647,60.0,descent,labview_bridge
ARO-01,2026-05-29T00:17:40.244Z,1739,A_linear,healthy,descent,0.912,0.352,25.9,57.3,0.635,60.0,descent,labview_bridge
ARO-01,2026-05-29T00:17:41.245Z,1740,A_linear,healthy,pause,0.901,0.000,25.8,57.2,0.000,60.0,pause,labview_bridge
ARO-01,2026-05-29T00:17:42.246Z,1741,A_linear,healthy,pause,0.913,0.000,25.8,57.1,0.000,60.0,pause,labview_bridge
ARO-01,2026-05-29T00:17:43.246Z,1742,A_linear,healthy,pause,0.889,0.002,25.8,57.3,0.004,60.0,pause,labview_bridge
ARO-01,2026-05-29T00:17:44.247Z,1743,A_linear,healthy,pause,0.876,0.000,25.7,57.3,0.000,60.0,pause,labview_bridge
ARO-01,2026-05-29T00:17:45.247Z,1744,A_linear,healthy,pause,0.907,0.000,25.6,57.2,0.000,60.0,pause,labview_bridge
ARO-01,2026-05-29T00:17:46.248Z,1745,A_linear,healthy,pause,0.884,0.000,25.6,57.3,0.000,60.0,pause,labview_bridge
ARO-01,2026-05-29T00:17:47.249Z,1746,A_linear,healthy,pause,0.893,0.003,25.5,57.1,0.006,60.0,pause,labview_bridge
ARO-01,2026-05-29T00:17:48.249Z,1747,A_linear,healthy,pause,0.888,0.000,25.6,56.9,0.000,60.0,pause,labview_bridge
ARO-01,2026-05-29T00:17:49.250Z,1748,A_linear,healthy,pause,0.882,0.000,25.6,56.8,0.000,60.0,pause,labview_bridge
ARO-01,2026-05-29T00:17:50.250Z,1749,A_linear,healthy,pause,0.916,0.010,25.5,57.1,0.017,60.0,pause,labview_bridge
ARO-01,2026-05-29T00:17:51.251Z,1750,A_linear,healthy,pause,0.887,0.000,25.6,56.9,0.000,60.0,pause,labview_bridge
ARO-01,2026-05-29T00:17:52.252Z,1751,A_linear,healthy,pause,0.897,0.000,25.6,56.8,0.000,60.0,pause,labview_bridge
ARO-01,2026-05-29T00:17:53.258Z,1752,A_linear,healthy,pause,0.894,0.005,25.6,56.8,0.008,60.0,pause,labview_bridge
ARO-01,2026-05-29T00:17:54.258Z,1753,A_linear,healthy,pause,0.932,0.000,25.7,57.0,0.000,60.0,pause,labview_bridge
ARO-01,2026-05-29T00:17:55.259Z,1754,A_linear,healthy,pause,0.936,0.004,25.6,56.9,0.008,60.0,pause,labview_bridge
ARO-01,2026-05-29T00:17:56.259Z,1755,A_linear,healthy,pause,0.941,0.000,25.6,56.5,0.000,60.0,pause,labview_bridge
ARO-01,2026-05-29T00:17:57.260Z,1756,A_linear,healthy,pause,0.957,0.002,25.4,56.6,0.003,60.0,pause,labview_bridge
ARO-01,2026-05-29T00:17:58.261Z,1757,A_linear,healthy,pause,0.954,0.001,25.5,56.8,0.002,60.0,pause,labview_bridge
ARO-01,2026-05-29T00:17:59.261Z,1758,A_linear,healthy,pause,0.991,0.003,25.4,57.0,0.005,60.0,pause,labview_bridge
ARO-01,2026-05-29T00:18:00.262Z,1759,A_linear,healthy,pause,0.954,0.001,25.5,57.1,0.001,60.0,pause,labview_bridge
ARO-01,2026-05-29T00:18:01.262Z,1760,A_linear,healthy,ascent,0.988,0.566,25.6,57.0,1.022,60.0,ascent,labview_bridge
ARO-01,2026-05-29T00:18:02.263Z,1761,A_linear,healthy,ascent,0.977,0.563,25.5,57.0,1.017,60.0,ascent,labview_bridge
ARO-01,2026-05-29T00:18:03.264Z,1762,A_linear,healthy,ascent,0.998,0.572,25.5,56.9,1.033,60.0,ascent,labview_bridge
ARO-01,2026-05-29T00:18:04.265Z,1763,A_linear,healthy,ascent,1.006,0.568,25.5,56.8,1.025,60.0,ascent,labview_bridge
ARO-01,2026-05-29T00:18:05.265Z,1764,A_linear,healthy,ascent,0.995,0.569,25.5,56.9,1.027,60.0,ascent,labview_bridge
ARO-01,2026-05-29T00:18:06.266Z,1765,A_linear,healthy,ascent,1.015,0.565,25.4,56.9,1.020,60.0,ascent,labview_bridge
ARO-01,2026-05-29T00:18:07.267Z,1766,A_linear,healthy,ascent,1.022,0.565,25.5,57.2,1.019,60.0,ascent,labview_bridge
ARO-01,2026-05-29T00:18:08.268Z,1767,A_linear,healthy,ascent,1.002,0.571,25.6,57.1,1.030,60.0,ascent,labview_bridge
ARO-01,2026-05-29T00:18:09.269Z,1768,A_linear,healthy,ascent,0.996,0.561,25.7,57.0,1.013,60.0,ascent,labview_bridge
ARO-01,2026-05-29T00:18:10.270Z,1769,A_linear,healthy,ascent,0.978,0.565,25.8,57.3,1.019,60.0,ascent,labview_bridge
ARO-01,2026-05-29T00:18:11.270Z,1770,A_linear,healthy,ascent,1.010,0.571,25.8,57.4,1.030,60.0,ascent,labview_bridge
ARO-01,2026-05-29T00:18:12.271Z,1771,A_linear,healthy,ascent,0.993,0.573,25.8,57.6,1.033,60.0,ascent,labview_bridge
ARO-01,2026-05-29T00:18:13.272Z,1772,A_linear,healthy,descent,0.974,0.347,25.7,57.5,0.625,60.0,descent,labview_bridge
ARO-01,2026-05-29T00:18:14.274Z,1773,A_linear,healthy,descent,1.016,0.351,25.6,57.5,0.633,60.0,descent,labview_bridge
ARO-01,2026-05-29T00:18:15.275Z,1774,A_linear,healthy,descent,0.979,0.356,25.7,57.4,0.642,60.0,descent,labview_bridge
ARO-01,2026-05-29T00:18:16.276Z,1775,A_linear,healthy,descent,0.963,0.345,25.8,57.0,0.623,60.0,descent,labview_bridge
ARO-01,2026-05-29T00:18:17.280Z,1776,A_linear,healthy,descent,0.957,0.358,25.7,57.2,0.646,60.0,descent,labview_bridge
ARO-01,2026-05-29T00:18:18.280Z,1777,A_linear,healthy,descent,0.964,0.341,25.7,56.9,0.615,60.0,descent,labview_bridge
ARO-01,2026-05-29T00:18:19.281Z,1778,A_linear,healthy,descent,0.945,0.351,25.7,56.6,0.633,60.0,descent,labview_bridge
ARO-01,2026-05-29T00:18:20.282Z,1779,A_linear,healthy,descent,0.933,0.335,25.7,56.7,0.605,60.0,descent,labview_bridge
ARO-01,2026-05-29T00:18:21.282Z,1780,A_linear,healthy,descent,0.949,0.346,25.7,56.6,0.624,60.0,descent,labview_bridge
ARO-01,2026-05-29T00:18:22.283Z,1781,A_linear,healthy,descent,0.898,0.336,25.6,56.4,0.605,60.0,descent,labview_bridge
ARO-01,2026-05-29T00:18:23.283Z,1782,A_linear,healthy,descent,0.917,0.346,25.7,56.3,0.625,60.0,descent,labview_bridge
ARO-01,2026-05-29T00:18:24.284Z,1783,A_linear,healthy,descent,0.903,0.346,25.5,56.4,0.624,60.0,descent,labview_bridge
ARO-01,2026-05-29T00:18:25.292Z,1784,A_linear,healthy,pause,0.925,0.000,25.4,56.5,0.000,60.0,pause,labview_bridge
ARO-01,2026-05-29T00:18:26.292Z,1785,A_linear,healthy,pause,0.906,0.000,25.4,56.6,0.000,60.0,pause,labview_bridge
ARO-01,2026-05-29T00:18:27.293Z,1786,A_linear,healthy,pause,0.899,0.000,25.3,56.8,0.000,60.0,pause,labview_bridge
ARO-01,2026-05-29T00:18:28.294Z,1787,A_linear,healthy,pause,0.895,0.003,25.3,57.0,0.006,60.0,pause,labview_bridge
ARO-01,2026-05-29T00:18:29.294Z,1788,A_linear,healthy,pause,0.903,0.000,25.3,57.2,0.000,60.0,pause,labview_bridge
ARO-01,2026-05-29T00:18:30.295Z,1789,A_linear,healthy,pause,0.877,0.000,25.3,57.3,0.000,60.0,pause,labview_bridge
ARO-01,2026-05-29T00:18:31.296Z,1790,A_linear,healthy,pause,0.865,0.001,25.3,57.4,0.002,60.0,pause,labview_bridge
ARO-01,2026-05-29T00:18:32.296Z,1791,A_linear,healthy,pause,0.881,0.000,25.3,57.3,0.000,60.0,pause,labview_bridge
ARO-01,2026-05-29T00:18:33.297Z,1792,A_linear,healthy,pause,0.887,0.009,25.3,57.3,0.015,60.0,pause,labview_bridge
ARO-01,2026-05-29T00:18:34.297Z,1793,A_linear,healthy,pause,0.912,0.003,25.3,57.3,0.005,60.0,pause,labview_bridge
ARO-01,2026-05-29T00:18:35.300Z,1794,A_linear,healthy,pause,0.901,0.004,25.2,57.5,0.007,60.0,pause,labview_bridge
ARO-01,2026-05-29T00:18:36.306Z,1795,A_linear,healthy,pause,0.916,0.000,25.2,57.7,0.000,60.0,pause,labview_bridge
ARO-01,2026-05-29T00:18:37.306Z,1796,A_linear,healthy,pause,0.925,0.000,25.3,57.6,0.000,60.0,pause,labview_bridge
ARO-01,2026-05-29T00:18:38.307Z,1797,A_linear,healthy,pause,0.915,0.008,25.3,57.7,0.014,60.0,pause,labview_bridge
ARO-01,2026-05-29T00:18:39.308Z,1798,A_linear,healthy,pause,0.913,0.005,25.3,57.7,0.010,60.0,pause,labview_bridge
ARO-01,2026-05-29T00:18:40.308Z,1799,A_linear,healthy,pause,0.935,0.007,25.3,57.8,0.013,60.0,pause,labview_bridge
ARO-01,2026-05-29T00:18:41.309Z,1800,A_linear,healthy,pause,0.953,0.004,25.3,57.7,0.007,60.0,pause,labview_bridge
ARO-01,2026-05-29T00:18:42.310Z,1801,A_linear,healthy,pause,0.947,0.000,25.3,57.5,0.000,60.0,pause,labview_bridge
ARO-01,2026-05-29T00:18:43.310Z,1802,A_linear,healthy,pause,0.981,0.000,25.4,57.2,0.000,60.0,pause,labview_bridge
ARO-01,2026-05-29T00:18:44.311Z,1803,A_linear,healthy,pause,0.977,0.002,25.4,57.1,0.003,60.0,pause,labview_bridge
ARO-01,2026-05-29T00:18:45.312Z,1804,A_linear,healthy,ascent,0.979,0.564,25.6,56.6,1.017,60.0,ascent,labview_bridge
ARO-01,2026-05-29T00:18:46.313Z,1805,A_linear,healthy,ascent,1.010,0.573,25.6,56.8,1.034,60.0,ascent,labview_bridge
ARO-01,2026-05-29T00:18:47.313Z,1806,A_linear,healthy,ascent,1.005,0.568,25.7,56.9,1.025,60.0,ascent,labview_bridge
ARO-01,2026-05-29T00:18:48.314Z,1807,A_linear,healthy,ascent,0.980,0.575,25.7,57.0,1.037,60.0,ascent,labview_bridge
ARO-01,2026-05-29T00:18:49.315Z,1808,A_linear,healthy,ascent,0.972,0.567,25.6,56.5,1.023,60.0,ascent,labview_bridge
ARO-01,2026-05-29T00:18:50.316Z,1809,A_linear,healthy,ascent,1.016,0.556,25.7,56.7,1.003,60.0,ascent,labview_bridge
ARO-01,2026-05-29T00:18:51.317Z,1810,A_linear,healthy,ascent,1.009,0.554,25.6,56.7,0.999,60.0,ascent,labview_bridge
ARO-01,2026-05-29T00:18:52.317Z,1811,A_linear,healthy,ascent,0.984,0.567,25.7,56.6,1.022,60.0,ascent,labview_bridge
ARO-01,2026-05-29T00:18:53.318Z,1812,A_linear,healthy,ascent,1.016,0.558,25.7,56.4,1.007,60.0,ascent,labview_bridge
ARO-01,2026-05-29T00:18:54.319Z,1813,A_linear,healthy,ascent,1.001,0.566,25.8,56.5,1.021,60.0,ascent,labview_bridge
ARO-01,2026-05-29T00:18:55.320Z,1814,A_linear,healthy,ascent,1.017,0.568,25.8,56.5,1.025,60.0,ascent,labview_bridge
ARO-01,2026-05-29T00:18:56.320Z,1815,A_linear,healthy,ascent,0.992,0.563,25.8,56.4,1.015,60.0,ascent,labview_bridge
ARO-01,2026-05-29T00:18:57.321Z,1816,A_linear,healthy,descent,1.022,0.362,25.7,56.2,0.654,60.0,descent,labview_bridge
ARO-01,2026-05-29T00:18:58.322Z,1817,A_linear,healthy,descent,1.022,0.349,25.8,56.2,0.630,60.0,descent,labview_bridge
ARO-01,2026-05-29T00:18:59.323Z,1818,A_linear,healthy,descent,0.974,0.348,25.8,56.3,0.628,60.0,descent,labview_bridge
ARO-01,2026-05-29T00:19:00.324Z,1819,A_linear,healthy,descent,0.971,0.343,25.8,55.8,0.619,60.0,descent,labview_bridge
ARO-01,2026-05-29T00:19:01.325Z,1820,A_linear,healthy,descent,0.980,0.343,25.8,56.3,0.618,60.0,descent,labview_bridge
ARO-01,2026-05-29T00:19:02.325Z,1821,A_linear,healthy,descent,0.933,0.355,25.8,56.6,0.640,60.0,descent,labview_bridge
ARO-01,2026-05-29T00:19:03.326Z,1822,A_linear,healthy,descent,0.948,0.357,25.8,56.5,0.644,60.0,descent,labview_bridge
ARO-01,2026-05-29T00:19:04.326Z,1823,A_linear,healthy,descent,0.941,0.358,25.7,56.8,0.645,60.0,descent,labview_bridge
ARO-01,2026-05-29T00:19:05.327Z,1824,A_linear,healthy,descent,0.943,0.346,25.7,56.6,0.623,60.0,descent,labview_bridge
ARO-01,2026-05-29T00:19:06.328Z,1825,A_linear,healthy,descent,0.951,0.357,25.6,56.5,0.644,60.0,descent,labview_bridge
ARO-01,2026-05-29T00:19:07.329Z,1826,A_linear,healthy,descent,0.905,0.350,25.6,56.7,0.631,60.0,descent,labview_bridge
ARO-01,2026-05-29T00:19:08.329Z,1827,A_linear,healthy,descent,0.909,0.355,25.5,57.0,0.640,60.0,descent,labview_bridge
ARO-01,2026-05-29T00:19:09.330Z,1828,A_linear,healthy,pause,0.908,0.000,25.5,57.0,0.000,60.0,pause,labview_bridge
ARO-01,2026-05-29T00:19:10.331Z,1829,A_linear,healthy,pause,0.905,0.000,25.4,57.3,0.000,60.0,pause,labview_bridge
ARO-01,2026-05-29T00:19:11.332Z,1830,A_linear,healthy,pause,0.901,0.000,25.3,57.3,0.000,60.0,pause,labview_bridge
ARO-01,2026-05-29T00:19:12.332Z,1831,A_linear,healthy,pause,0.892,0.000,25.3,57.4,0.000,60.0,pause,labview_bridge
ARO-01,2026-05-29T00:19:13.333Z,1832,A_linear,healthy,pause,0.884,0.000,25.2,57.6,0.000,60.0,pause,labview_bridge
ARO-01,2026-05-29T00:19:14.334Z,1833,A_linear,healthy,pause,0.913,0.012,25.1,57.6,0.021,60.0,pause,labview_bridge
ARO-01,2026-05-29T00:19:15.334Z,1834,A_linear,healthy,pause,0.896,0.006,25.1,57.5,0.011,60.0,pause,labview_bridge
ARO-01,2026-05-29T00:19:16.338Z,1835,A_linear,healthy,pause,0.887,0.000,25.2,57.6,0.000,60.0,pause,labview_bridge
ARO-01,2026-05-29T00:19:17.339Z,1836,A_linear,healthy,pause,0.862,0.000,25.1,57.3,0.000,60.0,pause,labview_bridge
ARO-01,2026-05-29T00:19:18.340Z,1837,A_linear,healthy,pause,0.911,0.008,25.1,57.1,0.014,60.0,pause,labview_bridge
ARO-01,2026-05-29T00:19:19.340Z,1838,A_linear,healthy,pause,0.898,0.003,25.0,56.9,0.005,60.0,pause,labview_bridge
ARO-01,2026-05-29T00:19:20.341Z,1839,A_linear,healthy,pause,0.907,0.002,25.0,56.9,0.004,60.0,pause,labview_bridge
ARO-01,2026-05-29T00:19:21.342Z,1840,A_linear,healthy,pause,0.910,0.000,24.9,56.9,0.000,60.0,pause,labview_bridge
ARO-01,2026-05-29T00:19:22.343Z,1841,A_linear,healthy,pause,0.911,0.002,24.9,56.9,0.004,60.0,pause,labview_bridge
ARO-01,2026-05-29T00:19:23.343Z,1842,A_linear,healthy,pause,0.913,0.008,24.9,57.3,0.014,60.0,pause,labview_bridge
ARO-01,2026-05-29T00:19:24.344Z,1843,A_linear,healthy,pause,0.930,0.010,24.8,57.3,0.017,60.0,pause,labview_bridge
ARO-01,2026-05-29T00:19:25.344Z,1844,A_linear,healthy,pause,0.945,0.000,24.7,57.1,0.000,60.0,pause,labview_bridge
ARO-01,2026-05-29T00:19:26.345Z,1845,A_linear,healthy,pause,0.935,0.000,24.7,57.3,0.000,60.0,pause,labview_bridge
ARO-01,2026-05-29T00:19:27.346Z,1846,A_linear,healthy,pause,0.955,0.001,24.7,57.2,0.003,60.0,pause,labview_bridge
ARO-01,2026-05-29T00:19:28.354Z,1847,A_linear,healthy,pause,0.978,0.008,24.8,57.1,0.015,60.0,pause,labview_bridge
ARO-01,2026-05-29T00:19:29.355Z,1848,A_linear,healthy,ascent,0.979,0.567,24.8,56.9,1.023,60.0,ascent,labview_bridge
ARO-01,2026-05-29T00:19:30.355Z,1849,A_linear,healthy,ascent,0.985,0.562,24.8,57.0,1.014,60.0,ascent,labview_bridge
ARO-01,2026-05-29T00:19:31.356Z,1850,A_linear,healthy,ascent,1.008,0.567,24.9,57.0,1.024,60.0,ascent,labview_bridge
ARO-01,2026-05-29T00:19:32.357Z,1851,A_linear,healthy,ascent,0.999,0.571,24.9,56.8,1.031,60.0,ascent,labview_bridge
ARO-01,2026-05-29T00:19:33.357Z,1852,A_linear,healthy,ascent,0.997,0.566,25.0,56.6,1.021,60.0,ascent,labview_bridge
ARO-01,2026-05-29T00:19:34.358Z,1853,A_linear,healthy,ascent,0.995,0.569,25.0,56.6,1.026,60.0,ascent,labview_bridge
ARO-01,2026-05-29T00:19:35.359Z,1854,A_linear,healthy,ascent,1.013,0.576,25.0,56.5,1.038,60.0,ascent,labview_bridge
ARO-01,2026-05-29T00:19:36.360Z,1855,A_linear,healthy,ascent,0.998,0.571,25.1,56.7,1.030,60.0,ascent,labview_bridge
ARO-01,2026-05-29T00:19:37.360Z,1856,A_linear,healthy,ascent,1.002,0.577,25.1,56.6,1.041,60.0,ascent,labview_bridge
ARO-01,2026-05-29T00:19:38.361Z,1857,A_linear,healthy,ascent,1.006,0.562,25.1,56.4,1.014,60.0,ascent,labview_bridge
ARO-01,2026-05-29T00:19:39.362Z,1858,A_linear,healthy,ascent,0.990,0.566,25.1,56.2,1.022,60.0,ascent,labview_bridge
ARO-01,2026-05-29T00:19:40.362Z,1859,A_linear,healthy,ascent,0.988,0.571,25.1,56.3,1.029,60.0,ascent,labview_bridge
ARO-01,2026-05-29T00:19:41.363Z,1860,A_linear,healthy,descent,1.007,0.351,25.2,56.1,0.633,60.0,descent,labview_bridge
ARO-01,2026-05-29T00:19:42.364Z,1861,A_linear,healthy,descent,0.976,0.350,25.1,56.0,0.632,60.0,descent,labview_bridge
ARO-01,2026-05-29T00:19:43.364Z,1862,A_linear,healthy,descent,0.971,0.333,25.2,56.0,0.600,60.0,descent,labview_bridge
ARO-01,2026-05-29T00:19:44.365Z,1863,A_linear,healthy,descent,0.973,0.342,25.1,55.9,0.617,60.0,descent,labview_bridge
ARO-01,2026-05-29T00:19:45.366Z,1864,A_linear,healthy,descent,0.952,0.355,25.1,56.3,0.641,60.0,descent,labview_bridge
ARO-01,2026-05-29T00:19:46.367Z,1865,A_linear,healthy,descent,0.948,0.345,25.1,56.0,0.623,60.0,descent,labview_bridge
ARO-01,2026-05-29T00:19:47.367Z,1866,A_linear,healthy,descent,0.955,0.347,25.1,56.0,0.625,60.0,descent,labview_bridge
ARO-01,2026-05-29T00:19:48.371Z,1867,A_linear,healthy,descent,0.944,0.360,25.0,56.0,0.649,60.0,descent,labview_bridge
ARO-01,2026-05-29T00:19:49.372Z,1868,A_linear,healthy,descent,0.920,0.356,25.0,56.2,0.642,60.0,descent,labview_bridge
ARO-01,2026-05-29T00:19:50.373Z,1869,A_linear,healthy,descent,0.939,0.336,25.0,56.2,0.606,60.0,descent,labview_bridge
ARO-01,2026-05-29T00:19:51.373Z,1870,A_linear,healthy,descent,0.924,0.347,25.1,56.2,0.625,60.0,descent,labview_bridge
ARO-01,2026-05-29T00:19:52.374Z,1871,A_linear,healthy,descent,0.929,0.353,25.2,56.0,0.636,60.0,descent,labview_bridge
ARO-01,2026-05-29T00:19:53.374Z,1872,A_linear,healthy,pause,0.906,0.000,25.0,56.5,0.000,60.0,pause,labview_bridge
ARO-01,2026-05-29T00:19:54.375Z,1873,A_linear,healthy,pause,0.874,0.000,24.9,56.5,0.000,60.0,pause,labview_bridge
ARO-01,2026-05-29T00:19:55.376Z,1874,A_linear,healthy,pause,0.895,0.018,24.8,56.8,0.033,60.0,pause,labview_bridge
ARO-01,2026-05-29T00:19:56.377Z,1875,A_linear,healthy,pause,0.878,0.000,24.8,56.7,0.000,60.0,pause,labview_bridge
ARO-01,2026-05-29T00:19:57.377Z,1876,A_linear,healthy,pause,0.868,0.006,24.7,56.6,0.010,60.0,pause,labview_bridge
ARO-01,2026-05-29T00:19:58.378Z,1877,A_linear,healthy,pause,0.871,0.007,24.6,56.5,0.012,60.0,pause,labview_bridge
ARO-01,2026-05-29T00:19:59.378Z,1878,A_linear,healthy,pause,0.883,0.006,24.6,56.5,0.011,60.0,pause,labview_bridge
ARO-01,2026-05-29T00:20:00.379Z,1879,A_linear,healthy,pause,0.899,0.000,24.6,56.5,0.000,60.0,pause,labview_bridge
ARO-01,2026-05-29T00:20:01.387Z,1880,A_linear,healthy,pause,0.868,0.000,24.7,56.8,0.000,60.0,pause,labview_bridge
ARO-01,2026-05-29T00:20:02.388Z,1881,A_linear,healthy,pause,0.875,0.002,24.7,57.0,0.003,60.0,pause,labview_bridge
ARO-01,2026-05-29T00:20:03.389Z,1882,A_linear,healthy,pause,0.905,0.000,24.7,57.0,0.000,60.0,pause,labview_bridge
ARO-01,2026-05-29T00:20:04.389Z,1883,A_linear,healthy,pause,0.924,0.002,24.6,57.0,0.003,60.0,pause,labview_bridge
ARO-01,2026-05-29T00:20:05.390Z,1884,A_linear,healthy,pause,0.921,0.003,24.5,56.9,0.005,60.0,pause,labview_bridge
ARO-01,2026-05-29T00:20:06.390Z,1885,A_linear,healthy,pause,0.929,0.001,24.4,57.1,0.002,60.0,pause,labview_bridge
ARO-01,2026-05-29T00:20:07.391Z,1886,A_linear,healthy,pause,0.927,0.002,24.4,57.1,0.003,60.0,pause,labview_bridge
ARO-01,2026-05-29T00:20:08.392Z,1887,A_linear,healthy,pause,0.943,0.003,24.5,57.0,0.006,60.0,pause,labview_bridge
ARO-01,2026-05-29T00:20:09.393Z,1888,A_linear,healthy,pause,0.934,0.001,24.5,56.9,0.002,60.0,pause,labview_bridge
ARO-01,2026-05-29T00:20:10.393Z,1889,A_linear,healthy,pause,0.938,0.007,24.5,56.6,0.013,60.0,pause,labview_bridge
ARO-01,2026-05-29T00:20:11.393Z,1890,A_linear,healthy,pause,0.951,0.009,24.5,56.5,0.017,60.0,pause,labview_bridge
ARO-01,2026-05-29T00:20:12.394Z,1891,A_linear,healthy,pause,0.959,0.001,24.5,56.4,0.001,60.0,pause,labview_bridge
ARO-01,2026-05-29T00:20:13.394Z,1892,A_linear,healthy,ascent,0.963,0.570,24.7,55.9,1.029,60.0,ascent,labview_bridge
ARO-01,2026-05-29T00:20:14.395Z,1893,A_linear,healthy,ascent,0.994,0.557,24.7,55.9,1.005,60.0,ascent,labview_bridge
ARO-01,2026-05-29T00:20:15.396Z,1894,A_linear,healthy,ascent,0.986,0.563,24.7,55.9,1.016,60.0,ascent,labview_bridge
ARO-01,2026-05-29T00:20:16.404Z,1895,A_linear,healthy,ascent,1.000,0.563,24.7,56.0,1.016,60.0,ascent,labview_bridge
ARO-01,2026-05-29T00:20:17.405Z,1896,A_linear,healthy,ascent,1.018,0.564,24.6,56.3,1.017,60.0,ascent,labview_bridge
ARO-01,2026-05-29T00:20:18.405Z,1897,A_linear,healthy,ascent,1.010,0.582,24.6,56.2,1.051,60.0,ascent,labview_bridge
ARO-01,2026-05-29T00:20:19.405Z,1898,A_linear,healthy,ascent,1.002,0.573,24.6,56.5,1.035,60.0,ascent,labview_bridge
ARO-01,2026-05-29T00:20:20.406Z,1899,A_linear,healthy,ascent,1.025,0.562,24.6,56.4,1.015,60.0,ascent,labview_bridge
ARO-01,2026-05-29T00:20:21.407Z,1900,A_linear,healthy,ascent,0.989,0.574,24.5,56.1,1.035,60.0,ascent,labview_bridge
ARO-01,2026-05-29T00:20:22.407Z,1901,A_linear,healthy,ascent,1.008,0.575,24.5,56.0,1.037,60.0,ascent,labview_bridge
ARO-01,2026-05-29T00:20:23.408Z,1902,A_linear,healthy,ascent,1.011,0.569,24.4,55.8,1.027,60.0,ascent,labview_bridge
ARO-01,2026-05-29T00:20:24.409Z,1903,A_linear,healthy,ascent,0.989,0.561,24.4,55.9,1.013,60.0,ascent,labview_bridge
ARO-01,2026-05-29T00:20:25.409Z,1904,A_linear,healthy,descent,0.985,0.357,24.3,56.2,0.644,60.0,descent,labview_bridge
ARO-01,2026-05-29T00:20:26.410Z,1905,A_linear,healthy,descent,0.980,0.358,24.3,56.2,0.646,60.0,descent,labview_bridge
ARO-01,2026-05-29T00:20:27.411Z,1906,A_linear,healthy,descent,0.983,0.354,24.3,56.2,0.639,60.0,descent,labview_bridge
ARO-01,2026-05-29T00:20:28.412Z,1907,A_linear,healthy,descent,0.973,0.339,24.4,56.1,0.612,60.0,descent,labview_bridge
ARO-01,2026-05-29T00:20:29.413Z,1908,A_linear,healthy,descent,0.989,0.348,24.5,56.1,0.628,60.0,descent,labview_bridge
ARO-01,2026-05-29T00:20:30.414Z,1909,A_linear,healthy,descent,0.959,0.341,24.5,56.0,0.616,60.0,descent,labview_bridge
ARO-01,2026-05-29T00:20:31.415Z,1910,A_linear,healthy,descent,0.964,0.340,24.5,55.7,0.614,60.0,descent,labview_bridge
ARO-01,2026-05-29T00:20:32.416Z,1911,A_linear,healthy,descent,0.927,0.355,24.4,55.7,0.640,60.0,descent,labview_bridge
ARO-01,2026-05-29T00:20:33.416Z,1912,A_linear,healthy,descent,0.921,0.338,24.4,55.9,0.610,60.0,descent,labview_bridge
ARO-01,2026-05-29T00:20:34.417Z,1913,A_linear,healthy,descent,0.920,0.341,24.5,56.1,0.614,60.0,descent,labview_bridge
ARO-01,2026-05-29T00:20:35.418Z,1914,A_linear,healthy,descent,0.927,0.352,24.4,56.7,0.634,60.0,descent,labview_bridge
ARO-01,2026-05-29T00:20:36.419Z,1915,A_linear,healthy,descent,0.926,0.347,24.5,56.6,0.625,60.0,descent,labview_bridge
ARO-01,2026-05-29T00:20:37.419Z,1916,A_linear,healthy,pause,0.898,0.003,24.5,56.7,0.006,60.0,pause,labview_bridge
ARO-01,2026-05-29T00:20:38.420Z,1917,A_linear,healthy,pause,0.892,0.001,24.5,56.9,0.002,60.0,pause,labview_bridge
ARO-01,2026-05-29T00:20:39.421Z,1918,A_linear,healthy,pause,0.877,0.000,24.4,56.9,0.000,60.0,pause,labview_bridge
ARO-01,2026-05-29T00:20:40.421Z,1919,A_linear,healthy,pause,0.880,0.000,24.4,57.1,0.000,60.0,pause,labview_bridge
ARO-01,2026-05-29T00:20:41.422Z,1920,A_linear,healthy,pause,0.913,0.000,24.4,56.7,0.000,60.0,pause,labview_bridge
ARO-01,2026-05-29T00:20:42.423Z,1921,A_linear,healthy,pause,0.884,0.008,24.2,56.6,0.015,60.0,pause,labview_bridge
ARO-01,2026-05-29T00:20:43.423Z,1922,A_linear,healthy,pause,0.862,0.000,24.2,56.7,0.000,60.0,pause,labview_bridge
ARO-01,2026-05-29T00:20:44.424Z,1923,A_linear,healthy,pause,0.914,0.000,24.1,56.4,0.000,60.0,pause,labview_bridge
ARO-01,2026-05-29T00:20:45.425Z,1924,A_linear,healthy,pause,0.886,0.000,24.0,56.4,0.000,60.0,pause,labview_bridge
ARO-01,2026-05-29T00:20:46.426Z,1925,A_linear,healthy,pause,0.898,0.000,24.0,56.3,0.000,60.0,pause,labview_bridge
ARO-01,2026-05-29T00:20:47.427Z,1926,A_linear,healthy,pause,0.909,0.000,24.0,56.3,0.000,60.0,pause,labview_bridge
ARO-01,2026-05-29T00:20:48.427Z,1927,A_linear,healthy,pause,0.899,0.012,23.9,56.5,0.021,60.0,pause,labview_bridge
ARO-01,2026-05-29T00:20:49.428Z,1928,A_linear,healthy,pause,0.917,0.005,24.0,56.2,0.009,60.0,pause,labview_bridge
ARO-01,2026-05-29T00:20:50.429Z,1929,A_linear,healthy,pause,0.926,0.002,23.9,56.2,0.003,60.0,pause,labview_bridge
ARO-01,2026-05-29T00:20:51.430Z,1930,A_linear,healthy,pause,0.903,0.007,23.9,56.1,0.012,60.0,pause,labview_bridge
ARO-01,2026-05-29T00:20:52.430Z,1931,A_linear,healthy,pause,0.912,0.001,23.9,55.8,0.001,60.0,pause,labview_bridge
ARO-01,2026-05-29T00:20:53.431Z,1932,A_linear,healthy,pause,0.944,0.000,23.8,55.9,0.000,60.0,pause,labview_bridge
ARO-01,2026-05-29T00:20:54.432Z,1933,A_linear,healthy,pause,0.955,0.005,23.9,56.0,0.009,60.0,pause,labview_bridge
ARO-01,2026-05-29T00:20:55.432Z,1934,A_linear,healthy,pause,0.965,0.000,23.9,55.9,0.000,60.0,pause,labview_bridge
ARO-01,2026-05-29T00:20:56.433Z,1935,A_linear,healthy,pause,0.981,0.004,23.8,55.7,0.007,60.0,pause,labview_bridge
ARO-01,2026-05-29T00:20:57.434Z,1936,A_linear,healthy,ascent,0.971,0.705,23.9,55.7,1.271,90.0,ascent,labview_bridge
ARO-01,2026-05-29T00:20:58.434Z,1937,A_linear,healthy,ascent,1.001,0.690,24.0,56.1,1.245,90.0,ascent,labview_bridge
ARO-01,2026-05-29T00:20:59.435Z,1938,A_linear,healthy,ascent,0.981,0.691,24.1,56.0,1.247,90.0,ascent,labview_bridge
ARO-01,2026-05-29T00:21:00.436Z,1939,A_linear,healthy,ascent,0.998,0.694,24.2,55.6,1.252,90.0,ascent,labview_bridge
ARO-01,2026-05-29T00:21:01.437Z,1940,A_linear,healthy,ascent,1.004,0.688,24.2,55.3,1.241,90.0,ascent,labview_bridge
ARO-01,2026-05-29T00:21:02.437Z,1941,A_linear,healthy,ascent,1.013,0.687,24.2,55.4,1.239,90.0,ascent,labview_bridge
ARO-01,2026-05-29T00:21:03.438Z,1942,A_linear,healthy,ascent,1.009,0.690,24.1,55.6,1.246,90.0,ascent,labview_bridge
ARO-01,2026-05-29T00:21:04.438Z,1943,A_linear,healthy,ascent,1.006,0.688,24.2,55.5,1.241,90.0,ascent,labview_bridge
ARO-01,2026-05-29T00:21:05.439Z,1944,A_linear,healthy,ascent,0.993,0.697,24.2,55.7,1.258,90.0,ascent,labview_bridge
ARO-01,2026-05-29T00:21:06.439Z,1945,A_linear,healthy,ascent,1.008,0.682,24.3,55.7,1.230,90.0,ascent,labview_bridge
ARO-01,2026-05-29T00:21:07.440Z,1946,A_linear,healthy,ascent,0.986,0.695,24.3,55.4,1.253,90.0,ascent,labview_bridge
ARO-01,2026-05-29T00:21:08.441Z,1947,A_linear,healthy,ascent,0.988,0.689,24.3,55.7,1.243,90.0,ascent,labview_bridge
ARO-01,2026-05-29T00:21:09.441Z,1948,A_linear,healthy,descent,0.988,0.360,24.4,56.0,0.649,90.0,descent,labview_bridge
ARO-01,2026-05-29T00:21:10.442Z,1949,A_linear,healthy,descent,0.992,0.357,24.4,55.6,0.645,90.0,descent,labview_bridge
ARO-01,2026-05-29T00:21:11.443Z,1950,A_linear,healthy,descent,0.981,0.345,24.4,55.4,0.623,90.0,descent,labview_bridge
ARO-01,2026-05-29T00:21:12.443Z,1951,A_linear,healthy,descent,0.966,0.347,24.4,55.2,0.626,90.0,descent,labview_bridge
ARO-01,2026-05-29T00:21:13.444Z,1952,A_linear,healthy,descent,0.960,0.350,24.4,55.0,0.631,90.0,descent,labview_bridge
ARO-01,2026-05-29T00:21:14.445Z,1953,A_linear,healthy,descent,0.960,0.355,24.4,55.2,0.640,90.0,descent,labview_bridge
ARO-01,2026-05-29T00:21:15.445Z,1954,A_linear,healthy,descent,0.962,0.344,24.4,55.7,0.621,90.0,descent,labview_bridge
ARO-01,2026-05-29T00:21:16.446Z,1955,A_linear,healthy,descent,0.929,0.358,24.4,55.8,0.646,90.0,descent,labview_bridge
ARO-01,2026-05-29T00:21:17.446Z,1956,A_linear,healthy,descent,0.945,0.353,24.4,55.4,0.638,90.0,descent,labview_bridge
ARO-01,2026-05-29T00:21:18.447Z,1957,A_linear,healthy,descent,0.902,0.340,24.4,55.3,0.613,90.0,descent,labview_bridge
ARO-01,2026-05-29T00:21:19.451Z,1958,A_linear,healthy,descent,0.936,0.342,24.3,55.2,0.616,90.0,descent,labview_bridge
ARO-01,2026-05-29T00:21:20.452Z,1959,A_linear,healthy,descent,0.919,0.350,24.3,55.4,0.632,90.0,descent,labview_bridge
ARO-01,2026-05-29T00:21:21.452Z,1960,A_linear,healthy,pause,0.916,0.000,24.2,55.3,0.000,90.0,pause,labview_bridge
ARO-01,2026-05-29T00:21:22.453Z,1961,A_linear,healthy,pause,0.905,0.000,24.1,55.2,0.000,90.0,pause,labview_bridge
ARO-01,2026-05-29T00:21:23.454Z,1962,A_linear,healthy,pause,0.905,0.000,24.0,55.3,0.001,90.0,pause,labview_bridge
ARO-01,2026-05-29T00:21:24.454Z,1963,A_linear,healthy,pause,0.889,0.011,24.0,55.3,0.019,90.0,pause,labview_bridge
ARO-01,2026-05-29T00:21:25.455Z,1964,A_linear,healthy,pause,0.903,0.007,24.0,55.1,0.012,90.0,pause,labview_bridge
ARO-01,2026-05-29T00:21:26.456Z,1965,A_linear,healthy,pause,0.871,0.015,24.0,55.3,0.027,90.0,pause,labview_bridge
ARO-01,2026-05-29T00:21:27.456Z,1966,A_linear,healthy,pause,0.906,0.000,23.9,55.3,0.000,90.0,pause,labview_bridge
ARO-01,2026-05-29T00:21:28.457Z,1967,A_linear,healthy,pause,0.895,0.009,23.7,55.6,0.016,90.0,pause,labview_bridge
ARO-01,2026-05-29T00:21:29.458Z,1968,A_linear,healthy,pause,0.881,0.005,23.7,55.5,0.010,90.0,pause,labview_bridge
ARO-01,2026-05-29T00:21:30.459Z,1969,A_linear,healthy,pause,0.897,0.000,23.7,55.2,0.000,90.0,pause,labview_bridge
ARO-01,2026-05-29T00:21:31.460Z,1970,A_linear,healthy,pause,0.900,0.000,23.6,55.4,0.000,90.0,pause,labview_bridge
ARO-01,2026-05-29T00:21:32.461Z,1971,A_linear,healthy,pause,0.898,0.000,23.5,55.3,0.000,90.0,pause,labview_bridge
ARO-01,2026-05-29T00:21:33.469Z,1972,A_linear,healthy,pause,0.930,0.000,23.5,55.4,0.000,90.0,pause,labview_bridge
ARO-01,2026-05-29T00:21:34.470Z,1973,A_linear,healthy,pause,0.916,0.004,23.5,55.6,0.008,90.0,pause,labview_bridge
ARO-01,2026-05-29T00:21:35.471Z,1974,A_linear,healthy,pause,0.932,0.000,23.5,55.6,0.000,90.0,pause,labview_bridge
ARO-01,2026-05-29T00:21:36.471Z,1975,A_linear,healthy,pause,0.925,0.000,23.5,55.8,0.000,90.0,pause,labview_bridge
ARO-01,2026-05-29T00:21:37.472Z,1976,A_linear,healthy,pause,0.943,0.013,23.4,55.9,0.024,90.0,pause,labview_bridge
ARO-01,2026-05-29T00:21:38.472Z,1977,A_linear,healthy,pause,0.950,0.003,23.4,55.8,0.006,90.0,pause,labview_bridge
ARO-01,2026-05-29T00:21:39.473Z,1978,A_linear,healthy,pause,0.958,0.001,23.4,55.8,0.003,90.0,pause,labview_bridge
ARO-01,2026-05-29T00:21:40.474Z,1979,A_linear,healthy,pause,0.979,0.000,23.4,55.8,0.000,90.0,pause,labview_bridge
ARO-01,2026-05-29T00:21:41.475Z,1980,A_linear,healthy,ascent,0.981,0.689,23.6,55.6,1.244,90.0,ascent,labview_bridge
ARO-01,2026-05-29T00:21:42.476Z,1981,A_linear,healthy,ascent,1.000,0.701,23.7,55.5,1.265,90.0,ascent,labview_bridge
ARO-01,2026-05-29T00:21:43.476Z,1982,A_linear,healthy,ascent,0.994,0.687,23.8,55.5,1.240,90.0,ascent,labview_bridge
ARO-01,2026-05-29T00:21:44.477Z,1983,A_linear,healthy,ascent,0.969,0.691,23.8,55.7,1.246,90.0,ascent,labview_bridge
ARO-01,2026-05-29T00:21:45.478Z,1984,A_linear,healthy,ascent,1.001,0.697,23.8,55.5,1.257,90.0,ascent,labview_bridge
ARO-01,2026-05-29T00:21:46.479Z,1985,A_linear,healthy,ascent,0.996,0.693,23.9,55.5,1.250,90.0,ascent,labview_bridge
ARO-01,2026-05-29T00:21:47.480Z,1986,A_linear,healthy,ascent,1.004,0.702,24.0,55.6,1.266,90.0,ascent,labview_bridge
ARO-01,2026-05-29T00:21:48.481Z,1987,A_linear,healthy,ascent,1.022,0.702,23.9,55.7,1.266,90.0,ascent,labview_bridge
ARO-01,2026-05-29T00:21:49.481Z,1988,A_linear,healthy,ascent,1.011,0.709,23.8,55.6,1.278,90.0,ascent,labview_bridge
ARO-01,2026-05-29T00:21:50.482Z,1989,A_linear,healthy,ascent,0.999,0.699,23.9,55.7,1.261,90.0,ascent,labview_bridge
ARO-01,2026-05-29T00:21:51.486Z,1990,A_linear,healthy,ascent,1.027,0.698,23.9,56.1,1.259,90.0,ascent,labview_bridge
ARO-01,2026-05-29T00:21:52.486Z,1991,A_linear,healthy,ascent,1.008,0.703,23.8,56.1,1.269,90.0,ascent,labview_bridge
ARO-01,2026-05-29T00:21:53.487Z,1992,A_linear,healthy,descent,0.989,0.355,23.8,55.9,0.641,90.0,descent,labview_bridge
ARO-01,2026-05-29T00:21:54.487Z,1993,A_linear,healthy,descent,0.984,0.358,23.8,55.8,0.646,90.0,descent,labview_bridge
ARO-01,2026-05-29T00:21:55.488Z,1994,A_linear,healthy,descent,1.006,0.358,23.8,55.6,0.647,90.0,descent,labview_bridge
ARO-01,2026-05-29T00:21:56.489Z,1995,A_linear,healthy,descent,0.967,0.354,23.9,55.4,0.639,90.0,descent,labview_bridge
ARO-01,2026-05-29T00:21:57.489Z,1996,A_linear,healthy,descent,0.961,0.357,23.8,55.6,0.644,90.0,descent,labview_bridge
ARO-01,2026-05-29T00:21:58.490Z,1997,A_linear,healthy,descent,0.958,0.348,23.7,55.5,0.627,90.0,descent,labview_bridge
ARO-01,2026-05-29T00:21:59.491Z,1998,A_linear,healthy,descent,0.971,0.348,23.7,55.5,0.628,90.0,descent,labview_bridge
ARO-01,2026-05-29T00:22:00.491Z,1999,A_linear,healthy,descent,0.946,0.347,23.6,55.6,0.627,90.0,descent,labview_bridge
ARO-01,2026-05-29T00:22:01.492Z,2000,A_linear,healthy,descent,0.931,0.352,23.7,55.6,0.635,90.0,descent,labview_bridge
ARO-01,2026-05-29T00:22:02.492Z,2001,A_linear,healthy,descent,0.918,0.359,23.6,55.4,0.648,90.0,descent,labview_bridge
ARO-01,2026-05-29T00:22:03.493Z,2002,A_linear,healthy,descent,0.921,0.365,23.7,55.2,0.659,90.0,descent,labview_bridge
ARO-01,2026-05-29T00:22:04.494Z,2003,A_linear,healthy,descent,0.929,0.355,23.7,55.4,0.641,90.0,descent,labview_bridge
ARO-01,2026-05-29T00:22:05.495Z,2004,A_linear,healthy,pause,0.898,0.004,23.6,55.4,0.007,90.0,pause,labview_bridge
ARO-01,2026-05-29T00:22:06.496Z,2005,A_linear,healthy,pause,0.899,0.000,23.6,55.7,0.000,90.0,pause,labview_bridge
ARO-01,2026-05-29T00:22:07.497Z,2006,A_linear,healthy,pause,0.877,0.003,23.6,55.8,0.005,90.0,pause,labview_bridge
ARO-01,2026-05-29T00:22:08.497Z,2007,A_linear,healthy,pause,0.869,0.007,23.6,55.9,0.012,90.0,pause,labview_bridge
ARO-01,2026-05-29T00:22:09.498Z,2008,A_linear,healthy,pause,0.898,0.000,23.5,55.6,0.000,90.0,pause,labview_bridge
ARO-01,2026-05-29T00:22:10.499Z,2009,A_linear,healthy,pause,0.883,0.000,23.5,55.6,0.000,90.0,pause,labview_bridge
ARO-01,2026-05-29T00:22:11.499Z,2010,A_linear,healthy,pause,0.908,0.000,23.4,55.6,0.000,90.0,pause,labview_bridge
ARO-01,2026-05-29T00:22:12.500Z,2011,A_linear,healthy,pause,0.883,0.013,23.4,55.6,0.023,90.0,pause,labview_bridge
ARO-01,2026-05-29T00:22:13.501Z,2012,A_linear,healthy,pause,0.892,0.006,23.3,55.5,0.010,90.0,pause,labview_bridge
ARO-01,2026-05-29T00:22:14.502Z,2013,A_linear,healthy,pause,0.898,0.002,23.2,55.4,0.004,90.0,pause,labview_bridge
ARO-01,2026-05-29T00:22:15.502Z,2014,A_linear,healthy,pause,0.923,0.010,23.1,55.3,0.019,90.0,pause,labview_bridge
ARO-01,2026-05-29T00:22:16.503Z,2015,A_linear,healthy,pause,0.909,0.010,23.0,55.6,0.018,90.0,pause,labview_bridge
ARO-01,2026-05-29T00:22:17.503Z,2016,A_linear,healthy,pause,0.918,0.000,22.9,55.5,0.000,90.0,pause,labview_bridge
ARO-01,2026-05-29T00:22:18.504Z,2017,A_linear,healthy,pause,0.913,0.002,22.9,55.5,0.004,90.0,pause,labview_bridge
ARO-01,2026-05-29T00:22:19.505Z,2018,A_linear,healthy,pause,0.924,0.000,22.8,55.4,0.000,90.0,pause,labview_bridge
ARO-01,2026-05-29T00:22:20.505Z,2019,A_linear,healthy,pause,0.935,0.004,22.8,55.8,0.007,90.0,pause,labview_bridge
ARO-01,2026-05-29T00:22:21.506Z,2020,A_linear,healthy,pause,0.943,0.000,22.8,55.7,0.000,90.0,pause,labview_bridge
ARO-01,2026-05-29T00:22:22.507Z,2021,A_linear,healthy,pause,0.946,0.008,22.8,55.2,0.014,90.0,pause,labview_bridge
ARO-01,2026-05-29T00:22:23.507Z,2022,A_linear,healthy,pause,0.974,0.004,22.8,55.3,0.008,90.0,pause,labview_bridge
ARO-01,2026-05-29T00:22:24.508Z,2023,A_linear,healthy,pause,0.978,0.001,22.7,55.7,0.001,90.0,pause,labview_bridge
ARO-01,2026-05-29T00:22:25.509Z,2024,A_linear,healthy,ascent,0.964,0.699,22.6,55.8,1.260,90.0,ascent,labview_bridge
ARO-01,2026-05-29T00:22:26.509Z,2025,A_linear,healthy,ascent,1.012,0.693,22.8,55.6,1.251,90.0,ascent,labview_bridge
ARO-01,2026-05-29T00:22:27.510Z,2026,A_linear,healthy,ascent,1.017,0.697,22.8,55.8,1.258,90.0,ascent,labview_bridge
ARO-01,2026-05-29T00:22:28.511Z,2027,A_linear,healthy,ascent,0.995,0.698,22.9,55.7,1.259,90.0,ascent,labview_bridge
ARO-01,2026-05-29T00:22:29.512Z,2028,A_linear,healthy,ascent,1.020,0.694,23.0,55.5,1.252,90.0,ascent,labview_bridge
ARO-01,2026-05-29T00:22:30.512Z,2029,A_linear,healthy,ascent,0.995,0.691,23.0,55.3,1.247,90.0,ascent,labview_bridge
ARO-01,2026-05-29T00:22:31.518Z,2030,A_linear,healthy,ascent,1.016,0.683,23.1,55.3,1.233,90.0,ascent,labview_bridge
ARO-01,2026-05-29T00:22:32.518Z,2031,A_linear,healthy,ascent,1.015,0.681,23.2,55.3,1.228,90.0,ascent,labview_bridge
ARO-01,2026-05-29T00:22:33.519Z,2032,A_linear,healthy,ascent,1.020,0.682,23.1,55.0,1.231,90.0,ascent,labview_bridge
ARO-01,2026-05-29T00:22:34.520Z,2033,A_linear,healthy,ascent,1.008,0.693,23.3,55.0,1.251,90.0,ascent,labview_bridge
ARO-01,2026-05-29T00:22:35.520Z,2034,A_linear,healthy,ascent,1.011,0.702,23.3,55.0,1.266,90.0,ascent,labview_bridge
ARO-01,2026-05-29T00:22:36.521Z,2035,A_linear,healthy,ascent,1.007,0.697,23.3,55.2,1.257,90.0,ascent,labview_bridge
ARO-01,2026-05-29T00:22:37.522Z,2036,A_linear,healthy,descent,0.977,0.368,23.3,55.5,0.665,90.0,descent,labview_bridge
ARO-01,2026-05-29T00:22:38.522Z,2037,A_linear,healthy,descent,0.993,0.343,23.4,55.3,0.620,90.0,descent,labview_bridge
ARO-01,2026-05-29T00:22:39.523Z,2038,A_linear,healthy,descent,0.989,0.347,23.4,55.4,0.625,90.0,descent,labview_bridge
ARO-01,2026-05-29T00:22:40.524Z,2039,A_linear,healthy,descent,0.987,0.342,23.4,55.5,0.617,90.0,descent,labview_bridge
ARO-01,2026-05-29T00:22:41.524Z,2040,A_linear,healthy,descent,0.969,0.363,23.5,55.4,0.655,90.0,descent,labview_bridge
ARO-01,2026-05-29T00:22:42.525Z,2041,A_linear,healthy,descent,0.979,0.350,23.6,55.3,0.632,90.0,descent,labview_bridge
ARO-01,2026-05-29T00:22:43.525Z,2042,A_linear,healthy,descent,0.950,0.352,23.6,55.5,0.635,90.0,descent,labview_bridge
ARO-01,2026-05-29T00:22:44.526Z,2043,A_linear,healthy,descent,0.938,0.347,23.5,55.5,0.625,90.0,descent,labview_bridge
ARO-01,2026-05-29T00:22:45.527Z,2044,A_linear,healthy,descent,0.927,0.349,23.6,55.4,0.630,90.0,descent,labview_bridge
ARO-01,2026-05-29T00:22:46.535Z,2045,A_linear,healthy,descent,0.912,0.343,23.6,55.5,0.618,90.0,descent,labview_bridge
ARO-01,2026-05-29T00:22:47.536Z,2046,A_linear,healthy,descent,0.927,0.353,23.5,55.5,0.636,90.0,descent,labview_bridge
ARO-01,2026-05-29T00:22:48.536Z,2047,A_linear,healthy,descent,0.913,0.347,23.4,55.5,0.626,90.0,descent,labview_bridge
ARO-01,2026-05-29T00:22:49.537Z,2048,A_linear,healthy,pause,0.905,0.004,23.3,55.3,0.008,90.0,pause,labview_bridge
ARO-01,2026-05-29T00:22:50.541Z,2049,A_linear,healthy,pause,0.905,0.000,23.2,55.3,0.000,90.0,pause,labview_bridge
ARO-01,2026-05-29T00:22:51.542Z,2050,A_linear,healthy,pause,0.914,0.006,23.2,55.2,0.012,90.0,pause,labview_bridge
ARO-01,2026-05-29T00:22:52.542Z,2051,A_linear,healthy,pause,0.890,0.000,23.1,55.3,0.000,90.0,pause,labview_bridge
ARO-01,2026-05-29T00:22:53.543Z,2052,A_linear,healthy,pause,0.893,0.003,23.1,55.1,0.006,90.0,pause,labview_bridge
ARO-01,2026-05-29T00:22:54.544Z,2053,A_linear,healthy,pause,0.883,0.000,22.9,55.3,0.000,90.0,pause,labview_bridge
ARO-01,2026-05-29T00:22:55.544Z,2054,A_linear,healthy,pause,0.883,0.000,22.9,55.5,0.000,90.0,pause,labview_bridge
ARO-01,2026-05-29T00:22:56.545Z,2055,A_linear,healthy,pause,0.876,0.000,22.8,55.5,0.000,90.0,pause,labview_bridge
ARO-01,2026-05-29T00:22:57.546Z,2056,A_linear,healthy,pause,0.888,0.016,22.9,55.7,0.028,90.0,pause,labview_bridge
ARO-01,2026-05-29T00:22:58.547Z,2057,A_linear,healthy,pause,0.895,0.000,22.8,55.3,0.001,90.0,pause,labview_bridge
ARO-01,2026-05-29T00:22:59.548Z,2058,A_linear,healthy,pause,0.900,0.003,22.8,55.1,0.005,90.0,pause,labview_bridge
ARO-01,2026-05-29T00:23:00.548Z,2059,A_linear,healthy,pause,0.903,0.000,22.7,55.1,0.000,90.0,pause,labview_bridge
ARO-01,2026-05-29T00:23:01.549Z,2060,A_linear,healthy,pause,0.895,0.000,22.7,55.0,0.000,90.0,pause,labview_bridge
ARO-01,2026-05-29T00:23:02.549Z,2061,A_linear,healthy,pause,0.914,0.001,22.8,55.0,0.002,90.0,pause,labview_bridge
ARO-01,2026-05-29T00:23:03.550Z,2062,A_linear,healthy,pause,0.940,0.003,22.8,55.0,0.005,90.0,pause,labview_bridge
ARO-01,2026-05-29T00:23:04.551Z,2063,A_linear,healthy,pause,0.937,0.000,22.7,55.2,0.000,90.0,pause,labview_bridge
ARO-01,2026-05-29T00:23:05.551Z,2064,A_linear,healthy,pause,0.962,0.003,22.5,55.3,0.006,90.0,pause,labview_bridge
ARO-01,2026-05-29T00:23:06.552Z,2065,A_linear,healthy,pause,0.946,0.001,22.5,55.3,0.002,90.0,pause,labview_bridge
ARO-01,2026-05-29T00:23:07.553Z,2066,A_linear,healthy,pause,0.984,0.000,22.5,55.3,0.000,90.0,pause,labview_bridge
ARO-01,2026-05-29T00:23:08.553Z,2067,A_linear,healthy,pause,1.004,0.000,22.5,55.3,0.000,90.0,pause,labview_bridge
ARO-01,2026-05-29T00:23:09.554Z,2068,A_linear,healthy,ascent,0.972,0.680,22.6,55.1,1.227,90.0,ascent,labview_bridge
ARO-01,2026-05-29T00:23:10.555Z,2069,A_linear,healthy,ascent,0.991,0.700,22.7,55.3,1.262,90.0,ascent,labview_bridge
ARO-01,2026-05-29T00:23:11.556Z,2070,A_linear,healthy,ascent,0.991,0.705,22.8,55.3,1.271,90.0,ascent,labview_bridge
ARO-01,2026-05-29T00:23:12.557Z,2071,A_linear,healthy,ascent,1.000,0.701,22.8,55.2,1.264,90.0,ascent,labview_bridge
ARO-01,2026-05-29T00:23:13.558Z,2072,A_linear,healthy,ascent,1.012,0.685,22.9,55.4,1.236,90.0,ascent,labview_bridge
ARO-01,2026-05-29T00:23:14.558Z,2073,A_linear,healthy,ascent,1.014,0.700,23.0,55.2,1.264,90.0,ascent,labview_bridge
ARO-01,2026-05-29T00:23:15.559Z,2074,A_linear,healthy,ascent,0.986,0.718,23.0,55.0,1.296,90.0,ascent,labview_bridge
ARO-01,2026-05-29T00:23:16.560Z,2075,A_linear,healthy,ascent,0.998,0.697,23.1,55.0,1.257,90.0,ascent,labview_bridge
ARO-01,2026-05-29T00:23:17.561Z,2076,A_linear,healthy,ascent,1.015,0.697,23.1,55.0,1.258,90.0,ascent,labview_bridge
ARO-01,2026-05-29T00:23:18.562Z,2077,A_linear,healthy,ascent,0.999,0.682,23.2,55.0,1.231,90.0,ascent,labview_bridge
ARO-01,2026-05-29T00:23:19.562Z,2078,A_linear,healthy,ascent,1.008,0.697,23.3,55.2,1.257,90.0,ascent,labview_bridge
ARO-01,2026-05-29T00:23:20.563Z,2079,A_linear,healthy,ascent,0.999,0.698,23.4,55.2,1.260,90.0,ascent,labview_bridge
ARO-01,2026-05-29T00:23:21.564Z,2080,A_linear,healthy,descent,1.033,0.353,23.3,55.5,0.637,90.0,descent,labview_bridge
ARO-01,2026-05-29T00:23:22.564Z,2081,A_linear,healthy,descent,1.017,0.349,23.2,55.4,0.630,90.0,descent,labview_bridge
ARO-01,2026-05-29T00:23:23.565Z,2082,A_linear,healthy,descent,0.988,0.356,23.1,55.3,0.642,90.0,descent,labview_bridge
ARO-01,2026-05-29T00:23:24.566Z,2083,A_linear,healthy,descent,0.967,0.347,23.1,55.4,0.625,90.0,descent,labview_bridge
ARO-01,2026-05-29T00:23:25.567Z,2084,A_linear,healthy,descent,0.973,0.356,22.9,55.8,0.642,90.0,descent,labview_bridge
ARO-01,2026-05-29T00:23:26.567Z,2085,A_linear,healthy,descent,0.958,0.347,22.8,55.4,0.625,90.0,descent,labview_bridge
ARO-01,2026-05-29T00:23:27.568Z,2086,A_linear,healthy,descent,0.986,0.363,22.9,55.3,0.655,90.0,descent,labview_bridge
ARO-01,2026-05-29T00:23:28.569Z,2087,A_linear,healthy,descent,0.955,0.341,22.8,55.2,0.616,90.0,descent,labview_bridge
ARO-01,2026-05-29T00:23:29.569Z,2088,A_linear,healthy,descent,0.958,0.356,22.8,55.0,0.642,90.0,descent,labview_bridge
ARO-01,2026-05-29T00:23:30.570Z,2089,A_linear,healthy,descent,0.928,0.349,22.8,55.0,0.629,90.0,descent,labview_bridge
ARO-01,2026-05-29T00:23:31.571Z,2090,A_linear,healthy,descent,0.920,0.350,22.9,55.0,0.631,90.0,descent,labview_bridge
ARO-01,2026-05-29T00:23:32.572Z,2091,A_linear,healthy,descent,0.918,0.349,22.9,55.0,0.630,90.0,descent,labview_bridge
ARO-01,2026-05-29T00:23:33.573Z,2092,A_linear,healthy,pause,0.902,0.000,22.8,55.0,0.000,90.0,pause,labview_bridge
ARO-01,2026-05-29T00:23:34.573Z,2093,A_linear,healthy,pause,0.901,0.000,22.9,55.0,0.000,90.0,pause,labview_bridge
ARO-01,2026-05-29T00:23:35.574Z,2094,A_linear,healthy,pause,0.891,0.000,22.9,55.0,0.000,90.0,pause,labview_bridge
ARO-01,2026-05-29T00:23:36.575Z,2095,A_linear,healthy,pause,0.908,0.000,22.9,55.0,0.000,90.0,pause,labview_bridge
ARO-01,2026-05-29T00:23:37.576Z,2096,A_linear,healthy,pause,0.880,0.000,22.7,55.0,0.000,90.0,pause,labview_bridge
ARO-01,2026-05-29T00:23:38.576Z,2097,A_linear,healthy,pause,0.906,0.006,22.6,55.0,0.012,90.0,pause,labview_bridge
ARO-01,2026-05-29T00:23:39.577Z,2098,A_linear,healthy,pause,0.898,0.000,22.5,55.0,0.000,90.0,pause,labview_bridge
ARO-01,2026-05-29T00:23:40.577Z,2099,A_linear,healthy,pause,0.906,0.002,22.6,55.0,0.004,90.0,pause,labview_bridge
ARO-01,2026-05-29T00:23:41.578Z,2100,A_linear,healthy,pause,0.905,0.000,22.6,55.4,0.000,90.0,pause,labview_bridge
ARO-01,2026-05-29T00:23:42.578Z,2101,A_linear,healthy,pause,0.898,0.002,22.6,55.3,0.003,90.0,pause,labview_bridge
ARO-01,2026-05-29T00:23:43.579Z,2102,A_linear,healthy,pause,0.921,0.010,22.5,55.3,0.017,90.0,pause,labview_bridge
ARO-01,2026-05-29T00:23:44.579Z,2103,A_linear,healthy,pause,0.919,0.000,22.5,55.4,0.000,90.0,pause,labview_bridge
ARO-01,2026-05-29T00:23:45.580Z,2104,A_linear,healthy,pause,0.915,0.000,22.3,55.0,0.000,90.0,pause,labview_bridge
ARO-01,2026-05-29T00:23:46.581Z,2105,A_linear,healthy,pause,0.916,0.004,22.2,55.0,0.008,90.0,pause,labview_bridge
ARO-01,2026-05-29T00:23:47.582Z,2106,A_linear,healthy,pause,0.937,0.001,22.2,55.0,0.002,90.0,pause,labview_bridge
ARO-01,2026-05-29T00:23:48.583Z,2107,A_linear,healthy,pause,0.937,0.000,22.1,55.0,0.000,90.0,pause,labview_bridge
ARO-01,2026-05-29T00:23:49.584Z,2108,A_linear,healthy,pause,0.939,0.004,22.2,55.0,0.008,90.0,pause,labview_bridge
ARO-01,2026-05-29T00:23:50.584Z,2109,A_linear,healthy,pause,0.951,0.003,22.1,55.0,0.005,90.0,pause,labview_bridge
ARO-01,2026-05-29T00:23:51.585Z,2110,A_linear,healthy,pause,0.970,0.004,22.0,55.2,0.008,90.0,pause,labview_bridge
ARO-01,2026-05-29T00:23:52.585Z,2111,A_linear,healthy,pause,0.976,0.000,22.1,55.0,0.000,90.0,pause,labview_bridge
ARO-01,2026-05-29T00:23:53.586Z,2112,A_linear,healthy,ascent,1.001,0.690,22.1,55.0,1.246,90.0,ascent,labview_bridge
ARO-01,2026-05-29T00:23:54.586Z,2113,A_linear,healthy,ascent,1.011,0.693,22.1,55.2,1.250,90.0,ascent,labview_bridge
ARO-01,2026-05-29T00:23:55.587Z,2114,A_linear,healthy,ascent,0.990,0.692,22.2,55.0,1.248,90.0,ascent,labview_bridge
ARO-01,2026-05-29T00:23:56.588Z,2115,A_linear,healthy,ascent,1.020,0.695,22.3,55.2,1.254,90.0,ascent,labview_bridge
ARO-01,2026-05-29T00:23:57.589Z,2116,A_linear,healthy,ascent,1.008,0.698,22.3,55.3,1.260,90.0,ascent,labview_bridge
ARO-01,2026-05-29T00:23:58.590Z,2117,A_linear,healthy,ascent,1.020,0.688,22.2,55.1,1.241,90.0,ascent,labview_bridge
ARO-01,2026-05-29T00:23:59.591Z,2118,A_linear,healthy,ascent,1.008,0.707,22.3,55.0,1.276,90.0,ascent,labview_bridge
ARO-01,2026-05-29T00:24:00.591Z,2119,A_linear,healthy,ascent,1.000,0.694,22.4,55.0,1.252,90.0,ascent,labview_bridge
ARO-01,2026-05-29T00:24:01.592Z,2120,A_linear,healthy,ascent,1.005,0.689,22.4,55.2,1.242,90.0,ascent,labview_bridge
ARO-01,2026-05-29T00:24:02.593Z,2121,A_linear,healthy,ascent,1.016,0.701,22.4,55.0,1.264,90.0,ascent,labview_bridge
ARO-01,2026-05-29T00:24:03.594Z,2122,A_linear,healthy,ascent,0.991,0.684,22.4,55.0,1.233,90.0,ascent,labview_bridge
ARO-01,2026-05-29T00:24:04.594Z,2123,A_linear,healthy,ascent,1.002,0.684,22.4,55.1,1.234,90.0,ascent,labview_bridge
ARO-01,2026-05-29T00:24:05.595Z,2124,A_linear,healthy,descent,0.982,0.347,22.5,55.0,0.626,90.0,descent,labview_bridge
ARO-01,2026-05-29T00:24:06.596Z,2125,A_linear,healthy,descent,1.012,0.343,22.4,55.0,0.619,90.0,descent,labview_bridge
ARO-01,2026-05-29T00:24:07.597Z,2126,A_linear,healthy,descent,0.986,0.337,22.4,55.0,0.609,90.0,descent,labview_bridge
ARO-01,2026-05-29T00:24:08.598Z,2127,A_linear,healthy,descent,0.989,0.345,22.4,55.0,0.622,90.0,descent,labview_bridge
ARO-01,2026-05-29T00:24:09.599Z,2128,A_linear,healthy,descent,0.980,0.337,22.3,55.0,0.608,90.0,descent,labview_bridge
ARO-01,2026-05-29T00:24:10.600Z,2129,A_linear,healthy,descent,0.962,0.352,22.4,55.0,0.635,90.0,descent,labview_bridge
ARO-01,2026-05-29T00:24:11.601Z,2130,A_linear,healthy,descent,0.955,0.342,22.3,55.0,0.617,90.0,descent,labview_bridge
ARO-01,2026-05-29T00:24:12.602Z,2131,A_linear,healthy,descent,0.952,0.368,22.4,55.2,0.664,90.0,descent,labview_bridge
ARO-01,2026-05-29T00:24:13.602Z,2132,A_linear,healthy,descent,0.942,0.342,22.4,55.1,0.618,90.0,descent,labview_bridge
ARO-01,2026-05-29T00:24:14.603Z,2133,A_linear,healthy,descent,0.957,0.344,22.4,55.0,0.620,90.0,descent,labview_bridge
ARO-01,2026-05-29T00:24:15.603Z,2134,A_linear,healthy,descent,0.917,0.351,22.5,55.0,0.633,90.0,descent,labview_bridge
ARO-01,2026-05-29T00:24:16.604Z,2135,A_linear,healthy,descent,0.914,0.361,22.4,55.0,0.652,90.0,descent,labview_bridge
ARO-01,2026-05-29T00:24:17.605Z,2136,A_linear,healthy,pause,0.919,0.008,22.3,55.0,0.014,90.0,pause,labview_bridge
ARO-01,2026-05-29T00:24:18.606Z,2137,A_linear,healthy,pause,0.900,0.009,22.2,55.0,0.016,90.0,pause,labview_bridge
ARO-01,2026-05-29T00:24:19.607Z,2138,A_linear,healthy,pause,0.897,0.000,22.1,55.1,0.000,90.0,pause,labview_bridge
ARO-01,2026-05-29T00:24:20.607Z,2139,A_linear,healthy,pause,0.896,0.000,22.0,55.3,0.000,90.0,pause,labview_bridge
ARO-01,2026-05-29T00:24:21.611Z,2140,A_linear,healthy,pause,0.896,0.000,22.1,55.4,0.000,90.0,pause,labview_bridge
ARO-01,2026-05-29T00:24:22.612Z,2141,A_linear,healthy,pause,0.875,0.009,22.1,55.3,0.016,90.0,pause,labview_bridge
ARO-01,2026-05-29T00:24:23.613Z,2142,A_linear,healthy,pause,0.908,0.000,22.1,55.3,0.000,90.0,pause,labview_bridge
ARO-01,2026-05-29T00:24:24.613Z,2143,A_linear,healthy,pause,0.896,0.000,21.9,55.3,0.000,90.0,pause,labview_bridge
ARO-01,2026-05-29T00:24:25.614Z,2144,A_linear,healthy,pause,0.896,0.005,21.9,55.2,0.008,90.0,pause,labview_bridge
ARO-01,2026-05-29T00:24:26.614Z,2145,A_linear,healthy,pause,0.917,0.000,21.8,55.1,0.000,90.0,pause,labview_bridge
ARO-01,2026-05-29T00:24:27.615Z,2146,A_linear,healthy,pause,0.885,0.002,21.8,55.1,0.004,90.0,pause,labview_bridge
ARO-01,2026-05-29T00:24:28.616Z,2147,A_linear,healthy,pause,0.909,0.005,21.8,55.0,0.010,90.0,pause,labview_bridge
ARO-01,2026-05-29T00:24:29.616Z,2148,A_linear,healthy,pause,0.919,0.000,21.7,55.1,0.000,90.0,pause,labview_bridge
ARO-01,2026-05-29T00:24:30.617Z,2149,A_linear,healthy,pause,0.925,0.000,21.6,55.0,0.000,90.0,pause,labview_bridge
ARO-01,2026-05-29T00:24:31.618Z,2150,A_linear,healthy,pause,0.921,0.000,21.6,55.1,0.000,90.0,pause,labview_bridge
ARO-01,2026-05-29T00:24:32.618Z,2151,A_linear,healthy,pause,0.952,0.002,21.6,55.0,0.004,90.0,pause,labview_bridge
ARO-01,2026-05-29T00:24:33.619Z,2152,A_linear,healthy,pause,0.951,0.000,21.6,55.0,0.000,90.0,pause,labview_bridge
ARO-01,2026-05-29T00:24:34.620Z,2153,A_linear,healthy,pause,0.974,0.001,21.5,55.1,0.002,90.0,pause,labview_bridge
ARO-01,2026-05-29T00:24:35.621Z,2154,A_linear,healthy,pause,0.972,0.000,21.4,55.2,0.000,90.0,pause,labview_bridge
ARO-01,2026-05-29T00:24:36.621Z,2155,A_linear,healthy,pause,0.973,0.000,21.4,55.3,0.000,90.0,pause,labview_bridge
ARO-01,2026-05-29T00:24:37.622Z,2156,A_linear,healthy,ascent,0.987,0.374,21.4,55.3,0.674,15.0,ascent,labview_bridge
ARO-01,2026-05-29T00:24:38.622Z,2157,A_linear,healthy,ascent,1.001,0.372,21.4,55.6,0.671,15.0,ascent,labview_bridge
ARO-01,2026-05-29T00:24:39.623Z,2158,A_linear,healthy,ascent,0.965,0.382,21.5,55.2,0.689,15.0,ascent,labview_bridge
ARO-01,2026-05-29T00:24:40.624Z,2159,A_linear,healthy,ascent,1.007,0.379,21.5,55.1,0.684,15.0,ascent,labview_bridge
ARO-01,2026-05-29T00:24:41.625Z,2160,A_linear,healthy,ascent,1.006,0.385,21.6,55.0,0.695,15.0,ascent,labview_bridge
ARO-01,2026-05-29T00:24:42.625Z,2161,A_linear,healthy,ascent,1.011,0.372,21.7,55.1,0.671,15.0,ascent,labview_bridge
ARO-01,2026-05-29T00:24:43.626Z,2162,A_linear,healthy,ascent,1.023,0.371,21.7,55.2,0.669,15.0,ascent,labview_bridge
ARO-01,2026-05-29T00:24:44.627Z,2163,A_linear,healthy,ascent,1.011,0.370,21.7,55.4,0.667,15.0,ascent,labview_bridge
ARO-01,2026-05-29T00:24:45.627Z,2164,A_linear,healthy,ascent,1.015,0.375,21.8,55.3,0.677,15.0,ascent,labview_bridge
ARO-01,2026-05-29T00:24:46.628Z,2165,A_linear,healthy,ascent,1.010,0.380,21.9,55.3,0.686,15.0,ascent,labview_bridge
ARO-01,2026-05-29T00:24:47.629Z,2166,A_linear,healthy,ascent,1.023,0.376,22.0,55.3,0.679,15.0,ascent,labview_bridge
ARO-01,2026-05-29T00:24:48.630Z,2167,A_linear,healthy,ascent,1.016,0.378,22.0,55.3,0.682,15.0,ascent,labview_bridge
ARO-01,2026-05-29T00:24:49.630Z,2168,A_linear,healthy,descent,0.998,0.354,22.0,55.1,0.638,15.0,descent,labview_bridge
ARO-01,2026-05-29T00:24:50.631Z,2169,A_linear,healthy,descent,1.011,0.350,22.0,55.0,0.631,15.0,descent,labview_bridge
ARO-01,2026-05-29T00:24:51.632Z,2170,A_linear,healthy,descent,0.969,0.347,22.0,55.1,0.627,15.0,descent,labview_bridge
ARO-01,2026-05-29T00:24:52.633Z,2171,A_linear,healthy,descent,0.977,0.343,21.8,55.1,0.619,15.0,descent,labview_bridge
ARO-01,2026-05-29T00:24:53.634Z,2172,A_linear,healthy,descent,0.956,0.350,21.7,55.0,0.632,15.0,descent,labview_bridge
ARO-01,2026-05-29T00:24:54.634Z,2173,A_linear,healthy,descent,0.963,0.361,21.7,55.0,0.652,15.0,descent,labview_bridge
ARO-01,2026-05-29T00:24:55.635Z,2174,A_linear,healthy,descent,0.979,0.352,21.7,55.0,0.634,15.0,descent,labview_bridge
ARO-01,2026-05-29T00:24:56.635Z,2175,A_linear,healthy,descent,0.972,0.352,21.6,55.0,0.635,15.0,descent,labview_bridge
ARO-01,2026-05-29T00:24:57.636Z,2176,A_linear,healthy,descent,0.938,0.356,21.8,55.1,0.642,15.0,descent,labview_bridge
ARO-01,2026-05-29T00:24:58.637Z,2177,A_linear,healthy,descent,0.907,0.336,21.8,55.2,0.606,15.0,descent,labview_bridge
ARO-01,2026-05-29T00:24:59.637Z,2178,A_linear,healthy,descent,0.924,0.364,21.7,55.0,0.657,15.0,descent,labview_bridge
ARO-01,2026-05-29T00:25:00.638Z,2179,A_linear,healthy,descent,0.907,0.358,21.6,55.0,0.645,15.0,descent,labview_bridge
ARO-01,2026-05-29T00:25:01.639Z,2180,A_linear,healthy,pause,0.912,0.000,21.7,55.0,0.000,15.0,pause,labview_bridge
ARO-01,2026-05-29T00:25:02.640Z,2181,A_linear,healthy,pause,0.894,0.000,21.6,55.3,0.000,15.0,pause,labview_bridge
ARO-01,2026-05-29T00:25:03.640Z,2182,A_linear,healthy,pause,0.897,0.002,21.5,55.5,0.004,15.0,pause,labview_bridge
ARO-01,2026-05-29T00:25:04.641Z,2183,A_linear,healthy,pause,0.922,0.001,21.5,55.5,0.001,15.0,pause,labview_bridge
ARO-01,2026-05-29T00:25:05.641Z,2184,A_linear,healthy,pause,0.876,0.000,21.3,55.5,0.000,15.0,pause,labview_bridge
ARO-01,2026-05-29T00:25:06.642Z,2185,A_linear,healthy,pause,0.915,0.000,21.3,55.6,0.000,15.0,pause,labview_bridge
ARO-01,2026-05-29T00:25:07.643Z,2186,A_linear,healthy,pause,0.880,0.002,21.3,55.5,0.004,15.0,pause,labview_bridge
ARO-01,2026-05-29T00:25:08.644Z,2187,A_linear,healthy,pause,0.892,0.001,21.3,55.5,0.001,15.0,pause,labview_bridge
ARO-01,2026-05-29T00:25:09.645Z,2188,A_linear,healthy,pause,0.928,0.007,21.3,55.5,0.012,15.0,pause,labview_bridge
ARO-01,2026-05-29T00:25:10.645Z,2189,A_linear,healthy,pause,0.915,0.000,21.3,55.7,0.000,15.0,pause,labview_bridge
ARO-01,2026-05-29T00:25:11.649Z,2190,A_linear,healthy,pause,0.903,0.000,21.4,55.7,0.000,15.0,pause,labview_bridge
ARO-01,2026-05-29T00:25:12.649Z,2191,A_linear,healthy,pause,0.907,0.000,21.4,55.4,0.001,15.0,pause,labview_bridge
ARO-01,2026-05-29T00:25:13.650Z,2192,A_linear,healthy,pause,0.912,0.020,21.3,55.4,0.037,15.0,pause,labview_bridge
ARO-01,2026-05-29T00:25:14.651Z,2193,A_linear,healthy,pause,0.938,0.000,21.3,55.3,0.000,15.0,pause,labview_bridge
ARO-01,2026-05-29T00:25:15.652Z,2194,A_linear,healthy,pause,0.935,0.002,21.3,55.5,0.004,15.0,pause,labview_bridge
ARO-01,2026-05-29T00:25:16.653Z,2195,A_linear,healthy,pause,0.950,0.010,21.3,56.1,0.017,15.0,pause,labview_bridge
ARO-01,2026-05-29T00:25:17.654Z,2196,A_linear,healthy,pause,0.958,0.001,21.3,56.0,0.003,15.0,pause,labview_bridge
ARO-01,2026-05-29T00:25:18.654Z,2197,A_linear,healthy,pause,0.971,0.003,21.4,56.1,0.005,15.0,pause,labview_bridge
ARO-01,2026-05-29T00:25:19.655Z,2198,A_linear,healthy,pause,0.947,0.000,21.3,55.9,0.000,15.0,pause,labview_bridge
ARO-01,2026-05-29T00:25:20.656Z,2199,A_linear,healthy,pause,0.950,0.005,21.3,55.8,0.010,15.0,pause,labview_bridge
ARO-01,2026-05-29T00:25:21.656Z,2200,A_linear,healthy,ascent,0.983,0.377,21.3,55.8,0.680,15.0,ascent,labview_bridge
ARO-01,2026-05-29T00:25:22.657Z,2201,A_linear,healthy,ascent,0.994,0.374,21.3,55.9,0.674,15.0,ascent,labview_bridge
ARO-01,2026-05-29T00:25:23.658Z,2202,A_linear,healthy,ascent,1.002,0.387,21.3,55.7,0.698,15.0,ascent,labview_bridge
ARO-01,2026-05-29T00:25:24.658Z,2203,A_linear,healthy,ascent,1.010,0.369,21.4,55.9,0.666,15.0,ascent,labview_bridge
ARO-01,2026-05-29T00:25:25.659Z,2204,A_linear,healthy,ascent,1.027,0.389,21.4,55.9,0.701,15.0,ascent,labview_bridge
ARO-01,2026-05-29T00:25:26.659Z,2205,A_linear,healthy,ascent,1.010,0.384,21.5,56.2,0.693,15.0,ascent,labview_bridge
ARO-01,2026-05-29T00:25:27.660Z,2206,A_linear,healthy,ascent,1.004,0.374,21.5,55.9,0.675,15.0,ascent,labview_bridge
ARO-01,2026-05-29T00:25:28.660Z,2207,A_linear,healthy,ascent,1.022,0.372,21.6,56.0,0.670,15.0,ascent,labview_bridge
ARO-01,2026-05-29T00:25:29.661Z,2208,A_linear,healthy,ascent,1.002,0.383,21.5,56.0,0.692,15.0,ascent,labview_bridge
ARO-01,2026-05-29T00:25:30.662Z,2209,A_linear,healthy,ascent,0.997,0.356,21.5,55.7,0.643,15.0,ascent,labview_bridge
ARO-01,2026-05-29T00:25:31.663Z,2210,A_linear,healthy,ascent,1.022,0.381,21.6,55.8,0.687,15.0,ascent,labview_bridge
ARO-01,2026-05-29T00:25:32.663Z,2211,A_linear,healthy,ascent,1.009,0.375,21.6,55.7,0.676,15.0,ascent,labview_bridge
ARO-01,2026-05-29T00:25:33.664Z,2212,A_linear,healthy,descent,1.010,0.350,21.5,55.7,0.631,15.0,descent,labview_bridge
ARO-01,2026-05-29T00:25:34.665Z,2213,A_linear,healthy,descent,1.016,0.349,21.6,55.2,0.629,15.0,descent,labview_bridge
ARO-01,2026-05-29T00:25:35.666Z,2214,A_linear,healthy,descent,0.974,0.353,21.6,55.3,0.637,15.0,descent,labview_bridge
ARO-01,2026-05-29T00:25:36.667Z,2215,A_linear,healthy,descent,0.962,0.354,21.6,55.1,0.639,15.0,descent,labview_bridge
ARO-01,2026-05-29T00:25:37.667Z,2216,A_linear,healthy,descent,0.964,0.363,21.5,55.0,0.656,15.0,descent,labview_bridge
ARO-01,2026-05-29T00:25:38.668Z,2217,A_linear,healthy,descent,0.984,0.347,21.5,55.2,0.626,15.0,descent,labview_bridge
ARO-01,2026-05-29T00:25:39.669Z,2218,A_linear,healthy,descent,0.976,0.352,21.6,55.3,0.636,15.0,descent,labview_bridge
ARO-01,2026-05-29T00:25:40.670Z,2219,A_linear,healthy,descent,0.949,0.354,21.6,55.3,0.640,15.0,descent,labview_bridge
ARO-01,2026-05-29T00:25:41.671Z,2220,A_linear,healthy,descent,0.931,0.352,21.5,55.2,0.635,15.0,descent,labview_bridge
ARO-01,2026-05-29T00:25:42.671Z,2221,A_linear,healthy,descent,0.961,0.346,21.5,55.3,0.625,15.0,descent,labview_bridge
ARO-01,2026-05-29T00:25:43.672Z,2222,A_linear,healthy,descent,0.925,0.356,21.4,55.2,0.642,15.0,descent,labview_bridge
ARO-01,2026-05-29T00:25:44.673Z,2223,A_linear,healthy,descent,0.914,0.347,21.4,55.3,0.626,15.0,descent,labview_bridge
ARO-01,2026-05-29T00:25:45.673Z,2224,A_linear,healthy,pause,0.905,0.000,21.4,55.0,0.000,15.0,pause,labview_bridge
ARO-01,2026-05-29T00:25:46.674Z,2225,A_linear,healthy,pause,0.904,0.004,21.5,55.0,0.007,15.0,pause,labview_bridge
ARO-01,2026-05-29T00:25:47.681Z,2226,A_linear,healthy,pause,0.902,0.000,21.4,55.0,0.000,15.0,pause,labview_bridge
ARO-01,2026-05-29T00:25:48.683Z,2227,A_linear,healthy,pause,0.898,0.001,21.3,55.1,0.002,15.0,pause,labview_bridge
ARO-01,2026-05-29T00:25:49.683Z,2228,A_linear,healthy,pause,0.888,0.000,21.2,55.1,0.000,15.0,pause,labview_bridge
ARO-01,2026-05-29T00:25:50.684Z,2229,A_linear,healthy,pause,0.907,0.000,21.1,55.0,0.000,15.0,pause,labview_bridge
ARO-01,2026-05-29T00:25:51.684Z,2230,A_linear,healthy,pause,0.907,0.000,21.2,55.0,0.000,15.0,pause,labview_bridge
ARO-01,2026-05-29T00:25:52.688Z,2231,A_linear,healthy,pause,0.876,0.000,21.1,55.0,0.000,15.0,pause,labview_bridge
ARO-01,2026-05-29T00:25:53.689Z,2232,A_linear,healthy,pause,0.902,0.002,21.1,55.0,0.003,15.0,pause,labview_bridge
ARO-01,2026-05-29T00:25:54.690Z,2233,A_linear,healthy,pause,0.902,0.004,21.0,55.0,0.007,15.0,pause,labview_bridge
ARO-01,2026-05-29T00:25:55.691Z,2234,A_linear,healthy,pause,0.901,0.004,21.0,55.3,0.006,15.0,pause,labview_bridge
ARO-01,2026-05-29T00:25:56.692Z,2235,A_linear,healthy,pause,0.901,0.000,20.9,55.1,0.000,15.0,pause,labview_bridge
ARO-01,2026-05-29T00:25:57.692Z,2236,A_linear,healthy,pause,0.904,0.000,20.9,55.0,0.000,15.0,pause,labview_bridge
ARO-01,2026-05-29T00:25:58.693Z,2237,A_linear,healthy,pause,0.919,0.014,20.9,55.0,0.025,15.0,pause,labview_bridge
ARO-01,2026-05-29T00:25:59.694Z,2238,A_linear,healthy,pause,0.937,0.005,20.8,55.0,0.010,15.0,pause,labview_bridge
ARO-01,2026-05-29T00:26:00.695Z,2239,A_linear,healthy,pause,0.917,0.000,20.6,55.0,0.000,15.0,pause,labview_bridge
ARO-01,2026-05-29T00:26:01.696Z,2240,A_linear,healthy,pause,0.953,0.000,20.6,55.0,0.000,15.0,pause,labview_bridge
ARO-01,2026-05-29T00:26:02.697Z,2241,A_linear,healthy,pause,0.941,0.009,20.6,55.0,0.017,15.0,pause,labview_bridge
ARO-01,2026-05-29T00:26:03.698Z,2242,A_linear,healthy,pause,0.964,0.008,20.5,55.0,0.014,15.0,pause,labview_bridge
ARO-01,2026-05-29T00:26:04.699Z,2243,A_linear,healthy,pause,0.956,0.011,20.6,55.1,0.019,15.0,pause,labview_bridge
ARO-01,2026-05-29T00:26:05.700Z,2244,A_linear,healthy,ascent,0.978,0.372,20.6,55.0,0.671,15.0,ascent,labview_bridge
ARO-01,2026-05-29T00:26:06.700Z,2245,A_linear,healthy,ascent,0.972,0.377,20.7,55.0,0.680,15.0,ascent,labview_bridge
ARO-01,2026-05-29T00:26:07.701Z,2246,A_linear,healthy,ascent,0.993,0.372,20.7,55.0,0.672,15.0,ascent,labview_bridge
ARO-01,2026-05-29T00:26:08.702Z,2247,A_linear,healthy,ascent,0.992,0.376,20.7,55.1,0.678,15.0,ascent,labview_bridge
ARO-01,2026-05-29T00:26:09.702Z,2248,A_linear,healthy,ascent,1.019,0.372,20.9,55.2,0.671,15.0,ascent,labview_bridge
ARO-01,2026-05-29T00:26:10.703Z,2249,A_linear,healthy,ascent,1.001,0.371,20.8,55.3,0.669,15.0,ascent,labview_bridge
ARO-01,2026-05-29T00:26:11.704Z,2250,A_linear,healthy,ascent,1.010,0.378,20.9,55.4,0.681,15.0,ascent,labview_bridge
ARO-01,2026-05-29T00:26:12.704Z,2251,A_linear,healthy,ascent,1.012,0.381,20.8,55.5,0.687,15.0,ascent,labview_bridge
ARO-01,2026-05-29T00:26:13.705Z,2252,A_linear,healthy,ascent,1.008,0.378,20.9,55.5,0.681,15.0,ascent,labview_bridge
ARO-01,2026-05-29T00:26:14.706Z,2253,A_linear,healthy,ascent,0.997,0.381,20.8,55.4,0.687,15.0,ascent,labview_bridge
ARO-01,2026-05-29T00:26:15.706Z,2254,A_linear,healthy,ascent,1.019,0.378,20.8,55.2,0.682,15.0,ascent,labview_bridge
ARO-01,2026-05-29T00:26:16.707Z,2255,A_linear,healthy,ascent,1.003,0.377,20.9,55.3,0.681,15.0,ascent,labview_bridge
ARO-01,2026-05-29T00:26:17.708Z,2256,A_linear,healthy,descent,1.012,0.360,21.0,55.3,0.650,15.0,descent,labview_bridge
ARO-01,2026-05-29T00:26:18.709Z,2257,A_linear,healthy,descent,1.007,0.355,21.1,55.2,0.641,15.0,descent,labview_bridge
ARO-01,2026-05-29T00:26:19.710Z,2258,A_linear,healthy,descent,0.987,0.343,21.1,55.7,0.618,15.0,descent,labview_bridge
ARO-01,2026-05-29T00:26:20.710Z,2259,A_linear,healthy,descent,1.003,0.356,21.0,55.9,0.642,15.0,descent,labview_bridge
ARO-01,2026-05-29T00:26:21.711Z,2260,A_linear,healthy,descent,0.960,0.348,21.1,55.7,0.627,15.0,descent,labview_bridge
ARO-01,2026-05-29T00:26:22.712Z,2261,A_linear,healthy,descent,0.957,0.349,21.0,55.5,0.629,15.0,descent,labview_bridge
ARO-01,2026-05-29T00:26:23.713Z,2262,A_linear,healthy,descent,0.944,0.351,21.0,55.7,0.632,15.0,descent,labview_bridge
ARO-01,2026-05-29T00:26:24.713Z,2263,A_linear,healthy,descent,0.948,0.339,21.0,55.4,0.611,15.0,descent,labview_bridge
ARO-01,2026-05-29T00:26:25.714Z,2264,A_linear,healthy,descent,0.949,0.353,21.0,55.4,0.637,15.0,descent,labview_bridge
ARO-01,2026-05-29T00:26:26.715Z,2265,A_linear,healthy,descent,0.942,0.341,21.1,55.7,0.615,15.0,descent,labview_bridge
ARO-01,2026-05-29T00:26:27.715Z,2266,A_linear,healthy,descent,0.920,0.346,21.1,55.7,0.624,15.0,descent,labview_bridge
ARO-01,2026-05-29T00:26:28.716Z,2267,A_linear,healthy,descent,0.938,0.351,21.0,55.6,0.634,15.0,descent,labview_bridge
ARO-01,2026-05-29T00:26:29.717Z,2268,A_linear,healthy,pause,0.909,0.000,20.9,55.5,0.000,15.0,pause,labview_bridge
ARO-01,2026-05-29T00:26:30.718Z,2269,A_linear,healthy,pause,0.915,0.000,20.9,55.6,0.000,15.0,pause,labview_bridge
ARO-01,2026-05-29T00:26:31.718Z,2270,A_linear,healthy,pause,0.927,0.000,20.8,55.9,0.000,15.0,pause,labview_bridge
ARO-01,2026-05-29T00:26:32.719Z,2271,A_linear,healthy,pause,0.904,0.000,20.6,55.7,0.000,15.0,pause,labview_bridge
ARO-01,2026-05-29T00:26:33.720Z,2272,A_linear,healthy,pause,0.888,0.000,20.6,55.5,0.000,15.0,pause,labview_bridge
ARO-01,2026-05-29T00:26:34.721Z,2273,A_linear,healthy,pause,0.880,0.003,20.6,55.7,0.005,15.0,pause,labview_bridge
ARO-01,2026-05-29T00:26:35.721Z,2274,A_linear,healthy,pause,0.885,0.000,20.6,55.4,0.000,15.0,pause,labview_bridge
ARO-01,2026-05-29T00:26:36.722Z,2275,A_linear,healthy,pause,0.905,0.007,20.5,55.2,0.013,15.0,pause,labview_bridge
ARO-01,2026-05-29T00:26:37.723Z,2276,A_linear,healthy,pause,0.893,0.003,20.5,55.2,0.006,15.0,pause,labview_bridge
ARO-01,2026-05-29T00:26:38.724Z,2277,A_linear,healthy,pause,0.925,0.000,20.5,55.1,0.000,15.0,pause,labview_bridge
ARO-01,2026-05-29T00:26:39.724Z,2278,A_linear,healthy,pause,0.910,0.000,20.5,55.2,0.000,15.0,pause,labview_bridge
ARO-01,2026-05-29T00:26:40.725Z,2279,A_linear,healthy,pause,0.909,0.006,20.5,55.2,0.011,15.0,pause,labview_bridge
ARO-01,2026-05-29T00:26:41.725Z,2280,A_linear,healthy,pause,0.906,0.000,20.5,55.3,0.000,15.0,pause,labview_bridge
ARO-01,2026-05-29T00:26:42.726Z,2281,A_linear,healthy,pause,0.947,0.004,20.6,55.2,0.007,15.0,pause,labview_bridge
ARO-01,2026-05-29T00:26:43.726Z,2282,A_linear,healthy,pause,0.960,0.009,20.5,55.2,0.016,15.0,pause,labview_bridge
ARO-01,2026-05-29T00:26:44.727Z,2283,A_linear,healthy,pause,0.934,0.000,20.5,55.7,0.000,15.0,pause,labview_bridge
ARO-01,2026-05-29T00:26:45.728Z,2284,A_linear,healthy,pause,0.952,0.000,20.5,55.9,0.000,15.0,pause,labview_bridge
ARO-01,2026-05-29T00:26:46.729Z,2285,A_linear,healthy,pause,0.948,0.007,20.4,56.1,0.013,15.0,pause,labview_bridge
ARO-01,2026-05-29T00:26:47.730Z,2286,A_linear,healthy,pause,0.991,0.000,20.4,56.1,0.000,15.0,pause,labview_bridge
ARO-01,2026-05-29T00:26:48.730Z,2287,A_linear,healthy,pause,0.950,0.000,20.3,55.9,0.000,15.0,pause,labview_bridge
ARO-01,2026-05-29T00:26:49.731Z,2288,A_linear,healthy,ascent,0.981,0.573,20.5,56.1,1.033,60.0,ascent,labview_bridge
ARO-01,2026-05-29T00:26:50.732Z,2289,A_linear,healthy,ascent,0.987,0.577,20.5,56.2,1.041,60.0,ascent,labview_bridge
ARO-01,2026-05-29T00:26:51.733Z,2290,A_linear,healthy,ascent,0.973,0.576,20.6,56.1,1.040,60.0,ascent,labview_bridge
ARO-01,2026-05-29T00:26:52.733Z,2291,A_linear,healthy,ascent,1.009,0.572,20.6,56.1,1.031,60.0,ascent,labview_bridge
ARO-01,2026-05-29T00:26:53.734Z,2292,A_linear,healthy,ascent,1.004,0.565,20.7,56.0,1.019,60.0,ascent,labview_bridge
ARO-01,2026-05-29T00:26:54.735Z,2293,A_linear,healthy,ascent,1.012,0.572,20.8,55.8,1.033,60.0,ascent,labview_bridge
ARO-01,2026-05-29T00:26:55.736Z,2294,A_linear,healthy,ascent,1.043,0.564,20.9,55.8,1.018,60.0,ascent,labview_bridge
ARO-01,2026-05-29T00:26:56.737Z,2295,A_linear,healthy,ascent,1.036,0.565,20.9,55.7,1.019,60.0,ascent,labview_bridge
ARO-01,2026-05-29T00:26:57.737Z,2296,A_linear,healthy,ascent,1.024,0.563,20.9,55.9,1.015,60.0,ascent,labview_bridge
ARO-01,2026-05-29T00:26:58.738Z,2297,A_linear,healthy,ascent,0.989,0.550,20.8,55.7,0.993,60.0,ascent,labview_bridge
ARO-01,2026-05-29T00:26:59.739Z,2298,A_linear,healthy,ascent,1.010,0.564,20.9,56.0,1.017,60.0,ascent,labview_bridge
ARO-01,2026-05-29T00:27:00.740Z,2299,A_linear,healthy,ascent,0.994,0.568,20.9,55.9,1.025,60.0,ascent,labview_bridge
ARO-01,2026-05-29T00:27:01.740Z,2300,A_linear,healthy,descent,1.010,0.346,20.8,55.9,0.624,60.0,descent,labview_bridge
ARO-01,2026-05-29T00:27:02.741Z,2301,A_linear,healthy,descent,0.984,0.354,20.6,55.9,0.638,60.0,descent,labview_bridge
ARO-01,2026-05-29T00:27:03.742Z,2302,A_linear,healthy,descent,0.982,0.353,20.7,56.0,0.637,60.0,descent,labview_bridge
ARO-01,2026-05-29T00:27:04.742Z,2303,A_linear,healthy,descent,0.991,0.358,20.7,56.0,0.645,60.0,descent,labview_bridge
ARO-01,2026-05-29T00:27:05.743Z,2304,A_linear,healthy,descent,0.994,0.342,20.6,55.9,0.618,60.0,descent,labview_bridge
ARO-01,2026-05-29T00:27:06.745Z,2305,A_linear,healthy,descent,0.976,0.348,20.6,56.1,0.627,60.0,descent,labview_bridge
ARO-01,2026-05-29T00:27:07.745Z,2306,A_linear,healthy,descent,0.948,0.349,20.5,55.7,0.630,60.0,descent,labview_bridge
ARO-01,2026-05-29T00:27:08.746Z,2307,A_linear,healthy,descent,0.938,0.349,20.5,55.7,0.630,60.0,descent,labview_bridge
ARO-01,2026-05-29T00:27:09.747Z,2308,A_linear,healthy,descent,0.955,0.356,20.6,55.6,0.642,60.0,descent,labview_bridge
ARO-01,2026-05-29T00:27:10.748Z,2309,A_linear,healthy,descent,0.936,0.351,20.5,55.7,0.633,60.0,descent,labview_bridge
ARO-01,2026-05-29T00:27:11.748Z,2310,A_linear,healthy,descent,0.938,0.350,20.4,55.5,0.631,60.0,descent,labview_bridge
ARO-01,2026-05-29T00:27:12.749Z,2311,A_linear,healthy,descent,0.932,0.354,20.4,55.3,0.639,60.0,descent,labview_bridge
ARO-01,2026-05-29T00:27:13.749Z,2312,A_linear,healthy,pause,0.911,0.001,20.4,55.2,0.002,60.0,pause,labview_bridge
ARO-01,2026-05-29T00:27:14.750Z,2313,A_linear,healthy,pause,0.927,0.005,20.2,55.4,0.008,60.0,pause,labview_bridge
ARO-01,2026-05-29T00:27:15.751Z,2314,A_linear,healthy,pause,0.926,0.000,20.1,55.2,0.000,60.0,pause,labview_bridge
ARO-01,2026-05-29T00:27:16.752Z,2315,A_linear,healthy,pause,0.901,0.000,20.2,55.5,0.000,60.0,pause,labview_bridge
ARO-01,2026-05-29T00:27:17.752Z,2316,A_linear,healthy,pause,0.869,0.000,20.1,55.9,0.000,60.0,pause,labview_bridge
ARO-01,2026-05-29T00:27:18.753Z,2317,A_linear,healthy,pause,0.897,0.000,20.1,55.9,0.000,60.0,pause,labview_bridge
ARO-01,2026-05-29T00:27:19.754Z,2318,A_linear,healthy,pause,0.889,0.004,20.0,56.0,0.008,60.0,pause,labview_bridge
ARO-01,2026-05-29T00:27:20.754Z,2319,A_linear,healthy,pause,0.900,0.000,20.1,55.8,0.000,60.0,pause,labview_bridge
ARO-01,2026-05-29T00:27:21.755Z,2320,A_linear,healthy,pause,0.901,0.010,20.2,55.5,0.018,60.0,pause,labview_bridge
ARO-01,2026-05-29T00:27:22.755Z,2321,A_linear,healthy,pause,0.909,0.002,20.2,55.4,0.003,60.0,pause,labview_bridge
ARO-01,2026-05-29T00:27:23.756Z,2322,A_linear,healthy,pause,0.904,0.000,20.2,55.5,0.000,60.0,pause,labview_bridge
ARO-01,2026-05-29T00:27:24.757Z,2323,A_linear,healthy,pause,0.918,0.000,20.2,55.8,0.001,60.0,pause,labview_bridge
ARO-01,2026-05-29T00:27:25.757Z,2324,A_linear,healthy,pause,0.929,0.000,20.1,55.5,0.000,60.0,pause,labview_bridge
ARO-01,2026-05-29T00:27:26.758Z,2325,A_linear,healthy,pause,0.915,0.004,20.2,55.4,0.007,60.0,pause,labview_bridge
ARO-01,2026-05-29T00:27:27.759Z,2326,A_linear,healthy,pause,0.923,0.004,20.2,55.3,0.007,60.0,pause,labview_bridge
ARO-01,2026-05-29T00:27:28.759Z,2327,A_linear,healthy,pause,0.956,0.000,20.2,55.7,0.000,60.0,pause,labview_bridge
ARO-01,2026-05-29T00:27:29.760Z,2328,A_linear,healthy,pause,0.928,0.003,20.3,56.1,0.005,60.0,pause,labview_bridge
ARO-01,2026-05-29T00:27:30.761Z,2329,A_linear,healthy,pause,0.956,0.011,20.2,56.2,0.020,60.0,pause,labview_bridge
ARO-01,2026-05-29T00:27:31.761Z,2330,A_linear,healthy,pause,0.985,0.001,20.1,56.5,0.003,60.0,pause,labview_bridge
ARO-01,2026-05-29T00:27:32.762Z,2331,A_linear,healthy,pause,0.969,0.000,20.1,56.5,0.000,60.0,pause,labview_bridge
ARO-01,2026-05-29T00:27:33.763Z,2332,A_linear,healthy,ascent,0.956,0.571,20.2,56.5,1.030,60.0,ascent,labview_bridge
ARO-01,2026-05-29T00:27:34.764Z,2333,A_linear,healthy,ascent,1.010,0.577,20.1,56.3,1.041,60.0,ascent,labview_bridge
ARO-01,2026-05-29T00:27:35.765Z,2334,A_linear,healthy,ascent,1.025,0.565,20.2,56.1,1.020,60.0,ascent,labview_bridge
ARO-01,2026-05-29T00:27:36.765Z,2335,A_linear,healthy,ascent,1.000,0.561,20.1,55.9,1.011,60.0,ascent,labview_bridge
ARO-01,2026-05-29T00:27:37.766Z,2336,A_linear,healthy,ascent,1.005,0.559,20.1,55.8,1.009,60.0,ascent,labview_bridge
ARO-01,2026-05-29T00:27:38.767Z,2337,A_linear,healthy,ascent,1.015,0.575,20.3,55.8,1.037,60.0,ascent,labview_bridge
ARO-01,2026-05-29T00:27:39.767Z,2338,A_linear,healthy,ascent,1.032,0.575,20.3,56.0,1.037,60.0,ascent,labview_bridge
ARO-01,2026-05-29T00:27:40.768Z,2339,A_linear,healthy,ascent,1.020,0.572,20.3,55.9,1.033,60.0,ascent,labview_bridge
ARO-01,2026-05-29T00:27:41.768Z,2340,A_linear,healthy,ascent,1.036,0.577,20.3,56.0,1.042,60.0,ascent,labview_bridge
ARO-01,2026-05-29T00:27:42.769Z,2341,A_linear,healthy,ascent,0.994,0.565,20.2,56.1,1.019,60.0,ascent,labview_bridge
ARO-01,2026-05-29T00:27:43.769Z,2342,A_linear,healthy,ascent,1.027,0.576,20.2,55.8,1.040,60.0,ascent,labview_bridge
ARO-01,2026-05-29T00:27:44.770Z,2343,A_linear,healthy,ascent,0.996,0.570,20.2,55.7,1.029,60.0,ascent,labview_bridge
ARO-01,2026-05-29T00:27:45.771Z,2344,A_linear,healthy,descent,1.010,0.349,20.2,55.5,0.630,60.0,descent,labview_bridge
ARO-01,2026-05-29T00:27:46.772Z,2345,A_linear,healthy,descent,0.997,0.360,20.2,55.5,0.650,60.0,descent,labview_bridge
ARO-01,2026-05-29T00:27:47.772Z,2346,A_linear,healthy,descent,0.981,0.358,20.2,55.0,0.646,60.0,descent,labview_bridge
ARO-01,2026-05-29T00:27:48.778Z,2347,A_linear,healthy,descent,0.979,0.353,20.3,55.0,0.637,60.0,descent,labview_bridge
ARO-01,2026-05-29T00:27:49.778Z,2348,A_linear,healthy,descent,0.967,0.337,20.2,55.1,0.608,60.0,descent,labview_bridge
ARO-01,2026-05-29T00:27:50.779Z,2349,A_linear,healthy,descent,0.971,0.349,20.2,55.2,0.630,60.0,descent,labview_bridge
ARO-01,2026-05-29T00:27:51.780Z,2350,A_linear,healthy,descent,0.973,0.353,20.2,55.4,0.636,60.0,descent,labview_bridge
ARO-01,2026-05-29T00:27:52.781Z,2351,A_linear,healthy,descent,0.950,0.355,20.2,55.5,0.640,60.0,descent,labview_bridge
ARO-01,2026-05-29T00:27:53.782Z,2352,A_linear,healthy,descent,0.947,0.349,20.1,55.6,0.629,60.0,descent,labview_bridge
ARO-01,2026-05-29T00:27:54.783Z,2353,A_linear,healthy,descent,0.936,0.364,20.1,55.5,0.658,60.0,descent,labview_bridge
ARO-01,2026-05-29T00:27:55.784Z,2354,A_linear,healthy,descent,0.934,0.360,20.2,55.8,0.649,60.0,descent,labview_bridge
ARO-01,2026-05-29T00:27:56.784Z,2355,A_linear,healthy,descent,0.922,0.355,20.2,55.8,0.641,60.0,descent,labview_bridge
ARO-01,2026-05-29T00:27:57.785Z,2356,A_linear,healthy,pause,0.928,0.000,20.1,55.8,0.000,60.0,pause,labview_bridge
ARO-01,2026-05-29T00:27:58.785Z,2357,A_linear,healthy,pause,0.910,0.006,20.0,55.7,0.011,60.0,pause,labview_bridge
ARO-01,2026-05-29T00:27:59.786Z,2358,A_linear,healthy,pause,0.891,0.000,20.0,55.5,0.000,60.0,pause,labview_bridge
ARO-01,2026-05-29T00:28:00.787Z,2359,A_linear,healthy,pause,0.890,0.000,20.0,55.8,0.000,60.0,pause,labview_bridge
ARO-01,2026-05-29T00:28:01.788Z,2360,A_linear,healthy,pause,0.910,0.009,19.9,55.8,0.017,60.0,pause,labview_bridge
ARO-01,2026-05-29T00:28:02.788Z,2361,A_linear,healthy,pause,0.915,0.007,19.8,55.7,0.012,60.0,pause,labview_bridge
ARO-01,2026-05-29T00:28:03.789Z,2362,A_linear,healthy,pause,0.908,0.000,19.8,55.7,0.000,60.0,pause,labview_bridge
ARO-01,2026-05-29T00:28:04.790Z,2363,A_linear,healthy,pause,0.879,0.005,19.8,55.7,0.009,60.0,pause,labview_bridge
ARO-01,2026-05-29T00:28:05.791Z,2364,A_linear,healthy,pause,0.901,0.000,19.7,55.9,0.000,60.0,pause,labview_bridge
ARO-01,2026-05-29T00:28:06.796Z,2365,A_linear,healthy,pause,0.900,0.009,19.7,55.5,0.017,60.0,pause,labview_bridge
ARO-01,2026-05-29T00:28:07.797Z,2366,A_linear,healthy,pause,0.916,0.000,19.7,55.5,0.000,60.0,pause,labview_bridge
ARO-01,2026-05-29T00:28:08.797Z,2367,A_linear,healthy,pause,0.931,0.002,19.8,55.7,0.004,60.0,pause,labview_bridge
ARO-01,2026-05-29T00:28:09.798Z,2368,A_linear,healthy,pause,0.934,0.006,19.7,55.5,0.011,60.0,pause,labview_bridge
ARO-01,2026-05-29T00:28:10.799Z,2369,A_linear,healthy,pause,0.935,0.000,19.6,55.6,0.000,60.0,pause,labview_bridge
ARO-01,2026-05-29T00:28:11.800Z,2370,A_linear,healthy,pause,0.933,0.005,19.6,55.6,0.008,60.0,pause,labview_bridge
ARO-01,2026-05-29T00:28:12.801Z,2371,A_linear,healthy,pause,0.942,0.000,19.6,55.7,0.000,60.0,pause,labview_bridge
ARO-01,2026-05-29T00:28:13.801Z,2372,A_linear,healthy,pause,0.957,0.000,19.5,55.9,0.000,60.0,pause,labview_bridge
ARO-01,2026-05-29T00:28:14.802Z,2373,A_linear,healthy,pause,0.956,0.000,19.5,55.9,0.000,60.0,pause,labview_bridge
ARO-01,2026-05-29T00:28:15.803Z,2374,A_linear,healthy,pause,0.989,0.007,19.5,55.8,0.012,60.0,pause,labview_bridge
ARO-01,2026-05-29T00:28:16.804Z,2375,A_linear,healthy,pause,0.978,0.007,19.5,55.9,0.012,60.0,pause,labview_bridge
ARO-01,2026-05-29T00:28:17.804Z,2376,A_linear,healthy,ascent,0.960,0.575,19.5,56.0,1.038,60.0,ascent,labview_bridge
ARO-01,2026-05-29T00:28:18.805Z,2377,A_linear,healthy,ascent,0.994,0.561,19.5,55.9,1.011,60.0,ascent,labview_bridge
ARO-01,2026-05-29T00:28:19.812Z,2378,A_linear,healthy,ascent,0.992,0.567,19.5,55.8,1.022,60.0,ascent,labview_bridge
ARO-01,2026-05-29T00:28:20.813Z,2379,A_linear,healthy,ascent,1.006,0.570,19.5,55.6,1.028,60.0,ascent,labview_bridge
ARO-01,2026-05-29T00:28:21.813Z,2380,A_linear,healthy,ascent,1.005,0.576,19.5,55.4,1.039,60.0,ascent,labview_bridge
ARO-01,2026-05-29T00:28:22.814Z,2381,A_linear,healthy,ascent,1.016,0.575,19.6,55.3,1.037,60.0,ascent,labview_bridge
ARO-01,2026-05-29T00:28:23.814Z,2382,A_linear,healthy,ascent,1.012,0.580,19.6,55.4,1.047,60.0,ascent,labview_bridge
ARO-01,2026-05-29T00:28:24.815Z,2383,A_linear,healthy,ascent,1.010,0.573,19.7,55.1,1.034,60.0,ascent,labview_bridge
ARO-01,2026-05-29T00:28:25.816Z,2384,A_linear,healthy,ascent,1.026,0.572,19.8,55.3,1.031,60.0,ascent,labview_bridge
ARO-01,2026-05-29T00:28:26.816Z,2385,A_linear,healthy,ascent,1.037,0.572,19.8,55.3,1.032,60.0,ascent,labview_bridge
ARO-01,2026-05-29T00:28:27.817Z,2386,A_linear,healthy,ascent,1.022,0.567,19.9,55.3,1.024,60.0,ascent,labview_bridge
ARO-01,2026-05-29T00:28:28.818Z,2387,A_linear,healthy,ascent,1.004,0.563,20.0,55.2,1.015,60.0,ascent,labview_bridge
ARO-01,2026-05-29T00:28:29.819Z,2388,A_linear,healthy,descent,1.007,0.352,19.9,55.3,0.635,60.0,descent,labview_bridge
ARO-01,2026-05-29T00:28:30.819Z,2389,A_linear,healthy,descent,0.998,0.361,19.9,55.2,0.651,60.0,descent,labview_bridge
ARO-01,2026-05-29T00:28:31.820Z,2390,A_linear,healthy,descent,1.002,0.354,20.0,55.3,0.639,60.0,descent,labview_bridge
ARO-01,2026-05-29T00:28:32.821Z,2391,A_linear,healthy,descent,0.981,0.360,20.0,55.3,0.650,60.0,descent,labview_bridge
ARO-01,2026-05-29T00:28:33.822Z,2392,A_linear,healthy,descent,0.985,0.350,19.8,55.3,0.632,60.0,descent,labview_bridge
ARO-01,2026-05-29T00:28:34.823Z,2393,A_linear,healthy,descent,0.957,0.348,19.8,55.4,0.628,60.0,descent,labview_bridge
ARO-01,2026-05-29T00:28:35.829Z,2394,A_linear,healthy,descent,0.967,0.353,19.7,55.2,0.636,60.0,descent,labview_bridge
ARO-01,2026-05-29T00:28:36.830Z,2395,A_linear,healthy,descent,0.931,0.352,19.7,55.0,0.636,60.0,descent,labview_bridge
ARO-01,2026-05-29T00:28:37.831Z,2396,A_linear,healthy,descent,0.965,0.344,19.7,55.0,0.621,60.0,descent,labview_bridge
ARO-01,2026-05-29T00:28:38.862Z,2397,A_linear,healthy,descent,0.937,0.344,19.7,55.0,0.621,60.0,descent,labview_bridge
ARO-01,2026-05-29T00:28:39.863Z,2398,A_linear,healthy,descent,0.916,0.356,19.7,55.0,0.642,60.0,descent,labview_bridge
ARO-01,2026-05-29T00:28:40.864Z,2399,A_linear,healthy,descent,0.933,0.349,19.7,55.6,0.630,60.0,descent,labview_bridge
ARO-01,2026-05-29T00:28:41.864Z,2400,A_linear,healthy,pause,0.905,0.002,19.7,55.6,0.004,60.0,pause,labview_bridge
ARO-01,2026-05-29T00:28:42.865Z,2401,A_linear,healthy,pause,0.907,0.000,19.7,55.5,0.000,60.0,pause,labview_bridge
ARO-01,2026-05-29T00:28:43.866Z,2402,A_linear,healthy,pause,0.914,0.000,19.7,55.4,0.000,60.0,pause,labview_bridge
ARO-01,2026-05-29T00:28:44.867Z,2403,A_linear,healthy,pause,0.885,0.000,19.7,55.5,0.000,60.0,pause,labview_bridge
ARO-01,2026-05-29T00:28:45.867Z,2404,A_linear,healthy,pause,0.899,0.009,19.6,55.5,0.017,60.0,pause,labview_bridge
ARO-01,2026-05-29T00:28:46.868Z,2405,A_linear,healthy,pause,0.884,0.000,19.7,55.6,0.000,60.0,pause,labview_bridge
ARO-01,2026-05-29T00:28:47.869Z,2406,A_linear,healthy,pause,0.895,0.000,19.6,55.6,0.000,60.0,pause,labview_bridge
ARO-01,2026-05-29T00:28:48.869Z,2407,A_linear,healthy,pause,0.893,0.002,19.5,55.5,0.004,60.0,pause,labview_bridge
ARO-01,2026-05-29T00:28:49.870Z,2408,A_linear,healthy,pause,0.902,0.000,19.4,55.8,0.000,60.0,pause,labview_bridge
ARO-01,2026-05-29T00:28:50.871Z,2409,A_linear,healthy,pause,0.912,0.002,19.3,55.8,0.003,60.0,pause,labview_bridge
ARO-01,2026-05-29T00:28:51.871Z,2410,A_linear,healthy,pause,0.900,0.000,19.3,55.8,0.000,60.0,pause,labview_bridge
ARO-01,2026-05-29T00:28:52.872Z,2411,A_linear,healthy,pause,0.897,0.000,19.1,55.7,0.000,60.0,pause,labview_bridge
ARO-01,2026-05-29T00:28:53.873Z,2412,A_linear,healthy,pause,0.943,0.000,19.1,55.5,0.000,60.0,pause,labview_bridge
ARO-01,2026-05-29T00:28:54.875Z,2413,A_linear,healthy,pause,0.934,0.000,19.2,55.7,0.000,60.0,pause,labview_bridge
ARO-01,2026-05-29T00:28:55.876Z,2414,A_linear,healthy,pause,0.925,0.000,19.2,55.8,0.000,60.0,pause,labview_bridge
ARO-01,2026-05-29T00:28:56.877Z,2415,A_linear,healthy,pause,0.945,0.001,19.1,55.9,0.002,60.0,pause,labview_bridge
ARO-01,2026-05-29T00:28:57.879Z,2416,A_linear,healthy,pause,0.963,0.015,19.1,56.2,0.026,60.0,pause,labview_bridge
ARO-01,2026-05-29T00:28:58.880Z,2417,A_linear,healthy,pause,0.973,0.003,19.0,56.1,0.005,60.0,pause,labview_bridge
ARO-01,2026-05-29T00:28:59.881Z,2418,A_linear,healthy,pause,0.963,0.004,19.0,55.8,0.008,60.0,pause,labview_bridge
ARO-01,2026-05-29T00:29:00.886Z,2419,A_linear,healthy,pause,0.967,0.000,19.0,55.9,0.000,60.0,pause,labview_bridge
ARO-01,2026-05-29T00:29:01.920Z,2420,A_linear,healthy,ascent,0.981,0.567,19.0,55.8,1.024,60.0,ascent,labview_bridge
ARO-01,2026-05-29T00:29:02.920Z,2421,A_linear,healthy,ascent,0.977,0.568,19.1,56.0,1.025,60.0,ascent,labview_bridge
ARO-01,2026-05-29T00:29:03.933Z,2422,A_linear,healthy,ascent,0.976,0.559,19.2,55.7,1.009,60.0,ascent,labview_bridge
ARO-01,2026-05-29T00:29:04.943Z,2423,A_linear,healthy,ascent,1.004,0.575,19.2,55.6,1.038,60.0,ascent,labview_bridge
ARO-01,2026-05-29T00:29:05.944Z,2424,A_linear,healthy,ascent,1.008,0.569,19.2,55.7,1.026,60.0,ascent,labview_bridge
ARO-01,2026-05-29T00:29:06.945Z,2425,A_linear,healthy,ascent,1.002,0.581,19.2,55.6,1.049,60.0,ascent,labview_bridge
ARO-01,2026-05-29T00:29:07.945Z,2426,A_linear,healthy,ascent,1.023,0.561,19.4,55.5,1.012,60.0,ascent,labview_bridge
ARO-01,2026-05-29T00:29:08.946Z,2427,A_linear,healthy,ascent,1.031,0.563,19.3,55.6,1.015,60.0,ascent,labview_bridge
ARO-01,2026-05-29T00:29:09.946Z,2428,A_linear,healthy,ascent,1.010,0.557,19.3,55.6,1.006,60.0,ascent,labview_bridge
ARO-01,2026-05-29T00:29:10.947Z,2429,A_linear,healthy,ascent,1.012,0.563,19.3,55.5,1.015,60.0,ascent,labview_bridge
ARO-01,2026-05-29T00:29:11.948Z,2430,A_linear,healthy,ascent,1.024,0.571,19.3,55.4,1.031,60.0,ascent,labview_bridge
ARO-01,2026-05-29T00:29:12.948Z,2431,A_linear,healthy,ascent,1.004,0.572,19.3,55.4,1.033,60.0,ascent,labview_bridge
ARO-01,2026-05-29T00:29:13.961Z,2432,A_linear,healthy,descent,1.002,0.340,19.3,55.7,0.614,60.0,descent,labview_bridge
ARO-01,2026-05-29T00:29:14.964Z,2433,A_linear,healthy,descent,1.006,0.340,19.3,55.5,0.614,60.0,descent,labview_bridge
ARO-01,2026-05-29T00:29:15.964Z,2434,A_linear,healthy,descent,0.997,0.349,19.3,55.2,0.629,60.0,descent,labview_bridge
ARO-01,2026-05-29T00:29:16.964Z,2435,A_linear,healthy,descent,0.976,0.358,19.4,55.0,0.647,60.0,descent,labview_bridge
ARO-01,2026-05-29T00:29:17.965Z,2436,A_linear,healthy,descent,0.983,0.349,19.3,55.5,0.629,60.0,descent,labview_bridge
ARO-01,2026-05-29T00:29:18.966Z,2437,A_linear,healthy,descent,0.985,0.350,19.4,55.3,0.631,60.0,descent,labview_bridge
ARO-01,2026-05-29T00:29:19.966Z,2438,A_linear,healthy,descent,0.951,0.348,19.4,55.9,0.627,60.0,descent,labview_bridge
ARO-01,2026-05-29T00:29:20.967Z,2439,A_linear,healthy,descent,0.953,0.349,19.3,55.9,0.629,60.0,descent,labview_bridge
ARO-01,2026-05-29T00:29:21.968Z,2440,A_linear,healthy,descent,0.939,0.353,19.3,55.9,0.636,60.0,descent,labview_bridge
ARO-01,2026-05-29T00:29:22.968Z,2441,A_linear,healthy,descent,0.949,0.346,19.2,55.8,0.624,60.0,descent,labview_bridge
ARO-01,2026-05-29T00:29:23.976Z,2442,A_linear,healthy,descent,0.945,0.351,19.2,55.6,0.633,60.0,descent,labview_bridge
ARO-01,2026-05-29T00:29:24.978Z,2443,A_linear,healthy,descent,0.916,0.349,19.2,55.8,0.629,60.0,descent,labview_bridge
ARO-01,2026-05-29T00:29:25.979Z,2444,A_linear,healthy,pause,0.916,0.003,19.2,55.5,0.006,60.0,pause,labview_bridge
ARO-01,2026-05-29T00:29:26.980Z,2445,A_linear,healthy,pause,0.918,0.000,19.1,55.8,0.000,60.0,pause,labview_bridge
ARO-01,2026-05-29T00:29:27.980Z,2446,A_linear,healthy,pause,0.914,0.000,19.0,55.8,0.000,60.0,pause,labview_bridge
ARO-01,2026-05-29T00:29:29.003Z,2447,A_linear,healthy,pause,0.896,0.003,19.0,55.6,0.006,60.0,pause,labview_bridge
ARO-01,2026-05-29T00:29:30.004Z,2448,A_linear,healthy,pause,0.916,0.000,18.9,55.6,0.000,60.0,pause,labview_bridge
ARO-01,2026-05-29T00:29:31.011Z,2449,A_linear,healthy,pause,0.884,0.003,18.9,55.9,0.006,60.0,pause,labview_bridge
ARO-01,2026-05-29T00:29:32.012Z,2450,A_linear,healthy,pause,0.919,0.004,18.8,56.0,0.007,60.0,pause,labview_bridge
ARO-01,2026-05-29T00:29:33.013Z,2451,A_linear,healthy,pause,0.925,0.009,18.9,56.0,0.017,60.0,pause,labview_bridge
ARO-01,2026-05-29T00:29:34.014Z,2452,A_linear,healthy,pause,0.883,0.000,18.9,56.2,0.000,60.0,pause,labview_bridge
ARO-01,2026-05-29T00:29:35.014Z,2453,A_linear,healthy,pause,0.892,0.000,18.9,56.1,0.000,60.0,pause,labview_bridge
ARO-01,2026-05-29T00:29:36.015Z,2454,A_linear,healthy,pause,0.932,0.000,19.0,56.0,0.000,60.0,pause,labview_bridge
ARO-01,2026-05-29T00:29:37.016Z,2455,A_linear,healthy,pause,0.922,0.000,18.9,55.9,0.000,60.0,pause,labview_bridge
ARO-01,2026-05-29T00:29:38.016Z,2456,A_linear,healthy,pause,0.908,0.000,18.8,55.7,0.000,60.0,pause,labview_bridge
ARO-01,2026-05-29T00:29:39.016Z,2457,A_linear,healthy,pause,0.907,0.001,18.8,55.7,0.003,60.0,pause,labview_bridge
ARO-01,2026-05-29T00:29:40.017Z,2458,A_linear,healthy,pause,0.915,0.014,18.7,55.7,0.025,60.0,pause,labview_bridge
ARO-01,2026-05-29T00:29:41.018Z,2459,A_linear,healthy,pause,0.961,0.003,18.7,55.5,0.005,60.0,pause,labview_bridge
ARO-01,2026-05-29T00:29:42.019Z,2460,A_linear,healthy,pause,0.968,0.008,18.7,55.5,0.014,60.0,pause,labview_bridge
ARO-01,2026-05-29T00:29:43.019Z,2461,A_linear,healthy,pause,0.975,0.005,18.7,55.7,0.008,60.0,pause,labview_bridge
ARO-01,2026-05-29T00:29:44.020Z,2462,A_linear,healthy,pause,0.981,0.006,18.7,55.7,0.010,60.0,pause,labview_bridge
ARO-01,2026-05-29T00:29:45.021Z,2463,A_linear,healthy,pause,0.978,0.007,18.7,55.7,0.013,60.0,pause,labview_bridge
ARO-01,2026-05-29T00:29:46.022Z,2464,A_linear,healthy,ascent,0.972,0.945,18.7,55.5,1.704,150.0,ascent,labview_bridge
ARO-01,2026-05-29T00:29:47.023Z,2465,A_linear,healthy,ascent,1.002,0.952,18.9,55.5,1.717,150.0,ascent,labview_bridge
ARO-01,2026-05-29T00:29:48.023Z,2466,A_linear,healthy,ascent,0.990,0.944,19.0,55.4,1.703,150.0,ascent,labview_bridge
ARO-01,2026-05-29T00:29:49.024Z,2467,A_linear,healthy,ascent,1.023,0.960,19.1,55.3,1.731,150.0,ascent,labview_bridge
ARO-01,2026-05-29T00:29:50.025Z,2468,A_linear,healthy,ascent,1.024,0.944,19.3,55.2,1.704,150.0,ascent,labview_bridge
ARO-01,2026-05-29T00:29:51.026Z,2469,A_linear,healthy,ascent,1.024,0.943,19.3,55.6,1.701,150.0,ascent,labview_bridge
ARO-01,2026-05-29T00:29:52.026Z,2470,A_linear,healthy,ascent,1.024,0.948,19.4,55.7,1.710,150.0,ascent,labview_bridge
ARO-01,2026-05-29T00:29:53.027Z,2471,A_linear,healthy,ascent,1.038,0.956,19.6,55.9,1.724,150.0,ascent,labview_bridge
ARO-01,2026-05-29T00:29:54.028Z,2472,A_linear,healthy,ascent,1.047,0.949,19.6,55.8,1.713,150.0,ascent,labview_bridge
ARO-01,2026-05-29T00:29:55.028Z,2473,A_linear,healthy,ascent,1.013,0.956,19.5,55.9,1.725,150.0,ascent,labview_bridge
ARO-01,2026-05-29T00:29:56.029Z,2474,A_linear,healthy,ascent,1.002,0.946,19.4,55.8,1.707,150.0,ascent,labview_bridge
ARO-01,2026-05-29T00:29:57.029Z,2475,A_linear,healthy,ascent,0.986,0.944,19.5,55.6,1.704,150.0,ascent,labview_bridge
ARO-01,2026-05-29T00:29:58.030Z,2476,A_linear,healthy,descent,1.021,0.352,19.4,55.6,0.636,150.0,descent,labview_bridge
ARO-01,2026-05-29T00:29:59.044Z,2477,A_linear,healthy,descent,1.003,0.346,19.4,55.8,0.625,150.0,descent,labview_bridge
ARO-01,2026-05-29T00:30:00.045Z,2478,A_linear,healthy,descent,0.991,0.349,19.3,55.8,0.630,150.0,descent,labview_bridge
ARO-01,2026-05-29T00:30:01.045Z,2479,A_linear,healthy,descent,0.986,0.339,19.3,55.8,0.611,150.0,descent,labview_bridge
ARO-01,2026-05-29T00:30:02.051Z,2480,A_linear,healthy,descent,0.989,0.349,19.2,55.6,0.629,150.0,descent,labview_bridge
ARO-01,2026-05-29T00:30:03.052Z,2481,A_linear,healthy,descent,0.975,0.352,19.2,55.5,0.635,150.0,descent,labview_bridge
ARO-01,2026-05-29T00:30:04.053Z,2482,A_linear,healthy,descent,0.959,0.359,19.2,55.4,0.648,150.0,descent,labview_bridge
ARO-01,2026-05-29T00:30:05.053Z,2483,A_linear,healthy,descent,0.953,0.348,19.2,55.3,0.628,150.0,descent,labview_bridge
ARO-01,2026-05-29T00:30:06.054Z,2484,A_linear,healthy,descent,0.948,0.351,19.2,55.0,0.633,150.0,descent,labview_bridge
ARO-01,2026-05-29T00:30:07.060Z,2485,A_linear,healthy,descent,0.964,0.346,19.1,55.0,0.624,150.0,descent,labview_bridge
ARO-01,2026-05-29T00:30:08.068Z,2486,A_linear,healthy,descent,0.923,0.355,19.0,55.1,0.640,150.0,descent,labview_bridge
ARO-01,2026-05-29T00:30:09.069Z,2487,A_linear,healthy,descent,0.917,0.341,19.0,55.2,0.615,150.0,descent,labview_bridge
ARO-01,2026-05-29T00:30:10.069Z,2488,A_linear,healthy,pause,0.916,0.000,18.9,55.2,0.000,150.0,pause,labview_bridge
ARO-01,2026-05-29T00:30:11.070Z,2489,A_linear,healthy,pause,0.915,0.000,18.9,55.0,0.000,150.0,pause,labview_bridge
ARO-01,2026-05-29T00:30:12.076Z,2490,A_linear,healthy,pause,0.930,0.000,18.9,55.0,0.000,150.0,pause,labview_bridge
ARO-01,2026-05-29T00:30:13.077Z,2491,A_linear,healthy,pause,0.910,0.008,18.9,55.2,0.014,150.0,pause,labview_bridge
ARO-01,2026-05-29T00:30:14.086Z,2492,A_linear,healthy,pause,0.907,0.005,18.8,55.0,0.009,150.0,pause,labview_bridge
ARO-01,2026-05-29T00:30:15.091Z,2493,A_linear,healthy,pause,0.895,0.000,18.9,55.3,0.000,150.0,pause,labview_bridge
ARO-01,2026-05-29T00:30:16.117Z,2494,A_linear,healthy,pause,0.896,0.004,18.9,55.4,0.007,150.0,pause,labview_bridge
ARO-01,2026-05-29T00:30:17.118Z,2495,A_linear,healthy,pause,0.885,0.000,19.0,55.6,0.000,150.0,pause,labview_bridge
ARO-01,2026-05-29T00:30:18.131Z,2496,A_linear,healthy,pause,0.898,0.004,18.9,55.6,0.007,150.0,pause,labview_bridge
ARO-01,2026-05-29T00:30:19.138Z,2497,A_linear,healthy,pause,0.911,0.015,18.7,55.5,0.026,150.0,pause,labview_bridge
ARO-01,2026-05-29T00:30:20.139Z,2498,A_linear,healthy,pause,0.897,0.000,18.7,55.5,0.000,150.0,pause,labview_bridge
ARO-01,2026-05-29T00:30:21.143Z,2499,A_linear,healthy,pause,0.926,0.000,18.8,55.3,0.000,150.0,pause,labview_bridge
ARO-01,2026-05-29T00:30:22.144Z,2500,A_linear,healthy,pause,0.903,0.004,18.6,55.6,0.008,150.0,pause,labview_bridge
ARO-01,2026-05-29T00:30:23.144Z,2501,A_linear,healthy,pause,0.931,0.000,18.6,55.6,0.000,150.0,pause,labview_bridge
ARO-01,2026-05-29T00:30:24.145Z,2502,A_linear,healthy,pause,0.950,0.007,18.5,55.5,0.012,150.0,pause,labview_bridge
ARO-01,2026-05-29T00:30:25.149Z,2503,A_linear,healthy,pause,0.938,0.006,18.5,55.5,0.011,150.0,pause,labview_bridge
ARO-01,2026-05-29T00:30:26.150Z,2504,A_linear,healthy,pause,0.958,0.003,18.5,55.6,0.005,150.0,pause,labview_bridge
ARO-01,2026-05-29T00:30:27.150Z,2505,A_linear,healthy,pause,0.938,0.002,18.6,55.8,0.004,150.0,pause,labview_bridge
ARO-01,2026-05-29T00:30:28.151Z,2506,A_linear,healthy,pause,0.961,0.000,18.6,55.7,0.000,150.0,pause,labview_bridge
ARO-01,2026-05-29T00:30:29.152Z,2507,A_linear,healthy,pause,0.960,0.000,18.6,55.7,0.000,150.0,pause,labview_bridge
ARO-01,2026-05-29T00:30:30.153Z,2508,A_linear,healthy,ascent,1.013,0.566,18.7,55.6,1.021,60.0,ascent,labview_bridge
ARO-01,2026-05-29T00:30:31.153Z,2509,A_linear,healthy,ascent,1.009,0.566,18.6,55.4,1.022,60.0,ascent,labview_bridge
ARO-01,2026-05-29T00:30:32.154Z,2510,A_linear,healthy,ascent,0.995,0.568,18.7,55.6,1.024,60.0,ascent,labview_bridge
ARO-01,2026-05-29T00:30:33.155Z,2511,A_linear,healthy,ascent,0.994,0.573,18.8,55.5,1.034,60.0,ascent,labview_bridge
ARO-01,2026-05-29T00:30:34.155Z,2512,A_linear,healthy,ascent,1.003,0.577,18.7,55.5,1.041,60.0,ascent,labview_bridge
ARO-01,2026-05-29T00:30:35.156Z,2513,A_linear,healthy,ascent,0.993,0.576,18.8,55.7,1.039,60.0,ascent,labview_bridge
ARO-01,2026-05-29T00:30:36.157Z,2514,A_linear,healthy,ascent,1.017,0.570,18.8,55.5,1.029,60.0,ascent,labview_bridge
ARO-01,2026-05-29T00:30:37.158Z,2515,A_linear,healthy,ascent,0.980,0.567,18.8,55.6,1.023,60.0,ascent,labview_bridge
ARO-01,2026-05-29T00:30:38.158Z,2516,A_linear,healthy,ascent,1.015,0.579,18.8,55.8,1.045,60.0,ascent,labview_bridge
ARO-01,2026-05-29T00:30:39.159Z,2517,A_linear,healthy,ascent,1.000,0.576,18.7,56.0,1.040,60.0,ascent,labview_bridge
ARO-01,2026-05-29T00:30:40.159Z,2518,A_linear,healthy,ascent,1.006,0.579,18.8,56.1,1.044,60.0,ascent,labview_bridge
ARO-01,2026-05-29T00:30:41.160Z,2519,A_linear,healthy,ascent,1.008,0.575,18.7,56.0,1.037,60.0,ascent,labview_bridge
ARO-01,2026-05-29T00:30:42.160Z,2520,A_linear,healthy,descent,0.995,0.346,18.7,56.3,0.625,60.0,descent,labview_bridge
ARO-01,2026-05-29T00:30:43.161Z,2521,A_linear,healthy,descent,1.005,0.338,18.8,56.1,0.610,60.0,descent,labview_bridge
ARO-01,2026-05-29T00:30:44.162Z,2522,A_linear,healthy,descent,1.006,0.346,18.9,55.9,0.624,60.0,descent,labview_bridge
ARO-01,2026-05-29T00:30:45.163Z,2523,A_linear,healthy,descent,0.990,0.350,18.8,56.0,0.631,60.0,descent,labview_bridge
ARO-01,2026-05-29T00:30:46.164Z,2524,A_linear,healthy,descent,0.985,0.344,18.7,55.9,0.620,60.0,descent,labview_bridge
ARO-01,2026-05-29T00:30:47.165Z,2525,A_linear,healthy,descent,0.970,0.357,18.7,55.3,0.644,60.0,descent,labview_bridge
ARO-01,2026-05-29T00:30:48.165Z,2526,A_linear,healthy,descent,0.971,0.347,18.7,55.2,0.625,60.0,descent,labview_bridge
ARO-01,2026-05-29T00:30:49.166Z,2527,A_linear,healthy,descent,0.958,0.346,18.6,55.0,0.624,60.0,descent,labview_bridge
ARO-01,2026-05-29T00:30:50.167Z,2528,A_linear,healthy,descent,0.936,0.348,18.6,55.3,0.627,60.0,descent,labview_bridge
ARO-01,2026-05-29T00:30:51.168Z,2529,A_linear,healthy,descent,0.941,0.357,18.6,55.2,0.643,60.0,descent,labview_bridge
ARO-01,2026-05-29T00:30:52.168Z,2530,A_linear,healthy,descent,0.932,0.345,18.5,55.0,0.623,60.0,descent,labview_bridge
ARO-01,2026-05-29T00:30:53.169Z,2531,A_linear,healthy,descent,0.916,0.354,18.5,55.0,0.639,60.0,descent,labview_bridge
ARO-01,2026-05-29T00:30:54.170Z,2532,A_linear,healthy,pause,0.912,0.003,18.5,55.2,0.005,60.0,pause,labview_bridge
ARO-01,2026-05-29T00:30:55.171Z,2533,A_linear,healthy,pause,0.924,0.000,18.4,55.1,0.000,60.0,pause,labview_bridge
ARO-01,2026-05-29T00:30:56.171Z,2534,A_linear,healthy,pause,0.898,0.002,18.3,55.0,0.003,60.0,pause,labview_bridge
ARO-01,2026-05-29T00:30:57.172Z,2535,A_linear,healthy,pause,0.919,0.000,18.2,55.0,0.000,60.0,pause,labview_bridge
ARO-01,2026-05-29T00:30:58.173Z,2536,A_linear,healthy,pause,0.901,0.000,18.2,55.0,0.000,60.0,pause,labview_bridge
ARO-01,2026-05-29T00:30:59.173Z,2537,A_linear,healthy,pause,0.882,0.000,18.2,55.0,0.000,60.0,pause,labview_bridge
ARO-01,2026-05-29T00:31:00.174Z,2538,A_linear,healthy,pause,0.886,0.005,18.2,55.3,0.009,60.0,pause,labview_bridge
ARO-01,2026-05-29T00:31:01.175Z,2539,A_linear,healthy,pause,0.895,0.009,18.2,55.3,0.016,60.0,pause,labview_bridge
ARO-01,2026-05-29T00:31:02.175Z,2540,A_linear,healthy,pause,0.922,0.003,18.1,55.4,0.005,60.0,pause,labview_bridge
ARO-01,2026-05-29T00:31:03.176Z,2541,A_linear,healthy,pause,0.901,0.000,18.1,55.4,0.000,60.0,pause,labview_bridge
ARO-01,2026-05-29T00:31:04.177Z,2542,A_linear,healthy,pause,0.891,0.000,18.0,55.6,0.000,60.0,pause,labview_bridge
ARO-01,2026-05-29T00:31:05.177Z,2543,A_linear,healthy,pause,0.923,0.000,18.0,55.7,0.000,60.0,pause,labview_bridge
ARO-01,2026-05-29T00:31:06.178Z,2544,A_linear,healthy,pause,0.952,0.000,18.0,55.4,0.000,60.0,pause,labview_bridge
ARO-01,2026-05-29T00:31:07.179Z,2545,A_linear,healthy,pause,0.936,0.000,18.0,55.6,0.000,60.0,pause,labview_bridge
ARO-01,2026-05-29T00:31:08.180Z,2546,A_linear,healthy,pause,0.942,0.000,18.0,55.4,0.000,60.0,pause,labview_bridge
ARO-01,2026-05-29T00:31:09.181Z,2547,A_linear,healthy,pause,0.927,0.000,17.9,55.6,0.000,60.0,pause,labview_bridge
ARO-01,2026-05-29T00:31:10.181Z,2548,A_linear,healthy,pause,0.958,0.000,17.8,55.5,0.000,60.0,pause,labview_bridge
ARO-01,2026-05-29T00:31:11.182Z,2549,A_linear,healthy,pause,0.951,0.000,17.8,55.6,0.000,60.0,pause,labview_bridge
ARO-01,2026-05-29T00:31:12.183Z,2550,A_linear,healthy,pause,0.968,0.008,17.7,55.6,0.014,60.0,pause,labview_bridge
ARO-01,2026-05-29T00:31:13.183Z,2551,A_linear,healthy,pause,0.983,0.004,17.6,55.9,0.007,60.0,pause,labview_bridge
ARO-01,2026-05-29T00:31:14.184Z,2552,A_linear,healthy,ascent,0.980,0.571,17.7,55.9,1.030,60.0,ascent,labview_bridge
ARO-01,2026-05-29T00:31:15.185Z,2553,A_linear,healthy,ascent,0.979,0.569,17.9,55.8,1.026,60.0,ascent,labview_bridge
ARO-01,2026-05-29T00:31:16.186Z,2554,A_linear,healthy,ascent,1.017,0.570,17.9,55.7,1.028,60.0,ascent,labview_bridge
ARO-01,2026-05-29T00:31:17.192Z,2555,A_linear,healthy,ascent,1.024,0.573,18.0,55.6,1.034,60.0,ascent,labview_bridge
ARO-01,2026-05-29T00:31:18.193Z,2556,A_linear,healthy,ascent,0.989,0.563,18.0,55.7,1.016,60.0,ascent,labview_bridge
ARO-01,2026-05-29T00:31:19.194Z,2557,A_linear,healthy,ascent,0.991,0.575,18.1,55.5,1.037,60.0,ascent,labview_bridge
ARO-01,2026-05-29T00:31:20.194Z,2558,A_linear,healthy,ascent,1.016,0.569,18.1,55.7,1.027,60.0,ascent,labview_bridge
ARO-01,2026-05-29T00:31:21.195Z,2559,A_linear,healthy,ascent,1.004,0.566,18.1,55.9,1.020,60.0,ascent,labview_bridge
ARO-01,2026-05-29T00:31:22.195Z,2560,A_linear,healthy,ascent,1.025,0.578,18.1,56.3,1.042,60.0,ascent,labview_bridge
ARO-01,2026-05-29T00:31:23.196Z,2561,A_linear,healthy,ascent,1.013,0.561,18.0,56.2,1.013,60.0,ascent,labview_bridge
ARO-01,2026-05-29T00:31:24.197Z,2562,A_linear,healthy,ascent,1.013,0.561,18.1,56.2,1.013,60.0,ascent,labview_bridge
ARO-01,2026-05-29T00:31:25.198Z,2563,A_linear,healthy,ascent,1.023,0.578,18.1,55.9,1.043,60.0,ascent,labview_bridge
ARO-01,2026-05-29T00:31:26.198Z,2564,A_linear,healthy,descent,0.995,0.361,18.0,55.7,0.652,60.0,descent,labview_bridge
ARO-01,2026-05-29T00:31:27.199Z,2565,A_linear,healthy,descent,0.989,0.358,18.0,56.1,0.646,60.0,descent,labview_bridge
ARO-01,2026-05-29T00:31:28.200Z,2566,A_linear,healthy,descent,0.982,0.343,18.0,56.1,0.619,60.0,descent,labview_bridge
ARO-01,2026-05-29T00:31:29.200Z,2567,A_linear,healthy,descent,1.020,0.347,18.0,56.0,0.625,60.0,descent,labview_bridge
ARO-01,2026-05-29T00:31:30.201Z,2568,A_linear,healthy,descent,0.984,0.339,18.0,55.8,0.612,60.0,descent,labview_bridge
ARO-01,2026-05-29T00:31:31.202Z,2569,A_linear,healthy,descent,0.980,0.361,18.1,55.7,0.652,60.0,descent,labview_bridge
ARO-01,2026-05-29T00:31:32.202Z,2570,A_linear,healthy,descent,0.982,0.348,18.0,55.8,0.628,60.0,descent,labview_bridge
ARO-01,2026-05-29T00:31:33.203Z,2571,A_linear,healthy,descent,0.959,0.340,18.0,55.7,0.614,60.0,descent,labview_bridge
ARO-01,2026-05-29T00:31:34.203Z,2572,A_linear,healthy,descent,0.968,0.350,18.0,55.6,0.631,60.0,descent,labview_bridge
ARO-01,2026-05-29T00:31:35.204Z,2573,A_linear,healthy,descent,0.945,0.349,18.1,55.6,0.629,60.0,descent,labview_bridge
ARO-01,2026-05-29T00:31:36.205Z,2574,A_linear,healthy,descent,0.919,0.341,18.1,55.3,0.615,60.0,descent,labview_bridge
ARO-01,2026-05-29T00:31:37.206Z,2575,A_linear,healthy,descent,0.923,0.341,18.2,55.4,0.615,60.0,descent,labview_bridge
ARO-01,2026-05-29T00:31:38.206Z,2576,A_linear,healthy,pause,0.922,0.008,18.2,55.5,0.015,60.0,pause,labview_bridge
ARO-01,2026-05-29T00:31:39.207Z,2577,A_linear,healthy,pause,0.890,0.008,18.1,55.6,0.015,60.0,pause,labview_bridge
ARO-01,2026-05-29T00:31:40.208Z,2578,A_linear,healthy,pause,0.886,0.000,18.1,55.9,0.000,60.0,pause,labview_bridge
